episode,total_steps,epsilon,winner,moves,total_reward_player1,total_reward_player_minus1,loss_mean,buffer_size,replay_type,per_alpha,per_beta,priority_mean,priority_max,priority_std,td_error_mean,td_error_abs_mean,td_error_std
1,300,0.9905,,300,7.7,12.7,2.054397,300,prioritized,0.6,0.404,0.972612,4.736215,0.877698,-4.201833,5.193519,5.007758
2,600,0.981,,300,7.9,11.5,0.6356,600,prioritized,0.6,0.408,0.864609,6.183969,0.79704,-0.623346,2.452117,3.264769
3,900,0.9715,,300,7.7,3.7,0.630729,900,prioritized,0.6,0.412,0.887445,6.702286,0.79328,-0.453745,2.445383,3.276455
4,1200,0.962,,300,7.1,6.3,1.18692,1200,prioritized,0.6,0.416,1.474876,6.702286,1.077576,0.402869,3.690641,4.556312
5,1500,0.9525,,300,7.5,14.7,1.190199,1500,prioritized,0.6,0.42,1.32945,6.702286,1.017862,0.09096,3.848418,4.660484
6,1800,0.943,,300,8.9,13.7,1.015412,1800,prioritized,0.6,0.424,1.099953,4.789041,0.912279,-0.162166,3.423121,4.350526
7,2100,0.9335,,300,10.7,12.5,0.791198,2100,prioritized,0.6,0.428,0.997367,6.702286,0.755925,-0.248768,2.859666,3.717114
8,2400,0.924,,300,5.9,9.1,0.490728,2400,prioritized,0.6,0.432,0.834694,6.702286,0.646039,-0.334021,1.804737,2.235293
9,2700,0.9145,,300,15.1,14.5,0.364132,2700,prioritized,0.6,0.436,0.75089,6.702286,0.576864,-0.179102,1.501122,1.912175
10,3000,0.905,,300,12.1,14.3,0.278997,3000,prioritized,0.6,0.44,0.660457,6.702286,0.532529,-0.091276,1.246481,1.619865
11,3300,0.8955,,300,13.5,10.9,0.29741,3300,prioritized,0.6,0.444,0.71094,6.702286,0.492185,0.202483,1.252038,1.536633
12,3600,0.886,,300,16.9,18.7,0.204629,3600,prioritized,0.6,0.448,0.634317,6.702286,0.439234,0.039743,0.974164,1.20338
13,3900,0.8765,,300,10.1,11.7,0.149846,3900,prioritized,0.6,0.452,0.562874,6.702286,0.431025,0.00646,0.800883,1.012379
14,4200,0.867,,300,6.3,6.5,0.162235,4200,prioritized,0.6,0.456,0.543946,6.702286,0.405354,-0.189691,0.810512,1.010334
15,4500,0.8575,,300,12.9,16.9,0.088432,4500,prioritized,0.6,0.46,0.4749,6.702286,0.32756,-0.04653,0.595981,0.735614
16,4800,0.848,,300,18.5,15.9,0.061085,4800,prioritized,0.6,0.464,0.434828,6.702286,0.335166,-0.016402,0.488756,0.604679
17,5100,0.8385,,300,10.9,17.5,0.072874,5100,prioritized,0.6,0.468,0.489141,6.702286,0.394555,0.090239,0.514918,0.647318
18,5400,0.829,,300,18.7,16.1,0.075151,5400,prioritized,0.6,0.472,0.457645,6.702286,0.332764,0.092202,0.551363,0.656796
19,5700,0.8195,,300,18.1,12.5,0.049568,5700,prioritized,0.6,0.476,0.416545,6.702286,0.305419,0.036347,0.450013,0.54433
20,6000,0.81,,300,15.9,19.9,0.037953,6000,prioritized,0.6,0.48,0.37932,6.702286,0.276568,0.014095,0.39343,0.496183
21,6300,0.8005,,300,13.3,12.9,0.050884,6300,prioritized,0.6,0.484,0.36763,6.702286,0.287489,-0.085926,0.434818,0.551675
22,6600,0.791,,300,15.5,20.5,0.027474,6600,prioritized,0.6,0.488,0.332177,6.702286,0.258008,-0.021078,0.330669,0.432148
23,6900,0.7815,,300,16.9,16.9,0.020725,6900,prioritized,0.6,0.492,0.301018,6.702286,0.26605,-0.011812,0.288028,0.38929
24,7200,0.772,,300,16.9,17.9,0.035155,7200,prioritized,0.6,0.496,0.337785,6.702286,0.284565,0.044082,0.362983,0.494145
25,7500,0.7625,,300,20.3,20.5,0.026548,7500,prioritized,0.6,0.5,0.315475,6.702286,0.265183,0.020695,0.334491,0.437001
26,7800,0.753,,300,16.9,17.9,0.020421,7800,prioritized,0.6,0.504,0.2883,6.702286,0.26041,0.010439,0.29222,0.397875
27,8100,0.7435,,300,19.1,12.7,0.023545,8100,prioritized,0.6,0.508,0.30124,6.702286,0.279678,-0.032518,0.305304,0.429584
28,8400,0.734,,300,9.3,22.5,0.019229,8400,prioritized,0.6,0.512,0.272142,6.702286,0.231236,-0.02036,0.276125,0.372968
29,8700,0.7245,,300,17.5,19.5,0.013552,8700,prioritized,0.6,0.516,0.239929,6.702286,0.214202,-0.014214,0.231077,0.336711
30,9000,0.715,,300,14.5,16.3,0.010336,9000,prioritized,0.6,0.52,0.216459,6.702286,0.204011,-0.009978,0.200343,0.299982
31,9300,0.7055,,300,17.9,20.3,0.024469,9300,prioritized,0.6,0.524,0.26618,6.702286,0.276581,0.025154,0.314341,0.439828
32,9600,0.696,,300,19.3,20.7,0.015331,9600,prioritized,0.6,0.528,0.242515,6.702286,0.231095,0.007697,0.253468,0.367236
33,9900,0.6865,,300,15.1,11.9,0.011305,9900,prioritized,0.6,0.532,0.223456,6.702286,0.234621,0.000607,0.215879,0.321243
34,10200,0.677,,300,22.5,23.1,0.017018,10200,prioritized,0.6,0.536,0.242374,6.702286,0.223613,-0.030311,0.26185,0.379001
35,10500,0.6675,,300,16.3,22.9,0.01147,10500,prioritized,0.6,0.54,0.223713,6.702286,0.232703,-0.01434,0.216606,0.3132
36,10800,0.658,,300,16.7,17.1,0.008323,10800,prioritized,0.6,0.544,0.201606,6.702286,0.211698,-0.005996,0.183782,0.276679
37,11100,0.6485,,300,22.9,18.7,0.012678,11100,prioritized,0.6,0.548,0.230444,6.702286,0.248246,0.010791,0.218966,0.333748
38,11313,0.641755,1,213,131.33,15.74,0.014237,11313,prioritized,0.6,0.55084,0.228831,6.702286,0.246562,0.020419,0.24534,0.350156
39,11613,0.632255,,300,15.5,19.7,0.031222,11613,prioritized,0.6,0.55484,0.214095,15.862391,0.335774,0.552953,0.76545,7.358176
40,11913,0.622755,,300,21.1,25.7,0.031464,11913,prioritized,0.6,0.55884,0.197003,15.862391,0.257396,0.602125,0.803091,7.533254
41,12213,0.613255,,300,18.5,23.1,0.032151,12213,prioritized,0.6,0.56284,0.221419,15.862391,0.271183,0.493718,0.766574,6.78333
42,12513,0.603755,,300,22.7,15.7,0.024948,12513,prioritized,0.6,0.56684,0.208061,15.862391,0.252938,0.350556,0.621233,5.641609
43,12813,0.594255,,300,13.7,17.9,0.022905,12813,prioritized,0.6,0.57084,0.194504,15.862391,0.242659,0.363052,0.607255,5.400019
44,13113,0.584755,,300,25.1,20.9,0.025692,13113,prioritized,0.6,0.57484,0.223588,15.862391,0.3315,0.210116,0.559015,4.28465
45,13413,0.575255,,300,25.1,19.5,0.026464,13413,prioritized,0.6,0.57884,0.223003,15.862391,0.319258,0.085223,0.517092,3.282651
46,13713,0.565755,,300,22.3,21.5,0.019847,13713,prioritized,0.6,0.58284,0.215866,15.862391,0.312975,-0.006314,0.392833,2.025937
47,14013,0.556255,,300,23.5,23.7,0.017646,14013,prioritized,0.6,0.58684,0.216382,15.862391,0.300796,-0.064104,0.325834,1.167196
48,14313,0.546755,,300,25.5,25.1,0.025424,14313,prioritized,0.6,0.59084,0.236997,15.862391,0.341696,-0.196851,0.471244,3.09447
49,14613,0.537255,,300,22.5,15.3,0.017953,14613,prioritized,0.6,0.59484,0.219502,15.862391,0.235141,-0.141581,0.361912,2.163013
50,14898,0.52823,1,285,130.97,28.78,0.013265,14898,prioritized,0.6,0.59864,0.208988,16.115808,0.223328,-0.054386,0.277875,1.356468
51,15198,0.51873,,300,22.5,23.3,0.026739,15198,prioritized,0.6,0.60264,0.235634,16.115808,0.273844,0.418552,0.680936,6.416581
52,15498,0.50923,,300,20.5,23.3,0.024381,15498,prioritized,0.6,0.60664,0.23301,16.115808,0.346242,0.418586,0.684001,6.432928
53,15684,0.50334,-1,186,22.47,131.47,0.023839,15684,prioritized,0.6,0.60912,0.222831,16.115808,0.287997,0.39586,0.647711,6.185532
54,15984,0.49384,,300,20.9,19.3,0.030277,15984,prioritized,0.6,0.61312,0.213019,16.115808,0.306273,0.75582,0.995971,8.615404
55,16284,0.48434,,300,20.7,22.3,0.035615,16284,prioritized,0.6,0.61712,0.230796,16.115808,0.313632,0.752398,1.0559,8.72686
56,16584,0.47484,,300,19.9,28.7,0.028316,16584,prioritized,0.6,0.62112,0.221007,16.115808,0.306411,0.68305,0.943943,8.255577
57,16884,0.46534,,300,23.5,26.1,0.028265,16884,prioritized,0.6,0.62512,0.213581,16.115808,0.326113,0.778624,1.026952,8.686696
58,17184,0.45584,,300,26.5,26.5,0.030111,17184,prioritized,0.6,0.62912,0.227047,16.115808,0.309142,0.711648,0.976846,8.161566
59,17484,0.44634,,300,23.1,22.9,0.028267,17484,prioritized,0.6,0.63312,0.223058,16.115808,0.30116,0.718807,0.984279,8.21076
60,17784,0.43684,,300,22.5,25.3,0.026993,17784,prioritized,0.6,0.63712,0.216614,16.115808,0.359033,0.722053,0.984214,8.227723
61,18083,0.427372,1,299,130.9,26.51,0.025678,18083,prioritized,0.6,0.641107,0.226477,16.147186,0.33399,0.593322,0.903908,7.634542
62,18383,0.417872,,300,28.7,20.3,0.037721,18383,prioritized,0.6,0.645107,0.225209,16.147186,0.344464,1.034275,1.444317,10.330077
63,18558,0.41233,1,175,131.52,20.53,0.030889,18558,prioritized,0.6,0.64744,0.221436,16.147186,0.360776,0.88027,1.211806,9.432578
64,18858,0.40283,,300,28.7,25.9,0.035571,18858,prioritized,0.6,0.65144,0.217643,16.147186,0.406326,1.315855,1.652927,11.457414
65,19147,0.393678,1,289,130.95,19.56,0.038975,19147,prioritized,0.6,0.655293,0.233117,16.147186,0.439697,1.312071,1.61402,11.235102
66,19364,0.386807,1,217,131.31,26.12,0.046651,19364,prioritized,0.6,0.658187,0.229001,16.147186,0.370683,1.640554,1.919104,12.486269
67,19664,0.377307,,300,25.7,28.3,0.048753,19664,prioritized,0.6,0.662187,0.225249,16.147186,0.411577,1.961355,2.239672,13.641102
68,19816,0.372493,-1,152,23.44,131.64,0.049587,19816,prioritized,0.6,0.664213,0.220374,16.147186,0.406845,2.027648,2.293594,13.729096
69,20045,0.365242,1,229,131.25,25.66,0.047901,20045,prioritized,0.6,0.667267,0.225822,16.147186,0.409609,2.240591,2.512583,14.514779
70,20225,0.359542,-1,180,22.3,131.5,0.065764,20225,prioritized,0.6,0.669667,0.232974,16.147186,0.439175,2.667975,3.001999,15.858586
71,20525,0.350042,,300,26.5,23.9,0.060373,20525,prioritized,0.6,0.673667,0.231617,16.147186,0.460272,2.651604,2.964869,15.768651
72,20753,0.342822,-1,228,29.06,131.26,0.05796,20753,prioritized,0.6,0.676707,0.22536,16.147186,0.41329,2.648406,2.96678,15.732803
73,21034,0.333923,1,281,130.99,26.0,0.058952,21034,prioritized,0.6,0.680453,0.229561,16.147186,0.453672,2.891496,3.184982,16.332754
74,21157,0.330028,1,123,131.78,26.39,0.059826,21157,prioritized,0.6,0.682093,0.240306,16.147186,0.482601,2.901535,3.267491,16.353842
75,21457,0.320528,,300,26.3,26.5,0.070631,21457,prioritized,0.6,0.686093,0.241653,16.147186,0.488918,3.258455,3.633102,17.275061
76,21757,0.311028,,300,23.3,28.7,0.066234,21757,prioritized,0.6,0.690093,0.235909,16.147186,0.444192,3.324413,3.693645,17.370899
77,21965,0.304442,-1,208,26.16,131.36,0.05936,21965,prioritized,0.6,0.692867,0.232339,16.147186,0.453447,2.855252,3.257584,16.157038
78,22136,0.299027,1,171,131.54,23.95,0.07213,22136,prioritized,0.6,0.695147,0.251925,16.147186,0.514324,3.343886,3.948407,17.669245
79,22405,0.290508,1,269,131.05,21.06,0.070268,22405,prioritized,0.6,0.698733,0.253225,16.147186,0.475934,3.11518,3.732758,17.115068
80,22705,0.281008,,300,25.7,28.5,0.072137,22705,prioritized,0.6,0.702733,0.247897,16.187439,0.466396,3.448748,4.017613,17.850824
81,22858,0.276163,1,153,131.63,23.64,0.073819,22858,prioritized,0.6,0.704773,0.244424,16.187439,0.471469,3.440276,3.964709,17.732956
82,23022,0.27097,-1,164,29.38,131.58,0.073973,23022,prioritized,0.6,0.70696,0.249123,16.187439,0.504661,3.565258,4.080733,17.997255
83,23277,0.262895,1,255,131.12,26.13,0.081484,23277,prioritized,0.6,0.71036,0.266179,16.187439,0.55589,3.523945,4.188806,17.859367
84,23516,0.255327,1,239,131.2,22.21,0.075961,23516,prioritized,0.6,0.713547,0.261675,16.187439,0.527931,3.382854,3.979808,17.388695
85,23715,0.249025,1,199,131.4,25.81,0.080898,23715,prioritized,0.6,0.7162,0.261684,16.187439,0.541633,3.76509,4.361656,18.285505
86,24015,0.239525,,300,26.5,28.7,0.077495,24015,prioritized,0.6,0.7202,0.260656,16.187439,0.523206,3.672714,4.306975,18.053745
87,24302,0.230437,1,287,130.96,25.97,0.081817,24302,prioritized,0.6,0.724027,0.274847,16.187439,0.551611,3.355024,4.217248,17.566866
88,24602,0.220937,,300,26.5,26.5,0.075378,24602,prioritized,0.6,0.728027,0.272164,16.187439,0.5228,3.494222,4.331143,17.752563
89,24793,0.214888,1,191,131.44,21.65,0.070156,24793,prioritized,0.6,0.730573,0.271466,16.187439,0.526471,3.27983,3.996947,16.993786
90,24996,0.20846,1,203,131.38,26.19,0.071136,24996,prioritized,0.6,0.73328,0.268288,16.187439,0.528507,3.478822,4.189464,17.582123
91,25296,0.19896,,300,28.7,26.5,0.082623,25296,prioritized,0.6,0.73728,0.2882,16.187439,0.584277,3.183705,4.354053,17.462368
92,25456,0.193893,-1,160,27.2,131.6,0.083537,25456,prioritized,0.6,0.739413,0.287003,16.187439,0.55063,3.233117,4.356196,17.353838
93,25731,0.185185,1,275,131.02,26.03,0.074194,25731,prioritized,0.6,0.74308,0.286912,16.232838,0.55248,3.089601,4.17741,17.068863
94,26031,0.175685,-1,300,23.7,130.9,0.078207,26031,prioritized,0.6,0.74708,0.289399,16.232838,0.586099,3.105421,4.18585,16.985134
95,26293,0.167388,-1,262,21.69,131.09,0.07728,26293,prioritized,0.6,0.750573,0.296173,16.232838,0.551874,2.676064,4.118439,16.533083
96,26523,0.160105,-1,230,22.05,131.25,0.069225,26523,prioritized,0.6,0.75364,0.299295,16.232838,0.578994,2.636672,3.982996,16.300463
97,26823,0.150605,,300,26.1,25.5,0.073711,26823,prioritized,0.6,0.75764,0.299407,16.232838,0.583684,2.665529,4.001114,16.100563
98,27107,0.141612,-1,284,26.58,130.98,0.08553,27107,prioritized,0.6,0.761427,0.309354,16.232838,0.611841,2.550809,4.33005,16.589691
99,27407,0.132112,,300,28.7,24.1,0.085888,27407,prioritized,0.6,0.765427,0.318599,16.232838,0.625544,1.961231,4.32862,16.318768
100,27707,0.122612,,300,28.3,23.5,0.079236,27707,prioritized,0.6,0.769427,0.319871,16.232838,0.623644,1.65065,3.912526,15.091725
101,28007,0.113112,,300,24.3,26.5,0.08228,28007,prioritized,0.6,0.773427,0.314235,16.232838,0.601365,1.361922,4.079533,15.330289
102,28245,0.105575,-1,238,26.21,131.21,0.079445,28245,prioritized,0.6,0.7766,0.325417,16.232838,0.618445,1.150551,3.950888,15.073445
103,28471,0.098418,-1,226,23.87,131.27,0.080579,28471,prioritized,0.6,0.779613,0.32667,16.232838,0.595044,1.5701,4.292191,15.84692
104,28637,0.093162,-1,166,19.77,131.57,0.079825,28637,prioritized,0.6,0.781827,0.325917,16.232838,0.612955,1.32214,4.084687,15.417208
105,28869,0.085815,-1,232,21.64,131.24,0.072693,28869,prioritized,0.6,0.78492,0.323975,16.232838,0.620626,1.441148,4.044287,15.398288
106,29169,0.076315,,300,25.3,25.3,0.081671,29169,prioritized,0.6,0.78892,0.330582,16.400684,0.623609,1.446997,4.193164,15.76885
107,29339,0.070932,-1,170,23.35,131.55,0.079245,29339,prioritized,0.6,0.791187,0.33074,16.400684,0.621618,1.344345,4.127353,15.610746
108,29577,0.063395,-1,238,23.61,131.21,0.077662,29577,prioritized,0.6,0.79436,0.332005,16.400684,0.626267,1.367469,4.212289,15.836784
109,29748,0.05798,1,171,131.54,23.75,0.070287,29748,prioritized,0.6,0.79664,0.331602,16.400684,0.620388,1.307904,4.093198,15.519823
110,30048,0.05,,300,26.1,25.7,0.084971,30048,prioritized,0.6,0.80064,0.344707,16.400684,0.699339,1.370962,4.651314,16.458319
111,30279,0.05,1,231,131.24,26.85,0.08945,30279,prioritized,0.6,0.80372,0.346331,16.400684,0.652618,0.934438,4.667431,16.185799
112,30510,0.05,1,231,131.24,29.05,0.084566,30510,prioritized,0.6,0.8068,0.347131,16.400684,0.654525,1.274541,4.453409,15.868137
113,30765,0.05,1,255,131.12,26.33,0.079485,30765,prioritized,0.6,0.8102,0.34539,16.400684,0.653291,1.253484,4.303936,15.744713
114,30995,0.05,-1,230,24.25,131.25,0.075243,30995,prioritized,0.6,0.813267,0.34211,16.400684,0.642421,1.309055,4.254067,15.636469
115,31213,0.05,-1,218,23.91,131.31,0.071153,31213,prioritized,0.6,0.816173,0.348961,16.400684,0.653185,1.710048,4.22495,15.842658
116,31390,0.05,1,177,131.51,26.72,0.076139,31390,prioritized,0.6,0.818533,0.350512,16.400684,0.661972,1.545255,4.232505,15.722596
117,31634,0.05,-1,244,24.18,131.18,0.073771,31634,prioritized,0.6,0.821787,0.346592,16.400684,0.625351,1.680231,4.368119,16.265924
118,31841,0.05,1,207,131.36,26.57,0.068716,31841,prioritized,0.6,0.824547,0.345566,16.400684,0.645057,1.480211,4.238755,15.771382
119,32141,0.05,,300,21.3,26.3,0.072517,32141,prioritized,0.6,0.828547,0.350226,16.400684,0.65894,1.409326,4.339715,15.886986
120,32377,0.05,-1,236,25.62,131.22,0.071483,32377,prioritized,0.6,0.831693,0.351364,16.400684,0.638138,0.980825,4.360045,15.764801
121,32537,0.05,-1,160,28.8,131.6,0.071224,32537,prioritized,0.6,0.833827,0.353104,16.400684,0.670744,0.798695,4.353258,15.755502
122,32771,0.05,-1,234,28.23,131.23,0.07602,32771,prioritized,0.6,0.836947,0.346533,16.400684,0.634493,1.386129,4.58238,16.467003
123,32939,0.05,-1,168,24.56,131.56,0.068665,32939,prioritized,0.6,0.839187,0.347087,16.400684,0.661309,0.985651,4.261504,15.462467
124,33198,0.05,1,259,131.1,26.51,0.072417,33198,prioritized,0.6,0.84264,0.353841,16.400684,0.680405,1.009667,4.433333,15.924084
125,33498,0.05,,300,28.7,28.1,0.073727,33498,prioritized,0.6,0.84664,0.352253,16.400684,0.655213,1.017738,4.560695,16.161266
126,33739,0.05,1,241,131.19,23.4,0.067844,33739,prioritized,0.6,0.849853,0.353027,16.400684,0.665871,0.939702,4.354281,15.484735
127,34013,0.05,-1,274,28.43,131.03,0.066498,34013,prioritized,0.6,0.853507,0.354773,16.400684,0.675636,0.885668,4.324511,15.390352
128,34313,0.05,,300,23.9,25.7,0.073747,34313,prioritized,0.6,0.857507,0.355812,16.400684,0.670973,0.171256,4.69341,16.117699
129,34613,0.05,,300,19.9,26.5,0.068524,34613,prioritized,0.6,0.861507,0.35411,16.400684,0.680391,0.303007,4.597541,15.950524
130,34847,0.05,-1,234,23.43,131.23,0.065123,34847,prioritized,0.6,0.864627,0.350711,16.400684,0.649091,0.008819,4.479264,15.4895
131,35022,0.05,1,175,131.52,26.93,0.07172,35022,prioritized,0.6,0.86696,0.351163,16.400684,0.665816,0.385686,4.719883,16.142826
132,35197,0.05,1,175,131.52,26.73,0.069141,35197,prioritized,0.6,0.869293,0.353279,16.400684,0.66059,0.136373,4.193505,14.792456
133,35497,0.05,,300,25.5,26.1,0.067384,35497,prioritized,0.6,0.873293,0.351402,16.400684,0.631567,0.387698,4.390898,15.406191
134,35747,0.05,-1,250,25.75,131.15,0.061168,35747,prioritized,0.6,0.876627,0.352407,16.400684,0.651109,0.252052,4.091332,14.659356
135,35901,0.05,-1,154,29.43,131.63,0.057425,35901,prioritized,0.6,0.87868,0.34977,16.400684,0.648681,0.283532,4.109958,14.696033
136,36046,0.05,1,145,131.67,26.68,0.059319,36046,prioritized,0.6,0.880613,0.350298,16.400684,0.666996,0.10667,4.215065,14.894369
137,36232,0.05,-1,186,24.87,131.47,0.070786,36232,prioritized,0.6,0.883093,0.351177,16.400684,0.65023,0.222295,4.93754,16.783968
138,36419,0.05,1,187,131.46,24.07,0.064124,36419,prioritized,0.6,0.885587,0.355973,16.400684,0.664788,-0.375234,4.605919,16.158234
139,36650,0.05,1,231,131.24,23.85,0.065613,36650,prioritized,0.6,0.888667,0.357803,16.400684,0.666733,-0.150328,4.523805,15.731384
140,36836,0.05,-1,186,27.07,131.47,0.064975,36836,prioritized,0.6,0.891147,0.357542,16.400684,0.689099,-0.011931,4.678486,16.18014
141,36999,0.05,1,163,131.58,26.79,0.060859,36999,prioritized,0.6,0.89332,0.354467,16.400684,0.657766,-0.02922,4.628727,16.007866
142,37217,0.05,-1,218,23.91,131.31,0.065373,37217,prioritized,0.6,0.896227,0.361045,16.400684,0.697894,-0.607029,5.034098,17.006821
143,37402,0.05,1,185,131.47,26.48,0.064461,37402,prioritized,0.6,0.898693,0.362047,16.400684,0.695197,-0.698852,5.171701,17.495895
144,37680,0.05,-1,278,26.21,131.01,0.066859,37680,prioritized,0.6,0.9024,0.368157,16.400684,0.716991,-0.785576,5.247426,17.246569
145,37770,0.05,-1,90,21.55,131.95,0.066079,37770,prioritized,0.6,0.9036,0.364557,16.400684,0.692376,-0.568478,5.27081,17.047371
146,38009,0.05,1,239,131.2,26.61,0.062634,38009,prioritized,0.6,0.906787,0.366405,16.400684,0.726804,-0.76488,5.288388,17.296942
147,38260,0.05,1,251,131.14,26.75,0.067001,38260,prioritized,0.6,0.910133,0.369446,16.400684,0.731032,-1.076755,5.318852,17.168442
148,38407,0.05,1,147,131.66,22.87,0.062397,38407,prioritized,0.6,0.912093,0.370032,16.400684,0.733335,-1.435324,5.438581,17.497112
149,38550,0.05,1,143,131.68,29.49,0.071263,38550,prioritized,0.6,0.914,0.366966,16.400684,0.695885,-1.04961,5.40562,17.502712
150,38757,0.05,1,207,131.36,26.77,0.061971,38757,prioritized,0.6,0.91676,0.369429,16.400684,0.727177,-0.895138,5.403337,17.688299
151,38966,0.05,1,209,131.35,24.16,0.06585,38966,prioritized,0.6,0.919547,0.369363,16.400684,0.728003,-1.171463,5.573664,17.84742
152,39266,0.05,,300,22.9,23.5,0.06498,39266,prioritized,0.6,0.923547,0.373491,16.400684,0.73724,-1.154371,5.535376,18.090391
153,39371,0.05,1,105,131.87,24.28,0.059883,39371,prioritized,0.6,0.924947,0.372622,16.400684,0.721853,-1.220078,5.627014,18.289021
154,39525,0.05,-1,154,20.43,131.63,0.062992,39525,prioritized,0.6,0.927,0.372559,16.400684,0.735357,-1.15941,5.397698,17.764986
155,39753,0.05,-1,228,21.46,131.26,0.06029,39753,prioritized,0.6,0.93004,0.369518,16.400684,0.717017,-1.142447,5.684722,18.475977
156,39980,0.05,1,227,131.26,25.27,0.055677,39980,prioritized,0.6,0.933067,0.371043,16.400684,0.740184,-1.195185,5.37894,17.758394
157,40184,0.05,-1,204,28.98,131.38,0.064947,40184,prioritized,0.6,0.935787,0.370861,16.400684,0.722242,-1.784829,5.737084,18.616022
158,40484,0.05,,300,27.5,28.7,0.0664,40484,prioritized,0.6,0.939787,0.377426,16.400684,0.763087,-1.76737,6.028542,19.316505
159,40733,0.05,1,249,131.15,27.96,0.062944,40733,prioritized,0.6,0.943107,0.375214,16.400684,0.734594,-2.046003,5.913536,18.81838
160,40971,0.05,-1,238,28.21,131.21,0.058506,40971,prioritized,0.6,0.94628,0.374197,16.400684,0.733657,-1.894885,5.727251,18.44882
161,41152,0.05,1,181,131.49,29.3,0.066773,41152,prioritized,0.6,0.948693,0.37281,16.684814,0.730006,-1.957026,6.074069,19.113989
162,41307,0.05,1,155,131.62,23.83,0.059204,41307,prioritized,0.6,0.95076,0.374995,16.724915,0.747193,-2.359056,5.942592,18.870691
163,41416,0.05,1,109,131.85,26.26,0.05391,41416,prioritized,0.6,0.952213,0.374089,16.724915,0.740541,-2.238122,5.897394,19.017239
164,41620,0.05,-1,204,28.38,131.38,0.057262,41620,prioritized,0.6,0.954933,0.374342,16.724915,0.737027,-2.310555,6.054956,19.204203
165,41858,0.05,-1,238,24.21,131.21,0.056293,41858,prioritized,0.6,0.958107,0.374186,16.724915,0.745725,-2.688481,5.824473,18.596727
166,42158,0.05,,300,28.7,25.9,0.057949,42158,prioritized,0.6,0.962107,0.378687,16.724915,0.758151,-2.471552,5.832289,18.5818
167,42282,0.05,-1,124,27.38,131.78,0.060559,42282,prioritized,0.6,0.96376,0.377312,16.724915,0.755567,-2.596054,6.03432,19.025928
168,42460,0.05,-1,178,26.91,131.51,0.054188,42460,prioritized,0.6,0.966133,0.374509,16.724915,0.731788,-2.687435,5.821355,18.612591
169,42631,0.05,1,171,131.54,29.15,0.054403,42631,prioritized,0.6,0.968413,0.374758,16.724915,0.734411,-2.677124,5.850782,18.701435
170,42931,0.05,,300,21.7,22.1,0.053736,42931,prioritized,0.6,0.972413,0.376659,16.724915,0.748125,-3.081813,5.872122,18.458794
171,43231,0.05,,300,26.3,25.9,0.056739,43231,prioritized,0.6,0.976413,0.378649,16.724915,0.751904,-2.84832,5.787888,18.510086
172,43531,0.05,,300,23.3,26.3,0.052398,43531,prioritized,0.6,0.980413,0.377047,16.724915,0.733926,-3.047833,5.728642,18.259594
173,43682,0.05,1,151,131.64,26.45,0.053034,43682,prioritized,0.6,0.982427,0.374547,16.724915,0.713388,-2.905931,5.485471,17.768196
174,43879,0.05,1,197,131.41,26.02,0.047197,43879,prioritized,0.6,0.985053,0.375286,16.724915,0.733225,-2.736856,5.411821,17.602247
175,44099,0.05,-1,220,26.7,131.3,0.047792,44099,prioritized,0.6,0.987987,0.377351,16.724915,0.771993,-3.211721,5.620781,18.288496
176,44218,0.05,1,119,131.8,22.81,0.05164,44218,prioritized,0.6,0.989573,0.376646,16.724915,0.762655,-3.820605,6.141484,19.513544
177,44518,0.05,,300,26.3,25.5,0.054469,44518,prioritized,0.6,0.993573,0.377255,16.724915,0.778882,-3.976028,6.627492,20.387802
178,44637,0.05,1,119,131.8,29.21,0.051082,44637,prioritized,0.6,0.99516,0.373366,16.724915,0.752418,-4.085691,6.568648,20.271687
179,44787,0.05,-1,150,24.25,131.65,0.046634,44787,prioritized,0.6,0.99716,0.372604,16.724915,0.752694,-3.814891,6.250943,19.62215
180,45087,0.05,,300,25.9,28.7,0.048458,45087,prioritized,0.6,1.0,0.37794,16.977715,0.803743,-4.345413,6.47876,20.432077
181,45259,0.05,-1,172,26.34,131.54,0.054478,45259,prioritized,0.6,1.0,0.37787,17.053827,0.791937,-5.250364,7.35022,22.271955
182,45531,0.05,-1,272,26.64,131.04,0.056014,45531,prioritized,0.6,1.0,0.379154,17.259281,0.797133,-5.252106,7.462233,22.454184
183,45629,0.05,-1,98,21.71,131.91,0.04793,45629,prioritized,0.6,1.0,0.378141,17.259281,0.789312,-5.466244,7.348041,22.391451
184,45909,0.05,-1,280,24.4,131.0,0.051826,45909,prioritized,0.6,1.0,0.38003,17.259281,0.80581,-5.243513,7.282277,22.127924
185,46068,0.05,1,159,131.6,26.41,0.052956,46068,prioritized,0.6,1.0,0.379384,17.259281,0.7966,-5.036669,7.170299,21.878626
186,46300,0.05,-1,232,26.44,131.24,0.054374,46300,prioritized,0.6,1.0,0.377671,17.259281,0.794669,-5.081947,7.016541,21.337732
187,46471,0.05,1,171,131.54,26.75,0.049216,46471,prioritized,0.6,1.0,0.375373,17.259281,0.776943,-5.058291,7.277332,21.810938
188,46627,0.05,-1,156,23.82,131.62,0.051349,46627,prioritized,0.6,1.0,0.376912,17.259281,0.795076,-4.870774,6.990188,21.485994
189,46797,0.05,-1,170,24.55,131.55,0.048497,46797,prioritized,0.6,1.0,0.375843,17.259281,0.799537,-5.231391,7.038531,21.41139
190,46926,0.05,1,129,131.75,29.56,0.053295,46926,prioritized,0.6,1.0,0.37675,17.259281,0.797635,-4.855918,6.924944,21.300739
191,47031,0.05,1,105,131.87,24.48,0.053864,47031,prioritized,0.6,1.0,0.376878,17.259281,0.795001,-4.930104,6.986727,21.227795
192,47204,0.05,1,173,131.53,26.74,0.049242,47204,prioritized,0.6,1.0,0.376461,17.259281,0.78523,-4.839262,6.825984,20.943506
193,47330,0.05,-1,126,26.77,131.77,0.053961,47330,prioritized,0.6,1.0,0.377836,17.259281,0.798652,-5.425451,7.378926,21.762987
194,47569,0.05,1,239,131.2,26.41,0.050214,47569,prioritized,0.6,1.0,0.375511,17.259281,0.783921,-5.213342,7.148336,21.41559
195,47759,0.05,-1,190,24.45,131.45,0.048257,47759,prioritized,0.6,1.0,0.377041,17.259281,0.797787,-5.146348,7.049936,21.16675
196,47883,0.05,-1,124,26.38,131.78,0.053371,47883,prioritized,0.6,1.0,0.374403,17.259281,0.77094,-4.560637,6.618262,20.487593
197,48103,0.05,-1,220,29.1,131.3,0.058023,48103,prioritized,0.6,1.0,0.377833,17.259281,0.816585,-5.918824,7.653041,22.428747
198,48265,0.05,-1,162,25.99,131.59,0.055163,48265,prioritized,0.6,1.0,0.38016,17.259281,0.832157,-6.248796,8.251794,23.724653
199,48477,0.05,-1,212,25.74,131.34,0.058007,48477,prioritized,0.6,1.0,0.377167,17.259281,0.804126,-6.482769,8.242408,23.642324
200,48570,0.05,1,93,131.93,21.74,0.052379,48570,prioritized,0.6,1.0,0.377762,17.259281,0.811027,-6.070347,7.931963,23.2852
201,48821,0.05,1,251,131.14,24.15,0.052741,48821,prioritized,0.6,1.0,0.380128,17.259281,0.830712,-6.488254,8.254113,23.644333
202,48969,0.05,-1,148,24.06,131.66,0.057378,48969,prioritized,0.6,1.0,0.379046,17.259281,0.828575,-6.361259,8.138815,23.260015
203,49085,0.05,-1,116,25.82,131.82,0.062161,49085,prioritized,0.6,1.0,0.38046,17.259281,0.842275,-6.500685,8.13495,23.439342
204,49218,0.05,1,133,131.73,24.34,0.059523,49218,prioritized,0.6,1.0,0.378964,17.259281,0.818208,-6.19257,7.864816,22.888895
205,49396,0.05,-1,178,28.91,131.51,0.056309,49396,prioritized,0.6,1.0,0.378834,17.259281,0.822492,-6.608589,8.131661,23.287746
206,49696,0.05,,300,23.5,23.1,0.055535,49696,prioritized,0.6,1.0,0.378646,17.259281,0.830534,-6.509775,8.022368,23.163513
207,49847,0.05,1,151,131.64,21.65,0.055837,49847,prioritized,0.6,1.0,0.37591,17.259281,0.816934,-6.205213,7.606343,22.5648
208,50078,0.05,1,231,131.24,26.45,0.055478,50078,prioritized,0.6,1.0,0.380126,17.259281,0.861259,-7.511669,8.908732,24.872187
209,50344,0.05,-1,266,25.67,131.07,0.059914,50344,prioritized,0.6,1.0,0.379485,17.259281,0.857332,-7.834126,9.055576,25.565798
210,50520,0.05,-1,176,26.32,131.52,0.055261,50520,prioritized,0.6,1.0,0.381499,17.259281,0.876682,-8.264959,9.37952,26.093498
211,50675,0.05,1,155,131.62,26.83,0.059227,50675,prioritized,0.6,1.0,0.378753,17.259281,0.85719,-8.031239,9.164277,25.791418
212,50916,0.05,1,241,131.19,26.6,0.05621,50916,prioritized,0.6,1.0,0.377979,17.259281,0.849149,-8.157776,9.268569,25.933588
213,51145,0.05,1,229,131.25,26.66,0.061246,51145,prioritized,0.6,1.0,0.378565,17.259281,0.865562,-8.314618,9.378932,26.190701
214,51279,0.05,-1,134,24.93,131.73,0.059558,51279,prioritized,0.6,1.0,0.37768,17.259281,0.85879,-8.849957,9.969491,27.05138
215,51391,0.05,-1,112,25.64,131.84,0.061919,51391,prioritized,0.6,1.0,0.378912,17.259281,0.881397,-8.544755,9.701273,26.753799
216,51551,0.05,-1,160,27.2,131.6,0.057779,51551,prioritized,0.6,1.0,0.378038,17.259281,0.877287,-8.470685,9.505954,26.429966
217,51851,0.05,,300,25.3,28.7,0.061854,51851,prioritized,0.6,1.0,0.37721,17.259281,0.869366,-8.253182,9.650735,26.692846
218,52013,0.05,-1,162,26.99,131.59,0.057236,52013,prioritized,0.6,1.0,0.375342,17.259281,0.857625,-8.389311,9.726833,26.855141
219,52238,0.05,1,225,131.27,28.48,0.059299,52238,prioritized,0.6,1.0,0.376137,17.259281,0.864423,-8.160549,9.363342,26.059917
220,52452,0.05,-1,214,26.93,131.33,0.063319,52452,prioritized,0.6,1.0,0.37502,17.259281,0.85056,-8.8043,10.035699,26.955458
221,52619,0.05,1,167,131.56,21.57,0.058156,52619,prioritized,0.6,1.0,0.376828,17.259281,0.873962,-8.357808,9.558414,26.424011
222,52751,0.05,-1,132,22.94,131.74,0.057625,52751,prioritized,0.6,1.0,0.375403,17.259281,0.860222,-8.218116,9.514606,26.320095
223,52958,0.05,1,207,131.36,28.77,0.06456,52958,prioritized,0.6,1.0,0.376061,17.785805,0.872503,-8.666574,9.818042,26.749445
224,53184,0.05,-1,226,26.47,131.27,0.060204,53184,prioritized,0.6,1.0,0.378554,18.161829,0.888415,-8.860416,10.030645,27.503714
225,53484,0.05,,300,23.5,26.5,0.062804,53484,prioritized,0.6,1.0,0.378512,18.161829,0.883914,-9.222767,10.360418,27.827484
226,53573,0.05,1,89,131.95,21.36,0.057629,53573,prioritized,0.6,1.0,0.378005,18.161829,0.884245,-8.869656,10.320595,28.196953
227,53777,0.05,-1,204,26.98,131.38,0.055738,53777,prioritized,0.6,1.0,0.376105,18.161829,0.866935,-8.901438,10.042439,27.386908
228,54077,0.05,,300,26.3,28.3,0.063131,54077,prioritized,0.6,1.0,0.374283,18.161829,0.859472,-8.973221,10.126474,27.563971
229,54221,0.05,-1,144,24.68,131.68,0.060469,54221,prioritized,0.6,1.0,0.376351,18.161829,0.875958,-8.304896,9.595165,26.894257
230,54342,0.05,1,121,131.79,25.2,0.060547,54342,prioritized,0.6,1.0,0.375302,18.161829,0.877771,-8.997756,10.206756,27.657701
231,54486,0.05,-1,144,27.28,131.68,0.060864,54486,prioritized,0.6,1.0,0.375134,18.161829,0.880438,-8.780077,10.008022,27.419538
232,54663,0.05,1,177,131.51,29.12,0.058031,54663,prioritized,0.6,1.0,0.376875,18.161829,0.885821,-8.773659,9.8965,27.248867
233,54963,0.05,,300,26.5,22.3,0.061058,54963,prioritized,0.6,1.0,0.37435,18.161829,0.877339,-9.087832,10.18294,27.62804
234,55102,0.05,1,139,131.7,23.51,0.065812,55102,prioritized,0.6,1.0,0.377936,18.434582,0.919412,-10.233892,11.158005,29.961128
235,55402,0.05,,300,26.5,23.1,0.066888,55402,prioritized,0.6,1.0,0.38096,18.434582,0.935432,-10.696497,11.691802,30.806604
236,55501,0.05,1,99,131.9,25.11,0.069136,55501,prioritized,0.6,1.0,0.376658,18.434582,0.890032,-10.894894,11.880472,31.003138
237,55730,0.05,1,229,131.25,26.86,0.060485,55730,prioritized,0.6,1.0,0.380154,18.434582,0.926424,-10.08302,11.133562,30.165386
238,55852,0.05,-1,122,22.39,131.79,0.061964,55852,prioritized,0.6,1.0,0.37947,18.434582,0.917714,-10.640623,11.610543,30.766424
239,55984,0.05,-1,132,29.34,131.74,0.065545,55984,prioritized,0.6,1.0,0.378574,18.434582,0.91194,-10.81003,11.723042,30.982203
240,56171,0.05,1,187,131.46,26.07,0.061728,56171,prioritized,0.6,1.0,0.378512,18.434582,0.896373,-9.878318,10.876751,28.830961
241,56305,0.05,-1,134,29.13,131.73,0.063163,56305,prioritized,0.6,1.0,0.378324,18.434582,0.895078,-9.186255,10.296124,28.018736
242,56605,0.05,,300,28.3,25.7,0.063738,56605,prioritized,0.6,1.0,0.376474,18.434582,0.881894,-9.179134,10.279006,27.994024
243,56718,0.05,1,113,131.83,29.64,0.060678,56718,prioritized,0.6,1.0,0.376319,18.434582,0.891607,-9.465257,10.378289,27.990683
244,56864,0.05,-1,146,26.27,131.67,0.05681,56864,prioritized,0.6,1.0,0.374961,18.434582,0.88644,-9.140737,10.039557,27.748194
245,56981,0.05,1,117,131.81,25.82,0.057883,56981,prioritized,0.6,1.0,0.374903,18.434582,0.882157,-8.852527,10.014072,27.761351
246,57216,0.05,1,235,131.22,29.03,0.062166,57216,prioritized,0.6,1.0,0.373602,18.434582,0.857437,-8.65581,9.961404,27.108685
247,57367,0.05,1,151,131.64,26.85,0.055636,57367,prioritized,0.6,1.0,0.374559,18.434582,0.873334,-8.549398,9.865165,27.012869
248,57539,0.05,-1,172,28.94,131.54,0.061669,57539,prioritized,0.6,1.0,0.371885,18.434582,0.858545,-8.726318,9.985913,27.046074
249,57670,0.05,1,131,131.74,27.35,0.0626,57670,prioritized,0.6,1.0,0.371061,18.434582,0.854049,-8.942602,10.128675,27.183258
250,57893,0.05,1,223,131.28,26.89,0.060342,57893,prioritized,0.6,1.0,0.372458,18.434582,0.87816,-8.830813,10.12735,27.363171
251,57974,0.05,1,81,131.99,29.8,0.054313,57974,prioritized,0.6,1.0,0.371249,18.434582,0.871133,-8.368525,9.7846,26.973753
252,58154,0.05,-1,180,26.5,131.5,0.057242,58154,prioritized,0.6,1.0,0.371761,18.434582,0.869966,-8.587807,9.853581,26.571146
253,58333,0.05,1,179,131.5,26.71,0.064,58333,prioritized,0.6,1.0,0.370622,18.434582,0.866073,-8.31133,9.537029,26.097164
254,58474,0.05,1,141,131.69,26.3,0.056365,58474,prioritized,0.6,1.0,0.369334,18.434582,0.859433,-8.393603,9.591379,26.11487
255,58579,0.05,1,105,131.87,21.28,0.060229,58579,prioritized,0.6,1.0,0.37062,18.434582,0.876018,-9.09368,10.12959,26.751968
256,58732,0.05,1,153,131.63,26.44,0.059044,58732,prioritized,0.6,1.0,0.370009,18.434582,0.869241,-8.775082,9.817805,26.314287
257,58888,0.05,-1,156,24.22,131.62,0.054716,58888,prioritized,0.6,1.0,0.369676,18.434582,0.872703,-8.469371,9.611306,26.17869
258,59040,0.05,-1,152,27.24,131.64,0.060788,59040,prioritized,0.6,1.0,0.369722,18.434582,0.885096,-8.9341,9.880918,26.65782
259,59277,0.05,1,237,131.21,26.82,0.059563,59277,prioritized,0.6,1.0,0.369195,18.434582,0.880027,-9.854746,10.972951,28.571522
260,59378,0.05,1,101,131.89,25.3,0.058395,59378,prioritized,0.6,1.0,0.369752,18.434582,0.887218,-9.29731,10.142158,27.539591
261,59493,0.05,1,115,131.82,29.63,0.059358,59493,prioritized,0.6,1.0,0.370931,18.434582,0.901248,-9.220119,10.37557,27.956234
262,59618,0.05,1,125,131.77,20.18,0.057112,59618,prioritized,0.6,1.0,0.369448,18.434582,0.890154,-9.403826,10.550928,28.110287
263,59700,0.05,-1,82,29.79,131.99,0.059421,59700,prioritized,0.6,1.0,0.370915,18.434582,0.905136,-9.25645,10.59158,28.138887
264,59925,0.05,1,225,131.27,26.48,0.064795,59925,prioritized,0.6,1.0,0.369024,18.434582,0.891256,-9.817461,10.957573,28.618969
265,60049,0.05,-1,124,23.58,131.78,0.06136,60049,prioritized,0.6,1.0,0.372219,18.434582,0.932926,-10.04425,11.109897,29.070662
266,60181,0.05,-1,132,26.54,131.74,0.062919,60181,prioritized,0.6,1.0,0.371938,18.434582,0.919275,-10.788023,11.655468,30.203972
267,60363,0.05,-1,182,26.29,131.49,0.061501,60363,prioritized,0.6,1.0,0.370851,18.434582,0.899329,-10.83383,11.767559,30.224821
268,60462,0.05,1,99,131.9,22.11,0.069681,60462,prioritized,0.6,1.0,0.372494,18.434582,0.911705,-10.561659,11.633801,30.019188
269,60610,0.05,-1,148,29.46,131.66,0.057424,60610,prioritized,0.6,1.0,0.373724,18.434582,0.929165,-10.658535,11.53849,29.992117
270,60734,0.05,-1,124,26.78,131.78,0.062688,60734,prioritized,0.6,1.0,0.372722,18.434582,0.918663,-10.473471,11.396175,29.738876
271,60833,0.05,1,99,131.9,25.11,0.064716,60833,prioritized,0.6,1.0,0.373714,18.434582,0.935898,-10.500639,11.416862,29.820671
272,61133,0.05,,300,26.5,23.3,0.058999,61133,prioritized,0.6,1.0,0.374349,18.434582,0.942234,-11.017198,11.966805,30.489849
273,61291,0.05,-1,158,26.61,131.61,0.063039,61291,prioritized,0.6,1.0,0.372622,18.434582,0.936598,-11.480145,12.270644,31.019361
274,61455,0.05,-1,164,27.18,131.58,0.067162,61455,prioritized,0.6,1.0,0.372295,18.434582,0.939898,-11.287511,12.122689,30.878168
275,61705,0.05,-1,250,26.15,131.15,0.065895,61705,prioritized,0.6,1.0,0.370735,18.434582,0.920214,-11.106207,12.013381,30.739145
276,61861,0.05,-1,156,28.62,131.62,0.060803,61861,prioritized,0.6,1.0,0.370848,18.434582,0.928214,-11.377649,12.335792,31.058588
277,62161,0.05,,300,26.3,26.5,0.066123,62161,prioritized,0.6,1.0,0.372414,18.434582,0.937087,-11.279834,12.169542,30.984987
278,62461,0.05,,300,25.5,28.3,0.06705,62461,prioritized,0.6,1.0,0.37079,18.434582,0.921791,-11.79915,12.656895,31.694283
279,62570,0.05,1,109,131.85,23.06,0.066312,62570,prioritized,0.6,1.0,0.37174,18.434582,0.9309,-11.858662,12.623592,31.615219
280,62737,0.05,1,167,131.56,27.17,0.0638,62737,prioritized,0.6,1.0,0.370938,18.434582,0.925391,-10.77803,11.741247,30.52137
281,62929,0.05,-1,192,29.04,131.44,0.06322,62929,prioritized,0.6,1.0,0.370664,18.434582,0.928797,-11.833661,12.671566,31.624517
282,63048,0.05,1,119,131.8,29.41,0.063216,63048,prioritized,0.6,1.0,0.373494,18.434582,0.950731,-11.728983,12.45185,31.500799
283,63177,0.05,1,129,131.75,24.36,0.06889,63177,prioritized,0.6,1.0,0.373836,18.434582,0.949069,-11.823698,12.613351,31.904215
284,63376,0.05,1,199,131.4,25.81,0.067438,63376,prioritized,0.6,1.0,0.374945,18.434582,0.948855,-12.04635,12.913226,32.321198
285,63503,0.05,1,127,131.76,26.37,0.067266,63503,prioritized,0.6,1.0,0.376181,18.434582,0.957187,-11.994148,12.83639,32.20052
286,63641,0.05,-1,138,27.11,131.71,0.060535,63641,prioritized,0.6,1.0,0.376829,18.434582,0.961014,-11.53166,12.318954,31.52301
287,63749,0.05,-1,108,26.46,131.86,0.062086,63749,prioritized,0.6,1.0,0.375765,18.434582,0.947242,-11.829474,12.703605,31.995483
288,64046,0.05,1,297,130.91,28.72,0.067685,64046,prioritized,0.6,1.0,0.372217,18.434582,0.906824,-11.952429,12.756553,31.867159
289,64173,0.05,1,127,131.76,26.77,0.064993,64173,prioritized,0.6,1.0,0.371847,18.434582,0.912504,-11.13323,11.916406,30.124994
290,64282,0.05,1,109,131.85,29.06,0.066223,64282,prioritized,0.6,1.0,0.372315,18.434582,0.922334,-10.844864,11.714901,29.868013
291,64582,0.05,,300,25.5,26.3,0.064954,64582,prioritized,0.6,1.0,0.371692,18.434582,0.927969,-11.18628,11.913377,30.070871
292,64882,0.05,,300,25.3,26.5,0.064989,64882,prioritized,0.6,1.0,0.367473,18.434582,0.898039,-11.160254,11.890145,29.985428
293,64977,0.05,1,95,131.92,27.33,0.054355,64977,prioritized,0.6,1.0,0.367849,18.434582,0.902783,-9.69989,10.39421,28.212868
294,65130,0.05,1,153,131.63,26.24,0.069966,65130,prioritized,0.6,1.0,0.370167,18.434582,0.932392,-12.340157,13.046827,31.995871
295,65250,0.05,-1,120,26.2,131.8,0.064471,65250,prioritized,0.6,1.0,0.374284,18.434582,0.963277,-11.598775,12.271931,31.184954
296,65442,0.05,-1,192,26.84,131.44,0.062472,65442,prioritized,0.6,1.0,0.371485,18.434582,0.935859,-11.829936,12.500298,31.597431
297,65549,0.05,1,107,131.86,26.87,0.06629,65549,prioritized,0.6,1.0,0.371698,18.434582,0.938677,-12.609631,13.117385,32.252399
298,65685,0.05,-1,136,26.32,131.72,0.064448,65685,prioritized,0.6,1.0,0.372505,18.434582,0.945393,-11.83192,12.420453,31.424095
299,65800,0.05,1,115,131.82,24.23,0.067906,65800,prioritized,0.6,1.0,0.372078,18.434582,0.944188,-11.885758,12.431925,31.373047
300,65907,0.05,1,107,131.86,23.87,0.067934,65907,prioritized,0.6,1.0,0.370387,18.434582,0.930149,-12.071487,12.670803,31.846636
301,66153,0.05,-1,246,26.17,131.17,0.061119,66153,prioritized,0.6,1.0,0.372767,18.434582,0.953558,-11.676138,12.529146,31.761042
302,66384,0.05,1,231,131.24,25.85,0.070803,66384,prioritized,0.6,1.0,0.371604,18.434582,0.947093,-12.671754,13.289664,32.58633
303,66490,0.05,-1,106,27.27,131.87,0.063838,66490,prioritized,0.6,1.0,0.371422,18.434582,0.948838,-11.93723,12.600655,31.828566
304,66600,0.05,-1,110,26.45,131.85,0.063467,66600,prioritized,0.6,1.0,0.371887,18.434582,0.958782,-11.988554,12.661894,31.870266
305,66729,0.05,1,129,131.75,27.36,0.067009,66729,prioritized,0.6,1.0,0.370549,18.434582,0.948906,-11.880362,12.553594,31.755753
306,66825,0.05,-1,96,26.32,131.92,0.066978,66825,prioritized,0.6,1.0,0.369914,18.434582,0.941125,-12.366078,13.061867,32.361923
307,67047,0.05,-1,222,24.49,131.29,0.0634,67047,prioritized,0.6,1.0,0.372718,18.434582,0.967108,-12.471795,13.187276,32.506374
308,67149,0.05,-1,102,27.09,131.89,0.070027,67149,prioritized,0.6,1.0,0.369271,18.434582,0.936019,-12.479126,13.095408,32.576462
309,67250,0.05,1,101,131.89,24.9,0.066437,67250,prioritized,0.6,1.0,0.370921,18.434582,0.952785,-12.63013,13.253055,32.685555
310,67363,0.05,1,113,131.83,28.64,0.063939,67363,prioritized,0.6,1.0,0.372503,18.434582,0.964538,-13.132855,13.653136,33.059147
311,67479,0.05,-1,116,27.02,131.82,0.06664,67479,prioritized,0.6,1.0,0.372957,18.434582,0.965033,-13.008595,13.737733,33.29504
312,67580,0.05,1,101,131.89,27.1,0.064916,67580,prioritized,0.6,1.0,0.373313,18.434582,0.967156,-12.839061,13.430538,32.859386
313,67695,0.05,1,115,131.82,27.03,0.067727,67695,prioritized,0.6,1.0,0.372368,18.434582,0.958816,-12.145782,12.745011,32.158161
314,67995,0.05,,300,25.3,25.5,0.06684,67995,prioritized,0.6,1.0,0.372492,18.434582,0.968249,-12.92843,13.456009,32.955311
315,68121,0.05,-1,126,27.37,131.77,0.066676,68121,prioritized,0.6,1.0,0.372022,18.434582,0.951248,-12.320218,12.833473,31.242521
316,68324,0.05,1,203,131.38,28.99,0.060617,68324,prioritized,0.6,1.0,0.371058,18.434582,0.939498,-11.795704,12.351526,30.679821
317,68624,0.05,,300,26.5,25.5,0.063246,68624,prioritized,0.6,1.0,0.368831,18.434582,0.921361,-12.089862,12.684131,31.138281
318,68767,0.05,1,143,131.68,26.89,0.05889,68767,prioritized,0.6,1.0,0.369058,18.434582,0.93678,-11.542738,12.128504,30.588758
319,68896,0.05,1,129,131.75,24.56,0.064346,68896,prioritized,0.6,1.0,0.368596,18.434582,0.930245,-11.917947,12.565472,30.986513
320,68992,0.05,-1,96,29.32,131.92,0.066137,68992,prioritized,0.6,1.0,0.370343,18.434582,0.945152,-12.656058,13.277026,31.758677
321,69121,0.05,1,129,131.75,28.96,0.072306,69121,prioritized,0.6,1.0,0.370513,18.434582,0.940818,-12.42464,13.054335,31.775799
322,69221,0.05,-1,100,29.3,131.9,0.063652,69221,prioritized,0.6,1.0,0.372329,18.434582,0.964111,-12.150856,12.69804,31.465528
323,69521,0.05,,300,22.1,24.3,0.066093,69521,prioritized,0.6,1.0,0.369597,18.434582,0.945297,-12.269568,12.885434,31.723423
324,69805,0.05,-1,284,26.38,130.98,0.064214,69805,prioritized,0.6,1.0,0.368797,18.434582,0.935577,-11.988486,12.454149,31.104542
325,69926,0.05,1,121,131.79,28.6,0.061274,69926,prioritized,0.6,1.0,0.369145,18.434582,0.940974,-11.78273,12.378463,31.105141
326,70103,0.05,1,177,131.51,23.92,0.062608,70103,prioritized,0.6,1.0,0.369311,18.434582,0.935319,-12.063708,12.631324,31.227467
327,70403,0.05,,300,28.7,25.3,0.069842,70403,prioritized,0.6,1.0,0.367858,18.434582,0.933853,-11.914855,12.501248,30.931688
328,70703,0.05,,300,25.3,26.5,0.064698,70703,prioritized,0.6,1.0,0.367167,18.434582,0.933451,-12.109061,12.651966,31.009033
329,70799,0.05,-1,96,26.52,131.92,0.063251,70799,prioritized,0.6,1.0,0.366509,18.434582,0.92927,-11.283198,11.879254,30.142786
330,70916,0.05,1,117,131.81,22.02,0.069749,70916,prioritized,0.6,1.0,0.36595,18.434582,0.924506,-12.024487,12.526013,30.895935
331,71064,0.05,-1,148,28.66,131.66,0.065381,71064,prioritized,0.6,1.0,0.370463,18.434582,0.977449,-12.20544,12.677547,31.831524
332,71197,0.05,1,133,131.73,26.74,0.062548,71197,prioritized,0.6,1.0,0.370477,18.434582,0.973481,-13.992627,14.412408,34.456493
333,71322,0.05,1,125,131.77,26.98,0.067115,71322,prioritized,0.6,1.0,0.371789,18.434582,0.979184,-13.304991,13.824716,33.89835
334,71616,0.05,-1,294,28.73,130.93,0.063109,71616,prioritized,0.6,1.0,0.372964,18.434582,0.981297,-13.346225,13.852954,33.916622
335,71825,0.05,1,209,131.35,23.56,0.071816,71825,prioritized,0.6,1.0,0.374031,18.434582,0.991055,-13.838442,14.395104,34.449589
336,71939,0.05,-1,114,27.03,131.83,0.067018,71939,prioritized,0.6,1.0,0.372592,18.434582,0.984597,-13.068089,13.555367,33.63081
337,72236,0.05,1,297,130.91,26.12,0.066318,72236,prioritized,0.6,1.0,0.370116,18.434582,0.951863,-12.92477,13.416484,32.763813
338,72372,0.05,-1,136,27.12,131.72,0.072573,72372,prioritized,0.6,1.0,0.370666,18.434582,0.95368,-12.43394,13.050018,32.102333
339,72462,0.05,-1,90,27.35,131.95,0.066558,72462,prioritized,0.6,1.0,0.37123,18.434582,0.968482,-12.610482,13.110509,32.272366
340,72604,0.05,-1,142,26.69,131.69,0.062441,72604,prioritized,0.6,1.0,0.369669,18.434582,0.960797,-12.587014,13.067943,32.191414
341,72711,0.05,1,107,131.86,25.07,0.05924,72711,prioritized,0.6,1.0,0.369693,18.434582,0.968817,-13.09033,13.563199,32.784065
342,72820,0.05,1,109,131.85,26.06,0.067357,72820,prioritized,0.6,1.0,0.368758,18.434582,0.96571,-13.375596,13.880761,33.121136
343,72928,0.05,-1,108,24.46,131.86,0.064281,72928,prioritized,0.6,1.0,0.367377,18.434582,0.953497,-13.431893,13.86545,33.025002
344,73155,0.05,1,227,131.26,26.07,0.064903,73155,prioritized,0.6,1.0,0.370363,18.434582,0.976525,-13.155218,13.648213,32.995956
345,73379,0.05,-1,224,26.68,131.28,0.066855,73379,prioritized,0.6,1.0,0.369677,18.434582,0.968355,-13.674948,14.143144,33.648129
346,73503,0.05,-1,124,18.78,131.78,0.06691,73503,prioritized,0.6,1.0,0.371752,18.434582,0.989227,-13.317094,13.818952,33.325863
347,73596,0.05,1,93,131.93,26.74,0.05907,73596,prioritized,0.6,1.0,0.370665,18.434582,0.978099,-12.637012,13.096202,32.474022
348,73711,0.05,1,115,131.82,26.43,0.067763,73711,prioritized,0.6,1.0,0.370607,18.434582,0.981049,-13.66704,14.126705,33.580467
349,73809,0.05,-1,98,24.51,131.91,0.064586,73809,prioritized,0.6,1.0,0.371643,18.434582,0.978057,-12.99861,13.679182,33.250534
350,73930,0.05,1,121,131.79,29.0,0.067826,73930,prioritized,0.6,1.0,0.371743,18.434582,0.975473,-13.224328,13.744224,33.140369
351,74037,0.05,1,107,131.86,27.47,0.067162,74037,prioritized,0.6,1.0,0.370153,18.434582,0.962922,-13.533804,13.957822,33.494461
352,74337,0.05,,300,25.5,28.3,0.074146,74337,prioritized,0.6,1.0,0.370748,18.434582,0.972439,-13.647202,14.075373,33.766102
353,74436,0.05,1,99,131.9,23.91,0.069531,74436,prioritized,0.6,1.0,0.370279,18.434582,0.970489,-13.799009,14.264688,33.839771
354,74514,0.05,-1,78,24.41,132.01,0.061542,74514,prioritized,0.6,1.0,0.370823,18.434582,0.973553,-13.581166,14.033415,33.608253
355,74679,0.05,1,165,131.57,27.18,0.075248,74679,prioritized,0.6,1.0,0.371162,18.434582,0.979201,-14.181487,14.618759,34.182735
356,74928,0.05,1,249,131.15,28.16,0.07145,74928,prioritized,0.6,1.0,0.372164,18.434582,0.982469,-13.709721,14.171709,33.710369
357,75189,0.05,1,261,131.09,28.5,0.068362,75000,prioritized,0.6,1.0,0.369528,18.434582,0.93752,-12.44419,12.917188,31.401613
358,75489,0.05,,300,26.5,23.3,0.064944,75000,prioritized,0.6,1.0,0.371185,18.434582,0.955204,-11.945931,12.4445,30.428175
359,75789,0.05,,300,24.3,27.5,0.064363,75000,prioritized,0.6,1.0,0.369068,18.434582,0.946164,-12.030044,12.497025,30.530846
360,75952,0.05,1,163,131.58,27.19,0.064558,75000,prioritized,0.6,1.0,0.367457,18.434582,0.932669,-12.407308,12.906953,30.91188
361,76106,0.05,-1,154,26.83,131.63,0.065572,75000,prioritized,0.6,1.0,0.371019,18.434582,0.977451,-12.219649,12.756885,31.801607
362,76272,0.05,-1,166,24.17,131.57,0.062666,75000,prioritized,0.6,1.0,0.372878,18.434582,0.986494,-13.004467,13.478067,33.023785
363,76404,0.05,-1,132,28.94,131.74,0.068888,75000,prioritized,0.6,1.0,0.373472,18.434582,0.986225,-13.228461,13.732838,33.238861
364,76530,0.05,-1,126,29.17,131.77,0.063449,75000,prioritized,0.6,1.0,0.374158,18.434582,0.995757,-12.911445,13.377271,32.903549
365,76648,0.05,-1,118,24.41,131.81,0.066146,75000,prioritized,0.6,1.0,0.372426,18.434582,0.980923,-13.920548,14.379058,33.86377
366,76766,0.05,-1,118,24.81,131.81,0.069615,75000,prioritized,0.6,1.0,0.373407,18.434582,0.985401,-13.445735,13.898496,33.422905
367,76879,0.05,1,113,131.83,27.04,0.069818,75000,prioritized,0.6,1.0,0.372808,18.434582,0.98498,-14.173422,14.667738,34.278038
368,76978,0.05,1,99,131.9,21.91,0.068605,75000,prioritized,0.6,1.0,0.37256,18.434582,0.981657,-13.651173,14.081001,33.563675
369,77085,0.05,1,107,131.86,26.87,0.070076,75000,prioritized,0.6,1.0,0.37157,18.434582,0.949369,-12.329672,12.802391,31.080952
370,77310,0.05,1,225,131.27,26.08,0.065249,75000,prioritized,0.6,1.0,0.372536,18.434582,0.949514,-11.741252,12.203233,29.940668
371,77435,0.05,1,125,131.77,29.58,0.063113,75000,prioritized,0.6,1.0,0.372995,18.434582,0.954609,-12.164301,12.593478,30.398491
372,77555,0.05,-1,120,27.4,131.8,0.069127,75000,prioritized,0.6,1.0,0.371505,18.434582,0.948703,-12.563882,12.973562,30.690638
373,77700,0.05,1,145,131.67,29.28,0.065947,75000,prioritized,0.6,1.0,0.372494,18.434582,0.963474,-11.891238,12.359585,30.135145
374,78000,0.05,,300,28.7,27.7,0.069187,75000,prioritized,0.6,1.0,0.372471,18.434582,0.963826,-12.130718,12.593098,30.330503
375,78153,0.05,1,153,131.63,28.64,0.076081,75000,prioritized,0.6,1.0,0.374142,18.434582,0.980975,-13.270995,13.732102,32.565746
376,78263,0.05,-1,110,26.85,131.85,0.072461,75000,prioritized,0.6,1.0,0.373104,18.434582,0.973777,-13.954224,14.367125,33.175156
377,78563,0.05,,300,28.7,25.5,0.069464,75000,prioritized,0.6,1.0,0.372476,18.434582,0.971848,-13.135922,13.576769,32.456871
378,78863,0.05,,300,25.3,26.5,0.067105,75000,prioritized,0.6,1.0,0.374038,18.434582,0.986152,-13.292556,13.716566,32.593929
379,78954,0.05,1,91,131.94,26.95,0.064161,75000,prioritized,0.6,1.0,0.373094,18.434582,0.972218,-13.207219,13.644924,32.448948
380,79254,0.05,,300,28.7,27.5,0.064483,75000,prioritized,0.6,1.0,0.370158,18.434582,0.911125,-10.904932,11.449516,28.144258
381,79479,0.05,1,225,131.27,26.68,0.060764,75000,prioritized,0.6,1.0,0.370764,18.434582,0.9219,-10.414231,10.878444,27.022949
382,79570,0.05,1,91,131.94,25.95,0.062489,75000,prioritized,0.6,1.0,0.367901,18.434582,0.897307,-10.699605,11.208014,27.363554
383,79680,0.05,-1,110,27.05,131.85,0.05912,75000,prioritized,0.6,1.0,0.367357,18.434582,0.894035,-10.489779,10.92637,27.118778
384,79801,0.05,1,121,131.79,27.2,0.06254,75000,prioritized,0.6,1.0,0.368495,18.434582,0.91402,-10.828014,11.26507,27.440342
385,79950,0.05,1,149,131.65,29.26,0.06128,75000,prioritized,0.6,1.0,0.367192,18.434582,0.908712,-10.522076,11.000519,27.120375
386,80072,0.05,-1,122,24.19,131.79,0.061951,75000,prioritized,0.6,1.0,0.372303,18.434582,0.967018,-12.005712,12.413759,30.291254
387,80250,0.05,-1,178,24.91,131.51,0.074073,75000,prioritized,0.6,1.0,0.374092,18.434582,0.979736,-13.445742,13.85393,32.433502
388,80431,0.05,1,181,131.49,25.3,0.067162,75000,prioritized,0.6,1.0,0.373815,18.434582,0.974744,-13.451251,13.837734,32.498909
389,80571,0.05,-1,140,26.5,131.7,0.070498,75000,prioritized,0.6,1.0,0.374442,18.434582,0.980956,-12.824044,13.233874,31.842714
390,80670,0.05,1,99,131.9,27.11,0.075192,75000,prioritized,0.6,1.0,0.375555,18.434582,0.9893,-13.433725,13.841691,32.443459
391,80787,0.05,1,117,131.81,24.02,0.06496,75000,prioritized,0.6,1.0,0.375451,18.434582,0.988696,-12.99572,13.46274,32.157482
392,80914,0.05,1,127,131.76,22.97,0.072099,75000,prioritized,0.6,1.0,0.373789,18.434582,0.972382,-13.665864,14.038189,32.630138
393,81020,0.05,-1,106,27.07,131.87,0.073767,75000,prioritized,0.6,1.0,0.376088,18.434582,0.993482,-13.698919,14.117738,32.867493
394,81147,0.05,1,127,131.76,26.57,0.072539,75000,prioritized,0.6,1.0,0.378659,18.434582,1.019267,-15.288844,15.674726,35.399632
395,81286,0.05,1,139,131.7,26.51,0.079412,75000,prioritized,0.6,1.0,0.379931,18.434582,1.025756,-14.35862,14.845893,34.448048
396,81586,0.05,,300,28.5,27.5,0.074761,75000,prioritized,0.6,1.0,0.380878,18.434582,1.018994,-14.993567,15.42443,34.937618
397,81747,0.05,1,161,131.59,27.0,0.070579,75000,prioritized,0.6,1.0,0.379506,18.434582,1.007074,-14.458733,14.876237,34.461792
398,81843,0.05,-1,96,27.12,131.92,0.069201,75000,prioritized,0.6,1.0,0.382256,18.434582,1.024521,-14.059138,14.506494,33.996143
399,81960,0.05,1,117,131.81,26.82,0.080786,75000,prioritized,0.6,1.0,0.380111,18.434582,1.012463,-14.720373,15.123552,34.743526
400,82153,0.05,1,193,131.43,26.24,0.075617,75000,prioritized,0.6,1.0,0.380342,18.434582,1.002991,-13.927448,14.352164,33.268795
401,82453,0.05,,300,26.5,25.5,0.067804,75000,prioritized,0.6,1.0,0.379845,18.434582,0.999172,-13.685309,14.089629,33.035027
402,82661,0.05,-1,208,26.96,131.36,0.07411,75000,prioritized,0.6,1.0,0.378656,18.434582,0.993413,-13.988902,14.444401,33.289673
403,82768,0.05,1,107,131.86,27.27,0.071475,75000,prioritized,0.6,1.0,0.379218,18.434582,1.002286,-13.744373,14.214551,33.027657
404,82933,0.05,1,165,131.57,26.58,0.072645,75000,prioritized,0.6,1.0,0.381694,18.434582,1.019611,-13.593756,14.053366,32.841679
405,83233,0.05,,300,28.7,25.5,0.070452,75000,prioritized,0.6,1.0,0.380437,18.434582,1.004123,-13.749176,14.188979,32.880959
406,83368,0.05,1,135,131.72,26.73,0.081881,75000,prioritized,0.6,1.0,0.378719,18.434582,1.003675,-13.75516,14.176383,32.771011
407,83529,0.05,1,161,131.59,29.4,0.077912,75000,prioritized,0.6,1.0,0.378988,18.434582,1.004931,-13.473235,13.875131,32.571037
408,83688,0.05,1,159,131.6,27.01,0.074316,75000,prioritized,0.6,1.0,0.376308,18.434582,0.99231,-13.412389,13.845985,32.496231
409,83788,0.05,-1,100,29.5,131.9,0.08061,75000,prioritized,0.6,1.0,0.375958,18.434582,0.990122,-14.138457,14.546308,33.127644
410,83882,0.05,-1,94,24.13,131.93,0.064986,75000,prioritized,0.6,1.0,0.376587,18.434582,0.993354,-14.702069,15.130174,33.792271
411,84048,0.05,-1,166,26.97,131.57,0.073937,75000,prioritized,0.6,1.0,0.376587,18.434582,0.979426,-13.519908,13.967587,32.355923
412,84180,0.05,-1,132,29.54,131.74,0.073291,75000,prioritized,0.6,1.0,0.378513,18.434582,0.985299,-12.945453,13.351326,31.196257
413,84293,0.05,1,113,131.83,29.64,0.066003,75000,prioritized,0.6,1.0,0.379147,18.434582,0.990347,-13.004601,13.428228,31.401266
414,84502,0.05,1,209,131.35,26.76,0.06907,75000,prioritized,0.6,1.0,0.378347,18.434582,0.985937,-12.687884,13.093206,30.982904
415,84771,0.05,1,269,131.05,23.66,0.06681,75000,prioritized,0.6,1.0,0.37796,18.434582,0.990523,-12.862725,13.262959,31.13797
416,84901,0.05,-1,130,24.15,131.75,0.066139,75000,prioritized,0.6,1.0,0.376582,18.434582,0.976451,-13.011025,13.402778,31.300884
417,85012,0.05,1,111,131.84,23.85,0.075114,75000,prioritized,0.6,1.0,0.377294,18.434582,0.984857,-13.535316,13.919183,31.891459
418,85120,0.05,-1,108,25.86,131.86,0.075877,75000,prioritized,0.6,1.0,0.380548,18.434582,1.013381,-14.196424,14.593547,33.249847
419,85283,0.05,1,163,131.58,26.99,0.080198,75000,prioritized,0.6,1.0,0.38149,18.434582,1.011637,-14.162921,14.608249,33.11433
420,85583,0.05,,300,28.5,27.1,0.077133,75000,prioritized,0.6,1.0,0.382572,18.434582,1.009885,-14.119642,14.578586,33.136093
421,85883,0.05,,300,26.5,22.9,0.074444,75000,prioritized,0.6,1.0,0.383195,18.434582,1.019349,-14.036722,14.469906,33.043968
422,85996,0.05,1,113,131.83,26.04,0.070561,75000,prioritized,0.6,1.0,0.381033,18.434582,1.00464,-14.103659,14.499623,33.098927
423,86121,0.05,1,125,131.77,27.18,0.079201,75000,prioritized,0.6,1.0,0.383097,18.434582,1.011868,-13.857705,14.274107,32.973392
424,86214,0.05,1,93,131.93,26.94,0.082871,75000,prioritized,0.6,1.0,0.385499,18.434582,1.028597,-14.09511,14.520496,33.172291
425,86514,0.05,,300,26.3,25.5,0.080891,75000,prioritized,0.6,1.0,0.386798,18.434582,1.030244,-14.47029,14.917646,33.597397
426,86635,0.05,1,121,131.79,24.4,0.072528,75000,prioritized,0.6,1.0,0.385324,18.434582,1.014516,-14.309953,14.729051,33.517681
427,86740,0.05,1,105,131.87,24.68,0.067774,75000,prioritized,0.6,1.0,0.383877,18.434582,1.005861,-13.422082,13.880646,32.484825
428,87040,0.05,,300,25.5,26.5,0.077505,75000,prioritized,0.6,1.0,0.38604,18.434582,1.012428,-13.988291,14.425117,33.030693
429,87136,0.05,-1,96,24.32,131.92,0.071608,75000,prioritized,0.6,1.0,0.387946,18.434582,1.025576,-13.658211,14.166218,32.848442
430,87240,0.05,-1,104,26.68,131.88,0.080765,75000,prioritized,0.6,1.0,0.387143,18.434582,1.02033,-13.800873,14.240556,32.906326
431,87353,0.05,1,113,131.83,27.04,0.075356,75000,prioritized,0.6,1.0,0.386247,18.434582,1.013318,-14.049909,14.520661,33.303638
432,87489,0.05,-1,136,28.72,131.72,0.070181,75000,prioritized,0.6,1.0,0.387989,18.434582,1.021792,-14.457628,14.975895,33.67873
433,87686,0.05,1,197,131.41,26.42,0.083539,75000,prioritized,0.6,1.0,0.387487,18.434582,1.020272,-13.740897,14.227962,32.98452
434,87812,0.05,-1,126,28.77,131.77,0.076084,75000,prioritized,0.6,1.0,0.388581,18.434582,1.033098,-14.408519,14.914045,33.613708
435,87994,0.05,-1,182,27.09,131.49,0.08107,75000,prioritized,0.6,1.0,0.388025,18.434582,1.020055,-14.358726,14.806925,33.434547
436,88151,0.05,1,157,131.61,27.02,0.071248,75000,prioritized,0.6,1.0,0.390432,18.434582,1.036547,-13.949867,14.542219,33.352757
437,88258,0.05,1,107,131.86,29.47,0.076131,75000,prioritized,0.6,1.0,0.388204,18.434582,1.017704,-14.623248,15.137424,34.064739
438,88558,0.05,,300,27.7,26.5,0.076978,75000,prioritized,0.6,1.0,0.390591,18.434582,1.043963,-14.257054,14.784004,33.676449
439,88761,0.05,1,203,131.38,26.79,0.074462,75000,prioritized,0.6,1.0,0.389118,18.434582,1.027146,-14.035608,14.596105,33.403198
440,89010,0.05,1,249,131.15,26.16,0.080449,75000,prioritized,0.6,1.0,0.387907,18.434582,1.014286,-14.243691,14.804661,33.610931
441,89087,0.05,1,77,132.01,21.42,0.078392,75000,prioritized,0.6,1.0,0.391288,18.434582,1.034916,-13.936471,14.448012,33.251759
442,89217,0.05,-1,130,29.55,131.75,0.072057,75000,prioritized,0.6,1.0,0.392179,18.434582,1.038814,-14.179705,14.652378,33.364357
443,89331,0.05,-1,114,26.43,131.83,0.078702,75000,prioritized,0.6,1.0,0.391343,18.434582,1.031475,-14.841745,15.412679,34.329041
444,89553,0.05,-1,222,28.69,131.29,0.076309,75000,prioritized,0.6,1.0,0.392491,18.434582,1.035157,-14.172675,14.760583,33.439484
445,89790,0.05,1,237,131.21,26.22,0.075386,75000,prioritized,0.6,1.0,0.393131,18.434582,1.032578,-14.201788,14.710124,33.360943
446,90090,0.05,,300,26.5,27.7,0.080594,75000,prioritized,0.6,1.0,0.394941,18.434582,1.040044,-13.691038,14.278887,32.937576
447,90388,0.05,-1,298,28.31,130.91,0.074345,75000,prioritized,0.6,1.0,0.393775,18.434582,1.03262,-13.420118,13.948036,32.372696
448,90503,0.05,1,115,131.82,26.83,0.080754,75000,prioritized,0.6,1.0,0.391824,18.434582,1.01605,-13.710253,14.279795,32.647461
449,90599,0.05,-1,96,27.12,131.92,0.074127,75000,prioritized,0.6,1.0,0.393263,18.434582,1.028434,-14.077671,14.566863,33.152924
450,90691,0.05,-1,92,27.34,131.94,0.07421,75000,prioritized,0.6,1.0,0.394938,18.434582,1.036444,-13.267592,13.825397,32.070023
451,90824,0.05,1,133,131.73,24.74,0.071109,75000,prioritized,0.6,1.0,0.393216,18.434582,1.023808,-13.164771,13.676277,32.350079
452,90976,0.05,-1,152,28.64,131.64,0.080432,75000,prioritized,0.6,1.0,0.393685,18.434582,1.028936,-14.242981,14.767289,33.266037
453,91276,0.05,,300,27.7,24.3,0.078284,75000,prioritized,0.6,1.0,0.396532,18.434582,1.050086,-13.88159,14.437585,33.075043
454,91382,0.05,-1,106,26.87,131.87,0.083714,75000,prioritized,0.6,1.0,0.39447,18.434582,1.041073,-14.365664,14.83604,33.483917
455,91455,0.05,1,73,132.03,24.44,0.072444,75000,prioritized,0.6,1.0,0.394205,18.434582,1.035601,-14.940594,15.462345,33.991016
456,91596,0.05,1,141,131.69,28.7,0.069545,75000,prioritized,0.6,1.0,0.394871,18.434582,1.040544,-13.508919,13.984719,32.688229
457,91730,0.05,-1,134,28.93,131.73,0.074023,75000,prioritized,0.6,1.0,0.394901,18.434582,1.045821,-14.77073,15.191173,33.758568
458,91854,0.05,-1,124,27.38,131.78,0.082835,75000,prioritized,0.6,1.0,0.394672,18.434582,1.040231,-14.389979,14.928352,33.520889
459,92154,0.05,,300,25.5,28.5,0.073268,75000,prioritized,0.6,1.0,0.392112,18.434582,1.00851,-13.779571,14.308283,32.442089
460,92454,0.05,,300,27.7,26.5,0.0731,75000,prioritized,0.6,1.0,0.391582,18.434582,1.010435,-13.057493,13.566857,31.176691
461,92548,0.05,-1,94,27.13,131.93,0.077313,75000,prioritized,0.6,1.0,0.391089,18.434582,1.005548,-13.073538,13.646004,31.297945
462,92713,0.05,1,165,131.57,26.78,0.076787,75000,prioritized,0.6,1.0,0.391386,18.434582,1.011661,-13.412906,13.925183,31.449774
463,92829,0.05,-1,116,28.82,131.82,0.082196,75000,prioritized,0.6,1.0,0.390698,18.434582,1.007784,-13.618363,14.159992,31.747282
464,93129,0.05,,300,25.3,26.5,0.075291,75000,prioritized,0.6,1.0,0.389166,18.434582,0.99365,-13.228547,13.740352,31.384792
465,93211,0.05,-1,82,27.59,131.99,0.077584,75000,prioritized,0.6,1.0,0.390571,18.434582,1.006896,-13.107044,13.586744,31.246555
466,93511,0.05,,300,25.3,26.5,0.077338,75000,prioritized,0.6,1.0,0.391941,18.434582,1.009773,-13.022187,13.574929,31.333166
467,93635,0.05,-1,124,29.38,131.78,0.071335,75000,prioritized,0.6,1.0,0.392633,18.434582,1.016599,-13.191134,13.696493,31.46319
468,93935,0.05,,300,23.1,26.5,0.075671,75000,prioritized,0.6,1.0,0.391195,18.434582,1.00577,-12.838819,13.320496,31.098385
469,94137,0.05,-1,202,28.59,131.39,0.075833,75000,prioritized,0.6,1.0,0.392376,18.434582,1.01848,-13.515066,14.029302,31.825235
470,94271,0.05,-1,134,28.93,131.73,0.07658,75000,prioritized,0.6,1.0,0.392203,18.434582,1.010756,-12.989858,13.526125,31.311554
471,94342,0.05,1,71,132.04,24.65,0.075308,75000,prioritized,0.6,1.0,0.392174,18.434582,1.013696,-13.460793,13.949624,31.745932
472,94642,0.05,,300,27.7,26.5,0.076162,75000,prioritized,0.6,1.0,0.391285,18.434582,1.005791,-13.281899,13.809241,31.758896
473,94831,0.05,1,189,131.45,28.46,0.076352,75000,prioritized,0.6,1.0,0.390494,18.434582,1.009049,-13.317124,13.807981,31.677059
474,95015,0.05,-1,184,26.88,131.48,0.072749,75000,prioritized,0.6,1.0,0.390607,18.434582,1.00679,-13.208422,13.715526,31.643253
475,95106,0.05,1,91,131.94,26.35,0.078762,75000,prioritized,0.6,1.0,0.392201,18.434582,1.0204,-13.500971,14.098241,32.350422
476,95394,0.05,-1,288,28.16,130.96,0.078287,75000,prioritized,0.6,1.0,0.391904,18.434582,1.013493,-13.810445,14.282022,32.433002
477,95683,0.05,1,289,130.95,26.56,0.077628,75000,prioritized,0.6,1.0,0.393154,18.434582,1.025375,-13.580508,14.115539,32.210487
478,95761,0.05,-1,78,27.21,132.01,0.075113,75000,prioritized,0.6,1.0,0.392645,18.434582,1.017365,-13.561813,14.112124,32.210663
479,95860,0.05,1,99,131.9,22.71,0.071916,75000,prioritized,0.6,1.0,0.390955,18.434582,1.006003,-13.181251,13.71468,31.78961
480,96092,0.05,-1,232,24.64,131.24,0.075883,75000,prioritized,0.6,1.0,0.392396,18.434582,1.004261,-12.816886,13.372454,31.440046
481,96392,0.05,,300,26.5,27.7,0.078501,75000,prioritized,0.6,1.0,0.395248,18.434582,1.014725,-13.045811,13.566752,31.33285
482,96511,0.05,1,119,131.8,24.61,0.080391,75000,prioritized,0.6,1.0,0.39434,18.434582,1.005569,-13.129657,13.625905,31.408546
483,96640,0.05,1,129,131.75,28.76,0.070024,75000,prioritized,0.6,1.0,0.396305,18.434582,1.017641,-12.842573,13.352745,31.044493
484,96738,0.05,-1,98,22.11,131.91,0.077037,75000,prioritized,0.6,1.0,0.396429,18.434582,1.005491,-12.641748,13.214318,30.920523
485,96836,0.05,-1,98,24.31,131.91,0.078798,75000,prioritized,0.6,1.0,0.396204,18.434582,1.007848,-12.842024,13.3147,31.08271
486,97136,0.05,,300,26.5,27.7,0.07784,75000,prioritized,0.6,1.0,0.395565,18.434582,0.996575,-12.646182,13.218582,30.995386
487,97215,0.05,1,79,132.0,24.81,0.074485,75000,prioritized,0.6,1.0,0.397182,18.434582,1.005727,-13.017234,13.553371,31.121038
488,97475,0.05,-1,260,23.7,131.1,0.072938,75000,prioritized,0.6,1.0,0.396367,18.434582,0.994985,-12.341778,12.840741,30.559069
489,97582,0.05,1,107,131.86,28.87,0.070515,75000,prioritized,0.6,1.0,0.398143,18.434582,1.016105,-12.94072,13.450859,31.182211
490,97790,0.05,-1,208,23.96,131.36,0.075684,75000,prioritized,0.6,1.0,0.396953,18.434582,1.002271,-12.644581,13.278944,30.881702
491,97896,0.05,-1,106,23.47,131.87,0.083737,75000,prioritized,0.6,1.0,0.398058,18.434582,1.011771,-12.72268,13.360872,30.943846
492,98097,0.05,1,201,131.39,28.0,0.075826,75000,prioritized,0.6,1.0,0.398144,18.434582,0.990697,-12.828231,13.426342,30.702658
493,98248,0.05,1,151,131.64,28.65,0.075027,75000,prioritized,0.6,1.0,0.396703,18.434582,0.984093,-11.81299,12.396075,29.369884
494,98391,0.05,1,143,131.68,24.29,0.072735,75000,prioritized,0.6,1.0,0.39494,18.434582,0.979915,-11.370964,12.032305,28.93998
495,98487,0.05,-1,96,26.52,131.92,0.067669,75000,prioritized,0.6,1.0,0.395984,18.434582,0.987576,-12.01814,12.591886,29.404337
496,98574,0.05,1,87,131.96,26.37,0.074361,75000,prioritized,0.6,1.0,0.395422,18.434582,0.986268,-11.842994,12.402132,29.216768
497,98733,0.05,1,159,131.6,28.81,0.068598,75000,prioritized,0.6,1.0,0.395189,18.434582,0.984863,-12.032393,12.649817,29.45525
498,98942,0.05,1,209,131.35,23.56,0.076442,75000,prioritized,0.6,1.0,0.394925,18.434582,0.98208,-12.439329,13.000549,29.811832
499,99032,0.05,-1,90,26.75,131.95,0.077863,75000,prioritized,0.6,1.0,0.396727,18.434582,0.994038,-11.774526,12.425675,29.351831
500,99332,0.05,,300,23.3,26.5,0.077305,75000,prioritized,0.6,1.0,0.400919,18.434582,1.017024,-12.616895,13.258749,30.872791
501,99582,0.05,-1,250,25.95,131.15,0.078752,75000,prioritized,0.6,1.0,0.399324,18.434582,1.003774,-12.011597,12.621879,30.009718
502,99755,0.05,1,173,131.53,24.14,0.073007,75000,prioritized,0.6,1.0,0.399331,18.434582,0.999343,-12.247426,12.910501,30.414362
503,99988,0.05,1,233,131.23,28.44,0.07316,75000,prioritized,0.6,1.0,0.401775,18.434582,1.010872,-12.168125,12.830076,30.225754
504,100125,0.05,1,137,131.71,27.12,0.078085,75000,prioritized,0.6,1.0,0.398528,18.434582,0.973776,-11.758276,12.401052,29.475836
505,100222,0.05,1,97,131.91,23.72,0.071587,75000,prioritized,0.6,1.0,0.400082,18.434582,0.994983,-11.928019,12.496181,29.564739
506,100357,0.05,1,135,131.72,24.93,0.076353,75000,prioritized,0.6,1.0,0.399889,18.434582,0.995865,-12.440419,13.023716,30.208029
507,100493,0.05,-1,136,29.52,131.72,0.089599,75000,prioritized,0.6,1.0,0.398907,18.434582,0.992469,-12.130409,12.738493,29.888411
508,100594,0.05,1,101,131.89,22.5,0.070253,75000,prioritized,0.6,1.0,0.39847,18.434582,0.985918,-11.21591,11.941477,28.883648
509,100707,0.05,1,113,131.83,25.24,0.07395,75000,prioritized,0.6,1.0,0.398668,18.434582,0.994285,-11.563704,12.200685,29.068226
510,100972,0.05,1,265,131.07,26.48,0.071036,75000,prioritized,0.6,1.0,0.396793,18.434582,0.975721,-11.993873,12.650096,29.615404
511,101085,0.05,1,113,131.83,25.24,0.081054,75000,prioritized,0.6,1.0,0.399356,18.434582,0.98359,-11.971832,12.63767,29.53191
512,101198,0.05,1,113,131.83,26.64,0.074893,75000,prioritized,0.6,1.0,0.399178,18.434582,0.9818,-11.426948,12.074015,28.820459
513,101332,0.05,-1,134,29.53,131.73,0.075136,75000,prioritized,0.6,1.0,0.397945,18.434582,0.977145,-11.756621,12.370553,29.14711
514,101456,0.05,-1,124,24.98,131.78,0.072722,75000,prioritized,0.6,1.0,0.396455,18.434582,0.968966,-11.78108,12.50389,29.334045
515,101547,0.05,1,91,131.94,26.95,0.076094,75000,prioritized,0.6,1.0,0.39894,18.434582,0.99151,-12.300917,12.881377,29.805042
516,101641,0.05,-1,94,26.93,131.93,0.069377,75000,prioritized,0.6,1.0,0.397833,18.434582,0.980915,-11.241046,11.917313,28.708279
517,101941,0.05,,300,25.5,28.7,0.074245,75000,prioritized,0.6,1.0,0.396463,18.434582,0.965225,-11.072754,11.683466,28.275375
518,102241,0.05,,300,22.9,26.5,0.073964,75000,prioritized,0.6,1.0,0.404318,18.434582,1.012668,-11.892148,12.537662,30.097923
519,102339,0.05,-1,98,24.51,131.91,0.080107,75000,prioritized,0.6,1.0,0.403515,18.434582,0.99905,-12.86402,13.57858,31.207699
520,102452,0.05,1,113,131.83,19.84,0.083123,75000,prioritized,0.6,1.0,0.404703,18.434582,1.003726,-12.261548,12.893974,30.538933
521,102552,0.05,-1,100,24.9,131.9,0.076219,75000,prioritized,0.6,1.0,0.404772,18.434582,1.000607,-12.331081,13.085733,30.636911
522,102852,0.05,,300,25.5,26.5,0.074365,75000,prioritized,0.6,1.0,0.404607,18.434582,0.987471,-12.074287,12.792489,30.373369
523,103152,0.05,,300,28.7,25.5,0.073601,75000,prioritized,0.6,1.0,0.40721,18.434582,0.985316,-11.290285,11.956725,29.123898
524,103452,0.05,,300,26.5,27.7,0.072638,75000,prioritized,0.6,1.0,0.405975,18.434582,0.981002,-10.930847,11.685754,28.532019
525,103543,0.05,1,91,131.94,23.35,0.071325,75000,prioritized,0.6,1.0,0.406083,18.434582,0.984574,-11.589688,12.26942,29.188139
526,103843,0.05,,300,28.7,25.5,0.07728,75000,prioritized,0.6,1.0,0.403499,18.434582,0.962856,-11.081452,11.793502,28.73313
527,103929,0.05,-1,86,27.17,131.97,0.077407,75000,prioritized,0.6,1.0,0.40401,18.434582,0.964282,-10.988427,11.649657,28.250328
528,104229,0.05,,300,27.7,28.7,0.078961,75000,prioritized,0.6,1.0,0.408744,18.434582,0.988662,-11.164392,11.890844,29.225767
529,104529,0.05,,300,26.5,25.5,0.072212,75000,prioritized,0.6,1.0,0.405952,18.434582,0.971284,-11.485031,12.197378,29.698254
530,104697,0.05,-1,168,26.36,131.56,0.069048,75000,prioritized,0.6,1.0,0.405341,18.434582,0.96216,-10.926203,11.663852,28.972
531,104777,0.05,-1,80,24.6,132.0,0.066431,75000,prioritized,0.6,1.0,0.407044,18.434582,0.977871,-10.026055,10.803556,27.833893
532,105077,0.05,,300,28.5,26.3,0.076269,75000,prioritized,0.6,1.0,0.404446,18.434582,0.920792,-10.905833,11.700021,28.603451
533,105377,0.05,,300,28.5,27.7,0.068336,75000,prioritized,0.6,1.0,0.40259,18.434582,0.90609,-8.525427,9.348824,24.559389
534,105533,0.05,-1,156,24.22,131.62,0.06416,75000,prioritized,0.6,1.0,0.402383,18.434582,0.91042,-8.765865,9.483971,24.497202
535,105732,0.05,1,199,131.4,28.41,0.065851,75000,prioritized,0.6,1.0,0.403034,18.434582,0.91517,-8.863096,9.617929,24.878923
536,105885,0.05,1,153,131.63,24.04,0.0654,75000,prioritized,0.6,1.0,0.403383,18.434582,0.918678,-8.299122,9.122662,24.045599
537,105987,0.05,-1,102,27.49,131.89,0.067088,75000,prioritized,0.6,1.0,0.40154,18.434582,0.900564,-8.83097,9.677512,24.876253
538,106268,0.05,1,281,130.99,26.0,0.071588,75000,prioritized,0.6,1.0,0.401225,18.434582,0.897681,-9.07159,9.854115,25.560827
539,106432,0.05,-1,164,23.18,131.58,0.062615,75000,prioritized,0.6,1.0,0.402588,18.434582,0.916107,-9.222492,10.032899,25.933619
540,106617,0.05,1,185,131.47,26.28,0.06987,75000,prioritized,0.6,1.0,0.401416,18.434582,0.905444,-8.764324,9.600057,25.18553
541,106766,0.05,1,149,131.65,23.86,0.07094,75000,prioritized,0.6,1.0,0.403768,18.434582,0.924908,-9.051822,9.8216,25.643641
542,106850,0.05,-1,84,26.98,131.98,0.060545,75000,prioritized,0.6,1.0,0.399981,18.434582,0.892077,-9.121434,9.938401,25.768358
543,106960,0.05,-1,110,25.05,131.85,0.06448,75000,prioritized,0.6,1.0,0.403405,18.434582,0.926447,-8.683675,9.586135,25.296984
544,107048,0.05,-1,88,18.96,131.96,0.063547,75000,prioritized,0.6,1.0,0.402027,18.434582,0.907291,-8.450051,9.335654,24.919485
545,107170,0.05,-1,122,22.39,131.79,0.066704,75000,prioritized,0.6,1.0,0.400668,18.434582,0.903863,-8.715682,9.596084,25.168821
546,107470,0.05,,300,27.7,26.5,0.066095,75000,prioritized,0.6,1.0,0.397706,18.434582,0.892399,-8.528449,9.443839,24.844894
547,107578,0.05,-1,108,25.06,131.86,0.066705,75000,prioritized,0.6,1.0,0.397031,18.434582,0.895848,-8.100916,8.937773,24.150106
548,107697,0.05,1,119,131.8,24.61,0.072883,75000,prioritized,0.6,1.0,0.398245,18.434582,0.910011,-8.344429,9.319658,24.549854
549,107833,0.05,-1,136,26.52,131.72,0.061694,75000,prioritized,0.6,1.0,0.392975,18.434582,0.859678,-8.463367,9.356023,24.55127
550,107948,0.05,1,115,131.82,24.43,0.060526,75000,prioritized,0.6,1.0,0.396072,18.434582,0.889502,-8.342221,9.23826,24.507692
551,108248,0.05,,300,28.7,27.7,0.066251,75000,prioritized,0.6,1.0,0.395388,18.434582,0.863487,-7.716426,8.658868,23.323811
552,108363,0.05,1,115,131.82,23.23,0.059492,75000,prioritized,0.6,1.0,0.395851,18.434582,0.874023,-7.175243,8.039025,22.574839
553,108663,0.05,,300,28.5,25.5,0.0602,75000,prioritized,0.6,1.0,0.394665,18.434582,0.855316,-7.361012,8.306827,22.681778
554,108765,0.05,-1,102,23.89,131.89,0.05763,75000,prioritized,0.6,1.0,0.395604,18.434582,0.866932,-7.614614,8.42221,22.89814
555,108863,0.05,-1,98,26.91,131.91,0.053619,75000,prioritized,0.6,1.0,0.394497,18.434582,0.855173,-7.152635,8.114779,22.4736
556,109075,0.05,-1,212,26.54,131.34,0.066321,75000,prioritized,0.6,1.0,0.39848,18.434582,0.885282,-7.382646,8.307444,22.893238
557,109175,0.05,-1,100,29.3,131.9,0.058819,75000,prioritized,0.6,1.0,0.396753,18.434582,0.863532,-7.262075,8.149844,22.795549
558,109319,0.05,-1,144,24.88,131.68,0.057629,75000,prioritized,0.6,1.0,0.396933,18.434582,0.861922,-6.800056,7.876269,22.246437
559,109413,0.05,-1,94,23.93,131.93,0.0563,75000,prioritized,0.6,1.0,0.395173,18.434582,0.843226,-7.365439,8.332994,23.013855
560,109713,0.05,,300,25.5,26.1,0.060072,75000,prioritized,0.6,1.0,0.396915,18.434582,0.863259,-7.471419,8.369308,23.115444
561,109830,0.05,1,117,131.81,24.22,0.060623,75000,prioritized,0.6,1.0,0.39777,18.434582,0.868369,-7.282214,8.242107,22.928408
562,109940,0.05,-1,110,27.25,131.85,0.070138,75000,prioritized,0.6,1.0,0.396677,18.434582,0.843371,-7.040935,8.078681,22.465105
563,110079,0.05,1,139,131.7,26.31,0.064666,75000,prioritized,0.6,1.0,0.396207,18.434582,0.832919,-7.227539,8.202603,22.23727
564,110379,0.05,,300,23.3,28.7,0.059147,75000,prioritized,0.6,1.0,0.392563,18.434582,0.817511,-6.355414,7.324805,20.757561
565,110679,0.05,,300,28.7,25.3,0.057171,75000,prioritized,0.6,1.0,0.388751,18.434582,0.795745,-6.129515,7.081226,20.33296
566,110979,0.05,,300,26.5,25.1,0.057169,75000,prioritized,0.6,1.0,0.388651,18.434582,0.801509,-5.859122,6.779742,19.745335
567,111117,0.05,-1,138,24.71,131.71,0.065515,75000,prioritized,0.6,1.0,0.391508,18.434582,0.826378,-6.785985,7.745826,22.098854
568,111417,0.05,,300,25.1,25.1,0.05867,75000,prioritized,0.6,1.0,0.391808,18.434582,0.831578,-7.126714,8.12478,22.807991
569,111646,0.05,1,229,131.25,28.26,0.058701,75000,prioritized,0.6,1.0,0.394467,18.434582,0.856346,-7.124891,8.125896,22.820368
570,111738,0.05,-1,92,24.74,131.94,0.058781,75000,prioritized,0.6,1.0,0.391051,18.434582,0.823287,-6.825697,7.728495,21.99917
571,111846,0.05,-1,108,24.46,131.86,0.056619,75000,prioritized,0.6,1.0,0.392756,18.434582,0.840145,-6.059516,7.194543,21.392982
572,111941,0.05,1,95,131.92,29.53,0.064202,75000,prioritized,0.6,1.0,0.391332,18.434582,0.828205,-6.614585,7.556242,22.075716
573,112191,0.05,-1,250,24.35,131.15,0.062047,75000,prioritized,0.6,1.0,0.391816,18.434582,0.816019,-6.334129,7.419618,21.593809
574,112491,0.05,,300,26.5,27.7,0.058227,75000,prioritized,0.6,1.0,0.393154,18.434582,0.823758,-6.496321,7.689231,22.108139
575,112790,0.05,1,299,130.9,25.51,0.058714,75000,prioritized,0.6,1.0,0.392728,18.434582,0.829863,-6.245504,7.441212,21.658039
576,113090,0.05,,300,25.5,26.5,0.056497,75000,prioritized,0.6,1.0,0.393218,18.434582,0.819277,-6.250044,7.405693,21.611229
577,113351,0.05,1,261,131.09,23.7,0.058785,75000,prioritized,0.6,1.0,0.395365,18.434582,0.822035,-6.262122,7.452555,21.73436
578,113651,0.05,,300,28.7,25.5,0.054816,75000,prioritized,0.6,1.0,0.394279,18.434582,0.813296,-5.800792,6.986286,21.011665
579,113798,0.05,1,147,131.66,24.07,0.059715,75000,prioritized,0.6,1.0,0.393006,18.434582,0.801341,-5.456803,6.58865,20.284208
580,114080,0.05,-1,282,25.99,130.99,0.05458,75000,prioritized,0.6,1.0,0.389727,18.434582,0.769936,-5.460655,6.588824,20.106335
581,114343,0.05,1,263,131.08,25.89,0.052378,75000,prioritized,0.6,1.0,0.386707,18.434582,0.753893,-4.930463,5.940459,18.325605
582,114643,0.05,,300,23.3,26.5,0.050366,75000,prioritized,0.6,1.0,0.384829,18.434582,0.752961,-4.791209,5.83569,18.291449
583,114802,0.05,1,159,131.6,24.21,0.04901,75000,prioritized,0.6,1.0,0.384489,18.434582,0.759892,-4.846722,5.918365,18.357397
584,115033,0.05,1,231,131.24,23.65,0.048316,75000,prioritized,0.6,1.0,0.384485,18.434582,0.772529,-4.401532,5.483843,17.659372
585,115131,0.05,-1,98,29.71,131.91,0.057146,75000,prioritized,0.6,1.0,0.383764,18.434582,0.762854,-5.407798,6.581083,20.159224
586,115226,0.05,1,95,131.92,24.93,0.05556,75000,prioritized,0.6,1.0,0.385583,18.434582,0.783598,-5.639212,6.818582,20.616596
587,115373,0.05,1,147,131.66,24.67,0.051738,75000,prioritized,0.6,1.0,0.384774,18.434582,0.780798,-5.653705,6.705552,20.505444
588,115673,0.05,,300,26.3,25.3,0.056111,75000,prioritized,0.6,1.0,0.384435,18.434582,0.770299,-5.34769,6.516508,20.028559
589,115889,0.05,-1,216,26.32,131.32,0.052677,75000,prioritized,0.6,1.0,0.383387,18.434582,0.766398,-5.574577,6.76152,20.415634
590,116189,0.05,,300,25.3,26.5,0.049392,75000,prioritized,0.6,1.0,0.382749,18.434582,0.759199,-4.941085,6.105922,18.995449
591,116377,0.05,-1,188,24.46,131.46,0.052501,75000,prioritized,0.6,1.0,0.383279,18.434582,0.75891,-4.543841,5.868117,18.375553
592,116468,0.05,1,91,131.94,22.15,0.049747,75000,prioritized,0.6,1.0,0.383433,18.434582,0.766157,-4.754989,6.104865,18.808695
593,116604,0.05,-1,136,29.52,131.72,0.050781,75000,prioritized,0.6,1.0,0.384022,18.434582,0.762877,-4.545766,5.853169,18.337376
594,116900,0.05,-1,296,28.12,130.92,0.048912,75000,prioritized,0.6,1.0,0.384901,18.434582,0.779949,-4.478613,5.724855,18.165861
595,116989,0.05,1,89,131.95,24.76,0.046775,75000,prioritized,0.6,1.0,0.383753,18.434582,0.772222,-4.41947,5.736982,18.147631
596,117072,0.05,1,83,131.98,24.99,0.050405,75000,prioritized,0.6,1.0,0.381606,18.434582,0.754193,-4.881591,6.076641,19.00729
597,117278,0.05,-1,206,26.17,131.37,0.050815,75000,prioritized,0.6,1.0,0.38134,18.434582,0.770586,-4.931921,6.138747,19.060905
598,117578,0.05,,300,27.7,26.5,0.048187,75000,prioritized,0.6,1.0,0.378176,18.434582,0.759244,-4.671948,5.804686,18.588158
599,117878,0.05,,300,28.5,25.5,0.04959,75000,prioritized,0.6,1.0,0.377133,18.434582,0.746187,-4.681538,5.854097,18.571806
600,118178,0.05,,300,28.7,27.5,0.048268,75000,prioritized,0.6,1.0,0.380422,18.434582,0.775704,-4.74536,5.946247,18.854046
601,118478,0.05,,300,28.7,27.7,0.052585,75000,prioritized,0.6,1.0,0.379219,18.434582,0.756047,-4.798539,6.046638,19.012861
602,118745,0.05,1,267,131.06,28.87,0.05089,75000,prioritized,0.6,1.0,0.378707,18.434582,0.749166,-4.461856,5.80373,18.602701
603,119045,0.05,,300,25.5,26.5,0.05132,75000,prioritized,0.6,1.0,0.379253,18.434582,0.761465,-4.437268,5.738916,18.420979
604,119345,0.05,,300,28.7,25.5,0.050113,75000,prioritized,0.6,1.0,0.377221,18.434582,0.724903,-3.86266,5.229424,17.145962
605,119645,0.05,,300,28.7,27.7,0.047197,75000,prioritized,0.6,1.0,0.378049,18.434582,0.737884,-3.917695,5.241147,17.058474
606,119945,0.05,,300,26.5,27.7,0.046419,75000,prioritized,0.6,1.0,0.376045,18.434582,0.718389,-3.912112,5.203206,17.003878
607,120127,0.05,-1,182,26.49,131.49,0.046577,75000,prioritized,0.6,1.0,0.376739,18.434582,0.722885,-3.964545,5.244996,17.308542
608,120267,0.05,-1,140,26.5,131.7,0.052315,75000,prioritized,0.6,1.0,0.376589,18.434582,0.723316,-3.996409,5.224938,17.128342
609,120567,0.05,,300,24.3,27.5,0.04735,75000,prioritized,0.6,1.0,0.376353,18.434582,0.716887,-3.732151,4.973116,16.657949
610,120867,0.05,,300,25.5,26.5,0.048186,75000,prioritized,0.6,1.0,0.373691,18.434582,0.708912,-3.720138,4.922954,16.436161
611,121012,0.05,1,145,131.67,26.88,0.04176,75000,prioritized,0.6,1.0,0.372257,18.434582,0.703229,-3.540746,4.905387,16.389721
612,121171,0.05,1,159,131.6,24.41,0.046473,75000,prioritized,0.6,1.0,0.371679,18.434582,0.687842,-3.708508,5.003553,16.405939
613,121330,0.05,1,159,131.6,26.41,0.050592,75000,prioritized,0.6,1.0,0.370307,18.434582,0.68432,-3.733603,4.92909,16.327398
614,121431,0.05,1,101,131.89,21.9,0.043501,75000,prioritized,0.6,1.0,0.370288,18.434582,0.695591,-3.424768,4.791019,16.055769
615,121509,0.05,-1,78,25.01,132.01,0.044347,75000,prioritized,0.6,1.0,0.369803,18.434582,0.69392,-3.859868,5.134909,16.686523
616,121809,0.05,,300,28.7,25.1,0.044085,75000,prioritized,0.6,1.0,0.368102,18.434582,0.69157,-3.429765,4.743834,15.821412
617,121884,0.05,1,75,132.02,22.23,0.047018,75000,prioritized,0.6,1.0,0.367953,18.434582,0.68752,-3.527983,4.759983,15.817775
618,122147,0.05,1,263,131.08,23.89,0.04744,75000,prioritized,0.6,1.0,0.369743,18.434582,0.732612,-4.025371,5.171305,16.881411
619,122251,0.05,-1,104,26.68,131.88,0.043937,75000,prioritized,0.6,1.0,0.366652,18.434582,0.697626,-3.954883,5.106987,17.001741
620,122551,0.05,,300,24.1,25.3,0.046558,75000,prioritized,0.6,1.0,0.365532,18.434582,0.690612,-4.19767,5.409941,17.606789
621,122851,0.05,,300,26.3,25.5,0.042965,75000,prioritized,0.6,1.0,0.366566,18.434582,0.694359,-3.746577,5.021145,16.825283
622,122942,0.05,1,91,131.94,26.75,0.048963,75000,prioritized,0.6,1.0,0.366738,18.434582,0.697832,-3.782685,5.090346,16.7388
623,123242,0.05,,300,27.7,28.3,0.048556,75000,prioritized,0.6,1.0,0.370579,18.434582,0.696517,-3.682014,5.154335,16.891027
624,123335,0.05,1,93,131.93,26.34,0.04976,75000,prioritized,0.6,1.0,0.371249,18.434582,0.706155,-2.918054,4.319983,15.320038
625,123428,0.05,1,93,131.93,22.14,0.039888,75000,prioritized,0.6,1.0,0.370761,18.434582,0.694902,-3.7183,5.231447,17.127901
626,123636,0.05,-1,208,24.36,131.36,0.048803,75000,prioritized,0.6,1.0,0.370332,18.434582,0.700328,-3.527488,4.913333,16.456125
627,123936,0.05,,300,26.5,27.5,0.045666,75000,prioritized,0.6,1.0,0.369692,18.434582,0.694009,-3.277307,4.821352,16.318707
628,124154,0.05,-1,218,26.71,131.31,0.04437,75000,prioritized,0.6,1.0,0.370237,18.434582,0.686712,-3.019076,4.412605,15.240766
629,124454,0.05,,300,28.7,27.5,0.048424,75000,prioritized,0.6,1.0,0.371545,18.434582,0.696785,-2.873568,4.316841,14.869238
630,124754,0.05,,300,27.7,26.5,0.042462,75000,prioritized,0.6,1.0,0.367692,18.434582,0.671689,-2.90742,4.304893,14.825721
631,124846,0.05,-1,92,21.94,131.94,0.042602,75000,prioritized,0.6,1.0,0.366325,18.434582,0.655506,-3.039333,4.360507,15.051683
632,125146,0.05,,300,28.5,27.7,0.042434,75000,prioritized,0.6,1.0,0.369377,18.434582,0.671877,-2.997597,4.396868,15.349282
633,125243,0.05,1,97,131.91,24.72,0.047853,75000,prioritized,0.6,1.0,0.37348,18.434582,0.706091,-3.391754,4.937851,16.533785
634,125472,0.05,1,229,131.25,26.66,0.049793,75000,prioritized,0.6,1.0,0.373334,18.434582,0.694218,-3.243427,4.779082,16.186125
635,125772,0.05,,300,28.7,27.7,0.043121,75000,prioritized,0.6,1.0,0.371685,18.434582,0.687544,-2.953871,4.441356,15.604809
636,125849,0.05,1,77,132.01,24.42,0.043148,75000,prioritized,0.6,1.0,0.37203,18.434582,0.694112,-3.104683,4.465143,15.700029
637,126149,0.05,,300,25.5,26.5,0.044601,75000,prioritized,0.6,1.0,0.371386,18.434582,0.678028,-2.876353,4.39031,15.324183
638,126449,0.05,,300,26.5,25.9,0.045323,75000,prioritized,0.6,1.0,0.370572,18.434582,0.678397,-2.64382,4.211166,14.735998
639,126553,0.05,-1,104,25.08,131.88,0.049065,75000,prioritized,0.6,1.0,0.37227,18.434582,0.695499,-2.526802,4.088548,14.394213
640,126853,0.05,,300,26.5,25.5,0.043859,75000,prioritized,0.6,1.0,0.369864,18.434582,0.681324,-2.577026,4.170981,14.653176
641,127117,0.05,-1,264,26.68,131.08,0.042571,75000,prioritized,0.6,1.0,0.368116,18.434582,0.662727,-2.515053,4.056756,14.37723
642,127417,0.05,,300,25.5,28.5,0.042927,75000,prioritized,0.6,1.0,0.366907,18.434582,0.674996,-2.7203,4.157748,14.766503
643,127717,0.05,,300,25.5,24.3,0.040377,75000,prioritized,0.6,1.0,0.365266,18.434582,0.666712,-2.292422,3.699478,13.520815
644,128017,0.05,,300,26.5,25.5,0.041167,75000,prioritized,0.6,1.0,0.3647,18.434582,0.66709,-2.335839,3.792972,13.644857
645,128161,0.05,-1,144,24.48,131.68,0.044451,75000,prioritized,0.6,1.0,0.363405,18.434582,0.645956,-2.140598,3.730945,13.225544
646,128269,0.05,-1,108,24.86,131.86,0.040826,75000,prioritized,0.6,1.0,0.363815,18.434582,0.645221,-2.14677,3.701039,13.156659
647,128563,0.05,-1,294,25.53,130.93,0.038349,75000,prioritized,0.6,1.0,0.362537,18.434582,0.636948,-2.009516,3.583786,12.887894
648,128863,0.05,,300,27.7,28.7,0.038426,75000,prioritized,0.6,1.0,0.362499,18.434582,0.65808,-1.885695,3.472924,12.561914
649,129001,0.05,-1,138,29.31,131.71,0.039028,75000,prioritized,0.6,1.0,0.361872,18.434582,0.648352,-1.734615,3.301734,12.147048
650,129081,0.05,-1,80,24.4,132.0,0.049244,75000,prioritized,0.6,1.0,0.364069,18.434582,0.648245,-2.422024,4.128136,14.691741
651,129260,0.05,1,179,131.5,23.91,0.042855,75000,prioritized,0.6,1.0,0.364697,18.434582,0.643326,-2.099103,3.674773,13.499877
652,129560,0.05,,300,26.5,27.7,0.043175,75000,prioritized,0.6,1.0,0.365277,18.434582,0.663822,-2.203926,3.902288,14.037278
653,129815,0.05,1,255,131.12,28.33,0.041823,75000,prioritized,0.6,1.0,0.367151,18.434582,0.675264,-2.16858,3.971244,14.072495
654,130102,0.05,1,287,130.96,21.37,0.042666,75000,prioritized,0.6,1.0,0.363689,18.434582,0.639314,-2.178618,3.83254,13.729482
655,130180,0.05,-1,78,22.21,132.01,0.040168,75000,prioritized,0.6,1.0,0.363106,18.434582,0.641821,-1.805405,3.572745,12.84277
656,130397,0.05,1,217,131.31,23.72,0.036884,75000,prioritized,0.6,1.0,0.363194,18.434582,0.645236,-1.596054,3.284564,12.217242
657,130697,0.05,,300,27.3,28.7,0.036847,75000,prioritized,0.6,1.0,0.361607,18.434582,0.635953,-1.666664,3.361654,12.485032
658,130925,0.05,-1,228,23.86,131.26,0.03683,75000,prioritized,0.6,1.0,0.358466,18.434582,0.607414,-1.539626,3.289317,12.260707
659,130999,0.05,-1,74,21.83,132.03,0.039596,75000,prioritized,0.6,1.0,0.35941,18.434582,0.618034,-1.659914,3.257844,12.150646
660,131299,0.05,,300,28.5,27.7,0.043796,75000,prioritized,0.6,1.0,0.361733,18.434582,0.636873,-1.848893,3.555244,13.121483
661,131382,0.05,1,83,131.98,24.39,0.034414,75000,prioritized,0.6,1.0,0.362227,18.434582,0.646528,-1.677956,3.311247,12.371656
662,131682,0.05,,300,23.1,26.5,0.039325,75000,prioritized,0.6,1.0,0.360945,18.434582,0.645356,-1.831041,3.466586,12.92917
663,131770,0.05,-1,88,24.76,131.96,0.036068,75000,prioritized,0.6,1.0,0.35899,18.434582,0.622847,-2.058774,3.568405,13.24166
664,132070,0.05,,300,21.9,25.3,0.03746,75000,prioritized,0.6,1.0,0.359892,18.434582,0.625254,-1.863371,3.545548,13.131575
665,132370,0.05,,300,25.5,26.5,0.038369,75000,prioritized,0.6,1.0,0.363491,18.434582,0.647103,-1.424536,3.118747,11.674397
666,132654,0.05,-1,284,25.18,130.98,0.040181,75000,prioritized,0.6,1.0,0.360485,18.434582,0.60791,-1.431687,3.221502,11.987879
667,132954,0.05,,300,27.5,24.3,0.037135,75000,prioritized,0.6,1.0,0.359408,18.434582,0.619653,-1.388745,3.130652,11.709858
668,133053,0.05,1,99,131.9,26.11,0.037552,75000,prioritized,0.6,1.0,0.360164,18.434582,0.616883,-1.475081,3.207595,12.124905
669,133142,0.05,1,89,131.95,21.16,0.04018,75000,prioritized,0.6,1.0,0.361111,18.434582,0.613123,-1.498082,3.253369,12.261709
670,133245,0.05,1,103,131.88,25.09,0.042993,75000,prioritized,0.6,1.0,0.363337,18.434582,0.621279,-1.385328,3.193998,11.873575
671,133545,0.05,,300,25.9,27.9,0.038465,75000,prioritized,0.6,1.0,0.362288,18.434582,0.607335,-1.561361,3.206371,12.116995
672,133647,0.05,-1,102,22.29,131.89,0.03761,75000,prioritized,0.6,1.0,0.361912,18.434582,0.603257,-1.549901,3.198444,12.096432
673,133947,0.05,,300,26.5,24.3,0.03817,75000,prioritized,0.6,1.0,0.362865,18.434582,0.627573,-1.587722,3.095747,11.844686
674,134247,0.05,,300,26.3,27.5,0.036684,75000,prioritized,0.6,1.0,0.360542,18.434582,0.616201,-1.26951,2.93288,11.088701
675,134547,0.05,,300,26.5,25.5,0.035636,75000,prioritized,0.6,1.0,0.358019,18.434582,0.627796,-0.989625,2.579876,10.181048
676,134766,0.05,1,219,131.3,26.11,0.036344,75000,prioritized,0.6,1.0,0.356155,18.434582,0.615353,-1.306736,2.881082,11.018522
677,134866,0.05,-1,100,21.9,131.9,0.038014,75000,prioritized,0.6,1.0,0.354713,18.434582,0.58945,-1.403913,3.058507,11.455343
678,135166,0.05,,300,27.7,26.3,0.038014,75000,prioritized,0.6,1.0,0.355597,18.434582,0.601786,-1.133936,2.720216,10.518606
679,135466,0.05,,300,25.3,24.3,0.036587,75000,prioritized,0.6,1.0,0.352724,18.434582,0.59905,-1.094034,2.775214,10.539786
680,135766,0.05,,300,26.5,27.7,0.037063,75000,prioritized,0.6,1.0,0.350137,18.434582,0.575989,-1.053914,2.784612,10.651162
681,136066,0.05,,300,26.3,27.5,0.035297,75000,prioritized,0.6,1.0,0.351909,18.434582,0.600183,-0.970604,2.502965,9.791875
682,136366,0.05,,300,25.5,28.7,0.034135,75000,prioritized,0.6,1.0,0.348783,18.434582,0.569856,-0.827379,2.479228,9.821482
683,136545,0.05,1,179,131.5,26.11,0.034972,75000,prioritized,0.6,1.0,0.347659,18.434582,0.556793,-0.716398,2.74522,10.349237
684,136845,0.05,,300,26.5,27.5,0.030447,75000,prioritized,0.6,1.0,0.347526,18.434582,0.580733,-0.856287,2.473148,9.861642
685,137145,0.05,,300,28.5,25.5,0.037775,75000,prioritized,0.6,1.0,0.351278,18.434582,0.590385,-0.898001,2.627486,10.215361
686,137445,0.05,,300,26.5,27.7,0.036624,75000,prioritized,0.6,1.0,0.351064,18.434582,0.584332,-0.630763,2.529661,9.657551
687,137557,0.05,-1,112,20.04,131.84,0.034198,75000,prioritized,0.6,1.0,0.349742,18.434582,0.554551,-0.742925,2.573533,9.777838
688,137642,0.05,1,85,131.97,25.18,0.03521,75000,prioritized,0.6,1.0,0.351167,18.434582,0.578496,-0.760461,2.346714,9.274179
689,137942,0.05,,300,25.5,28.5,0.032462,75000,prioritized,0.6,1.0,0.350877,18.434582,0.570588,-0.77757,2.414268,9.460521
690,138242,0.05,,300,27.7,28.7,0.035463,75000,prioritized,0.6,1.0,0.350428,18.434582,0.558634,-0.46051,2.339144,8.790856
691,138542,0.05,,300,28.7,27.5,0.031717,75000,prioritized,0.6,1.0,0.348363,18.434582,0.575246,-0.508,2.261492,8.749382
692,138651,0.05,1,109,131.85,28.86,0.03429,75000,prioritized,0.6,1.0,0.348115,18.434582,0.58228,-0.518649,2.230553,8.535834
693,138951,0.05,,300,27.7,28.7,0.033743,75000,prioritized,0.6,1.0,0.344391,18.434582,0.538918,-0.558093,2.221472,8.518675
694,139161,0.05,-1,210,21.75,131.35,0.034755,75000,prioritized,0.6,1.0,0.344839,18.434582,0.534437,-0.765636,2.149227,8.433228
695,139346,0.05,1,185,131.47,26.68,0.032857,75000,prioritized,0.6,1.0,0.345535,18.434582,0.560661,-0.862029,2.151482,8.784062
696,139469,0.05,1,123,131.78,22.39,0.032787,75000,prioritized,0.6,1.0,0.345883,18.434582,0.562921,-0.718326,2.027978,8.267258
697,139609,0.05,-1,140,24.1,131.7,0.029414,75000,prioritized,0.6,1.0,0.345387,18.434582,0.554838,-0.822783,2.011405,8.528604
698,139909,0.05,,300,28.7,27.5,0.032232,75000,prioritized,0.6,1.0,0.344011,18.434582,0.53865,-0.796021,2.062384,8.523556
699,140055,0.05,-1,146,28.67,131.67,0.030274,75000,prioritized,0.6,1.0,0.346136,18.434582,0.553115,-0.856707,2.274923,9.19782
700,140355,0.05,,300,28.7,25.5,0.033675,75000,prioritized,0.6,1.0,0.345113,18.434582,0.557064,-0.569121,2.215401,8.619457
701,140655,0.05,,300,26.5,27.7,0.030097,75000,prioritized,0.6,1.0,0.341819,18.434582,0.539057,-0.650307,2.152424,8.649486
702,140955,0.05,,300,27.7,26.5,0.030226,75000,prioritized,0.6,1.0,0.341762,18.434582,0.558381,-0.589195,2.173057,8.624254
703,141047,0.05,-1,92,27.34,131.94,0.034537,75000,prioritized,0.6,1.0,0.342254,18.434582,0.555696,-0.637757,2.076115,8.008362
704,141174,0.05,1,127,131.76,21.57,0.034743,75000,prioritized,0.6,1.0,0.343797,18.434582,0.554756,-0.842664,2.121349,8.30537
705,141270,0.05,-1,96,20.52,131.92,0.030197,75000,prioritized,0.6,1.0,0.342462,18.434582,0.544996,-0.766876,2.03177,8.284629
706,141570,0.05,,300,27.7,26.3,0.031153,75000,prioritized,0.6,1.0,0.34156,18.434582,0.544769,-0.641647,2.053967,8.140769
707,141639,0.05,1,69,132.05,24.86,0.031592,75000,prioritized,0.6,1.0,0.342181,18.434582,0.563093,-0.602811,2.097718,8.415038
708,141939,0.05,,300,25.5,25.3,0.030742,75000,prioritized,0.6,1.0,0.339396,18.434582,0.541751,-0.611183,2.005628,7.93931
709,142106,0.05,1,167,131.56,23.77,0.030071,75000,prioritized,0.6,1.0,0.338732,18.434582,0.528871,-0.358465,2.021093,7.910759
710,142200,0.05,-1,94,26.93,131.93,0.034023,75000,prioritized,0.6,1.0,0.339603,18.434582,0.554227,-0.581727,2.138961,8.446512
711,142284,0.05,-1,84,27.58,131.98,0.035368,75000,prioritized,0.6,1.0,0.338812,18.434582,0.535047,-0.567308,2.168075,8.825727
712,142509,0.05,1,225,131.27,26.08,0.031171,75000,prioritized,0.6,1.0,0.339792,18.434582,0.550925,-0.534818,2.18712,8.853879
713,142653,0.05,-1,144,21.68,131.68,0.031366,75000,prioritized,0.6,1.0,0.34165,18.434582,0.568356,-0.544241,2.183715,8.646999
714,142898,0.05,1,245,131.17,25.98,0.030607,75000,prioritized,0.6,1.0,0.33906,18.434582,0.558692,-0.624702,2.186886,8.904627
715,143016,0.05,-1,118,26.41,131.81,0.027381,75000,prioritized,0.6,1.0,0.338896,18.434582,0.551713,-0.630902,2.198357,9.230117
716,143136,0.05,-1,120,22.4,131.8,0.031384,75000,prioritized,0.6,1.0,0.34006,18.434582,0.56466,-0.679358,2.125465,8.946537
717,143218,0.05,-1,82,24.59,131.99,0.034412,75000,prioritized,0.6,1.0,0.338823,18.434582,0.538808,-1.095834,2.371782,9.857151
718,143479,0.05,1,261,131.09,24.1,0.029841,75000,prioritized,0.6,1.0,0.339607,18.434582,0.561048,-0.719015,2.091984,8.683545
719,143655,0.05,-1,176,26.12,131.52,0.027762,75000,prioritized,0.6,1.0,0.337623,18.434582,0.545083,-0.65197,2.189512,8.947971
720,143914,0.05,1,259,131.1,26.31,0.032294,75000,prioritized,0.6,1.0,0.335661,18.434582,0.52875,-0.72215,2.08868,8.617833
721,144214,0.05,,300,26.5,25.5,0.03244,75000,prioritized,0.6,1.0,0.338962,18.434582,0.569024,-0.586809,2.24635,9.127007
722,144514,0.05,,300,27.9,24.9,0.032206,75000,prioritized,0.6,1.0,0.337515,18.434582,0.577286,-0.541493,2.354013,9.28675
723,144611,0.05,1,97,131.91,26.92,0.030674,75000,prioritized,0.6,1.0,0.33539,18.434582,0.545718,-0.281001,2.214919,8.527072
724,144712,0.05,1,101,131.89,26.7,0.032545,75000,prioritized,0.6,1.0,0.335207,18.434582,0.540781,-0.384278,2.318734,8.910166
725,144834,0.05,-1,122,29.39,131.79,0.030986,75000,prioritized,0.6,1.0,0.335745,18.434582,0.547979,-0.641102,2.267382,9.014918
726,145134,0.05,,300,25.5,26.5,0.035407,75000,prioritized,0.6,1.0,0.338017,18.434582,0.55728,-0.420477,2.303398,8.90257
727,145318,0.05,-1,184,26.68,131.48,0.033316,75000,prioritized,0.6,1.0,0.338108,18.434582,0.562978,-0.406976,2.30107,8.943429
728,145536,0.05,-1,218,26.11,131.31,0.030395,75000,prioritized,0.6,1.0,0.336104,18.434582,0.541741,-0.344841,2.113911,8.377757
729,145645,0.05,1,109,131.85,27.46,0.032896,75000,prioritized,0.6,1.0,0.337835,18.434582,0.561821,-0.450186,2.25894,8.827392
730,145945,0.05,,300,28.7,25.5,0.03177,75000,prioritized,0.6,1.0,0.336359,18.434582,0.549668,-0.298338,2.236579,8.662261
731,146171,0.05,-1,226,28.47,131.27,0.036955,75000,prioritized,0.6,1.0,0.339995,18.434582,0.556232,-0.260717,2.256701,8.608084
732,146330,0.05,1,159,131.6,21.61,0.033905,75000,prioritized,0.6,1.0,0.340342,18.434582,0.55759,-0.256216,2.395528,9.075105
733,146630,0.05,,300,25.5,26.1,0.035136,75000,prioritized,0.6,1.0,0.341012,18.434582,0.569332,-0.34061,2.352351,9.214865
734,146930,0.05,,300,25.5,28.7,0.033501,75000,prioritized,0.6,1.0,0.339798,18.434582,0.554532,-0.362582,2.323416,8.931855
735,147015,0.05,1,85,131.97,22.58,0.035157,75000,prioritized,0.6,1.0,0.3409,18.434582,0.569208,-0.416626,2.351853,9.156565
736,147315,0.05,,300,26.3,27.7,0.035084,75000,prioritized,0.6,1.0,0.341658,18.434582,0.554713,-0.335865,2.200637,8.533612
737,147541,0.05,-1,226,28.87,131.27,0.035074,75000,prioritized,0.6,1.0,0.342767,18.434582,0.562971,-0.346233,2.171853,8.318761
738,147841,0.05,,300,26.5,25.1,0.029792,75000,prioritized,0.6,1.0,0.339854,18.434582,0.551288,-0.393339,2.130736,8.339959
739,148141,0.05,,300,26.5,27.5,0.032368,75000,prioritized,0.6,1.0,0.341244,18.434582,0.546705,-0.295887,2.185493,8.33727
740,148441,0.05,,300,27.5,26.3,0.030672,75000,prioritized,0.6,1.0,0.340836,18.434582,0.559561,-0.219219,2.143239,8.123743
741,148532,0.05,1,91,131.94,25.75,0.036024,75000,prioritized,0.6,1.0,0.339905,18.434582,0.560361,0.051566,2.135374,7.946944
742,148832,0.05,,300,25.3,26.5,0.031896,75000,prioritized,0.6,1.0,0.338817,18.434582,0.54188,-0.247553,2.138876,8.185777
743,149132,0.05,,300,27.3,26.5,0.032831,75000,prioritized,0.6,1.0,0.340312,18.434582,0.557078,-0.281624,2.115491,8.068554
744,149432,0.05,,300,27.7,28.5,0.032963,75000,prioritized,0.6,1.0,0.340764,18.434582,0.548171,-0.139604,1.943744,7.309275
745,149732,0.05,,300,27.5,26.5,0.031095,75000,prioritized,0.6,1.0,0.338508,18.434582,0.549906,-0.186199,1.917942,7.358878
746,149933,0.05,1,201,131.39,24.6,0.026906,75000,prioritized,0.6,1.0,0.337223,18.434582,0.544993,-0.109424,1.793652,6.718175
747,150233,0.05,,300,25.3,28.7,0.034475,75000,prioritized,0.6,1.0,0.337662,18.434582,0.553594,-0.245613,2.024274,7.802601
748,150533,0.05,,300,28.7,27.5,0.028255,75000,prioritized,0.6,1.0,0.33422,18.434582,0.522035,-0.078773,1.870603,7.380676
749,150833,0.05,,300,27.7,26.3,0.031517,75000,prioritized,0.6,1.0,0.33379,18.434582,0.508707,-0.132698,1.757932,6.788211
750,151133,0.05,,300,27.7,26.5,0.029896,75000,prioritized,0.6,1.0,0.336217,18.434582,0.528279,-0.136625,1.798186,6.936624
751,151243,0.05,-1,110,22.85,131.85,0.02948,75000,prioritized,0.6,1.0,0.336414,18.434582,0.533595,-0.048764,1.684253,6.415673
752,151543,0.05,,300,26.5,24.3,0.030644,75000,prioritized,0.6,1.0,0.336762,18.434582,0.543489,-0.065411,1.779655,6.770522
753,151843,0.05,,300,25.5,25.5,0.03042,75000,prioritized,0.6,1.0,0.334452,18.434582,0.526535,-0.041745,1.84854,7.007616
754,152143,0.05,,300,27.7,28.5,0.030581,75000,prioritized,0.6,1.0,0.334099,18.434582,0.523921,-0.105199,1.840133,6.964918
755,152241,0.05,-1,98,27.51,131.91,0.028698,75000,prioritized,0.6,1.0,0.332772,18.434582,0.515014,-0.110511,1.715638,6.742434
756,152515,0.05,-1,274,27.63,131.03,0.028766,75000,prioritized,0.6,1.0,0.334375,18.434582,0.534089,-0.156089,1.824073,6.919696
757,152815,0.05,,300,26.3,27.7,0.028071,75000,prioritized,0.6,1.0,0.333607,18.434582,0.533356,-0.047936,1.836897,6.849658
758,152899,0.05,-1,84,21.58,131.98,0.024222,75000,prioritized,0.6,1.0,0.331893,18.434582,0.507998,0.00693,1.657596,6.350965
759,153014,0.05,1,115,131.82,23.83,0.029862,75000,prioritized,0.6,1.0,0.334666,18.434582,0.542912,-0.199745,1.898862,7.256228
760,153207,0.05,1,193,131.43,24.24,0.031521,75000,prioritized,0.6,1.0,0.333995,18.434582,0.516596,-0.210863,1.812894,7.043706
761,153319,0.05,-1,112,26.64,131.84,0.030572,75000,prioritized,0.6,1.0,0.335355,18.434582,0.537535,-0.219488,1.790859,6.870367
762,153619,0.05,,300,27.7,26.5,0.027247,75000,prioritized,0.6,1.0,0.333813,18.434582,0.528437,-0.148253,1.825171,6.981011
763,153740,0.05,1,121,131.79,23.6,0.033309,75000,prioritized,0.6,1.0,0.335094,18.434582,0.544424,-0.202413,1.899835,7.208894
764,154040,0.05,,300,27.7,26.5,0.028896,75000,prioritized,0.6,1.0,0.332114,18.434582,0.505339,-0.153941,1.816895,6.968635
765,154340,0.05,,300,25.5,26.1,0.027715,75000,prioritized,0.6,1.0,0.328728,18.434582,0.513095,-0.147285,1.567901,6.114959
766,154497,0.05,1,157,131.61,23.62,0.026998,75000,prioritized,0.6,1.0,0.326794,18.434582,0.517253,-0.036258,1.528365,5.720988
767,154797,0.05,,300,27.5,24.1,0.026626,75000,prioritized,0.6,1.0,0.323799,18.434582,0.511107,-0.09472,1.545433,6.031185
768,155097,0.05,,300,27.5,28.3,0.027387,75000,prioritized,0.6,1.0,0.322951,18.434582,0.500795,-0.091959,1.626949,6.244335
769,155397,0.05,,300,24.3,27.5,0.028831,75000,prioritized,0.6,1.0,0.323522,18.434582,0.485009,0.014743,1.555977,5.906157
770,155697,0.05,,300,23.1,28.3,0.02907,75000,prioritized,0.6,1.0,0.324281,18.434582,0.503088,0.043414,1.530625,5.861887
771,155997,0.05,,300,28.3,25.3,0.024847,75000,prioritized,0.6,1.0,0.323236,18.434582,0.504885,-0.03756,1.50432,5.86291
772,156297,0.05,,300,26.3,27.7,0.025658,75000,prioritized,0.6,1.0,0.323998,18.434582,0.508833,0.091493,1.458595,5.541348
773,156495,0.05,-1,198,26.21,131.41,0.02441,75000,prioritized,0.6,1.0,0.322136,18.434582,0.496131,0.133226,1.456174,5.536057
774,156787,0.05,-1,292,25.74,130.94,0.025873,75000,prioritized,0.6,1.0,0.320985,18.434582,0.501379,0.005725,1.452667,5.648234
775,157036,0.05,1,249,131.15,23.76,0.02502,75000,prioritized,0.6,1.0,0.3187,18.434582,0.485301,0.003237,1.55753,5.928038
776,157197,0.05,1,161,131.59,24.0,0.02976,75000,prioritized,0.6,1.0,0.321203,18.434582,0.50401,0.060768,1.610815,6.23219
777,157482,0.05,1,285,130.97,25.78,0.027032,75000,prioritized,0.6,1.0,0.320404,18.434582,0.499367,-0.009057,1.574703,6.174017
778,157671,0.05,1,189,131.45,28.86,0.024681,75000,prioritized,0.6,1.0,0.318575,18.434582,0.488061,-0.098161,1.566465,6.220044
779,157819,0.05,-1,148,27.26,131.66,0.024359,75000,prioritized,0.6,1.0,0.316757,18.434582,0.481351,-0.132258,1.530761,6.133106
780,158037,0.05,-1,218,26.11,131.31,0.027104,75000,prioritized,0.6,1.0,0.319367,18.434582,0.502007,-0.054463,1.566413,6.103833
781,158262,0.05,1,225,131.27,28.28,0.02607,75000,prioritized,0.6,1.0,0.317946,18.434582,0.479022,-0.14702,1.643428,6.584852
782,158562,0.05,,300,28.5,25.3,0.030055,75000,prioritized,0.6,1.0,0.321439,18.434582,0.511783,-0.241223,1.732186,7.023814
783,158862,0.05,,300,28.7,25.5,0.025715,75000,prioritized,0.6,1.0,0.319383,18.434582,0.499634,-0.211916,1.605305,6.617514
784,159162,0.05,,300,27.7,28.7,0.028927,75000,prioritized,0.6,1.0,0.320204,18.434582,0.496475,-0.027624,1.618454,6.447504
785,159462,0.05,,300,27.7,26.3,0.028246,75000,prioritized,0.6,1.0,0.319364,18.434582,0.505982,-0.127931,1.606414,6.51391
786,159762,0.05,,300,25.5,25.5,0.026463,75000,prioritized,0.6,1.0,0.317772,18.434582,0.503725,-0.06933,1.539962,6.280726
787,160062,0.05,,300,26.5,27.7,0.028274,75000,prioritized,0.6,1.0,0.31992,18.434582,0.514509,-0.007222,1.611658,6.542784
788,160362,0.05,,300,26.5,27.7,0.028453,75000,prioritized,0.6,1.0,0.320196,18.434582,0.49833,0.039968,1.539401,6.11074
789,160526,0.05,-1,164,21.58,131.58,0.027569,75000,prioritized,0.6,1.0,0.319338,18.434582,0.510056,0.130341,1.488643,5.810788
790,160826,0.05,,300,28.3,27.7,0.022061,75000,prioritized,0.6,1.0,0.318231,18.434582,0.515291,0.043942,1.508536,6.128212
791,161126,0.05,,300,27.7,28.7,0.026307,75000,prioritized,0.6,1.0,0.317144,18.434582,0.472216,-0.031391,1.491304,6.043774
792,161426,0.05,,300,26.3,24.3,0.026231,75000,prioritized,0.6,1.0,0.315849,18.434582,0.477507,-0.061772,1.496061,6.314657
793,161694,0.05,-1,268,26.46,131.06,0.023607,75000,prioritized,0.6,1.0,0.314897,18.434582,0.491252,0.005527,1.431043,5.979812
794,161994,0.05,,300,25.5,25.5,0.02314,75000,prioritized,0.6,1.0,0.313709,18.434582,0.488064,-0.156534,1.459174,6.33123
795,162294,0.05,,300,27.7,28.3,0.026709,75000,prioritized,0.6,1.0,0.316375,18.434582,0.49132,-0.014992,1.482185,5.979215
796,162594,0.05,,300,25.5,25.5,0.025845,75000,prioritized,0.6,1.0,0.314624,18.434582,0.490863,0.001876,1.410413,5.48061
797,162724,0.05,-1,130,28.95,131.75,0.023161,75000,prioritized,0.6,1.0,0.313781,18.434582,0.492933,0.00397,1.523412,6.27867
798,163024,0.05,,300,28.3,27.5,0.022439,75000,prioritized,0.6,1.0,0.311902,18.434582,0.477234,0.060081,1.316416,5.161577
799,163324,0.05,,300,26.5,25.5,0.024807,75000,prioritized,0.6,1.0,0.309373,18.434582,0.469823,-0.071943,1.217008,5.022029
800,163624,0.05,,300,27.5,25.3,0.023946,75000,prioritized,0.6,1.0,0.309167,18.434582,0.484715,-0.031517,1.168863,4.713218
801,163924,0.05,,300,25.5,26.1,0.021952,75000,prioritized,0.6,1.0,0.305523,18.434582,0.462376,0.045885,1.164496,4.823738
802,164139,0.05,1,215,131.32,28.73,0.022139,75000,prioritized,0.6,1.0,0.306333,18.434582,0.469125,-0.036396,1.214763,5.0504
803,164439,0.05,,300,27.7,28.5,0.023722,75000,prioritized,0.6,1.0,0.307112,18.434582,0.474143,-0.085759,1.258333,5.21996
804,164739,0.05,,300,26.5,27.7,0.022019,75000,prioritized,0.6,1.0,0.303658,18.434582,0.447323,0.064898,1.20069,4.999451
805,165039,0.05,,300,28.3,25.3,0.020321,75000,prioritized,0.6,1.0,0.301851,18.434582,0.430388,-0.0734,1.166451,4.786535
806,165339,0.05,,300,25.5,25.5,0.022819,75000,prioritized,0.6,1.0,0.302307,18.434582,0.451831,0.012693,1.156276,4.61606
807,165639,0.05,,300,23.3,25.3,0.020942,75000,prioritized,0.6,1.0,0.30117,18.434582,0.470625,-0.009919,1.170231,4.77215
808,165939,0.05,,300,25.5,26.1,0.02076,75000,prioritized,0.6,1.0,0.297374,18.434582,0.418941,-0.001963,1.061682,4.480956
809,166239,0.05,,300,26.5,25.5,0.020044,75000,prioritized,0.6,1.0,0.299404,18.434582,0.459958,0.022249,1.116431,4.674994
810,166333,0.05,-1,94,22.53,131.93,0.019253,75000,prioritized,0.6,1.0,0.298257,18.434582,0.438899,0.068818,1.139926,4.751304
811,166584,0.05,1,251,131.14,26.75,0.020984,75000,prioritized,0.6,1.0,0.297862,18.434582,0.455524,-0.059052,1.189198,5.447945
812,166884,0.05,,300,25.3,25.5,0.021821,75000,prioritized,0.6,1.0,0.296638,18.434582,0.448195,-0.088834,1.301831,5.704559
813,167184,0.05,,300,26.1,27.7,0.021763,75000,prioritized,0.6,1.0,0.297587,18.434582,0.453324,-0.033797,1.171508,5.079958
814,167484,0.05,,300,27.7,28.5,0.021217,75000,prioritized,0.6,1.0,0.296279,18.434582,0.445766,-0.082584,1.133446,4.97588
815,167784,0.05,,300,22.7,25.5,0.020238,75000,prioritized,0.6,1.0,0.295524,18.434582,0.452356,-0.146395,1.167287,5.162582
816,168084,0.05,,300,27.7,28.5,0.018699,75000,prioritized,0.6,1.0,0.293822,18.434582,0.443161,-0.078244,1.026273,4.587296
817,168293,0.05,1,209,131.35,21.56,0.019394,75000,prioritized,0.6,1.0,0.292464,18.434582,0.41378,-0.035469,1.069561,4.549335
818,168593,0.05,,300,26.5,23.1,0.02124,75000,prioritized,0.6,1.0,0.292497,18.434582,0.418091,-0.088035,1.136664,4.973307
819,168893,0.05,,300,27.7,28.3,0.020759,75000,prioritized,0.6,1.0,0.291135,18.434582,0.403405,-0.133151,1.164828,5.226451
820,169193,0.05,,300,25.5,26.3,0.019567,75000,prioritized,0.6,1.0,0.295628,18.434582,0.468265,-0.070366,1.079482,4.71226
821,169493,0.05,,300,28.3,27.5,0.020599,75000,prioritized,0.6,1.0,0.294615,18.434582,0.454023,-0.065753,1.100586,4.719158
822,169793,0.05,,300,23.1,23.1,0.020268,75000,prioritized,0.6,1.0,0.292833,18.434582,0.429772,-0.066719,1.107858,4.816483
823,169915,0.05,-1,122,24.19,131.79,0.020188,75000,prioritized,0.6,1.0,0.293856,18.434582,0.449458,-0.150374,1.043896,4.357417
824,170006,0.05,1,91,131.94,24.55,0.018283,75000,prioritized,0.6,1.0,0.293464,18.434582,0.435621,-0.154622,1.112839,4.828089
825,170306,0.05,,300,25.5,26.5,0.019469,75000,prioritized,0.6,1.0,0.295878,18.434582,0.465509,-0.044108,1.106297,4.599382
826,170509,0.05,1,203,131.38,23.39,0.019997,75000,prioritized,0.6,1.0,0.294236,18.434582,0.439326,0.048069,1.181325,4.778589
827,170634,0.05,1,125,131.77,24.18,0.025535,75000,prioritized,0.6,1.0,0.296192,18.434582,0.455749,-0.050129,1.123183,4.518861
828,170934,0.05,,300,27.7,26.3,0.022472,75000,prioritized,0.6,1.0,0.295047,18.434582,0.449935,-0.091902,1.258231,5.322026
829,171234,0.05,,300,26.5,25.3,0.024073,75000,prioritized,0.6,1.0,0.29688,18.434582,0.473802,-0.076585,1.168315,4.635384
830,171534,0.05,,300,26.3,27.5,0.021328,75000,prioritized,0.6,1.0,0.293566,18.434582,0.446207,0.007098,1.067417,4.272994
831,171834,0.05,,300,27.7,24.1,0.02076,75000,prioritized,0.6,1.0,0.290516,18.434582,0.439393,-0.067658,1.046702,4.183581
832,172134,0.05,,300,26.1,25.5,0.021073,75000,prioritized,0.6,1.0,0.290993,18.434582,0.448874,-0.026498,1.040123,4.174574
833,172434,0.05,,300,27.7,24.1,0.020029,75000,prioritized,0.6,1.0,0.290873,18.434582,0.456736,-0.001823,0.981976,4.022796
834,172734,0.05,,300,27.7,26.1,0.018592,75000,prioritized,0.6,1.0,0.287744,18.434582,0.439442,-0.06317,1.018123,4.148978
835,172947,0.05,1,213,131.33,28.14,0.017238,75000,prioritized,0.6,1.0,0.286875,18.434582,0.445236,0.014042,0.895575,3.605039
836,173184,0.05,1,237,131.21,21.62,0.020536,75000,prioritized,0.6,1.0,0.287028,18.434582,0.410034,0.001156,0.955589,3.794289
837,173484,0.05,,300,25.5,25.5,0.019407,75000,prioritized,0.6,1.0,0.286209,18.434582,0.429629,-0.073434,1.048692,4.369637
838,173784,0.05,,300,25.9,25.5,0.017571,75000,prioritized,0.6,1.0,0.284713,18.434582,0.424248,-0.032731,0.980371,4.006894
839,174084,0.05,,300,25.5,23.3,0.020553,75000,prioritized,0.6,1.0,0.286459,18.434582,0.445313,-0.045922,0.964753,3.98617
840,174384,0.05,,300,28.5,27.7,0.018504,75000,prioritized,0.6,1.0,0.284886,18.434582,0.419516,-0.077533,0.958625,4.086452
841,174684,0.05,,300,28.7,27.7,0.019384,75000,prioritized,0.6,1.0,0.284951,18.434582,0.41264,-0.014131,0.931764,3.807057
842,174794,0.05,-1,110,27.45,131.85,0.021197,75000,prioritized,0.6,1.0,0.286047,18.434582,0.42699,-0.143517,1.000304,4.37419
843,175094,0.05,,300,25.5,28.3,0.018861,75000,prioritized,0.6,1.0,0.287683,18.434582,0.473348,-0.050477,1.012603,4.546077
844,175394,0.05,,300,25.5,25.5,0.017283,75000,prioritized,0.6,1.0,0.283894,18.434582,0.438016,-0.019811,0.963953,4.385626
845,175694,0.05,,300,22.9,27.7,0.017306,75000,prioritized,0.6,1.0,0.28232,18.434582,0.442229,-0.047614,0.908652,3.99405
846,175994,0.05,,300,25.3,23.9,0.016935,75000,prioritized,0.6,1.0,0.280327,18.434582,0.419528,-0.057576,0.95596,4.481884
847,176294,0.05,,300,27.5,26.5,0.018464,75000,prioritized,0.6,1.0,0.283095,18.434582,0.443905,-0.039418,0.89828,3.966488
848,176594,0.05,,300,25.3,25.5,0.019722,75000,prioritized,0.6,1.0,0.281921,18.434582,0.401917,-0.004627,0.887833,3.783034
849,176894,0.05,,300,28.3,27.7,0.016348,75000,prioritized,0.6,1.0,0.281183,18.434582,0.41265,-0.038978,0.918417,4.047463
850,177010,0.05,-1,116,25.82,131.82,0.017311,75000,prioritized,0.6,1.0,0.280055,18.434582,0.395077,-0.00417,0.830064,3.721154
851,177310,0.05,,300,26.1,27.7,0.020623,75000,prioritized,0.6,1.0,0.284121,18.434582,0.443176,-0.085875,0.981331,4.553528
852,177610,0.05,,300,26.1,25.5,0.017578,75000,prioritized,0.6,1.0,0.281307,18.434582,0.417807,-0.089679,0.879671,4.083282
853,177802,0.05,-1,192,28.44,131.44,0.016647,75000,prioritized,0.6,1.0,0.282103,18.434582,0.431211,-0.065131,0.877165,3.976144
854,178102,0.05,,300,27.5,28.3,0.019836,75000,prioritized,0.6,1.0,0.283193,18.434582,0.427119,-0.226466,0.989936,5.04892
855,178290,0.05,-1,188,21.86,131.46,0.017738,75000,prioritized,0.6,1.0,0.282741,18.434582,0.411652,-0.097805,1.01783,5.162437
856,178525,0.05,1,235,131.22,21.23,0.01799,75000,prioritized,0.6,1.0,0.283637,18.434582,0.429133,-0.196381,1.010037,5.146525
857,178825,0.05,,300,25.5,25.5,0.016388,75000,prioritized,0.6,1.0,0.282491,18.434582,0.44336,-0.196703,1.027805,5.091289
858,179125,0.05,,300,28.1,25.5,0.017885,75000,prioritized,0.6,1.0,0.282941,18.434582,0.43653,-0.284073,1.056906,5.416643
859,179425,0.05,,300,26.1,27.9,0.019384,75000,prioritized,0.6,1.0,0.281241,18.434582,0.421878,-0.081965,0.95427,4.527398
860,179725,0.05,,300,25.5,25.5,0.017626,75000,prioritized,0.6,1.0,0.279627,18.434582,0.415586,-0.187383,0.995956,5.034338
861,180025,0.05,,300,22.3,28.5,0.017306,75000,prioritized,0.6,1.0,0.277822,18.434582,0.387715,-0.191209,1.025041,5.282135
862,180325,0.05,,300,26.5,27.7,0.018542,75000,prioritized,0.6,1.0,0.278875,18.434582,0.409208,-0.042565,0.95827,4.495294
863,180625,0.05,,300,25.5,26.3,0.01564,75000,prioritized,0.6,1.0,0.27782,18.434582,0.402191,-0.057089,0.864076,4.251009
864,180925,0.05,,300,27.7,28.5,0.015875,75000,prioritized,0.6,1.0,0.276766,18.434582,0.431289,-0.070518,0.877574,4.509082
865,181041,0.05,-1,116,24.22,131.82,0.02209,75000,prioritized,0.6,1.0,0.279762,18.434582,0.452525,-0.21438,0.882129,3.989246
866,181156,0.05,1,115,131.82,22.03,0.018605,75000,prioritized,0.6,1.0,0.278263,18.434582,0.412859,-0.342823,1.031573,5.006692
867,181456,0.05,,300,25.5,27.7,0.017141,75000,prioritized,0.6,1.0,0.276697,18.434582,0.417767,-0.344834,0.975884,5.149932
868,181571,0.05,1,115,131.82,26.63,0.018044,75000,prioritized,0.6,1.0,0.275895,18.434582,0.405172,-0.237349,0.966223,4.862
869,181871,0.05,,300,26.1,27.7,0.017165,75000,prioritized,0.6,1.0,0.277163,18.434582,0.431659,-0.1466,0.898674,4.432736
870,182171,0.05,,300,25.5,25.5,0.016947,75000,prioritized,0.6,1.0,0.275653,18.434582,0.413059,-0.056224,0.920028,4.574661
871,182471,0.05,,300,25.5,25.5,0.017143,75000,prioritized,0.6,1.0,0.275454,18.434582,0.432284,-0.120147,1.024286,5.160575
872,182714,0.05,1,243,131.18,24.39,0.015771,75000,prioritized,0.6,1.0,0.273913,18.434582,0.442704,0.050578,0.924561,4.303842
873,183014,0.05,,300,25.5,26.1,0.016281,75000,prioritized,0.6,1.0,0.272902,18.434582,0.434869,-0.01571,0.936062,4.622862
874,183314,0.05,,300,27.7,26.3,0.017737,75000,prioritized,0.6,1.0,0.273001,18.434582,0.423174,-0.225494,0.942921,4.655475
875,183522,0.05,-1,208,25.76,131.36,0.01485,75000,prioritized,0.6,1.0,0.270072,18.434582,0.38401,-0.185731,0.866038,4.181247
876,183822,0.05,,300,24.7,26.3,0.017373,75000,prioritized,0.6,1.0,0.271205,18.434582,0.423758,-0.185017,0.942601,4.861907
877,184122,0.05,,300,27.7,26.3,0.018436,75000,prioritized,0.6,1.0,0.271865,18.434582,0.430927,-0.196675,0.904751,4.438544
878,184422,0.05,,300,26.3,27.5,0.016078,75000,prioritized,0.6,1.0,0.268945,18.434582,0.40736,-0.015297,0.858194,4.044853
879,184634,0.05,-1,212,26.14,131.34,0.016701,75000,prioritized,0.6,1.0,0.267888,18.434582,0.397804,-0.076368,0.879354,4.322467
880,184934,0.05,,300,27.5,26.1,0.015365,75000,prioritized,0.6,1.0,0.266966,18.434582,0.424964,-0.166145,0.915789,4.556399
881,185234,0.05,,300,28.3,25.5,0.017409,75000,prioritized,0.6,1.0,0.268503,18.434582,0.415789,-0.221051,0.976123,4.83529
882,185534,0.05,,300,25.3,25.5,0.015346,75000,prioritized,0.6,1.0,0.26634,18.434582,0.410691,-0.147131,0.853141,4.262885
883,185760,0.05,-1,226,23.47,131.27,0.016467,75000,prioritized,0.6,1.0,0.267187,18.434582,0.422202,-0.217151,0.906628,4.604278
884,186060,0.05,,300,25.5,25.5,0.015876,75000,prioritized,0.6,1.0,0.266181,18.434582,0.391473,-0.054244,0.955135,5.238317
885,186360,0.05,,300,27.7,25.5,0.016158,75000,prioritized,0.6,1.0,0.265109,18.434582,0.404979,0.066639,1.026648,5.283111
886,186660,0.05,,300,28.5,27.7,0.015065,75000,prioritized,0.6,1.0,0.263674,18.434582,0.400985,0.09078,0.957245,4.991038
887,186960,0.05,,300,26.1,25.5,0.015413,75000,prioritized,0.6,1.0,0.263488,18.434582,0.404896,-0.022508,0.923471,4.824352
888,187260,0.05,,300,27.7,28.3,0.016447,75000,prioritized,0.6,1.0,0.265284,18.434582,0.405404,-0.118784,0.943006,4.616632
889,187560,0.05,,300,26.1,27.7,0.015656,75000,prioritized,0.6,1.0,0.264989,18.434582,0.404341,-0.00577,0.9087,4.540648
890,187860,0.05,,300,25.5,25.3,0.014307,75000,prioritized,0.6,1.0,0.263489,18.434582,0.39453,-0.034175,0.861292,4.613098
891,188160,0.05,,300,23.3,24.3,0.016653,75000,prioritized,0.6,1.0,0.264046,18.434582,0.391095,0.053301,0.84488,4.208719
892,188460,0.05,,300,28.1,27.7,0.016337,75000,prioritized,0.6,1.0,0.263657,18.434582,0.405188,-0.036222,0.824462,4.070246
893,188760,0.05,,300,25.5,25.5,0.015672,75000,prioritized,0.6,1.0,0.263179,18.434582,0.411564,0.017524,0.817126,3.817303
894,189060,0.05,,300,27.5,23.9,0.01471,75000,prioritized,0.6,1.0,0.26234,18.434582,0.397759,-0.043687,0.828345,4.335099
895,189360,0.05,,300,28.1,26.3,0.015634,75000,prioritized,0.6,1.0,0.264494,18.434582,0.427087,0.017185,0.836453,4.396799
896,189660,0.05,,300,23.3,23.1,0.01425,75000,prioritized,0.6,1.0,0.26156,18.434582,0.385092,0.041114,0.849408,4.197273
897,189960,0.05,,300,25.3,22.9,0.014213,75000,prioritized,0.6,1.0,0.261655,18.434582,0.405163,0.006349,0.760745,3.865505
898,190260,0.05,,300,25.1,20.9,0.021692,75000,prioritized,0.6,1.0,0.271136,18.434582,0.444915,0.142318,0.965256,4.149124
899,190560,0.05,,300,25.5,25.5,0.01821,75000,prioritized,0.6,1.0,0.2715,18.434582,0.412863,0.071911,0.991599,4.402371
900,190860,0.05,,300,24.3,23.9,0.020321,75000,prioritized,0.6,1.0,0.274555,18.434582,0.425658,0.108766,0.960836,4.35715
901,191160,0.05,,300,25.3,26.5,0.0173,75000,prioritized,0.6,1.0,0.272795,18.434582,0.40482,-0.022196,0.866981,4.005322
902,191460,0.05,,300,25.5,25.3,0.018788,75000,prioritized,0.6,1.0,0.271108,18.434582,0.423699,-0.073521,0.855449,3.861263
903,191760,0.05,,300,28.5,25.5,0.017423,75000,prioritized,0.6,1.0,0.270626,18.434582,0.43194,-0.103976,0.792306,3.360894
904,192060,0.05,,300,22.9,22.1,0.01854,75000,prioritized,0.6,1.0,0.272267,18.434582,0.425985,0.052647,0.851174,3.687764
905,192360,0.05,,300,25.5,26.1,0.015883,75000,prioritized,0.6,1.0,0.267907,18.434582,0.388131,0.015028,0.824014,3.556549
906,192660,0.05,,300,27.7,25.9,0.015335,75000,prioritized,0.6,1.0,0.267586,18.434582,0.397878,0.106749,0.803773,3.515995
907,192764,0.05,-1,104,21.68,131.88,0.012761,75000,prioritized,0.6,1.0,0.267548,18.434582,0.411092,0.008312,0.695191,3.080382
908,193064,0.05,,300,25.9,25.3,0.015031,75000,prioritized,0.6,1.0,0.26781,18.434582,0.40873,-0.032054,0.822118,3.798886
909,193364,0.05,,300,25.9,25.7,0.014915,75000,prioritized,0.6,1.0,0.267831,18.434582,0.407978,-0.116465,0.789755,3.585428
910,193664,0.05,,300,28.5,25.3,0.015952,75000,prioritized,0.6,1.0,0.264975,18.434582,0.404662,-0.179055,0.748039,3.32832
911,193964,0.05,,300,25.5,25.1,0.013653,75000,prioritized,0.6,1.0,0.263023,18.434582,0.386932,-0.157407,0.721815,3.240873
912,194264,0.05,,300,24.3,22.9,0.016597,75000,prioritized,0.6,1.0,0.263548,18.434582,0.395983,-0.130026,0.737478,3.324519
913,194564,0.05,,300,26.1,24.3,0.014768,75000,prioritized,0.6,1.0,0.259306,18.434582,0.386671,-0.103817,0.742996,3.632149
914,194864,0.05,,300,22.1,25.7,0.011986,75000,prioritized,0.6,1.0,0.25667,18.434582,0.351622,-0.07732,0.655157,3.061304
915,195164,0.05,,300,25.5,23.1,0.013585,75000,prioritized,0.6,1.0,0.258977,18.434582,0.39614,-0.078683,0.670066,3.159427
916,195464,0.05,,300,27.7,28.1,0.014826,75000,prioritized,0.6,1.0,0.258788,18.434582,0.385104,-0.027254,0.664948,2.745077
917,195764,0.05,,300,25.1,25.1,0.013876,75000,prioritized,0.6,1.0,0.25652,18.434582,0.358014,-0.069319,0.681945,2.937065
918,196064,0.05,,300,27.7,28.3,0.013077,75000,prioritized,0.6,1.0,0.257298,18.434582,0.385179,-0.074395,0.665135,2.964208
919,196364,0.05,,300,26.5,27.5,0.015159,75000,prioritized,0.6,1.0,0.258886,18.434582,0.387447,-0.095013,0.689577,2.9317
920,196664,0.05,,300,25.5,21.7,0.012006,75000,prioritized,0.6,1.0,0.256078,18.434582,0.379276,-0.063196,0.630435,2.917198
921,196964,0.05,,300,26.1,27.7,0.01162,75000,prioritized,0.6,1.0,0.254828,18.434582,0.387502,-0.069817,0.586825,2.700367
922,197169,0.05,1,205,131.37,23.58,0.015148,75000,prioritized,0.6,1.0,0.254957,18.434582,0.357625,-0.107323,0.644461,2.915833
923,197438,0.05,1,269,131.05,28.06,0.016124,75000,prioritized,0.6,1.0,0.258949,18.434582,0.401337,-0.2385,0.758454,3.663882
924,197738,0.05,,300,27.7,25.7,0.016163,75000,prioritized,0.6,1.0,0.258301,18.434582,0.406015,-0.288925,0.816387,4.320529
925,197951,0.05,1,213,131.33,25.94,0.011423,75000,prioritized,0.6,1.0,0.255245,18.434582,0.372759,-0.210324,0.669979,3.349921
926,198251,0.05,,300,23.9,25.3,0.013755,75000,prioritized,0.6,1.0,0.256592,18.434582,0.405405,-0.185672,0.74866,3.969846
927,198551,0.05,,300,25.1,22.9,0.012113,75000,prioritized,0.6,1.0,0.254303,18.434582,0.401246,-0.288646,0.760538,4.23407
928,198851,0.05,,300,25.7,25.1,0.01317,75000,prioritized,0.6,1.0,0.252744,18.434582,0.382085,-0.275359,0.733625,4.029958
929,199151,0.05,,300,22.9,25.3,0.011915,75000,prioritized,0.6,1.0,0.253324,18.434582,0.382036,-0.174143,0.714137,3.97257
930,199451,0.05,,300,25.3,22.3,0.012583,75000,prioritized,0.6,1.0,0.253245,18.434582,0.415141,-0.232034,0.679625,3.858097
931,199751,0.05,,300,26.5,25.1,0.011674,75000,prioritized,0.6,1.0,0.248968,18.434582,0.340066,-0.18051,0.6665,3.723157
932,200051,0.05,,300,25.1,25.1,0.010861,75000,prioritized,0.6,1.0,0.249041,18.434582,0.352489,-0.190604,0.665778,3.817845
933,200351,0.05,,300,25.1,25.1,0.012825,75000,prioritized,0.6,1.0,0.24958,18.434582,0.378955,-0.093854,0.615929,3.37178
934,200651,0.05,,300,27.9,23.5,0.01366,75000,prioritized,0.6,1.0,0.247747,18.434582,0.371385,-0.143723,0.665487,3.615204
935,200951,0.05,,300,27.7,28.3,0.01175,75000,prioritized,0.6,1.0,0.246531,18.434582,0.349196,-0.119443,0.625545,3.506146
936,201141,0.05,-1,190,26.25,131.45,0.012051,75000,prioritized,0.6,1.0,0.249507,18.434582,0.394013,-0.13202,0.630818,3.210698
937,201441,0.05,,300,25.3,25.3,0.012069,75000,prioritized,0.6,1.0,0.247237,18.434582,0.387057,-0.18411,0.632731,3.305017
938,201741,0.05,,300,25.3,25.1,0.013435,75000,prioritized,0.6,1.0,0.245848,18.434582,0.360973,-0.131997,0.626695,3.104743
939,202041,0.05,,300,25.3,26.1,0.012213,75000,prioritized,0.6,1.0,0.244313,18.434582,0.348653,-0.189033,0.632911,3.29917
940,202252,0.05,1,211,131.34,28.15,0.013369,75000,prioritized,0.6,1.0,0.245404,18.434582,0.368652,-0.231425,0.654557,3.528307
941,202523,0.05,1,271,131.04,26.05,0.010802,75000,prioritized,0.6,1.0,0.246214,18.434582,0.383721,-0.229251,0.666273,3.621963
942,202823,0.05,,300,25.7,27.7,0.01063,75000,prioritized,0.6,1.0,0.242507,18.434582,0.3176,-0.212657,0.657838,3.557547
943,203123,0.05,,300,21.7,23.9,0.011323,75000,prioritized,0.6,1.0,0.248536,18.434582,0.385345,-0.23456,0.649289,3.517673
944,203336,0.05,1,213,131.33,24.34,0.013381,75000,prioritized,0.6,1.0,0.247582,18.434582,0.366012,-0.248217,0.687008,3.555557
945,203636,0.05,,300,23.1,26.5,0.011825,75000,prioritized,0.6,1.0,0.247028,18.434582,0.393742,-0.352597,0.737836,4.311851
946,203936,0.05,,300,25.3,25.5,0.011714,75000,prioritized,0.6,1.0,0.245695,18.434582,0.374488,-0.258181,0.692403,3.691733
947,204236,0.05,,300,25.5,27.7,0.013249,75000,prioritized,0.6,1.0,0.246354,18.434582,0.38267,-0.227509,0.719525,4.083745
948,204536,0.05,,300,25.5,25.5,0.01139,75000,prioritized,0.6,1.0,0.243083,18.434582,0.369297,-0.241637,0.666322,3.706906
949,204754,0.05,-1,218,26.11,131.31,0.010866,75000,prioritized,0.6,1.0,0.242086,18.434582,0.366752,-0.253632,0.653945,3.534278
950,205054,0.05,,300,19.3,27.7,0.011493,75000,prioritized,0.6,1.0,0.243237,18.434582,0.358318,-0.237131,0.635472,3.338031
951,205354,0.05,,300,28.1,27.7,0.012669,75000,prioritized,0.6,1.0,0.242716,18.434582,0.356587,-0.251582,0.700675,3.90768
952,205654,0.05,,300,26.1,27.5,0.011543,75000,prioritized,0.6,1.0,0.243636,18.434582,0.385529,-0.222575,0.682356,3.714715
953,205954,0.05,,300,28.1,25.5,0.012373,75000,prioritized,0.6,1.0,0.242063,18.434582,0.354825,-0.211728,0.645475,3.555629
954,206254,0.05,,300,23.7,25.3,0.011348,75000,prioritized,0.6,1.0,0.242147,18.434582,0.341361,-0.113751,0.570078,2.680626
955,206554,0.05,,300,26.1,24.3,0.012626,75000,prioritized,0.6,1.0,0.243888,18.434582,0.381899,-0.130664,0.640968,3.166264
956,206854,0.05,,300,25.5,25.5,0.009868,75000,prioritized,0.6,1.0,0.240179,18.434582,0.354461,-0.126028,0.583677,3.100526
957,207154,0.05,,300,25.5,25.1,0.011927,75000,prioritized,0.6,1.0,0.242593,18.434582,0.397816,-0.150986,0.572316,3.139094
958,207454,0.05,,300,28.3,27.5,0.011679,75000,prioritized,0.6,1.0,0.239613,18.434582,0.350935,-0.181543,0.570156,3.032734
959,207729,0.05,1,275,131.02,23.63,0.010377,75000,prioritized,0.6,1.0,0.237742,18.434582,0.335949,-0.172739,0.564309,3.15815
960,208029,0.05,,300,25.3,25.5,0.010437,75000,prioritized,0.6,1.0,0.240537,18.434582,0.378021,-0.14097,0.561702,2.781525
961,208329,0.05,,300,27.5,28.3,0.011948,75000,prioritized,0.6,1.0,0.240389,18.434582,0.373487,-0.134551,0.612757,3.177681
962,208629,0.05,,300,24.3,25.9,0.012217,75000,prioritized,0.6,1.0,0.238509,18.434582,0.347311,-0.133832,0.636593,3.515532
963,208929,0.05,,300,24.9,25.1,0.011003,75000,prioritized,0.6,1.0,0.238693,18.434582,0.380249,-0.104211,0.586968,2.871479
964,209229,0.05,,300,28.7,27.7,0.010746,75000,prioritized,0.6,1.0,0.237991,18.434582,0.351223,-0.139599,0.554988,2.596822
965,209529,0.05,,300,28.5,27.7,0.010775,75000,prioritized,0.6,1.0,0.238155,18.434582,0.369584,-0.139602,0.563985,2.488742
966,209829,0.05,,300,24.1,24.9,0.010901,75000,prioritized,0.6,1.0,0.235078,18.434582,0.33382,-0.140458,0.543687,2.809506
967,210129,0.05,,300,25.1,25.5,0.010759,75000,prioritized,0.6,1.0,0.236914,18.434582,0.351563,-0.086191,0.52983,2.340429
968,210429,0.05,,300,23.3,27.5,0.010676,75000,prioritized,0.6,1.0,0.236261,18.434582,0.332376,-0.097731,0.519534,2.664405
969,210713,0.05,-1,284,27.98,130.98,0.01028,75000,prioritized,0.6,1.0,0.235781,18.434582,0.329667,-0.112721,0.528451,2.683096
970,211013,0.05,,300,25.5,25.3,0.009936,75000,prioritized,0.6,1.0,0.23832,18.434582,0.379715,-0.156566,0.539435,2.916123
971,211189,0.05,-1,176,25.72,131.52,0.011771,75000,prioritized,0.6,1.0,0.23836,18.434582,0.3602,-0.201164,0.587309,2.831239
972,211321,0.05,-1,132,21.94,131.74,0.010657,75000,prioritized,0.6,1.0,0.23828,18.434582,0.354353,-0.110429,0.545682,2.54424
973,211621,0.05,,300,24.9,25.9,0.011052,75000,prioritized,0.6,1.0,0.238112,18.434582,0.364507,-0.149934,0.575163,3.215287
974,211921,0.05,,300,25.3,22.1,0.010169,75000,prioritized,0.6,1.0,0.236442,18.434582,0.365299,-0.185161,0.605742,3.67719
975,212221,0.05,,300,21.9,25.1,0.010458,75000,prioritized,0.6,1.0,0.237892,18.434582,0.374213,-0.097209,0.546389,2.794454
976,212521,0.05,,300,28.1,27.7,0.011907,75000,prioritized,0.6,1.0,0.237259,18.434582,0.343096,-0.152972,0.618602,3.549202
977,212809,0.05,-1,288,24.16,130.96,0.010238,75000,prioritized,0.6,1.0,0.237132,18.434582,0.348906,-0.152302,0.593816,3.179992
978,213109,0.05,,300,25.5,28.5,0.012842,75000,prioritized,0.6,1.0,0.239143,18.434582,0.357551,-0.22632,0.683101,3.844813
979,213409,0.05,,300,25.3,28.5,0.009501,75000,prioritized,0.6,1.0,0.237051,18.434582,0.358089,-0.223186,0.619781,3.254118
980,213709,0.05,,300,25.3,25.3,0.009879,75000,prioritized,0.6,1.0,0.234992,18.434582,0.345083,-0.150719,0.566453,2.85061
981,214009,0.05,,300,25.3,25.5,0.01085,75000,prioritized,0.6,1.0,0.235703,18.434582,0.340566,-0.179915,0.557764,2.701569
982,214309,0.05,,300,24.5,25.3,0.013124,75000,prioritized,0.6,1.0,0.238422,18.434582,0.352922,-0.114611,0.613791,2.886239
983,214609,0.05,,300,27.7,25.9,0.011502,75000,prioritized,0.6,1.0,0.238535,18.434582,0.359061,-0.158992,0.601623,2.94515
984,214909,0.05,,300,23.7,28.1,0.0091,75000,prioritized,0.6,1.0,0.235988,18.434582,0.331274,-0.053116,0.493502,2.170063
985,215209,0.05,,300,24.3,23.1,0.009553,75000,prioritized,0.6,1.0,0.235968,18.434582,0.339716,-0.048208,0.516632,2.33323
986,215509,0.05,,300,27.7,25.3,0.008261,75000,prioritized,0.6,1.0,0.233842,18.434582,0.352886,-0.040942,0.475818,2.004923
987,215809,0.05,,300,27.5,25.3,0.008593,75000,prioritized,0.6,1.0,0.231945,18.434582,0.320349,-0.073111,0.469159,2.032857
988,216109,0.05,,300,24.1,24.9,0.008872,75000,prioritized,0.6,1.0,0.230901,18.434582,0.31702,-0.050573,0.467144,1.848703
989,216409,0.05,,300,24.9,25.1,0.009687,75000,prioritized,0.6,1.0,0.230731,18.434582,0.323773,-0.060513,0.456498,1.74491
990,216709,0.05,,300,25.5,25.3,0.008756,75000,prioritized,0.6,1.0,0.230244,18.434582,0.345873,-0.051051,0.447786,1.725064
991,217009,0.05,,300,25.5,25.5,0.009445,75000,prioritized,0.6,1.0,0.229026,18.434582,0.313027,-0.03281,0.420894,1.348271
992,217309,0.05,,300,26.1,27.5,0.00935,75000,prioritized,0.6,1.0,0.229535,18.434582,0.352859,-0.04216,0.432098,1.408526
993,217609,0.05,,300,27.7,27.7,0.008639,75000,prioritized,0.6,1.0,0.227408,18.434582,0.338723,-0.039628,0.395746,1.277584
994,217909,0.05,,300,25.1,25.3,0.008145,75000,prioritized,0.6,1.0,0.226055,18.434582,0.341849,-0.027932,0.406673,1.294871
995,218209,0.05,,300,25.3,23.1,0.011038,75000,prioritized,0.6,1.0,0.227126,18.434582,0.307992,-0.049469,0.457116,1.631482
996,218509,0.05,,300,27.5,23.3,0.009579,75000,prioritized,0.6,1.0,0.226992,18.434582,0.305697,-0.01031,0.434723,1.503248
997,218809,0.05,,300,26.1,24.3,0.008304,75000,prioritized,0.6,1.0,0.226922,18.434582,0.355344,-0.036848,0.401821,1.336017
998,219109,0.05,,300,27.7,28.7,0.008645,75000,prioritized,0.6,1.0,0.228038,18.434582,0.347509,-0.031532,0.399739,1.166357
999,219409,0.05,-1,300,18.9,130.9,0.009425,75000,prioritized,0.6,1.0,0.229376,18.434582,0.374502,-0.04234,0.447614,1.465025
1000,219709,0.05,,300,27.5,25.5,0.008494,75000,prioritized,0.6,1.0,0.224598,18.434582,0.300065,-0.069115,0.48017,2.163563
1001,220009,0.05,,300,25.3,25.3,0.007301,75000,prioritized,0.6,1.0,0.223172,18.434582,0.289203,-0.031673,0.409122,1.591709
1002,220189,0.05,-1,180,26.7,131.5,0.009784,75000,prioritized,0.6,1.0,0.225707,18.434582,0.33324,-0.112401,0.478519,1.803703
1003,220489,0.05,,300,25.5,28.3,0.008847,75000,prioritized,0.6,1.0,0.225718,18.434582,0.356072,-0.064691,0.43838,1.606234
1004,220789,0.05,,300,25.5,25.3,0.007574,75000,prioritized,0.6,1.0,0.222541,18.434582,0.319102,-0.055913,0.386642,1.240577
1005,221089,0.05,,300,25.7,27.7,0.008142,75000,prioritized,0.6,1.0,0.225222,18.434582,0.347389,-0.006166,0.405455,1.368281
1006,221389,0.05,,300,28.5,27.7,0.009277,75000,prioritized,0.6,1.0,0.224085,18.434582,0.351042,0.019556,0.444799,1.597589
1007,221689,0.05,,300,27.7,28.3,0.008568,75000,prioritized,0.6,1.0,0.221855,18.434582,0.321737,0.034674,0.413141,1.450693
1008,221989,0.05,,300,25.3,23.1,0.007463,75000,prioritized,0.6,1.0,0.220987,18.434582,0.313826,0.005712,0.398181,1.388087
1009,222289,0.05,,300,25.5,25.3,0.009614,75000,prioritized,0.6,1.0,0.222004,18.434582,0.325665,-0.020952,0.435184,1.50368
1010,222589,0.05,,300,27.7,25.3,0.008506,75000,prioritized,0.6,1.0,0.222404,18.434582,0.373444,-0.035201,0.409083,1.331695
1011,222889,0.05,,300,25.5,25.5,0.008518,75000,prioritized,0.6,1.0,0.219081,18.434582,0.30823,-0.046613,0.403989,1.36765
1012,223189,0.05,,300,25.5,27.7,0.007392,75000,prioritized,0.6,1.0,0.220391,18.434582,0.31545,0.013994,0.388244,1.258347
1013,223489,0.05,,300,24.1,25.5,0.008957,75000,prioritized,0.6,1.0,0.220734,18.434582,0.323913,0.050942,0.436412,1.624341
1014,223732,0.05,1,243,131.18,23.59,0.008743,75000,prioritized,0.6,1.0,0.22116,18.434582,0.338873,-0.02266,0.4794,1.800205
1015,223972,0.05,-1,240,23.6,131.2,0.008151,75000,prioritized,0.6,1.0,0.222324,18.434582,0.364364,-0.015336,0.515586,2.146794
1016,224272,0.05,,300,25.5,25.3,0.009515,75000,prioritized,0.6,1.0,0.223853,18.434582,0.363002,-0.119228,0.574207,2.988803
1017,224572,0.05,,300,27.7,26.3,0.00821,75000,prioritized,0.6,1.0,0.221234,18.434582,0.332263,-0.143917,0.549873,3.011445
1018,224872,0.05,,300,26.3,25.3,0.007022,75000,prioritized,0.6,1.0,0.2204,18.434582,0.353891,-0.114541,0.496596,2.307467
1019,225172,0.05,,300,26.1,27.5,0.009686,75000,prioritized,0.6,1.0,0.221877,18.434582,0.349234,-0.025289,0.495693,2.187929
1020,225472,0.05,,300,28.1,25.5,0.008521,75000,prioritized,0.6,1.0,0.220345,18.434582,0.327341,-0.013827,0.469084,1.856892
1021,225772,0.05,,300,24.5,25.3,0.007426,75000,prioritized,0.6,1.0,0.219001,18.434582,0.334691,-0.002885,0.423625,1.614463
1022,226072,0.05,,300,25.3,25.3,0.008757,75000,prioritized,0.6,1.0,0.220025,18.434582,0.305811,-0.048792,0.416598,1.36364
1023,226372,0.05,,300,25.3,25.3,0.008588,75000,prioritized,0.6,1.0,0.22033,18.434582,0.350333,-0.069223,0.404321,1.230524
1024,226672,0.05,,300,25.3,27.5,0.008201,75000,prioritized,0.6,1.0,0.218923,18.434582,0.313382,-0.10314,0.425514,1.31299
1025,226963,0.05,1,291,130.94,23.95,0.007663,75000,prioritized,0.6,1.0,0.218238,18.434582,0.329656,-0.07075,0.406042,1.256013
1026,227263,0.05,,300,25.5,22.9,0.009063,75000,prioritized,0.6,1.0,0.218461,18.434582,0.318838,-0.054999,0.469726,1.603493
1027,227563,0.05,,300,26.3,24.3,0.007767,75000,prioritized,0.6,1.0,0.21775,18.434582,0.329968,-0.033353,0.411261,1.256413
1028,227863,0.05,,300,25.3,25.3,0.007973,75000,prioritized,0.6,1.0,0.216529,18.434582,0.332013,-0.008846,0.405219,1.261638
1029,228163,0.05,,300,28.1,27.7,0.00769,75000,prioritized,0.6,1.0,0.215801,18.434582,0.313266,0.014526,0.409033,1.443292
1030,228463,0.05,,300,25.3,27.5,0.006845,75000,prioritized,0.6,1.0,0.213391,18.434582,0.308665,-0.009887,0.397716,1.421219
1031,228763,0.05,,300,27.5,26.5,0.007101,75000,prioritized,0.6,1.0,0.214327,18.434582,0.336615,-0.031037,0.393427,1.314608
1032,229063,0.05,,300,27.7,28.5,0.006646,75000,prioritized,0.6,1.0,0.214923,18.434582,0.330519,-0.036456,0.371733,1.193444
1033,229363,0.05,,300,27.9,25.3,0.00745,75000,prioritized,0.6,1.0,0.214797,18.434582,0.349894,-0.040485,0.393292,1.238917
1034,229663,0.05,,300,27.7,28.7,0.006669,75000,prioritized,0.6,1.0,0.212802,18.434582,0.30896,-0.049245,0.364585,1.096283
1035,229963,0.05,,300,25.5,25.5,0.006429,75000,prioritized,0.6,1.0,0.210487,18.434582,0.281463,-0.033374,0.346019,0.958121
1036,230263,0.05,,300,25.3,25.3,0.00677,75000,prioritized,0.6,1.0,0.213397,18.434582,0.326522,-0.043018,0.370717,1.041483
1037,230514,0.05,1,251,131.14,28.55,0.008436,75000,prioritized,0.6,1.0,0.215158,18.434582,0.342546,-0.026333,0.393226,1.305411
1038,230814,0.05,,300,21.5,25.1,0.007345,75000,prioritized,0.6,1.0,0.213885,18.434582,0.278246,-0.015064,0.44873,1.786491
1039,231114,0.05,,300,27.5,26.5,0.007163,75000,prioritized,0.6,1.0,0.215714,18.434582,0.324416,0.012632,0.440679,1.875085
1040,231414,0.05,,300,28.3,27.7,0.007194,75000,prioritized,0.6,1.0,0.2155,18.434582,0.348074,0.021717,0.424917,1.858359
1041,231714,0.05,,300,25.3,25.3,0.008488,75000,prioritized,0.6,1.0,0.21518,18.434582,0.336982,-0.058344,0.460629,1.979573
1042,232014,0.05,,300,25.3,27.7,0.00672,75000,prioritized,0.6,1.0,0.212268,18.434582,0.290504,-0.055574,0.384242,1.384092
1043,232314,0.05,,300,25.3,25.3,0.008402,75000,prioritized,0.6,1.0,0.213877,18.434582,0.335494,0.001924,0.450596,1.853029
1044,232614,0.05,,300,25.3,25.1,0.007529,75000,prioritized,0.6,1.0,0.21178,18.434582,0.301173,0.024165,0.431199,1.92815
1045,232914,0.05,,300,27.7,25.5,0.00745,75000,prioritized,0.6,1.0,0.213321,18.434582,0.337948,-0.021603,0.405758,1.642775
1046,233214,0.05,,300,25.5,23.1,0.007597,75000,prioritized,0.6,1.0,0.21355,18.434582,0.335589,-0.027383,0.434011,1.933409
1047,233514,0.05,,300,27.5,26.1,0.006955,75000,prioritized,0.6,1.0,0.211353,18.434582,0.291741,-0.054977,0.429605,1.739244
1048,233814,0.05,,300,27.9,24.1,0.006426,75000,prioritized,0.6,1.0,0.212823,18.434582,0.343707,-0.036079,0.422437,1.782625
1049,234114,0.05,,300,25.9,27.5,0.008702,75000,prioritized,0.6,1.0,0.213423,18.434582,0.3059,-0.053291,0.418516,1.562988
1050,234414,0.05,,300,25.5,25.3,0.007822,75000,prioritized,0.6,1.0,0.215144,18.434582,0.340952,-0.082656,0.450311,1.769195
1051,234714,0.05,,300,27.7,25.5,0.006837,75000,prioritized,0.6,1.0,0.213845,18.434582,0.338587,-0.053383,0.414219,1.540029
1052,235014,0.05,,300,27.7,28.5,0.00691,75000,prioritized,0.6,1.0,0.21301,18.434582,0.329656,-0.014746,0.405703,1.559443
1053,235314,0.05,,300,25.3,25.3,0.008085,75000,prioritized,0.6,1.0,0.213694,18.434582,0.325229,-0.050924,0.39676,1.409745
1054,235573,0.05,1,259,131.1,17.71,0.007505,75000,prioritized,0.6,1.0,0.212936,18.434582,0.306074,-0.019036,0.395785,1.347642
1055,235873,0.05,,300,20.9,25.3,0.007939,75000,prioritized,0.6,1.0,0.213134,18.434582,0.318957,-0.123774,0.497507,2.619812
1056,236173,0.05,,300,25.5,25.5,0.007333,75000,prioritized,0.6,1.0,0.213674,18.434582,0.337466,-0.075579,0.480358,2.350479
1057,236473,0.05,,300,25.5,25.3,0.007519,75000,prioritized,0.6,1.0,0.214691,18.434582,0.373374,-0.054503,0.442041,1.962827
1058,236773,0.05,,300,27.5,25.7,0.006502,75000,prioritized,0.6,1.0,0.212812,18.434582,0.326964,-0.048919,0.422041,1.704252
1059,237073,0.05,,300,23.3,23.1,0.007707,75000,prioritized,0.6,1.0,0.21507,18.434582,0.345132,-0.084099,0.461893,1.927611
1060,237373,0.05,,300,25.3,25.1,0.007245,75000,prioritized,0.6,1.0,0.212515,18.434582,0.298404,-0.095109,0.445035,1.778104
1061,237673,0.05,,300,25.5,25.3,0.008492,75000,prioritized,0.6,1.0,0.21441,18.434582,0.33415,-0.073712,0.415633,1.565633
1062,237953,0.05,-1,280,25.2,131.0,0.007093,75000,prioritized,0.6,1.0,0.21265,18.434582,0.320195,-0.068023,0.407039,1.529045
1063,238253,0.05,,300,25.3,27.5,0.008621,75000,prioritized,0.6,1.0,0.215007,18.434582,0.317098,-0.101353,0.499916,2.222651
1064,238553,0.05,,300,25.3,25.3,0.007314,75000,prioritized,0.6,1.0,0.217148,18.434582,0.38907,-0.084811,0.422054,1.594612
1065,238853,0.05,,300,25.5,25.9,0.006781,75000,prioritized,0.6,1.0,0.21379,18.434582,0.317012,-0.072677,0.386128,1.363305
1066,239153,0.05,,300,25.5,25.3,0.007656,75000,prioritized,0.6,1.0,0.2139,18.434582,0.316972,-0.052505,0.419113,1.485238
1067,239363,0.05,-1,210,26.75,131.35,0.008172,75000,prioritized,0.6,1.0,0.213204,18.434582,0.310414,-0.060989,0.379089,1.305156
1068,239663,0.05,,300,25.3,25.3,0.007083,75000,prioritized,0.6,1.0,0.212046,18.434582,0.317881,-0.110769,0.439617,2.149183
1069,239963,0.05,,300,27.5,27.5,0.005974,75000,prioritized,0.6,1.0,0.209775,18.434582,0.33249,-0.068783,0.370633,1.516144
1070,240263,0.05,,300,27.9,27.5,0.008238,75000,prioritized,0.6,1.0,0.209848,18.434582,0.308704,-0.046573,0.374865,1.290555
1071,240563,0.05,,300,24.5,27.7,0.007763,75000,prioritized,0.6,1.0,0.210992,18.434582,0.341952,-0.02725,0.408772,1.507517
1072,240827,0.05,-1,264,25.68,131.08,0.006404,75000,prioritized,0.6,1.0,0.208777,18.434582,0.314129,-0.038711,0.372756,1.381032
1073,241127,0.05,,300,27.7,25.5,0.006921,75000,prioritized,0.6,1.0,0.210984,18.434582,0.322998,-0.104137,0.414765,1.899106
1074,241379,0.05,-1,252,28.14,131.14,0.00689,75000,prioritized,0.6,1.0,0.210465,18.434582,0.32518,-0.062692,0.38922,1.571438
1075,241679,0.05,,300,25.5,25.5,0.007011,75000,prioritized,0.6,1.0,0.209925,18.434582,0.322899,-0.134183,0.443199,2.349001
1076,241979,0.05,,300,27.7,25.5,0.005885,75000,prioritized,0.6,1.0,0.20956,18.434582,0.333336,-0.093179,0.375966,1.631732
1077,242279,0.05,,300,28.1,27.7,0.009979,75000,prioritized,0.6,1.0,0.212056,18.434582,0.353068,-0.000593,0.441559,1.709621
1078,242534,0.05,1,255,131.12,28.93,0.006879,75000,prioritized,0.6,1.0,0.209637,18.434582,0.323255,-0.024415,0.427128,1.744197
1079,242681,0.05,1,147,131.66,24.67,0.01036,75000,prioritized,0.6,1.0,0.211779,18.434582,0.340026,0.076145,0.590192,2.718041
1080,242981,0.05,,300,25.3,25.5,0.006591,75000,prioritized,0.6,1.0,0.210697,18.434582,0.337135,0.018123,0.483216,2.053151
1081,243276,0.05,1,295,130.92,21.13,0.009094,75000,prioritized,0.6,1.0,0.212887,18.434582,0.326478,-0.096255,0.544094,2.362581
1082,243576,0.05,,300,27.5,25.3,0.007665,75000,prioritized,0.6,1.0,0.213645,18.434582,0.355646,-0.119687,0.541524,2.65052
1083,243876,0.05,,300,25.5,25.3,0.00919,75000,prioritized,0.6,1.0,0.213383,18.434582,0.334287,-0.09639,0.48927,2.101825
1084,244176,0.05,,300,24.1,28.7,0.008756,75000,prioritized,0.6,1.0,0.216439,18.434582,0.366708,-0.032658,0.50637,2.101632
1085,244476,0.05,,300,25.7,27.5,0.007608,75000,prioritized,0.6,1.0,0.213885,18.434582,0.328416,-0.096032,0.510767,2.296685
1086,244776,0.05,,300,25.1,25.5,0.005913,75000,prioritized,0.6,1.0,0.211649,18.434582,0.313609,-0.078301,0.443772,1.974622
1087,245076,0.05,,300,25.5,23.3,0.007556,75000,prioritized,0.6,1.0,0.212952,18.434582,0.332648,-0.102945,0.437205,2.006738
1088,245376,0.05,,300,25.3,25.1,0.008322,75000,prioritized,0.6,1.0,0.213162,18.434582,0.316945,-0.169029,0.496036,2.253607
1089,245676,0.05,,300,25.3,25.5,0.007541,75000,prioritized,0.6,1.0,0.212061,18.434582,0.312746,-0.121117,0.435112,1.786084
1090,245976,0.05,,300,25.3,25.5,0.007063,75000,prioritized,0.6,1.0,0.212545,18.434582,0.331869,-0.055451,0.418655,1.646136
1091,246276,0.05,,300,25.7,27.5,0.008388,75000,prioritized,0.6,1.0,0.21251,18.434582,0.302352,-0.010457,0.46589,1.910873
1092,246576,0.05,,300,27.5,25.7,0.00646,75000,prioritized,0.6,1.0,0.210665,18.434582,0.31401,-0.047296,0.400334,1.50089
1093,246876,0.05,,300,26.1,25.3,0.006127,75000,prioritized,0.6,1.0,0.210052,18.434582,0.319618,-0.066394,0.389153,1.645652
1094,247176,0.05,,300,25.3,27.7,0.007174,75000,prioritized,0.6,1.0,0.208882,18.434582,0.285628,-0.063788,0.371778,1.322187
1095,247476,0.05,,300,23.1,25.5,0.006864,75000,prioritized,0.6,1.0,0.209886,18.434582,0.321385,-0.067527,0.403838,1.544795
1096,247776,0.05,,300,23.1,22.9,0.006468,75000,prioritized,0.6,1.0,0.20842,18.434582,0.332341,-0.023806,0.370857,1.291072
1097,248076,0.05,,300,27.5,24.9,0.00767,75000,prioritized,0.6,1.0,0.209625,18.434582,0.335565,-0.050183,0.376766,1.334388
1098,248376,0.05,,300,25.3,26.5,0.007124,75000,prioritized,0.6,1.0,0.208527,18.434582,0.321267,-0.064321,0.401643,1.419148
1099,248676,0.05,,300,23.3,25.3,0.005995,75000,prioritized,0.6,1.0,0.206264,18.434582,0.309907,-0.054147,0.342566,1.150702
1100,248976,0.05,,300,27.7,25.5,0.00529,75000,prioritized,0.6,1.0,0.205502,18.434582,0.338772,-0.026014,0.328792,1.079981
1101,249276,0.05,,300,27.7,27.7,0.006924,75000,prioritized,0.6,1.0,0.205037,18.434582,0.294009,-0.060104,0.341876,1.091509
1102,249576,0.05,,300,25.5,25.3,0.005876,75000,prioritized,0.6,1.0,0.204889,18.434582,0.339617,-0.061755,0.337684,1.120461
1103,249672,0.05,-1,96,25.12,131.92,0.006025,75000,prioritized,0.6,1.0,0.20387,18.434582,0.308127,-0.036944,0.325889,1.191105
1104,249972,0.05,,300,25.5,25.5,0.005435,75000,prioritized,0.6,1.0,0.20342,18.434582,0.330503,-0.162968,0.423276,2.746206
1105,250229,0.05,1,257,131.11,23.52,0.007582,75000,prioritized,0.6,1.0,0.204738,18.434582,0.307579,-0.102879,0.434183,2.347676
1106,250373,0.05,-1,144,24.68,131.68,0.007469,75000,prioritized,0.6,1.0,0.205427,18.434582,0.309304,-0.198231,0.513768,3.493569
1107,250673,0.05,,300,26.3,20.5,0.006639,75000,prioritized,0.6,1.0,0.206581,18.434582,0.324494,-0.254475,0.566404,3.295828
1108,250973,0.05,,300,23.1,25.5,0.007079,75000,prioritized,0.6,1.0,0.20547,18.434582,0.335495,-0.156596,0.545716,2.731148
1109,251273,0.05,,300,25.5,25.5,0.007953,75000,prioritized,0.6,1.0,0.206469,18.434582,0.332771,-0.111367,0.48207,2.112829
1110,251573,0.05,,300,27.9,27.9,0.006907,75000,prioritized,0.6,1.0,0.204332,18.434582,0.299421,-0.030595,0.417016,1.654121
1111,251873,0.05,,300,28.5,21.1,0.006207,75000,prioritized,0.6,1.0,0.203547,18.434582,0.304931,-0.050216,0.36007,1.391224
1112,252173,0.05,,300,25.5,25.5,0.007094,75000,prioritized,0.6,1.0,0.203643,18.434582,0.277299,-0.052989,0.394839,1.514695
1113,252473,0.05,,300,25.3,26.5,0.006575,75000,prioritized,0.6,1.0,0.204878,18.434582,0.323181,-0.077757,0.405985,1.558555
1114,252773,0.05,,300,25.5,27.7,0.005946,75000,prioritized,0.6,1.0,0.205799,18.434582,0.381954,-0.099706,0.396075,1.670401
1115,253073,0.05,,300,25.7,27.5,0.006488,75000,prioritized,0.6,1.0,0.204744,18.434582,0.307364,-0.096884,0.381503,1.488388
1116,253373,0.05,,300,27.5,25.5,0.006805,75000,prioritized,0.6,1.0,0.204324,18.434582,0.325672,-0.110416,0.407039,1.624766
1117,253673,0.05,,300,25.3,25.3,0.005873,75000,prioritized,0.6,1.0,0.203111,18.434582,0.303537,-0.081769,0.372971,1.44858
1118,253973,0.05,,300,27.5,25.7,0.005526,75000,prioritized,0.6,1.0,0.201734,18.434582,0.32116,-0.072348,0.345934,1.262627
1119,254120,0.05,1,147,131.66,24.87,0.006903,75000,prioritized,0.6,1.0,0.205351,18.434582,0.364386,-0.046893,0.354398,1.124262
1120,254420,0.05,,300,25.5,27.5,0.005905,75000,prioritized,0.6,1.0,0.203019,18.434582,0.322064,-0.079508,0.414741,1.63901
1121,254720,0.05,,300,25.5,25.3,0.006075,75000,prioritized,0.6,1.0,0.201102,18.434582,0.316736,-0.06378,0.392015,1.559257
1122,254868,0.05,-1,148,29.26,131.66,0.005327,75000,prioritized,0.6,1.0,0.200069,18.434582,0.290456,-0.084269,0.357051,1.409434
1123,255168,0.05,,300,26.3,23.5,0.006604,75000,prioritized,0.6,1.0,0.204828,18.434582,0.363107,-0.210624,0.569384,3.73924
1124,255468,0.05,,300,25.5,25.3,0.007423,75000,prioritized,0.6,1.0,0.205535,18.434582,0.333825,-0.058184,0.483658,2.285897
1125,255754,0.05,-1,286,28.57,130.97,0.005708,75000,prioritized,0.6,1.0,0.203915,18.434582,0.334144,-0.088145,0.425,2.033837
1126,256054,0.05,,300,27.9,22.9,0.006248,75000,prioritized,0.6,1.0,0.203376,18.434582,0.308435,-0.056364,0.409963,1.707707
1127,256191,0.05,1,137,131.71,19.72,0.008796,75000,prioritized,0.6,1.0,0.204834,18.434582,0.32099,-0.147497,0.503398,2.172349
1128,256305,0.05,-1,114,29.23,131.83,0.007787,75000,prioritized,0.6,1.0,0.205065,18.434582,0.334546,-0.028322,0.559892,2.849232
1129,256605,0.05,,300,28.3,27.7,0.006902,75000,prioritized,0.6,1.0,0.202224,18.434582,0.318545,-0.06851,0.488823,2.456094
1130,256834,0.05,1,229,131.25,29.06,0.007338,75000,prioritized,0.6,1.0,0.201253,18.434582,0.298418,-0.051002,0.460005,2.156537
1131,257134,0.05,,300,25.3,25.3,0.007473,75000,prioritized,0.6,1.0,0.204027,18.434582,0.343641,-0.097407,0.572676,3.06535
1132,257434,0.05,,300,27.7,25.5,0.007269,75000,prioritized,0.6,1.0,0.204085,18.434582,0.3401,-0.025561,0.496197,2.452371
1133,257734,0.05,,300,25.7,27.5,0.005857,75000,prioritized,0.6,1.0,0.203001,18.434582,0.342405,-0.006988,0.429688,2.130928
1134,258024,0.05,-1,290,23.75,130.95,0.006633,75000,prioritized,0.6,1.0,0.20206,18.434582,0.305158,-0.02324,0.428429,2.068763
1135,258324,0.05,,300,20.1,25.3,0.006429,75000,prioritized,0.6,1.0,0.20178,18.434582,0.305116,-0.007142,0.478766,2.304047
1136,258624,0.05,,300,22.9,25.5,0.006968,75000,prioritized,0.6,1.0,0.201477,18.434582,0.325828,-0.028316,0.473926,2.228984
1137,258924,0.05,,300,25.5,27.7,0.006247,75000,prioritized,0.6,1.0,0.199917,18.434582,0.311967,-0.065709,0.439184,2.113599
1138,259224,0.05,,300,25.5,27.7,0.00714,75000,prioritized,0.6,1.0,0.200365,18.434582,0.29409,-0.017085,0.425022,1.826752
1139,259524,0.05,,300,23.1,25.5,0.005945,75000,prioritized,0.6,1.0,0.200816,18.434582,0.332977,-0.020885,0.406108,1.825766
1140,259824,0.05,,300,25.5,27.7,0.005929,75000,prioritized,0.6,1.0,0.198647,18.434582,0.302027,-0.068255,0.38963,1.620544
1141,260124,0.05,,300,25.3,25.1,0.007167,75000,prioritized,0.6,1.0,0.200442,18.434582,0.307339,-0.057887,0.392072,1.591677
1142,260424,0.05,,300,28.5,27.7,0.006377,75000,prioritized,0.6,1.0,0.200503,18.434582,0.327727,-0.048062,0.409607,1.738493
1143,260724,0.05,,300,27.5,25.7,0.006091,75000,prioritized,0.6,1.0,0.200074,18.434582,0.325547,-0.036665,0.379155,1.511561
1144,261024,0.05,,300,25.3,25.3,0.006435,75000,prioritized,0.6,1.0,0.199815,18.434582,0.295545,-0.111373,0.436508,2.134669
1145,261324,0.05,,300,23.3,25.5,0.007109,75000,prioritized,0.6,1.0,0.20058,18.434582,0.315015,-0.084156,0.447888,2.005303
1146,261413,0.05,1,89,131.95,24.96,0.00621,75000,prioritized,0.6,1.0,0.199951,18.434582,0.284591,-0.11105,0.414708,1.717971
1147,261713,0.05,,300,28.1,27.5,0.005369,75000,prioritized,0.6,1.0,0.200864,18.434582,0.341293,-0.136691,0.451898,2.470539
1148,262013,0.05,,300,25.5,25.5,0.005489,75000,prioritized,0.6,1.0,0.198817,18.434582,0.304303,-0.062278,0.377495,1.796503
1149,262117,0.05,-1,104,23.88,131.88,0.00699,75000,prioritized,0.6,1.0,0.200674,18.434582,0.34084,-0.072763,0.445022,2.084369
1150,262417,0.05,,300,25.3,27.5,0.005894,75000,prioritized,0.6,1.0,0.198461,18.434582,0.320848,-0.137099,0.457195,2.558684
1151,262717,0.05,,300,27.7,25.5,0.005911,75000,prioritized,0.6,1.0,0.198029,18.434582,0.356083,-0.070299,0.430779,2.123361
1152,263017,0.05,,300,27.7,27.7,0.005641,75000,prioritized,0.6,1.0,0.196559,18.434582,0.325773,-0.038503,0.374105,1.528298
1153,263317,0.05,,300,26.5,27.7,0.005766,75000,prioritized,0.6,1.0,0.19673,18.434582,0.299508,-0.022093,0.356932,1.432807
1154,263617,0.05,,300,25.5,22.9,0.006474,75000,prioritized,0.6,1.0,0.197212,18.434582,0.31045,-0.06655,0.370949,1.594128
1155,263917,0.05,,300,25.3,27.7,0.00639,75000,prioritized,0.6,1.0,0.19667,18.434582,0.30548,-0.043507,0.368587,1.530744
1156,264217,0.05,,300,23.7,25.3,0.005716,75000,prioritized,0.6,1.0,0.197536,18.434582,0.314498,-0.04663,0.348151,1.391623
1157,264517,0.05,,300,25.5,25.3,0.006089,75000,prioritized,0.6,1.0,0.195703,18.434582,0.291756,-0.039251,0.360589,1.490384
1158,264817,0.05,,300,27.3,25.3,0.005101,75000,prioritized,0.6,1.0,0.195719,18.434582,0.305308,-0.059297,0.338422,1.174714
1159,265117,0.05,,300,25.3,25.3,0.00547,75000,prioritized,0.6,1.0,0.197012,18.434582,0.340108,-0.026688,0.323661,1.212887
1160,265411,0.05,-1,294,26.13,130.93,0.006059,75000,prioritized,0.6,1.0,0.1961,18.434582,0.334656,-0.028374,0.344975,1.25167
1161,265519,0.05,-1,108,26.86,131.86,0.00632,75000,prioritized,0.6,1.0,0.194972,20.570061,0.314389,-0.311273,0.653029,6.518348
1162,265819,0.05,,300,27.5,25.5,0.005678,75000,prioritized,0.6,1.0,0.194221,20.570061,0.32235,-0.292693,0.592809,5.099123
1163,265923,0.05,-1,104,24.28,131.88,0.006466,75000,prioritized,0.6,1.0,0.195424,20.570061,0.3482,-0.370585,0.681049,5.665201
1164,266223,0.05,,300,28.1,25.5,0.007427,75000,prioritized,0.6,1.0,0.197879,20.570061,0.349592,-0.222828,0.587103,4.301863
1165,266523,0.05,,300,23.5,25.3,0.006573,75000,prioritized,0.6,1.0,0.197094,20.570061,0.346549,-0.159775,0.53705,3.577971
1166,266823,0.05,,300,25.5,25.5,0.00639,75000,prioritized,0.6,1.0,0.197263,20.570061,0.367153,-0.187564,0.521782,3.258638
1167,267030,0.05,1,207,131.36,21.57,0.00582,75000,prioritized,0.6,1.0,0.197784,20.570061,0.337004,-0.121221,0.433068,2.569052
1168,267330,0.05,,300,27.9,27.7,0.006425,75000,prioritized,0.6,1.0,0.196204,20.570061,0.329171,-0.239215,0.573842,3.931551
1169,267630,0.05,,300,25.5,25.3,0.005769,75000,prioritized,0.6,1.0,0.193408,20.570061,0.298027,-0.13832,0.473852,3.318145
1170,267930,0.05,,300,23.1,25.1,0.005501,75000,prioritized,0.6,1.0,0.192917,20.570061,0.329841,-0.20689,0.499303,3.724849
1171,268230,0.05,,300,27.7,27.5,0.007886,75000,prioritized,0.6,1.0,0.196573,20.570061,0.343093,-0.169799,0.550534,3.982875
1172,268530,0.05,,300,27.7,25.7,0.006501,75000,prioritized,0.6,1.0,0.195663,20.570061,0.319736,-0.185389,0.513049,3.65739
1173,268685,0.05,1,155,131.62,23.63,0.006173,75000,prioritized,0.6,1.0,0.195076,20.570061,0.32719,-0.12893,0.466094,3.348623
1174,268985,0.05,,300,27.5,28.1,0.006247,75000,prioritized,0.6,1.0,0.19432,20.570061,0.308939,-0.212071,0.528077,4.001888
1175,269285,0.05,,300,27.9,27.5,0.007751,75000,prioritized,0.6,1.0,0.197863,20.570061,0.333431,-0.181342,0.567542,3.636962
1176,269585,0.05,,300,25.3,27.7,0.005735,75000,prioritized,0.6,1.0,0.195349,20.570061,0.341574,-0.182024,0.49252,3.56771
1177,269885,0.05,,300,25.5,25.5,0.005443,75000,prioritized,0.6,1.0,0.192716,20.570061,0.321325,-0.151622,0.450576,3.209393
1178,270007,0.05,-1,122,23.99,131.79,0.00536,75000,prioritized,0.6,1.0,0.192955,20.570061,0.330397,-0.10026,0.399495,3.084606
1179,270307,0.05,,300,25.7,27.3,0.007729,75000,prioritized,0.6,1.0,0.196418,20.570061,0.334321,-0.062566,0.555793,3.511717
1180,270607,0.05,,300,27.9,27.5,0.00595,75000,prioritized,0.6,1.0,0.19606,20.570061,0.359223,-0.150964,0.525226,3.829869
1181,270907,0.05,,300,25.7,27.7,0.007197,75000,prioritized,0.6,1.0,0.195958,20.570061,0.358213,-0.130076,0.487551,3.153804
1182,271207,0.05,,300,24.9,25.1,0.007378,75000,prioritized,0.6,1.0,0.196746,20.570061,0.303819,-0.141126,0.497185,3.37024
1183,271507,0.05,,300,25.3,27.7,0.007234,75000,prioritized,0.6,1.0,0.196297,20.570061,0.325425,-0.06657,0.466838,3.243621
1184,271789,0.05,-1,282,28.79,130.99,0.006279,75000,prioritized,0.6,1.0,0.196996,20.570061,0.351985,-0.131818,0.472598,3.572705
1185,272011,0.05,-1,222,26.89,131.29,0.007881,75000,prioritized,0.6,1.0,0.198792,20.570061,0.340607,-0.124883,0.612088,4.191102
1186,272311,0.05,,300,25.3,23.3,0.007405,75000,prioritized,0.6,1.0,0.19856,20.570061,0.352738,-0.050312,0.640527,3.754923
1187,272611,0.05,,300,25.1,27.7,0.006377,75000,prioritized,0.6,1.0,0.195963,20.570061,0.330409,-0.037578,0.515609,2.978035
1188,272911,0.05,,300,22.9,25.3,0.00678,75000,prioritized,0.6,1.0,0.194649,20.570061,0.318356,-0.003681,0.495179,2.9807
1189,273211,0.05,,300,27.3,25.3,0.007141,75000,prioritized,0.6,1.0,0.197957,20.570061,0.350917,-0.020749,0.495381,2.527624
1190,273511,0.05,,300,27.7,25.7,0.007442,75000,prioritized,0.6,1.0,0.198099,20.570061,0.362751,-0.123808,0.495216,2.713182
1191,273811,0.05,,300,24.9,25.3,0.007492,75000,prioritized,0.6,1.0,0.196771,20.570061,0.353548,-0.076725,0.490146,2.565659
1192,274111,0.05,,300,25.5,25.3,0.006218,75000,prioritized,0.6,1.0,0.19786,20.570061,0.345789,-0.0445,0.448593,2.300504
1193,274411,0.05,,300,25.3,25.3,0.007804,75000,prioritized,0.6,1.0,0.195936,20.570061,0.311542,0.01795,0.49593,2.668523
1194,274711,0.05,,300,27.9,27.5,0.005929,75000,prioritized,0.6,1.0,0.194483,20.570061,0.309552,-0.082381,0.463701,2.603286
1195,274819,0.05,-1,108,23.86,131.86,0.005231,75000,prioritized,0.6,1.0,0.193648,20.570061,0.281084,-0.056328,0.424498,2.194012
1196,275119,0.05,,300,27.7,27.5,0.006099,75000,prioritized,0.6,1.0,0.196035,20.570061,0.322385,-0.133317,0.520883,3.397099
1197,275419,0.05,,300,25.3,25.3,0.00657,75000,prioritized,0.6,1.0,0.195583,20.570061,0.352031,-0.09312,0.489519,2.835995
1198,275719,0.05,,300,28.5,27.5,0.006699,75000,prioritized,0.6,1.0,0.193292,20.570061,0.299072,-0.095734,0.432458,2.403563
1199,275938,0.05,1,219,131.3,28.11,0.005857,75000,prioritized,0.6,1.0,0.193749,20.570061,0.322537,-0.116914,0.418308,2.331997
1200,276238,0.05,,300,27.7,25.3,0.006607,75000,prioritized,0.6,1.0,0.195577,20.570061,0.344195,-0.126598,0.496982,2.648499
1201,276538,0.05,,300,25.3,27.5,0.006282,75000,prioritized,0.6,1.0,0.195574,20.570061,0.343479,-0.089439,0.450564,2.287709
1202,276838,0.05,,300,25.3,25.3,0.006216,75000,prioritized,0.6,1.0,0.192761,20.570061,0.295191,-0.072067,0.408677,2.04827
1203,277138,0.05,,300,25.3,27.5,0.006228,75000,prioritized,0.6,1.0,0.192687,20.570061,0.276508,-0.083005,0.403256,1.901727
1204,277438,0.05,,300,27.5,26.3,0.006688,75000,prioritized,0.6,1.0,0.193442,20.570061,0.313664,-0.076189,0.415515,1.887232
1205,277738,0.05,,300,25.5,25.3,0.005798,75000,prioritized,0.6,1.0,0.190925,20.570061,0.291175,-0.089075,0.393967,1.888308
1206,278038,0.05,,300,25.5,27.7,0.00601,75000,prioritized,0.6,1.0,0.192989,20.570061,0.311613,-0.044357,0.377888,1.633636
1207,278338,0.05,,300,25.3,27.7,0.006386,75000,prioritized,0.6,1.0,0.193139,20.570061,0.314527,0.011497,0.401697,1.616906
1208,278638,0.05,,300,25.3,25.5,0.006378,75000,prioritized,0.6,1.0,0.191962,20.570061,0.319635,-0.053019,0.372311,1.430496
1209,278938,0.05,,300,25.5,25.5,0.004662,75000,prioritized,0.6,1.0,0.191034,20.570061,0.317535,0.003713,0.360069,1.415365
1210,279238,0.05,,300,25.3,25.3,0.006026,75000,prioritized,0.6,1.0,0.192886,20.570061,0.311306,-0.032585,0.368035,1.45276
1211,279384,0.05,-1,146,28.47,131.67,0.006893,75000,prioritized,0.6,1.0,0.192755,20.570061,0.313122,0.004502,0.389465,1.64574
1212,279684,0.05,,300,27.7,25.3,0.006078,75000,prioritized,0.6,1.0,0.191819,20.570061,0.31406,-0.072031,0.422081,2.192124
1213,279984,0.05,,300,25.3,25.5,0.005746,75000,prioritized,0.6,1.0,0.19047,20.570061,0.300839,-0.078487,0.390051,1.950691
1214,280284,0.05,,300,27.5,23.1,0.00701,75000,prioritized,0.6,1.0,0.192724,20.570061,0.296764,-0.061022,0.426921,2.054047
1215,280488,0.05,-1,204,24.38,131.38,0.005258,75000,prioritized,0.6,1.0,0.193395,20.570061,0.330756,0.024326,0.379086,1.551578
1216,280788,0.05,,300,25.3,28.1,0.005731,75000,prioritized,0.6,1.0,0.189877,20.570061,0.275966,-0.037652,0.45937,2.696608
1217,281088,0.05,,300,25.5,25.3,0.006373,75000,prioritized,0.6,1.0,0.194052,20.570061,0.349735,-0.048549,0.434447,2.168932
1218,281388,0.05,,300,25.3,25.3,0.006432,75000,prioritized,0.6,1.0,0.19211,20.570061,0.307012,-0.060821,0.388537,1.607599
1219,281688,0.05,,300,25.5,27.5,0.005636,75000,prioritized,0.6,1.0,0.19162,20.570061,0.321023,-0.060075,0.392612,1.57898
1220,281988,0.05,,300,27.7,27.7,0.004867,75000,prioritized,0.6,1.0,0.190929,20.570061,0.30139,-0.045483,0.364998,1.42231
1221,282074,0.05,-1,86,24.17,131.97,0.006753,75000,prioritized,0.6,1.0,0.193307,20.570061,0.295859,-0.005869,0.419041,1.661864
1222,282374,0.05,,300,27.7,22.5,0.006486,75000,prioritized,0.6,1.0,0.193107,20.570061,0.322025,-0.137329,0.517048,3.521405
1223,282674,0.05,,300,25.3,27.5,0.006035,75000,prioritized,0.6,1.0,0.1925,20.570061,0.335565,-0.080014,0.505687,3.16655
1224,282974,0.05,,300,25.3,27.5,0.004858,75000,prioritized,0.6,1.0,0.189954,20.570061,0.312474,-0.117341,0.469512,3.128977
1225,283274,0.05,,300,27.9,27.5,0.005757,75000,prioritized,0.6,1.0,0.19083,20.570061,0.322631,-0.060418,0.43804,2.538672
1226,283574,0.05,,300,25.3,25.3,0.005335,75000,prioritized,0.6,1.0,0.189108,20.570061,0.302832,-0.032194,0.417197,2.372002
1227,283742,0.05,-1,168,24.36,131.56,0.00548,75000,prioritized,0.6,1.0,0.189721,20.570061,0.329411,-0.036944,0.421766,2.191799
1228,283896,0.05,-1,154,24.23,131.63,0.007733,75000,prioritized,0.6,1.0,0.191008,20.570061,0.324542,-0.13997,0.608745,3.513365
1229,284196,0.05,,300,23.3,25.5,0.007522,75000,prioritized,0.6,1.0,0.191745,20.570061,0.294815,-0.074832,0.548735,2.914247
1230,284496,0.05,,300,27.5,25.3,0.005836,75000,prioritized,0.6,1.0,0.190263,20.570061,0.308098,-0.069377,0.474359,2.54008
1231,284796,0.05,,300,25.3,27.5,0.005687,75000,prioritized,0.6,1.0,0.189116,20.570061,0.302847,-0.029449,0.413858,2.093386
1232,285096,0.05,,300,27.5,25.5,0.00603,75000,prioritized,0.6,1.0,0.193758,20.570061,0.33896,-0.00696,0.43543,2.044505
1233,285396,0.05,,300,25.3,27.7,0.006098,75000,prioritized,0.6,1.0,0.191049,20.570061,0.316809,-0.001102,0.442018,2.186087
1234,285696,0.05,,300,25.5,25.5,0.005878,75000,prioritized,0.6,1.0,0.189766,20.570061,0.304189,-0.019345,0.437521,2.000536
1235,285996,0.05,,300,25.3,25.3,0.005436,75000,prioritized,0.6,1.0,0.188646,20.570061,0.310541,-0.010285,0.380217,1.689171
1236,286257,0.05,1,261,131.09,28.9,0.006466,75000,prioritized,0.6,1.0,0.191642,20.570061,0.331847,-0.017866,0.399159,1.658076
1237,286464,0.05,1,207,131.36,28.77,0.00685,75000,prioritized,0.6,1.0,0.191685,20.570061,0.315378,-0.007218,0.452672,1.988701
1238,286764,0.05,,300,27.9,25.1,0.006254,75000,prioritized,0.6,1.0,0.18965,20.570061,0.299462,0.01356,0.45391,2.171071
1239,287051,0.05,1,287,130.96,27.77,0.006418,75000,prioritized,0.6,1.0,0.193026,20.570061,0.314729,0.013761,0.473266,2.284366
1240,287351,0.05,,300,24.7,27.7,0.006843,75000,prioritized,0.6,1.0,0.194125,20.570061,0.34788,-0.037866,0.516401,2.487759
1241,287651,0.05,,300,25.3,27.5,0.006147,75000,prioritized,0.6,1.0,0.191863,20.570061,0.300682,0.035849,0.501473,2.36238
1242,287888,0.05,1,237,131.21,25.82,0.006491,75000,prioritized,0.6,1.0,0.193348,20.570061,0.337914,-0.028707,0.461494,2.175406
1243,288127,0.05,1,239,131.2,23.81,0.009096,75000,prioritized,0.6,1.0,0.196593,20.570061,0.329813,-0.158084,0.645536,3.663707
1244,288328,0.05,1,201,131.39,21.2,0.009609,75000,prioritized,0.6,1.0,0.196181,20.570061,0.335986,-0.066039,0.721354,3.662866
1245,288628,0.05,,300,27.5,25.3,0.006734,75000,prioritized,0.6,1.0,0.193107,20.570061,0.320172,-0.059297,0.637848,3.425568
1246,288928,0.05,,300,25.5,25.5,0.006255,75000,prioritized,0.6,1.0,0.191547,20.570061,0.315811,-0.114373,0.556169,3.019987
1247,289097,0.05,1,169,131.55,23.96,0.010017,75000,prioritized,0.6,1.0,0.198002,20.570061,0.367135,-0.089129,0.629972,3.497417
1248,289397,0.05,,300,27.5,25.3,0.00812,75000,prioritized,0.6,1.0,0.195491,20.570061,0.341767,-0.220655,0.733329,4.260837
1249,289697,0.05,,300,25.3,25.3,0.007376,75000,prioritized,0.6,1.0,0.193653,20.570061,0.322536,-0.173817,0.657478,3.518163
1250,289997,0.05,,300,25.3,27.7,0.008416,75000,prioritized,0.6,1.0,0.19324,20.570061,0.338216,-0.175481,0.602519,2.987903
1251,290297,0.05,,300,25.3,25.5,0.008735,75000,prioritized,0.6,1.0,0.195039,20.570061,0.352526,-0.14902,0.551405,2.705075
1252,290541,0.05,-1,244,21.38,131.18,0.005559,75000,prioritized,0.6,1.0,0.192618,20.570061,0.330524,-0.163783,0.508771,2.639406
1253,290841,0.05,,300,25.3,25.3,0.005648,75000,prioritized,0.6,1.0,0.191511,20.570061,0.354857,-0.184233,0.559881,3.408238
1254,291141,0.05,,300,25.5,25.1,0.007055,75000,prioritized,0.6,1.0,0.192846,20.570061,0.314864,-0.116915,0.500957,2.707984
1255,291441,0.05,,300,25.3,27.7,0.006962,75000,prioritized,0.6,1.0,0.191337,20.570061,0.310195,-0.120812,0.488287,2.547452
1256,291573,0.05,-1,132,22.14,131.74,0.005507,75000,prioritized,0.6,1.0,0.190164,20.570061,0.299036,-0.107264,0.45877,2.281453
1257,291873,0.05,,300,25.3,25.3,0.005809,75000,prioritized,0.6,1.0,0.190826,20.570061,0.352076,-0.182839,0.513391,3.028744
1258,292173,0.05,,300,24.7,24.7,0.007814,75000,prioritized,0.6,1.0,0.194413,20.570061,0.321708,-0.190881,0.527524,2.639447
1259,292473,0.05,,300,25.3,25.1,0.006221,75000,prioritized,0.6,1.0,0.191559,20.570061,0.292597,-0.093893,0.483703,2.159782
1260,292773,0.05,,300,24.9,28.7,0.005411,75000,prioritized,0.6,1.0,0.190859,20.570061,0.324363,-0.082999,0.424636,1.88735
1261,293026,0.05,1,253,131.13,23.74,0.006884,75000,prioritized,0.6,1.0,0.193812,20.570061,0.311905,-0.033987,0.502309,2.036252
1262,293326,0.05,,300,28.3,26.1,0.006548,75000,prioritized,0.6,1.0,0.195762,20.570061,0.35978,-0.076543,0.549646,2.269298
1263,293626,0.05,,300,25.3,25.5,0.00708,75000,prioritized,0.6,1.0,0.192305,20.570061,0.314892,-0.04366,0.494386,1.910291
1264,293915,0.05,1,289,130.95,25.36,0.006926,75000,prioritized,0.6,1.0,0.191867,20.570061,0.315155,-0.024116,0.436153,1.67563
1265,294215,0.05,,300,25.5,24.9,0.007507,75000,prioritized,0.6,1.0,0.193227,20.570061,0.318023,-0.061362,0.567824,2.398062
1266,294515,0.05,,300,25.3,25.1,0.006468,75000,prioritized,0.6,1.0,0.189777,20.570061,0.282846,0.011992,0.468576,1.874301
1267,294815,0.05,,300,28.1,27.5,0.006209,75000,prioritized,0.6,1.0,0.191137,20.570061,0.350669,0.017972,0.438009,1.782421
1268,295115,0.05,,300,27.5,27.7,0.006333,75000,prioritized,0.6,1.0,0.191758,20.570061,0.311555,0.012577,0.439715,1.734076
1269,295281,0.05,-1,166,24.17,131.57,0.006536,75000,prioritized,0.6,1.0,0.192177,20.570061,0.322192,-0.015443,0.422844,1.560006
1270,295581,0.05,,300,25.5,25.5,0.006785,75000,prioritized,0.6,1.0,0.19115,20.570061,0.307359,-0.049192,0.530198,3.006377
1271,295881,0.05,,300,25.5,27.7,0.006461,75000,prioritized,0.6,1.0,0.190017,20.570061,0.316172,-0.048153,0.490266,2.632021
1272,296181,0.05,,300,25.7,25.3,0.007457,75000,prioritized,0.6,1.0,0.19403,20.570061,0.339835,-0.049793,0.490571,2.455041
1273,296481,0.05,,300,24.7,24.9,0.006611,75000,prioritized,0.6,1.0,0.192977,20.570061,0.330685,-0.065098,0.455732,2.265685
1274,296781,0.05,,300,24.9,24.7,0.005664,75000,prioritized,0.6,1.0,0.190712,20.570061,0.309156,-0.055646,0.424458,2.330593
1275,297081,0.05,,300,24.7,25.3,0.007411,75000,prioritized,0.6,1.0,0.192513,20.570061,0.302516,-0.077843,0.44822,2.198121
1276,297381,0.05,,300,25.5,27.7,0.005905,75000,prioritized,0.6,1.0,0.191003,20.570061,0.315665,-0.094218,0.454536,2.471943
1277,297681,0.05,,300,28.1,27.9,0.005977,75000,prioritized,0.6,1.0,0.1904,20.570061,0.30896,-0.048589,0.429411,2.193198
1278,297981,0.05,,300,25.3,25.3,0.006225,75000,prioritized,0.6,1.0,0.189102,20.570061,0.303599,-0.092581,0.423011,2.103684
1279,298281,0.05,,300,22.9,28.3,0.006751,75000,prioritized,0.6,1.0,0.191357,20.570061,0.317263,-0.090674,0.398337,1.62176
1280,298581,0.05,,300,27.9,27.7,0.006275,75000,prioritized,0.6,1.0,0.189766,20.570061,0.305233,-0.106853,0.425419,1.809536
1281,298881,0.05,,300,27.5,25.5,0.005851,75000,prioritized,0.6,1.0,0.190774,20.570061,0.35515,-0.099763,0.385587,1.610475
1282,299181,0.05,,300,27.5,25.3,0.006105,75000,prioritized,0.6,1.0,0.19167,20.570061,0.340719,-0.05575,0.372801,1.406928
1283,299316,0.05,1,135,131.72,22.13,0.00658,75000,prioritized,0.6,1.0,0.190399,20.570061,0.305217,0.000241,0.399991,1.492969
1284,299616,0.05,,300,25.5,25.3,0.006269,75000,prioritized,0.6,1.0,0.190156,20.570061,0.34838,-0.020613,0.442489,2.263835
1285,299916,0.05,,300,27.3,28.7,0.005646,75000,prioritized,0.6,1.0,0.189659,20.570061,0.352673,-0.016623,0.380788,1.872151
1286,300216,0.05,,300,25.1,27.7,0.006227,75000,prioritized,0.6,1.0,0.189668,20.570061,0.304197,-0.027995,0.391629,1.748906
1287,300370,0.05,-1,154,21.83,131.63,0.007745,75000,prioritized,0.6,1.0,0.189509,20.570061,0.268569,-0.039501,0.421732,2.020893
1288,300670,0.05,,300,27.7,27.7,0.007384,75000,prioritized,0.6,1.0,0.19145,20.570061,0.339749,-0.162814,0.566509,3.262141
1289,300970,0.05,,300,25.3,27.5,0.006161,75000,prioritized,0.6,1.0,0.18996,20.570061,0.318029,-0.084559,0.437948,2.526266
1290,301270,0.05,,300,27.9,27.7,0.006965,75000,prioritized,0.6,1.0,0.192675,20.570061,0.331842,-0.11533,0.510215,2.976289
1291,301442,0.05,-1,172,26.14,131.54,0.006805,75000,prioritized,0.6,1.0,0.192348,20.570061,0.333032,-0.133356,0.532205,3.358646
1292,301742,0.05,,300,27.7,25.7,0.006573,75000,prioritized,0.6,1.0,0.193281,20.570061,0.370253,-0.154551,0.531015,3.158011
1293,302042,0.05,,300,25.3,25.1,0.006256,75000,prioritized,0.6,1.0,0.190999,20.570061,0.309767,-0.130238,0.495858,2.928477
1294,302342,0.05,,300,27.9,28.5,0.006607,75000,prioritized,0.6,1.0,0.19205,20.570061,0.323767,-0.078717,0.444127,2.420406
1295,302642,0.05,,300,24.9,24.9,0.005596,75000,prioritized,0.6,1.0,0.189606,20.570061,0.276211,-0.068051,0.408543,2.182839
1296,302748,0.05,-1,106,27.47,131.87,0.005594,75000,prioritized,0.6,1.0,0.190439,20.570061,0.312113,-0.085878,0.401663,2.154348
1297,303048,0.05,,300,25.3,25.3,0.007441,75000,prioritized,0.6,1.0,0.19349,20.570061,0.29953,-0.070235,0.443004,2.152062
1298,303348,0.05,,300,25.5,25.3,0.007807,75000,prioritized,0.6,1.0,0.194776,20.570061,0.346795,-0.057728,0.453054,2.035841
1299,303648,0.05,,300,27.7,25.5,0.006273,75000,prioritized,0.6,1.0,0.192816,20.570061,0.326885,-0.073971,0.452966,2.111394
1300,303948,0.05,,300,24.5,28.3,0.005517,75000,prioritized,0.6,1.0,0.192219,20.570061,0.324244,-0.072163,0.412718,1.965092
1301,304248,0.05,,300,25.5,25.3,0.007179,75000,prioritized,0.6,1.0,0.193919,20.570061,0.333802,-0.060744,0.412677,1.814848
1302,304434,0.05,-1,186,24.47,131.47,0.005594,75000,prioritized,0.6,1.0,0.192096,20.570061,0.312653,-0.106928,0.42098,2.088547
1303,304544,0.05,-1,110,21.65,131.85,0.006109,75000,prioritized,0.6,1.0,0.192584,20.570061,0.31722,-0.099929,0.439196,2.297111
1304,304844,0.05,,300,27.9,26.1,0.00563,75000,prioritized,0.6,1.0,0.193083,20.570061,0.320429,-0.125347,0.49511,2.836483
1305,305144,0.05,,300,27.7,25.3,0.007205,75000,prioritized,0.6,1.0,0.19769,20.570061,0.38024,-0.085225,0.490214,2.5275
1306,305284,0.05,-1,140,23.5,131.7,0.006699,75000,prioritized,0.6,1.0,0.193985,20.570061,0.287325,-0.054632,0.483134,2.416836
1307,305584,0.05,,300,25.3,25.3,0.006934,75000,prioritized,0.6,1.0,0.193465,20.570061,0.313833,-0.015132,0.546758,2.757857
1308,305884,0.05,,300,27.5,25.5,0.006537,75000,prioritized,0.6,1.0,0.193559,20.570061,0.36758,-0.058162,0.490273,2.364184
1309,306184,0.05,,300,25.5,25.3,0.007164,75000,prioritized,0.6,1.0,0.193911,20.570061,0.340887,-0.010775,0.458242,2.121122
1310,306484,0.05,,300,25.5,25.3,0.006425,75000,prioritized,0.6,1.0,0.192388,20.570061,0.320845,0.022489,0.462823,2.067318
1311,306784,0.05,,300,25.5,25.5,0.006219,75000,prioritized,0.6,1.0,0.190386,20.570061,0.31576,0.019935,0.443079,1.922594
1312,307084,0.05,,300,25.1,25.5,0.006521,75000,prioritized,0.6,1.0,0.191017,20.570061,0.284029,0.043962,0.421015,1.707476
1313,307384,0.05,,300,25.5,27.7,0.007359,75000,prioritized,0.6,1.0,0.193366,20.570061,0.346313,0.082236,0.462165,2.145272
1314,307684,0.05,,300,25.5,25.3,0.007487,75000,prioritized,0.6,1.0,0.192574,20.570061,0.35157,0.025739,0.442615,1.927054
1315,307984,0.05,,300,27.7,25.5,0.005397,75000,prioritized,0.6,1.0,0.189108,20.570061,0.303131,0.047772,0.371499,1.741032
1316,308284,0.05,,300,27.7,27.9,0.006561,75000,prioritized,0.6,1.0,0.191906,20.570061,0.348737,0.013569,0.405314,1.600015
1317,308584,0.05,,300,25.5,25.3,0.00671,75000,prioritized,0.6,1.0,0.189106,20.570061,0.286314,0.022759,0.379293,1.543689
1318,308884,0.05,,300,25.5,25.5,0.006515,75000,prioritized,0.6,1.0,0.190416,20.570061,0.332008,-0.004395,0.39897,1.669641
1319,308983,0.05,1,99,131.9,29.51,0.00521,75000,prioritized,0.6,1.0,0.189427,20.570061,0.313163,-0.012363,0.366294,1.393275
1320,309283,0.05,,300,27.7,27.5,0.007575,75000,prioritized,0.6,1.0,0.191496,20.570061,0.306585,-0.023605,0.522151,2.851067
1321,309391,0.05,-1,108,24.06,131.86,0.005872,75000,prioritized,0.6,1.0,0.191374,20.570061,0.314437,-0.088503,0.557806,3.145336
1322,309638,0.05,1,247,131.16,21.17,0.006494,75000,prioritized,0.6,1.0,0.192466,20.570061,0.333121,-0.090177,0.558418,3.060477
1323,309938,0.05,,300,25.5,25.5,0.005935,75000,prioritized,0.6,1.0,0.190382,20.570061,0.304472,-0.062545,0.509857,2.8638
1324,310238,0.05,,300,27.7,24.7,0.008979,75000,prioritized,0.6,1.0,0.194338,20.570061,0.329251,-0.1255,0.580891,3.026134
1325,310538,0.05,,300,27.5,25.5,0.006728,75000,prioritized,0.6,1.0,0.193997,20.570061,0.348724,-0.057579,0.509632,2.853207
1326,310733,0.05,1,195,131.42,26.03,0.005649,75000,prioritized,0.6,1.0,0.193421,20.570061,0.337608,-0.065719,0.475872,2.58641
1327,311033,0.05,,300,25.5,25.1,0.006694,75000,prioritized,0.6,1.0,0.195395,20.570061,0.359206,-0.083807,0.504781,2.793823
1328,311333,0.05,,300,25.3,25.5,0.007202,75000,prioritized,0.6,1.0,0.192147,20.570061,0.28801,-0.086274,0.560583,3.182955
1329,311633,0.05,,300,28.5,27.5,0.005926,75000,prioritized,0.6,1.0,0.193411,20.570061,0.347938,-0.096215,0.498101,2.789768
1330,311933,0.05,,300,25.3,25.3,0.006871,75000,prioritized,0.6,1.0,0.192246,20.570061,0.32113,-0.089507,0.519503,2.721353
1331,312233,0.05,,300,25.1,25.5,0.008129,75000,prioritized,0.6,1.0,0.194517,20.570061,0.310079,-0.125901,0.51645,2.599725
1332,312533,0.05,,300,25.3,25.1,0.006972,75000,prioritized,0.6,1.0,0.192602,20.570061,0.296237,-0.091878,0.482369,2.442839
1333,312710,0.05,1,177,131.51,24.92,0.006517,75000,prioritized,0.6,1.0,0.192284,20.570061,0.305288,-0.103178,0.466915,2.338821
1334,312976,0.05,-1,266,25.87,131.07,0.007135,75000,prioritized,0.6,1.0,0.19344,20.570061,0.353882,-0.281253,0.652026,4.24024
1335,313105,0.05,1,129,131.75,26.36,0.008706,75000,prioritized,0.6,1.0,0.194644,20.570061,0.349832,-0.17535,0.688425,3.697331
1336,313405,0.05,,300,23.1,23.3,0.007374,75000,prioritized,0.6,1.0,0.194286,20.570061,0.347526,-0.178017,0.621668,3.329164
1337,313559,0.05,-1,154,24.03,131.63,0.007459,75000,prioritized,0.6,1.0,0.194408,20.570061,0.32414,-0.144196,0.590491,3.026012
1338,313859,0.05,,300,27.3,25.1,0.007796,75000,prioritized,0.6,1.0,0.194139,20.570061,0.348747,-0.267373,0.68839,3.833919
1339,314159,0.05,,300,25.3,22.7,0.007817,75000,prioritized,0.6,1.0,0.194233,20.570061,0.331363,-0.134929,0.588681,2.920138
1340,314459,0.05,,300,28.1,27.7,0.008628,75000,prioritized,0.6,1.0,0.195225,20.570061,0.351311,0.016479,0.613952,2.944241
1341,314759,0.05,,300,23.1,25.3,0.006892,75000,prioritized,0.6,1.0,0.192334,20.570061,0.273981,-0.072763,0.557853,2.666311
1342,315059,0.05,,300,27.7,24.7,0.006891,75000,prioritized,0.6,1.0,0.195041,20.570061,0.327509,-0.087739,0.540338,2.565036
1343,315359,0.05,,300,23.1,25.3,0.007906,75000,prioritized,0.6,1.0,0.19567,20.570061,0.344348,-0.050294,0.548997,2.601626
1344,315659,0.05,,300,27.5,23.3,0.00654,75000,prioritized,0.6,1.0,0.193356,20.570061,0.346454,0.001088,0.509308,2.708406
1345,315959,0.05,,300,27.3,26.5,0.006265,75000,prioritized,0.6,1.0,0.193544,20.570061,0.353242,0.010082,0.462353,2.270285
1346,316259,0.05,,300,25.3,26.1,0.009626,75000,prioritized,0.6,1.0,0.196104,20.570061,0.335236,0.056032,0.583042,2.522126
1347,316559,0.05,,300,25.5,25.5,0.007928,75000,prioritized,0.6,1.0,0.195036,20.570061,0.331244,0.039245,0.582431,2.644354
1348,316859,0.05,,300,27.7,25.5,0.006614,75000,prioritized,0.6,1.0,0.192448,20.570061,0.306236,0.042776,0.483771,2.200125
1349,317159,0.05,,300,25.3,25.3,0.007996,75000,prioritized,0.6,1.0,0.194165,20.570061,0.307646,-0.023903,0.495301,2.214926
1350,317459,0.05,,300,25.3,25.3,0.007267,75000,prioritized,0.6,1.0,0.193465,20.570061,0.330492,-0.010472,0.47157,1.999898
1351,317759,0.05,,300,28.1,27.5,0.00544,75000,prioritized,0.6,1.0,0.191172,20.570061,0.307439,0.00311,0.406,1.744844
1352,318059,0.05,,300,25.5,25.3,0.007564,75000,prioritized,0.6,1.0,0.194004,20.570061,0.322943,-0.026591,0.439162,1.813234
1353,318339,0.05,-1,280,25.6,131.0,0.006971,75000,prioritized,0.6,1.0,0.193419,20.570061,0.314213,0.007402,0.431216,1.756011
1354,318639,0.05,,300,25.3,25.3,0.006931,75000,prioritized,0.6,1.0,0.192151,20.570061,0.286305,0.048828,0.465508,2.05586
1355,318939,0.05,,300,25.7,25.5,0.00691,75000,prioritized,0.6,1.0,0.192092,20.570061,0.316358,0.084262,0.442306,1.869674
1356,319239,0.05,,300,27.9,25.1,0.007322,75000,prioritized,0.6,1.0,0.195092,20.570061,0.330321,-0.037543,0.441649,1.761294
1357,319539,0.05,,300,25.3,23.3,0.005822,75000,prioritized,0.6,1.0,0.191537,20.570061,0.297315,-0.035619,0.379522,1.437194
1358,319839,0.05,,300,27.7,28.1,0.007328,75000,prioritized,0.6,1.0,0.192187,20.570061,0.30925,-0.037084,0.387948,1.464602
1359,320139,0.05,,300,25.5,25.7,0.006808,75000,prioritized,0.6,1.0,0.194485,20.570061,0.327086,-0.011118,0.412943,1.562511
1360,320439,0.05,,300,27.5,25.7,0.006035,75000,prioritized,0.6,1.0,0.192825,20.570061,0.315152,-0.030198,0.391966,1.42514
1361,320739,0.05,,300,25.3,24.7,0.006515,75000,prioritized,0.6,1.0,0.19107,20.570061,0.266417,-0.028417,0.382894,1.354374
1362,321039,0.05,,300,28.7,25.9,0.006447,75000,prioritized,0.6,1.0,0.195433,20.570061,0.334188,-0.011268,0.375334,1.263347
1363,321339,0.05,,300,25.1,25.5,0.007619,75000,prioritized,0.6,1.0,0.196093,20.570061,0.305914,0.037881,0.477531,2.59153
1364,321446,0.05,1,107,131.86,24.07,0.00825,75000,prioritized,0.6,1.0,0.197245,20.570061,0.320381,-0.035477,0.541074,2.513463
1365,321746,0.05,,300,23.1,25.3,0.007418,75000,prioritized,0.6,1.0,0.195735,20.570061,0.302096,0.032506,0.480102,2.186428
1366,322046,0.05,,300,25.9,27.5,0.006693,75000,prioritized,0.6,1.0,0.197087,20.570061,0.33423,0.02791,0.477632,2.114769
1367,322346,0.05,,300,25.5,27.9,0.007239,75000,prioritized,0.6,1.0,0.196955,20.570061,0.348093,0.05176,0.48068,2.211094
1368,322586,0.05,-1,240,24.4,131.2,0.006452,75000,prioritized,0.6,1.0,0.19697,20.570061,0.34845,0.054137,0.455617,1.981992
1369,322886,0.05,,300,27.9,27.5,0.006495,75000,prioritized,0.6,1.0,0.194711,20.570061,0.304735,0.026325,0.472011,1.897814
1370,323186,0.05,,300,25.5,25.5,0.007228,75000,prioritized,0.6,1.0,0.197388,20.570061,0.341356,0.023898,0.485988,1.973692
1371,323486,0.05,,300,25.5,27.9,0.007143,75000,prioritized,0.6,1.0,0.195429,20.570061,0.323486,-0.034352,0.467434,2.032835
1372,323786,0.05,,300,27.5,27.9,0.006665,75000,prioritized,0.6,1.0,0.193891,20.570061,0.320391,-0.014755,0.443594,1.930715
1373,324086,0.05,,300,25.5,25.3,0.00826,75000,prioritized,0.6,1.0,0.19677,20.570061,0.360124,0.003347,0.477399,2.085259
1374,324248,0.05,-1,162,26.59,131.59,0.007484,75000,prioritized,0.6,1.0,0.195182,20.570061,0.312069,-0.0632,0.5344,2.660626
1375,324548,0.05,,300,23.1,25.1,0.007025,75000,prioritized,0.6,1.0,0.193922,20.570061,0.300445,-0.028174,0.532903,2.765778
1376,324848,0.05,,300,25.5,27.7,0.007049,75000,prioritized,0.6,1.0,0.193769,20.570061,0.331945,0.016061,0.498102,2.556222
1377,325148,0.05,,300,27.7,27.9,0.007628,75000,prioritized,0.6,1.0,0.194721,20.570061,0.319885,0.043831,0.536019,2.706335
1378,325448,0.05,,300,25.3,25.5,0.007455,75000,prioritized,0.6,1.0,0.193944,20.570061,0.349372,0.008837,0.521243,2.513674
1379,325748,0.05,,300,27.7,25.1,0.007357,75000,prioritized,0.6,1.0,0.192262,20.570061,0.332373,0.025847,0.465742,2.184691
1380,326048,0.05,,300,25.3,25.5,0.006847,75000,prioritized,0.6,1.0,0.19165,20.570061,0.304062,0.016475,0.474286,2.2431
1381,326348,0.05,,300,24.9,25.3,0.006626,75000,prioritized,0.6,1.0,0.192934,20.570061,0.35402,0.053668,0.471832,2.332955
1382,326519,0.05,1,171,131.54,22.15,0.00556,75000,prioritized,0.6,1.0,0.191715,20.570061,0.334721,0.003534,0.433387,1.92536
1383,326819,0.05,,300,27.7,23.1,0.006412,75000,prioritized,0.6,1.0,0.191526,20.570061,0.35266,-0.072298,0.535863,3.093086
1384,327119,0.05,,300,25.5,25.3,0.008396,75000,prioritized,0.6,1.0,0.192291,20.570061,0.322305,-0.034593,0.498269,2.460125
1385,327419,0.05,,300,25.1,27.7,0.006709,75000,prioritized,0.6,1.0,0.19095,20.570061,0.308912,0.033769,0.452992,2.191943
1386,327719,0.05,,300,27.7,25.5,0.007161,75000,prioritized,0.6,1.0,0.191655,20.570061,0.343239,0.042896,0.459902,2.09552
1387,328019,0.05,,300,24.3,25.1,0.006323,75000,prioritized,0.6,1.0,0.189573,20.570061,0.287744,0.013683,0.397798,1.686846
1388,328312,0.05,1,293,130.93,21.34,0.007571,75000,prioritized,0.6,1.0,0.19184,20.570061,0.322386,0.034488,0.451376,1.870936
1389,328502,0.05,-1,190,24.05,131.45,0.007877,75000,prioritized,0.6,1.0,0.193721,20.570061,0.311105,0.000966,0.565979,2.274882
1390,328802,0.05,,300,27.7,25.5,0.006812,75000,prioritized,0.6,1.0,0.192721,20.570061,0.347987,-0.011352,0.549054,2.308557
1391,329102,0.05,,300,27.5,27.9,0.00797,75000,prioritized,0.6,1.0,0.194774,20.570061,0.340511,-0.02353,0.522811,2.115431
1392,329402,0.05,,300,25.5,25.5,0.007223,75000,prioritized,0.6,1.0,0.19328,20.570061,0.338269,-0.04272,0.464531,1.763414
1393,329702,0.05,,300,27.7,25.5,0.005853,75000,prioritized,0.6,1.0,0.191406,20.570061,0.350044,-0.041813,0.401896,1.455489
1394,330002,0.05,,300,25.5,25.3,0.005934,75000,prioritized,0.6,1.0,0.188968,20.570061,0.307729,-0.029443,0.388934,1.372365
1395,330263,0.05,1,261,131.09,28.1,0.009933,75000,prioritized,0.6,1.0,0.191283,20.570061,0.306631,-0.047944,0.512187,1.903076
1396,330563,0.05,,300,22.9,27.5,0.007177,75000,prioritized,0.6,1.0,0.19259,20.570061,0.335017,-0.079499,0.553086,2.547326
1397,330863,0.05,,300,25.3,25.5,0.006325,75000,prioritized,0.6,1.0,0.190009,20.570061,0.295862,-0.114001,0.494657,2.178562
1398,331163,0.05,,300,25.3,25.5,0.008249,75000,prioritized,0.6,1.0,0.19308,20.570061,0.345317,-0.018567,0.506435,2.449338
1399,331463,0.05,,300,25.1,25.5,0.007152,75000,prioritized,0.6,1.0,0.189275,20.570061,0.280026,0.012677,0.546983,2.994723
1400,331763,0.05,,300,25.5,23.3,0.00611,75000,prioritized,0.6,1.0,0.189715,20.570061,0.322591,-0.049028,0.489478,2.63111
1401,332063,0.05,,300,27.3,25.5,0.006445,75000,prioritized,0.6,1.0,0.1914,20.570061,0.341882,-0.010524,0.494903,2.711616
1402,332363,0.05,,300,27.5,25.5,0.007954,75000,prioritized,0.6,1.0,0.19134,20.570061,0.348641,0.012658,0.548301,3.054982
1403,332663,0.05,,300,27.5,28.1,0.008117,75000,prioritized,0.6,1.0,0.190099,20.570061,0.322118,0.041279,0.525664,3.011144
1404,332860,0.05,1,197,131.41,29.02,0.005398,75000,prioritized,0.6,1.0,0.189523,20.570061,0.30842,-0.010766,0.463188,2.454037
1405,333160,0.05,,300,27.5,27.9,0.007701,75000,prioritized,0.6,1.0,0.194772,20.570061,0.358771,-0.009623,0.595927,3.337672
1406,333460,0.05,,300,27.7,27.5,0.007359,75000,prioritized,0.6,1.0,0.193037,20.570061,0.33998,0.000435,0.572139,3.131713
1407,333760,0.05,,300,24.3,26.5,0.007325,75000,prioritized,0.6,1.0,0.192362,20.570061,0.303509,-0.058265,0.558133,3.172862
1408,334060,0.05,,300,27.5,27.7,0.006805,75000,prioritized,0.6,1.0,0.193602,20.570061,0.319165,-0.00892,0.532488,2.717505
1409,334360,0.05,,300,27.7,24.7,0.006629,75000,prioritized,0.6,1.0,0.194234,20.570061,0.35777,-0.047993,0.520826,2.689517
1410,334503,0.05,1,143,131.68,26.69,0.006855,75000,prioritized,0.6,1.0,0.193963,20.570061,0.345006,0.013548,0.524962,2.850552
1411,334803,0.05,,300,27.7,25.7,0.006614,75000,prioritized,0.6,1.0,0.192641,20.570061,0.332904,-0.127473,0.536025,2.822054
1412,335103,0.05,,300,25.5,25.5,0.007016,75000,prioritized,0.6,1.0,0.194517,20.570061,0.356883,-0.022277,0.499204,2.474192
1413,335403,0.05,,300,25.5,25.5,0.006578,75000,prioritized,0.6,1.0,0.192432,20.570061,0.314307,-0.088527,0.477387,2.408619
1414,335703,0.05,,300,25.5,25.5,0.005955,75000,prioritized,0.6,1.0,0.1904,20.570061,0.292116,-0.027528,0.44265,2.130729
1415,336003,0.05,,300,25.5,25.5,0.00556,75000,prioritized,0.6,1.0,0.190471,20.570061,0.315172,-0.03456,0.429,2.076187
1416,336303,0.05,,300,24.5,27.5,0.007812,75000,prioritized,0.6,1.0,0.193531,20.570061,0.331082,9.3e-05,0.440435,1.756052
1417,336603,0.05,,300,27.7,27.5,0.005764,75000,prioritized,0.6,1.0,0.192201,20.570061,0.334451,-0.010471,0.43151,1.958106
1418,336903,0.05,,300,27.7,27.7,0.005497,75000,prioritized,0.6,1.0,0.19097,20.570061,0.313761,-0.009691,0.388391,1.611727
1419,337203,0.05,,300,25.5,25.3,0.008467,75000,prioritized,0.6,1.0,0.193399,20.570061,0.315609,-0.042695,0.461974,2.059612
1420,337503,0.05,,300,25.5,25.5,0.008376,75000,prioritized,0.6,1.0,0.194415,20.570061,0.348594,-0.043241,0.512598,2.193009
1421,337803,0.05,,300,23.3,25.3,0.006254,75000,prioritized,0.6,1.0,0.192094,20.570061,0.317747,-0.060594,0.424063,1.910044
1422,338103,0.05,,300,25.5,25.5,0.006404,75000,prioritized,0.6,1.0,0.1927,20.570061,0.301677,-0.036465,0.415654,1.747155
1423,338403,0.05,,300,27.7,27.7,0.006353,75000,prioritized,0.6,1.0,0.191135,20.570061,0.308872,-0.032304,0.415546,1.662063
1424,338703,0.05,,300,27.5,27.9,0.005534,75000,prioritized,0.6,1.0,0.189869,20.570061,0.330201,-0.028535,0.383477,1.544159
1425,338957,0.05,-1,254,25.93,131.13,0.005958,75000,prioritized,0.6,1.0,0.190377,20.570061,0.34054,-0.04493,0.381327,1.487783
1426,339257,0.05,,300,27.9,27.7,0.007157,75000,prioritized,0.6,1.0,0.192045,20.570061,0.313348,0.022363,0.463141,2.253698
1427,339557,0.05,,300,27.5,25.5,0.007229,75000,prioritized,0.6,1.0,0.191634,20.570061,0.327124,-0.01423,0.453804,2.256701
1428,339857,0.05,,300,27.3,27.7,0.006033,75000,prioritized,0.6,1.0,0.190054,20.570061,0.315603,-0.018927,0.435789,2.332623
1429,340157,0.05,,300,25.3,25.3,0.006306,75000,prioritized,0.6,1.0,0.19271,20.570061,0.334381,-0.015693,0.421664,2.039102
1430,340457,0.05,,300,25.5,24.9,0.007572,75000,prioritized,0.6,1.0,0.191973,20.570061,0.310208,0.023916,0.419915,1.830459
1431,340757,0.05,,300,25.5,25.5,0.005726,75000,prioritized,0.6,1.0,0.190101,20.570061,0.30583,0.003993,0.413886,2.150024
1432,341003,0.05,-1,246,28.77,131.17,0.005561,75000,prioritized,0.6,1.0,0.19123,20.570061,0.352249,-0.005075,0.41786,2.199254
1433,341303,0.05,,300,25.3,23.3,0.007723,75000,prioritized,0.6,1.0,0.191306,20.570061,0.30573,-0.140089,0.549521,2.843269
1434,341603,0.05,,300,25.3,23.3,0.006574,75000,prioritized,0.6,1.0,0.188986,20.570061,0.301694,-0.061861,0.473041,2.484254
1435,341903,0.05,,300,25.3,23.1,0.006027,75000,prioritized,0.6,1.0,0.188985,20.570061,0.309196,-0.073416,0.44102,2.296718
1436,342026,0.05,1,123,131.78,28.79,0.006426,75000,prioritized,0.6,1.0,0.189999,20.570061,0.303535,-0.032718,0.417676,1.89823
1437,342238,0.05,-1,212,29.14,131.34,0.007143,75000,prioritized,0.6,1.0,0.19084,20.570061,0.280981,-0.087764,0.554013,2.738787
1438,342538,0.05,,300,27.9,27.7,0.006728,75000,prioritized,0.6,1.0,0.192397,20.570061,0.326988,-0.077703,0.545894,2.82416
1439,342838,0.05,,300,25.5,25.5,0.006162,75000,prioritized,0.6,1.0,0.190852,20.570061,0.30482,-0.048114,0.482779,2.387286
1440,343093,0.05,1,255,131.12,25.93,0.006721,75000,prioritized,0.6,1.0,0.194355,20.570061,0.360108,-0.066335,0.47718,2.362584
1441,343393,0.05,,300,27.7,23.3,0.007484,75000,prioritized,0.6,1.0,0.192043,20.570061,0.32851,-0.066421,0.623827,3.433029
1442,343693,0.05,,300,23.1,25.5,0.006565,75000,prioritized,0.6,1.0,0.19049,20.570061,0.323939,-0.032079,0.534074,3.009403
1443,343993,0.05,,300,25.5,24.7,0.006875,75000,prioritized,0.6,1.0,0.190839,20.570061,0.324814,-0.06177,0.494302,2.674419
1444,344293,0.05,,300,25.5,25.3,0.00713,75000,prioritized,0.6,1.0,0.191388,20.570061,0.317083,-0.052644,0.548203,2.844109
1445,344593,0.05,,300,27.7,27.9,0.005985,75000,prioritized,0.6,1.0,0.191474,20.570061,0.34672,-0.047281,0.496537,2.626168
1446,344893,0.05,,300,27.7,27.7,0.005913,75000,prioritized,0.6,1.0,0.188802,20.570061,0.292304,-0.078084,0.498954,2.720182
1447,345193,0.05,,300,25.3,27.7,0.006932,75000,prioritized,0.6,1.0,0.191506,20.570061,0.34959,-0.07294,0.501236,2.675351
1448,345493,0.05,,300,25.3,25.3,0.005693,75000,prioritized,0.6,1.0,0.191473,20.570061,0.354597,-0.071239,0.490381,2.532445
1449,345793,0.05,,300,25.1,25.5,0.006135,75000,prioritized,0.6,1.0,0.189987,20.570061,0.352771,-0.118356,0.503812,2.742471
1450,346093,0.05,,300,27.7,28.1,0.005733,75000,prioritized,0.6,1.0,0.189616,20.570061,0.321349,-0.091095,0.471513,2.528556
1451,346203,0.05,-1,110,28.85,131.85,0.005652,75000,prioritized,0.6,1.0,0.190321,20.570061,0.346705,-0.068481,0.424421,2.071127
1452,346503,0.05,,300,27.9,27.3,0.007275,75000,prioritized,0.6,1.0,0.190852,20.570061,0.356391,-0.108007,0.550551,2.892136
1453,346803,0.05,,300,26.1,28.1,0.006068,75000,prioritized,0.6,1.0,0.188128,20.570061,0.311797,-0.08831,0.491246,2.591784
1454,347103,0.05,,300,23.1,25.5,0.006636,75000,prioritized,0.6,1.0,0.189197,20.570061,0.320439,-0.108653,0.487664,2.530339
1455,347317,0.05,-1,214,26.33,131.33,0.005959,75000,prioritized,0.6,1.0,0.1905,20.570061,0.333795,-0.084535,0.487539,2.320824
1456,347617,0.05,,300,23.1,23.1,0.006413,75000,prioritized,0.6,1.0,0.191167,20.570061,0.358094,-0.181554,0.561486,2.745804
1457,347917,0.05,,300,25.5,25.3,0.0057,75000,prioritized,0.6,1.0,0.188485,20.570061,0.319832,-0.135525,0.490647,2.342239
1458,348217,0.05,,300,26.3,25.7,0.007065,75000,prioritized,0.6,1.0,0.189205,20.570061,0.319955,-0.090695,0.494263,2.409616
1459,348517,0.05,,300,25.3,27.7,0.005239,75000,prioritized,0.6,1.0,0.187071,20.570061,0.315512,-0.046759,0.444663,2.121848
1460,348817,0.05,,300,25.5,25.7,0.005418,75000,prioritized,0.6,1.0,0.1866,20.570061,0.338174,-0.04417,0.4112,2.025898
1461,349117,0.05,,300,25.1,27.7,0.006717,75000,prioritized,0.6,1.0,0.187864,20.570061,0.319375,-0.061077,0.448628,2.009537
1462,349346,0.05,1,229,131.25,24.26,0.006827,75000,prioritized,0.6,1.0,0.188786,20.570061,0.321468,-0.078475,0.439354,1.977266
1463,349618,0.05,-1,272,25.64,131.04,0.007871,75000,prioritized,0.6,1.0,0.189514,20.570061,0.334479,-0.202809,0.596496,3.647298
1464,349918,0.05,,300,27.7,22.9,0.006326,75000,prioritized,0.6,1.0,0.187357,20.570061,0.315036,-0.226641,0.603279,3.561865
1465,350218,0.05,,300,25.5,25.5,0.006719,75000,prioritized,0.6,1.0,0.189258,20.570061,0.316284,-0.142999,0.51624,2.690713
1466,350518,0.05,,300,25.3,25.3,0.006492,75000,prioritized,0.6,1.0,0.189477,20.570061,0.346767,-0.09721,0.51063,2.6315
1467,350618,0.05,-1,100,26.7,131.9,0.007191,75000,prioritized,0.6,1.0,0.189623,20.570061,0.345841,-0.102834,0.475635,2.351138
1468,350918,0.05,,300,22.9,28.7,0.007248,75000,prioritized,0.6,1.0,0.189989,20.570061,0.30821,-0.13816,0.460721,2.171748
1469,351218,0.05,,300,22.9,25.5,0.007504,75000,prioritized,0.6,1.0,0.191427,20.570061,0.292051,-0.090155,0.519117,2.413308
1470,351329,0.05,1,111,131.84,22.05,0.007851,75000,prioritized,0.6,1.0,0.193535,20.570061,0.353265,-0.124476,0.524537,2.372993
1471,351629,0.05,,300,23.3,23.1,0.007099,75000,prioritized,0.6,1.0,0.193699,20.570061,0.352841,-0.148024,0.53348,2.563901
1472,351929,0.05,,300,22.9,23.1,0.0063,75000,prioritized,0.6,1.0,0.192268,20.570061,0.345486,-0.119748,0.488976,2.198138
1473,352229,0.05,,300,25.3,25.1,0.006103,75000,prioritized,0.6,1.0,0.194321,20.570061,0.371736,-0.073018,0.462536,2.019667
1474,352529,0.05,,300,25.9,24.7,0.007207,75000,prioritized,0.6,1.0,0.192136,20.570061,0.33052,-0.076014,0.460496,1.907453
1475,352829,0.05,,300,25.5,27.7,0.007967,75000,prioritized,0.6,1.0,0.190925,20.570061,0.319422,-0.067608,0.47166,1.874444
1476,353129,0.05,,300,24.3,26.5,0.007841,75000,prioritized,0.6,1.0,0.192048,20.570061,0.330201,-0.040604,0.451372,1.785936
1477,353429,0.05,,300,25.5,24.7,0.006737,75000,prioritized,0.6,1.0,0.190765,20.570061,0.294275,-0.012557,0.442166,1.716462
1478,353729,0.05,,300,23.3,25.5,0.007593,75000,prioritized,0.6,1.0,0.191759,20.570061,0.337928,-0.106507,0.485321,1.9368
1479,354029,0.05,,300,24.3,27.9,0.005925,75000,prioritized,0.6,1.0,0.191166,20.570061,0.309831,-0.069216,0.421633,1.558531
1480,354329,0.05,,300,27.9,22.5,0.006489,75000,prioritized,0.6,1.0,0.189754,20.570061,0.299017,-0.042921,0.430156,1.665186
1481,354566,0.05,1,237,131.21,23.22,0.006328,75000,prioritized,0.6,1.0,0.189533,20.570061,0.308357,-0.044251,0.399556,1.473525
1482,354866,0.05,,300,28.7,22.3,0.005725,75000,prioritized,0.6,1.0,0.189464,20.570061,0.333423,-0.092789,0.470533,2.658804
1483,355013,0.05,1,147,131.66,26.27,0.004758,75000,prioritized,0.6,1.0,0.188624,20.570061,0.281073,-0.084288,0.410042,2.130221
1484,355313,0.05,,300,25.3,25.5,0.007291,75000,prioritized,0.6,1.0,0.191906,20.570061,0.324476,-0.046944,0.513178,2.678842
1485,355613,0.05,,300,27.7,27.7,0.006227,75000,prioritized,0.6,1.0,0.19053,20.570061,0.318532,-0.020563,0.454662,2.016786
1486,355794,0.05,1,181,131.49,23.9,0.004962,75000,prioritized,0.6,1.0,0.188451,20.570061,0.287292,-0.012652,0.38963,1.681991
1487,356094,0.05,,300,27.9,27.7,0.006958,75000,prioritized,0.6,1.0,0.192911,20.570061,0.334469,-0.065486,0.494405,2.603091
1488,356394,0.05,,300,27.5,25.3,0.006893,75000,prioritized,0.6,1.0,0.192161,20.570061,0.338068,-0.035999,0.484501,2.281068
1489,356694,0.05,,300,27.1,24.1,0.009206,75000,prioritized,0.6,1.0,0.19527,20.570061,0.32543,-0.047395,0.514584,2.196491
1490,356865,0.05,1,171,131.54,24.55,0.006813,75000,prioritized,0.6,1.0,0.195331,20.570061,0.347479,0.005069,0.529447,2.033899
1491,357165,0.05,,300,27.7,27.9,0.008824,75000,prioritized,0.6,1.0,0.197095,20.570061,0.340046,0.002983,0.568326,2.407935
1492,357465,0.05,,300,24.7,28.1,0.00741,75000,prioritized,0.6,1.0,0.195787,20.570061,0.341066,-0.023312,0.571681,2.61233
1493,357765,0.05,,300,25.3,25.5,0.007077,75000,prioritized,0.6,1.0,0.193926,20.570061,0.32722,-0.032247,0.536023,2.424602
1494,358065,0.05,,300,27.3,25.3,0.006949,75000,prioritized,0.6,1.0,0.194332,20.570061,0.311689,-0.045334,0.485832,2.167356
1495,358365,0.05,,300,22.7,25.3,0.007377,75000,prioritized,0.6,1.0,0.195867,20.570061,0.344623,-0.041795,0.513041,2.203681
1496,358665,0.05,,300,25.5,25.5,0.007828,75000,prioritized,0.6,1.0,0.19597,20.570061,0.335438,-0.022585,0.499428,2.157192
1497,358803,0.05,-1,138,26.11,131.71,0.00714,75000,prioritized,0.6,1.0,0.196258,20.570061,0.359112,-0.026948,0.509263,1.971069
1498,359103,0.05,,300,25.3,27.9,0.007759,75000,prioritized,0.6,1.0,0.196506,20.570061,0.355393,-0.048405,0.531714,2.208583
1499,359403,0.05,,300,27.9,25.7,0.008231,75000,prioritized,0.6,1.0,0.195996,20.570061,0.328988,-0.076071,0.504453,1.983839
1500,359703,0.05,,300,25.3,25.5,0.007203,75000,prioritized,0.6,1.0,0.193591,20.570061,0.304806,-0.058714,0.468261,1.946601
