episode,total_steps,epsilon,winner,moves,total_reward_player1,total_reward_player_minus1,loss_mean,buffer_size,replay_type,per_alpha,per_beta,priority_mean,priority_max,priority_std,td_error_mean,td_error_abs_mean,td_error_std
1,300,0.9905,,300,5.7,12.9,2.354229,300,uniform,nan,nan,nan,nan,nan,-1.656396,2.716823,4.18819
2,600,0.981,,300,6.1,12.7,1.150159,600,uniform,nan,nan,nan,nan,nan,-0.213969,1.48798,2.565898
3,900,0.9715,,300,11.3,14.9,0.893826,900,uniform,nan,nan,nan,nan,nan,-0.166555,1.22035,2.116494
4,1200,0.962,,300,2.3,2.9,2.189053,1200,uniform,nan,nan,nan,nan,nan,0.15192,2.598952,3.703315
5,1500,0.9525,,300,4.1,6.1,2.012102,1500,uniform,nan,nan,nan,nan,nan,0.275329,2.408785,3.555511
6,1800,0.943,,300,7.5,11.5,1.701018,1800,uniform,nan,nan,nan,nan,nan,0.145525,2.076979,3.272564
7,2100,0.9335,,300,7.9,7.5,1.409849,2100,uniform,nan,nan,nan,nan,nan,-0.092559,1.790391,2.768258
8,2400,0.924,,300,6.5,9.5,0.636773,2400,uniform,nan,nan,nan,nan,nan,-0.158965,0.992815,1.446008
9,2700,0.9145,,300,16.5,5.9,0.466752,2700,uniform,nan,nan,nan,nan,nan,-0.060819,0.78771,1.204235
10,3000,0.905,,300,14.3,6.7,0.390055,3000,uniform,nan,nan,nan,nan,nan,-0.040707,0.688733,1.091123
11,3300,0.8955,,300,7.7,13.3,0.526962,3300,uniform,nan,nan,nan,nan,nan,0.200888,0.898872,1.193329
12,3600,0.886,,300,8.3,10.7,0.275502,3600,uniform,nan,nan,nan,nan,nan,0.016106,0.582901,0.820414
13,3900,0.8765,,300,9.3,9.3,0.202782,3900,uniform,nan,nan,nan,nan,nan,-0.006633,0.470347,0.704064
14,4200,0.867,,300,11.7,23.5,0.276135,4200,uniform,nan,nan,nan,nan,nan,-0.112539,0.578228,0.816479
15,4500,0.8575,,300,12.9,11.7,0.132746,4500,uniform,nan,nan,nan,nan,nan,-0.012186,0.393223,0.530062
16,4800,0.848,,300,11.5,12.7,0.086716,4800,uniform,nan,nan,nan,nan,nan,-0.007563,0.309072,0.423149
17,5100,0.8385,,300,11.7,5.9,0.162791,5100,uniform,nan,nan,nan,nan,nan,0.084359,0.413891,0.601798
18,5400,0.829,,300,10.1,19.7,0.160734,5400,uniform,nan,nan,nan,nan,nan,0.038667,0.434936,0.592863
19,5700,0.8195,,300,13.9,12.7,0.109006,5700,uniform,nan,nan,nan,nan,nan,0.006971,0.338452,0.491913
20,6000,0.81,,300,17.7,18.7,0.087611,6000,uniform,nan,nan,nan,nan,nan,0.002962,0.290352,0.43934
21,6300,0.8005,,300,6.3,16.5,0.131794,6300,uniform,nan,nan,nan,nan,nan,-0.066863,0.379411,0.532061
22,6600,0.791,,300,13.9,14.5,0.057906,6600,uniform,nan,nan,nan,nan,nan,-0.005414,0.244419,0.349537
23,6900,0.7815,,300,10.7,12.9,0.042691,6900,uniform,nan,nan,nan,nan,nan,-0.003155,0.199402,0.300709
24,7200,0.772,,300,17.7,16.9,0.114666,7200,uniform,nan,nan,nan,nan,nan,0.049879,0.339212,0.500102
25,7500,0.7625,,300,19.5,22.7,0.078495,7500,uniform,nan,nan,nan,nan,nan,0.008848,0.281105,0.40979
26,7800,0.753,,300,25.5,20.7,0.056935,7800,uniform,nan,nan,nan,nan,nan,0.001737,0.226814,0.349789
27,8100,0.7435,,300,15.7,20.1,0.079494,8100,uniform,nan,nan,nan,nan,nan,-0.035122,0.267177,0.412474
28,8400,0.734,,300,19.1,19.7,0.05911,8400,uniform,nan,nan,nan,nan,nan,-0.013853,0.243831,0.353908
29,8700,0.7245,,300,20.1,14.3,0.039752,8700,uniform,nan,nan,nan,nan,nan,-0.006417,0.184833,0.297018
30,9000,0.715,,300,14.5,19.1,0.030628,9000,uniform,nan,nan,nan,nan,nan,-0.005663,0.154894,0.264594
31,9300,0.7055,,300,17.9,16.1,0.081864,9300,uniform,nan,nan,nan,nan,nan,0.039145,0.287631,0.416702
32,9600,0.696,,300,20.7,21.3,0.042764,9600,uniform,nan,nan,nan,nan,nan,0.00437,0.195015,0.30222
33,9900,0.6865,,300,25.7,19.9,0.032407,9900,uniform,nan,nan,nan,nan,nan,0.002416,0.160687,0.263841
34,10200,0.677,,300,25.1,23.5,0.060674,10200,uniform,nan,nan,nan,nan,nan,-0.034547,0.234679,0.356315
35,10500,0.6675,,300,19.7,19.9,0.036379,10500,uniform,nan,nan,nan,nan,nan,-0.009001,0.177565,0.282891
36,10800,0.658,,300,20.5,17.1,0.0279,10800,uniform,nan,nan,nan,nan,nan,-0.007358,0.142875,0.252029
37,11100,0.6485,,300,28.3,24.5,0.047645,11100,uniform,nan,nan,nan,nan,nan,0.021545,0.192938,0.317988
38,11400,0.639,,300,22.7,23.5,0.047219,11400,uniform,nan,nan,nan,nan,nan,0.005793,0.205977,0.31634
39,11700,0.6295,,300,16.5,19.7,0.031153,11700,uniform,nan,nan,nan,nan,nan,0.004099,0.161106,0.253669
40,12000,0.62,,300,19.3,25.9,0.024537,12000,uniform,nan,nan,nan,nan,nan,0.001936,0.135152,0.228858
41,12283,0.611038,1,283,130.98,19.39,0.05627,12283,uniform,nan,nan,nan,nan,nan,-0.032166,0.235065,0.341534
42,12583,0.601538,,300,16.7,15.3,0.033439,12583,uniform,nan,nan,nan,nan,nan,-0.000161,0.162132,0.786759
43,12883,0.592038,,300,24.5,14.9,0.027772,12883,uniform,nan,nan,nan,nan,nan,0.001326,0.136376,0.778911
44,13183,0.582538,,300,20.3,21.3,0.062085,13183,uniform,nan,nan,nan,nan,nan,0.038973,0.216726,1.325206
45,13483,0.573038,,300,25.5,23.1,0.038986,13483,uniform,nan,nan,nan,nan,nan,0.009713,0.177665,0.788101
46,13783,0.563538,,300,15.5,21.1,0.031978,13783,uniform,nan,nan,nan,nan,nan,0.006416,0.148173,0.778591
47,14083,0.554038,,300,12.9,26.3,0.035481,14083,uniform,nan,nan,nan,nan,nan,-0.018332,0.168792,0.271289
48,14383,0.544538,,300,17.5,24.7,0.03108,14383,uniform,nan,nan,nan,nan,nan,-0.009902,0.171968,0.253763
49,14683,0.535038,,300,28.7,20.5,0.022858,14683,uniform,nan,nan,nan,nan,nan,-0.006354,0.13672,0.224595
50,14959,0.526298,-1,276,26.02,131.02,0.02509,14959,uniform,nan,nan,nan,nan,nan,0.00169,0.124005,0.802244
51,15259,0.516798,,300,23.3,28.1,0.072831,15259,uniform,nan,nan,nan,nan,nan,0.054997,0.229574,1.821908
52,15559,0.507298,,300,21.9,24.9,0.041219,15559,uniform,nan,nan,nan,nan,nan,0.020839,0.165067,1.283596
53,15859,0.497798,,300,26.3,22.7,0.031075,15859,uniform,nan,nan,nan,nan,nan,0.012077,0.137647,1.049104
54,16159,0.488298,,300,28.5,21.3,0.039156,16159,uniform,nan,nan,nan,nan,nan,-0.013378,0.176994,0.782459
55,16459,0.478798,,300,24.1,22.9,0.036784,16459,uniform,nan,nan,nan,nan,nan,0.002099,0.162209,1.066025
56,16759,0.469298,,300,19.9,22.9,0.046256,16759,uniform,nan,nan,nan,nan,nan,0.021295,0.151486,1.651069
57,16998,0.46173,1,239,131.2,25.81,0.031385,16998,uniform,nan,nan,nan,nan,nan,0.009457,0.127058,1.174299
58,17255,0.453592,1,257,131.11,20.12,0.050077,17255,uniform,nan,nan,nan,nan,nan,0.033013,0.207335,1.137145
59,17555,0.444092,,300,28.3,28.1,0.038544,17555,uniform,nan,nan,nan,nan,nan,0.018775,0.155771,1.267016
60,17855,0.434592,,300,28.7,25.5,0.028071,17855,uniform,nan,nan,nan,nan,nan,0.012272,0.129326,1.047098
61,18073,0.427688,-1,218,17.91,131.31,0.0563,18073,uniform,nan,nan,nan,nan,nan,0.012729,0.181736,1.717315
62,18373,0.418188,,300,28.7,28.7,0.046435,18373,uniform,nan,nan,nan,nan,nan,0.011016,0.17625,1.473523
63,18673,0.408688,,300,28.1,21.5,0.045042,18673,uniform,nan,nan,nan,nan,nan,0.022429,0.151589,1.644467
64,18973,0.399188,,300,28.3,26.1,0.047164,18973,uniform,nan,nan,nan,nan,nan,0.028968,0.143032,1.803546
65,19193,0.392222,-1,220,29.1,131.3,0.05538,19193,uniform,nan,nan,nan,nan,nan,0.040154,0.205407,1.479749
66,19493,0.382722,,300,25.7,28.1,0.074458,19493,uniform,nan,nan,nan,nan,nan,0.055606,0.194825,2.305246
67,19698,0.37623,1,205,131.37,25.98,0.0261,19698,uniform,nan,nan,nan,nan,nan,0.010909,0.131204,0.909149
68,19925,0.369042,1,227,131.26,26.07,0.056881,19925,uniform,nan,nan,nan,nan,nan,0.042601,0.154862,2.045158
69,20162,0.361537,1,237,131.21,26.02,0.058098,20162,uniform,nan,nan,nan,nan,nan,0.006557,0.19771,1.658629
70,20322,0.35647,-1,160,20.8,131.6,0.082065,20322,uniform,nan,nan,nan,nan,nan,0.050813,0.209141,2.440615
71,20520,0.3502,-1,198,28.61,131.41,0.084292,20520,uniform,nan,nan,nan,nan,nan,0.058944,0.197086,2.561858
72,20708,0.344247,-1,188,28.86,131.46,0.085072,20708,uniform,nan,nan,nan,nan,nan,0.064167,0.190329,2.621839
73,20883,0.338705,1,175,131.52,23.13,0.033347,20883,uniform,nan,nan,nan,nan,nan,0.01493,0.131439,1.365856
74,21026,0.334177,1,143,131.68,23.89,0.115199,21026,uniform,nan,nan,nan,nan,nan,0.098399,0.236581,2.994289
75,21176,0.329427,-1,150,24.25,131.65,0.082436,21176,uniform,nan,nan,nan,nan,nan,0.062649,0.229126,2.2897
76,21390,0.32265,-1,214,28.33,131.33,0.044976,21390,uniform,nan,nan,nan,nan,nan,0.027526,0.168728,1.491077
77,21564,0.31714,-1,174,28.93,131.53,0.100416,21564,uniform,nan,nan,nan,nan,nan,0.082446,0.212935,2.843892
78,21776,0.310427,-1,212,29.14,131.34,0.084506,21776,uniform,nan,nan,nan,nan,nan,0.067808,0.191063,2.594811
79,21959,0.304632,1,183,131.48,24.69,0.118126,21959,uniform,nan,nan,nan,nan,nan,0.10455,0.21567,3.226907
80,22132,0.299153,1,173,131.53,26.34,0.140192,22132,uniform,nan,nan,nan,nan,nan,0.088299,0.285733,3.327562
81,22295,0.293992,1,163,131.58,28.79,0.118351,22295,uniform,nan,nan,nan,nan,nan,0.087648,0.244,3.123535
82,22463,0.288672,-1,168,28.16,131.56,0.140298,22463,uniform,nan,nan,nan,nan,nan,0.116158,0.256712,3.503981
83,22693,0.281388,-1,230,28.65,131.25,0.133366,22693,uniform,nan,nan,nan,nan,nan,0.112134,0.239156,3.442863
84,22831,0.277018,-1,138,26.51,131.71,0.105744,22831,uniform,nan,nan,nan,nan,nan,0.087828,0.204427,3.02682
85,22972,0.272553,1,141,131.69,26.1,0.147912,22972,uniform,nan,nan,nan,nan,nan,0.129488,0.242573,3.682293
86,23121,0.267835,1,149,131.65,28.86,0.160757,23121,uniform,nan,nan,nan,nan,nan,0.145729,0.313099,3.562693
87,23287,0.262578,-1,166,26.57,131.57,0.109319,23287,uniform,nan,nan,nan,nan,nan,0.088599,0.240909,2.907998
88,23489,0.256182,-1,202,28.39,131.39,0.181445,23489,uniform,nan,nan,nan,nan,nan,0.164315,0.299357,4.026474
89,23688,0.24988,1,199,131.4,21.41,0.119117,23688,uniform,nan,nan,nan,nan,nan,0.103417,0.226205,3.194719
90,23860,0.244433,-1,172,29.34,131.54,0.150951,23860,uniform,nan,nan,nan,nan,nan,0.133992,0.253096,3.668869
91,24089,0.237182,1,229,131.25,28.46,0.127836,24089,uniform,nan,nan,nan,nan,nan,0.088746,0.2563,3.208223
92,24214,0.233223,1,125,131.77,25.98,0.125291,24214,uniform,nan,nan,nan,nan,nan,0.089363,0.257948,3.195891
93,24383,0.227872,1,169,131.55,28.76,0.151423,24383,uniform,nan,nan,nan,nan,nan,0.122149,0.275233,3.61959
94,24532,0.223153,1,149,131.65,23.06,0.112805,24532,uniform,nan,nan,nan,nan,nan,0.090618,0.226323,3.084701
95,24679,0.218498,1,147,131.66,22.67,0.166275,24679,uniform,nan,nan,nan,nan,nan,0.141756,0.273775,3.857458
96,24789,0.215015,-1,110,23.65,131.85,0.100887,24789,uniform,nan,nan,nan,nan,nan,0.081228,0.202385,2.925388
97,24942,0.21017,1,153,131.63,29.24,0.148164,24942,uniform,nan,nan,nan,nan,nan,0.130203,0.24721,3.670866
98,25088,0.205547,-1,146,26.27,131.67,0.117447,25088,uniform,nan,nan,nan,nan,nan,0.102511,0.26049,2.946764
99,25246,0.200543,-1,158,28.81,131.61,0.161444,25246,uniform,nan,nan,nan,nan,nan,0.145242,0.295066,3.71836
100,25380,0.1963,-1,134,23.93,131.73,0.171103,25380,uniform,nan,nan,nan,nan,nan,0.153302,0.290563,3.890034
101,25561,0.190568,1,181,131.49,26.3,0.197717,25561,uniform,nan,nan,nan,nan,nan,0.181511,0.3109,4.239633
102,25704,0.18604,1,143,131.68,26.09,0.200612,25704,uniform,nan,nan,nan,nan,nan,0.184518,0.306969,4.279741
103,25879,0.180498,1,175,131.52,26.93,0.148794,25879,uniform,nan,nan,nan,nan,nan,0.133651,0.250901,3.656495
104,26002,0.176603,1,123,131.78,28.99,0.183523,26002,uniform,nan,nan,nan,nan,nan,0.15395,0.287316,4.051295
105,26159,0.171632,1,157,131.61,28.22,0.200616,26159,uniform,nan,nan,nan,nan,nan,0.150414,0.355339,4.111192
106,26280,0.1678,1,121,131.79,28.8,0.115206,26280,uniform,nan,nan,nan,nan,nan,0.079102,0.244095,3.003728
107,26474,0.161657,-1,194,25.63,131.43,0.286813,26474,uniform,nan,nan,nan,nan,nan,0.256963,0.407412,5.161787
108,26661,0.155735,1,187,131.46,26.67,0.168056,26661,uniform,nan,nan,nan,nan,nan,0.14545,0.279472,3.883434
109,26851,0.149718,-1,190,24.25,131.45,0.155891,26851,uniform,nan,nan,nan,nan,nan,0.134755,0.259614,3.73812
110,27074,0.142657,1,223,131.28,29.09,0.181498,27074,uniform,nan,nan,nan,nan,nan,0.161442,0.309944,3.934948
111,27374,0.133157,,300,27.9,25.7,0.163416,27374,uniform,nan,nan,nan,nan,nan,0.143879,0.293616,3.720638
112,27592,0.126253,-1,218,26.11,131.31,0.217486,27592,uniform,nan,nan,nan,nan,nan,0.200145,0.331148,4.448035
113,27698,0.122897,-1,106,25.87,131.87,0.163655,27698,uniform,nan,nan,nan,nan,nan,0.147405,0.272344,3.808609
114,27841,0.118368,1,143,131.68,25.29,0.253406,27841,uniform,nan,nan,nan,nan,nan,0.235784,0.358115,4.844559
115,27958,0.114663,1,117,131.81,29.22,0.174574,27958,uniform,nan,nan,nan,nan,nan,0.157932,0.277542,3.95038
116,28141,0.108868,1,183,131.48,26.29,0.193723,28141,uniform,nan,nan,nan,nan,nan,0.138287,0.342033,4.003419
117,28315,0.103358,-1,174,23.33,131.53,0.25578,28315,uniform,nan,nan,nan,nan,nan,0.222555,0.386333,4.828731
118,28451,0.099052,-1,136,26.12,131.72,0.261652,28451,uniform,nan,nan,nan,nan,nan,0.230592,0.381772,4.909782
119,28559,0.095632,-1,108,28.86,131.86,0.238048,28559,uniform,nan,nan,nan,nan,nan,0.211354,0.354667,4.680576
120,28737,0.089995,-1,178,28.91,131.51,0.210659,28737,uniform,nan,nan,nan,nan,nan,0.185951,0.321907,4.388
121,28850,0.086417,1,113,131.83,29.04,0.26746,28850,uniform,nan,nan,nan,nan,nan,0.242123,0.376336,4.972333
122,28945,0.083408,1,95,131.92,29.13,0.280617,28945,uniform,nan,nan,nan,nan,nan,0.257029,0.387304,5.125706
123,29099,0.078532,-1,154,26.43,131.63,0.238387,29099,uniform,nan,nan,nan,nan,nan,0.216718,0.389812,4.477625
124,29219,0.074732,-1,120,28.6,131.8,0.190108,29219,uniform,nan,nan,nan,nan,nan,0.172227,0.325856,4.061285
125,29322,0.07147,1,103,131.88,23.49,0.321131,29322,uniform,nan,nan,nan,nan,nan,0.300097,0.450603,5.437031
126,29472,0.06672,-1,150,28.65,131.65,0.216559,29472,uniform,nan,nan,nan,nan,nan,0.197614,0.336576,4.412039
127,29602,0.062603,-1,130,23.35,131.75,0.303045,29602,uniform,nan,nan,nan,nan,nan,0.28353,0.420306,5.271301
128,29719,0.058898,1,117,131.81,26.42,0.163197,29719,uniform,nan,nan,nan,nan,nan,0.144955,0.273317,3.789082
129,29834,0.055257,1,115,131.82,23.03,0.300698,29834,uniform,nan,nan,nan,nan,nan,0.278207,0.411382,5.271768
130,29961,0.051235,1,127,131.76,29.57,0.247868,29961,uniform,nan,nan,nan,nan,nan,0.228542,0.352793,4.771293
131,30132,0.05,1,171,131.54,28.55,0.254082,30132,uniform,nan,nan,nan,nan,nan,0.190609,0.408249,4.649559
132,30256,0.05,-1,124,28.98,131.78,0.291929,30256,uniform,nan,nan,nan,nan,nan,0.249926,0.429168,5.131915
133,30370,0.05,-1,114,29.63,131.83,0.28244,30370,uniform,nan,nan,nan,nan,nan,0.248067,0.410928,5.068566
134,30640,0.05,-1,270,28.85,131.05,0.239723,30640,uniform,nan,nan,nan,nan,nan,0.208058,0.359661,4.637756
135,30767,0.05,1,127,131.76,28.97,0.278786,30767,uniform,nan,nan,nan,nan,nan,0.247625,0.392126,5.069949
136,30956,0.05,1,189,131.45,27.06,0.26612,30956,uniform,nan,nan,nan,nan,nan,0.236501,0.375525,4.933951
137,31074,0.05,-1,118,24.41,131.81,0.353062,31074,uniform,nan,nan,nan,nan,nan,0.325579,0.509023,5.561578
138,31206,0.05,-1,132,28.74,131.74,0.27354,31206,uniform,nan,nan,nan,nan,nan,0.250971,0.414832,4.915194
139,31360,0.05,-1,154,26.03,131.63,0.285557,31360,uniform,nan,nan,nan,nan,nan,0.258357,0.418082,5.039128
140,31475,0.05,1,115,131.82,29.63,0.315819,31475,uniform,nan,nan,nan,nan,nan,0.292714,0.440193,5.368745
141,31625,0.05,-1,150,28.65,131.65,0.289412,31625,uniform,nan,nan,nan,nan,nan,0.26398,0.40988,5.096674
142,31847,0.05,-1,222,29.09,131.29,0.302761,31847,uniform,nan,nan,nan,nan,nan,0.278532,0.417507,5.258363
143,32017,0.05,-1,170,26.35,131.55,0.288482,32017,uniform,nan,nan,nan,nan,nan,0.244272,0.412001,5.06828
144,32140,0.05,1,123,131.78,25.39,0.299357,32140,uniform,nan,nan,nan,nan,nan,0.248515,0.453959,5.117527
145,32291,0.05,1,151,131.64,28.25,0.315635,32291,uniform,nan,nan,nan,nan,nan,0.272736,0.454364,5.332241
146,32424,0.05,1,133,131.73,25.14,0.339668,32424,uniform,nan,nan,nan,nan,nan,0.300999,0.471181,5.566379
147,32527,0.05,1,103,131.88,29.49,0.267236,32527,uniform,nan,nan,nan,nan,nan,0.230699,0.392515,4.9018
148,32782,0.05,1,255,131.12,26.73,0.288655,32782,uniform,nan,nan,nan,nan,nan,0.257774,0.406813,5.132273
149,32921,0.05,1,139,131.7,29.11,0.26722,32921,uniform,nan,nan,nan,nan,nan,0.235321,0.380234,4.935967
150,33030,0.05,1,109,131.85,28.86,0.277422,33030,uniform,nan,nan,nan,nan,nan,0.249565,0.41989,4.921402
151,33131,0.05,1,101,131.89,29.3,0.246999,33131,uniform,nan,nan,nan,nan,nan,0.220767,0.398827,4.573719
152,33243,0.05,-1,112,28.64,131.84,0.316993,33243,uniform,nan,nan,nan,nan,nan,0.288431,0.456458,5.321943
153,33353,0.05,-1,110,27.25,131.85,0.387092,33353,uniform,nan,nan,nan,nan,nan,0.362796,0.518952,5.964152
154,33551,0.05,-1,198,29.01,131.41,0.248325,33551,uniform,nan,nan,nan,nan,nan,0.219705,0.372266,4.667197
155,33666,0.05,1,115,131.82,29.43,0.310823,33666,uniform,nan,nan,nan,nan,nan,0.29141,0.425621,5.339085
156,33761,0.05,1,95,131.92,29.73,0.280837,33761,uniform,nan,nan,nan,nan,nan,0.253684,0.394657,5.056133
157,33855,0.05,-1,94,26.33,131.93,0.234839,33855,uniform,nan,nan,nan,nan,nan,0.207075,0.347505,4.554617
158,33976,0.05,1,121,131.79,24.0,0.222191,33976,uniform,nan,nan,nan,nan,nan,0.200092,0.32903,4.448964
159,34125,0.05,1,149,131.65,26.46,0.360223,34125,uniform,nan,nan,nan,nan,nan,0.291107,0.520857,5.61952
160,34247,0.05,-1,122,28.79,131.79,0.295367,34247,uniform,nan,nan,nan,nan,nan,0.248205,0.437525,5.082837
161,34357,0.05,-1,110,26.85,131.85,0.351946,34357,uniform,nan,nan,nan,nan,nan,0.309276,0.488151,5.65038
162,34476,0.05,1,119,131.8,27.41,0.285131,34476,uniform,nan,nan,nan,nan,nan,0.246044,0.41401,5.032008
163,34614,0.05,-1,138,29.31,131.71,0.282453,34614,uniform,nan,nan,nan,nan,nan,0.243944,0.406416,5.019123
164,34712,0.05,-1,98,24.11,131.91,0.322533,34712,uniform,nan,nan,nan,nan,nan,0.288591,0.444669,5.418093
165,34822,0.05,-1,110,26.25,131.85,0.262488,34822,uniform,nan,nan,nan,nan,nan,0.225794,0.381025,4.845849
166,34924,0.05,-1,102,27.49,131.89,0.365664,34924,uniform,nan,nan,nan,nan,nan,0.338033,0.482381,5.793063
167,35104,0.05,-1,180,28.3,131.5,0.31878,35104,uniform,nan,nan,nan,nan,nan,0.289924,0.469162,5.272032
168,35204,0.05,-1,100,29.5,131.9,0.280011,35204,uniform,nan,nan,nan,nan,nan,0.244551,0.422872,4.938305
169,35301,0.05,1,97,131.91,29.72,0.314259,35301,uniform,nan,nan,nan,nan,nan,0.280131,0.451252,5.263876
170,35407,0.05,-1,106,28.47,131.87,0.310755,35407,uniform,nan,nan,nan,nan,nan,0.285104,0.444264,5.253232
171,35587,0.05,-1,180,28.7,131.5,0.357538,35587,uniform,nan,nan,nan,nan,nan,0.327049,0.4861,5.677918
172,35706,0.05,1,119,131.8,29.61,0.217446,35706,uniform,nan,nan,nan,nan,nan,0.189868,0.340401,4.345203
173,35833,0.05,1,127,131.76,28.37,0.302196,35833,uniform,nan,nan,nan,nan,nan,0.271443,0.420782,5.214587
174,36068,0.05,1,235,131.22,28.83,0.327577,36068,uniform,nan,nan,nan,nan,nan,0.272167,0.468441,5.315761
175,36153,0.05,1,85,131.97,26.98,0.367408,36153,uniform,nan,nan,nan,nan,nan,0.304348,0.52029,5.682025
176,36266,0.05,1,113,131.83,23.84,0.335072,36266,uniform,nan,nan,nan,nan,nan,0.277356,0.477749,5.40695
177,36375,0.05,1,109,131.85,28.66,0.41969,36375,uniform,nan,nan,nan,nan,nan,0.370055,0.557518,6.134381
178,36675,0.05,,300,27.3,26.5,0.288081,36675,uniform,nan,nan,nan,nan,nan,0.244795,0.417785,5.014978
179,36832,0.05,1,157,131.61,26.82,0.263628,36832,uniform,nan,nan,nan,nan,nan,0.222671,0.385038,4.820481
180,37132,0.05,,300,22.3,26.5,0.37625,37132,uniform,nan,nan,nan,nan,nan,0.336659,0.518199,5.748216
181,37376,0.05,-1,244,28.38,131.18,0.274533,37376,uniform,nan,nan,nan,nan,nan,0.237774,0.411859,4.835091
182,37473,0.05,1,97,131.91,28.72,0.42396,37473,uniform,nan,nan,nan,nan,nan,0.379798,0.556914,6.148417
183,37595,0.05,-1,122,29.59,131.79,0.354361,37595,uniform,nan,nan,nan,nan,nan,0.314291,0.483826,5.582126
184,37730,0.05,1,135,131.72,28.53,0.375043,37730,uniform,nan,nan,nan,nan,nan,0.331925,0.501202,5.722363
185,37994,0.05,-1,264,28.08,131.08,0.358513,37994,uniform,nan,nan,nan,nan,nan,0.323961,0.481803,5.646516
186,38121,0.05,1,127,131.76,29.17,0.374811,38121,uniform,nan,nan,nan,nan,nan,0.287797,0.549184,5.600544
187,38214,0.05,1,93,131.93,24.94,0.401639,38214,uniform,nan,nan,nan,nan,nan,0.338709,0.550725,5.957014
188,38318,0.05,-1,104,27.28,131.88,0.287239,38318,uniform,nan,nan,nan,nan,nan,0.225323,0.433426,4.869228
189,38420,0.05,-1,102,26.69,131.89,0.34654,38420,uniform,nan,nan,nan,nan,nan,0.2911,0.486086,5.46606
190,38518,0.05,-1,98,24.11,131.91,0.436594,38518,uniform,nan,nan,nan,nan,nan,0.384881,0.574669,6.243139
191,38638,0.05,-1,120,29.4,131.8,0.285096,38638,uniform,nan,nan,nan,nan,nan,0.236892,0.415738,4.971937
192,38757,0.05,1,119,131.8,29.61,0.4543,38757,uniform,nan,nan,nan,nan,nan,0.401022,0.584056,6.376526
193,38888,0.05,1,131,131.74,24.35,0.342992,38888,uniform,nan,nan,nan,nan,nan,0.289255,0.471584,5.416323
194,38998,0.05,-1,110,26.25,131.85,0.291941,38998,uniform,nan,nan,nan,nan,nan,0.249012,0.416413,5.0321
195,39108,0.05,-1,110,27.25,131.85,0.244654,39108,uniform,nan,nan,nan,nan,nan,0.202075,0.423212,4.262688
196,39210,0.05,-1,102,27.09,131.89,0.33521,39210,uniform,nan,nan,nan,nan,nan,0.283374,0.483761,5.28408
197,39344,0.05,-1,134,28.73,131.73,0.282716,39344,uniform,nan,nan,nan,nan,nan,0.237673,0.425615,4.824979
198,39476,0.05,-1,132,29.54,131.74,0.368653,39476,uniform,nan,nan,nan,nan,nan,0.327675,0.505959,5.615703
199,39616,0.05,-1,140,26.5,131.7,0.405075,39616,uniform,nan,nan,nan,nan,nan,0.358006,0.540169,5.913763
200,39763,0.05,1,147,131.66,26.87,0.326431,39763,uniform,nan,nan,nan,nan,nan,0.285105,0.456176,5.305536
201,39927,0.05,-1,164,26.38,131.58,0.465472,39927,uniform,nan,nan,nan,nan,nan,0.418862,0.594928,6.375257
202,40034,0.05,1,107,131.86,29.07,0.455474,40034,uniform,nan,nan,nan,nan,nan,0.36329,0.615389,6.185462
203,40131,0.05,1,97,131.91,27.52,0.328832,40131,uniform,nan,nan,nan,nan,nan,0.248691,0.49539,5.137787
204,40298,0.05,1,167,131.56,29.37,0.415506,40298,uniform,nan,nan,nan,nan,nan,0.336294,0.568995,5.909094
205,40407,0.05,1,109,131.85,29.26,0.354666,40407,uniform,nan,nan,nan,nan,nan,0.290111,0.501112,5.435961
206,40556,0.05,1,149,131.65,23.86,0.35422,40556,uniform,nan,nan,nan,nan,nan,0.292688,0.495634,5.425896
207,40782,0.05,-1,226,26.07,131.27,0.360602,40782,uniform,nan,nan,nan,nan,nan,0.292804,0.49758,5.498185
208,40961,0.05,1,179,131.5,26.51,0.336174,40961,uniform,nan,nan,nan,nan,nan,0.272361,0.468314,5.270778
209,41077,0.05,-1,116,26.02,131.82,0.486149,41077,uniform,nan,nan,nan,nan,nan,0.417839,0.661613,6.296506
210,41218,0.05,1,141,131.69,29.1,0.441979,41218,uniform,nan,nan,nan,nan,nan,0.374642,0.598575,6.033145
211,41360,0.05,-1,142,28.49,131.69,0.356312,41360,uniform,nan,nan,nan,nan,nan,0.27267,0.506976,5.274502
212,41470,0.05,-1,110,29.65,131.85,0.319066,41470,uniform,nan,nan,nan,nan,nan,0.240144,0.467508,4.924749
213,41598,0.05,-1,128,26.36,131.76,0.44069,41598,uniform,nan,nan,nan,nan,nan,0.370216,0.582417,5.999601
214,41746,0.05,-1,148,26.26,131.66,0.392597,41746,uniform,nan,nan,nan,nan,nan,0.324583,0.532663,5.611414
215,41883,0.05,1,137,131.71,27.32,0.333441,41883,uniform,nan,nan,nan,nan,nan,0.268774,0.468402,5.110791
216,42003,0.05,-1,120,26.8,131.8,0.274611,42003,uniform,nan,nan,nan,nan,nan,0.195692,0.417313,4.563707
217,42150,0.05,1,147,131.66,25.07,0.366635,42150,uniform,nan,nan,nan,nan,nan,0.247831,0.546201,5.191338
218,42262,0.05,-1,112,24.24,131.84,0.39179,42262,uniform,nan,nan,nan,nan,nan,0.313937,0.549432,5.602059
219,42364,0.05,-1,102,21.69,131.89,0.432083,42364,uniform,nan,nan,nan,nan,nan,0.351502,0.585789,5.951397
220,42510,0.05,-1,146,29.47,131.67,0.384646,42510,uniform,nan,nan,nan,nan,nan,0.28593,0.532615,5.498777
221,42648,0.05,-1,138,29.11,131.71,0.46272,42648,uniform,nan,nan,nan,nan,nan,0.370046,0.608894,6.126577
222,42780,0.05,-1,132,26.74,131.74,0.399597,42780,uniform,nan,nan,nan,nan,nan,0.309223,0.543969,5.604039
223,42882,0.05,-1,102,29.09,131.89,0.398393,42882,uniform,nan,nan,nan,nan,nan,0.288706,0.541465,5.520805
224,43025,0.05,1,143,131.68,26.29,0.468599,43025,uniform,nan,nan,nan,nan,nan,0.381669,0.627661,6.107963
225,43178,0.05,1,153,131.63,28.44,0.37376,43178,uniform,nan,nan,nan,nan,nan,0.267204,0.549357,5.175508
226,43385,0.05,1,207,131.36,29.17,0.432888,43385,uniform,nan,nan,nan,nan,nan,0.333481,0.593688,5.731212
227,43500,0.05,1,115,131.82,29.03,0.404874,43500,uniform,nan,nan,nan,nan,nan,0.294325,0.557662,5.437191
228,43800,0.05,,300,26.5,26.9,0.377185,43800,uniform,nan,nan,nan,nan,nan,0.276219,0.526454,5.257738
229,44028,0.05,-1,228,28.66,131.26,0.367629,44028,uniform,nan,nan,nan,nan,nan,0.254859,0.525056,5.150711
230,44128,0.05,-1,100,23.1,131.9,0.506418,44128,uniform,nan,nan,nan,nan,nan,0.329558,0.694673,6.096225
231,44237,0.05,1,109,131.85,26.26,0.509218,44237,uniform,nan,nan,nan,nan,nan,0.362348,0.6857,6.199811
232,44428,0.05,1,191,131.44,29.25,0.438829,44428,uniform,nan,nan,nan,nan,nan,0.296863,0.606438,5.644796
233,44562,0.05,-1,134,26.73,131.73,0.372236,44562,uniform,nan,nan,nan,nan,nan,0.249956,0.533129,5.115474
234,44720,0.05,-1,158,23.81,131.61,0.320432,44720,uniform,nan,nan,nan,nan,nan,0.215785,0.476166,4.66483
235,44827,0.05,1,107,131.86,26.87,0.382953,44827,uniform,nan,nan,nan,nan,nan,0.239069,0.536661,5.196826
236,45003,0.05,-1,176,26.72,131.52,0.410712,45003,uniform,nan,nan,nan,nan,nan,0.246427,0.568362,5.328825
237,45129,0.05,-1,126,28.77,131.77,0.397264,45129,uniform,nan,nan,nan,nan,nan,0.22961,0.597187,4.993186
238,45256,0.05,1,127,131.76,29.57,0.450361,45256,uniform,nan,nan,nan,nan,nan,0.299347,0.627564,5.481377
239,45418,0.05,-1,162,26.39,131.59,0.437332,45418,uniform,nan,nan,nan,nan,nan,0.277246,0.606407,5.369562
240,45565,0.05,1,147,131.66,29.47,0.454963,45565,uniform,nan,nan,nan,nan,nan,0.290843,0.620275,5.655749
241,45865,0.05,,300,28.7,25.7,0.391163,45865,uniform,nan,nan,nan,nan,nan,0.237689,0.551364,4.992671
242,45991,0.05,-1,126,29.57,131.77,0.480953,45991,uniform,nan,nan,nan,nan,nan,0.324235,0.640368,5.710287
243,46109,0.05,-1,118,26.81,131.81,0.480773,46109,uniform,nan,nan,nan,nan,nan,0.240805,0.681859,5.4728
244,46238,0.05,1,129,131.75,24.56,0.404499,46238,uniform,nan,nan,nan,nan,nan,0.199745,0.588726,5.104823
245,46331,0.05,1,93,131.93,23.94,0.463373,46331,uniform,nan,nan,nan,nan,nan,0.2037,0.644247,5.083313
246,46499,0.05,-1,168,24.96,131.56,0.433896,46499,uniform,nan,nan,nan,nan,nan,0.203224,0.609162,5.102942
247,46700,0.05,1,201,131.39,24.6,0.476131,46700,uniform,nan,nan,nan,nan,nan,0.297306,0.644635,5.573209
248,46838,0.05,-1,138,26.11,131.71,0.47339,46838,uniform,nan,nan,nan,nan,nan,0.287014,0.641944,5.628726
249,46984,0.05,-1,146,26.47,131.67,0.348376,46984,uniform,nan,nan,nan,nan,nan,0.13881,0.513294,4.389061
250,47190,0.05,-1,206,27.97,131.37,0.47942,47190,uniform,nan,nan,nan,nan,nan,0.235252,0.674763,5.359658
251,47341,0.05,1,151,131.64,23.65,0.468361,47341,uniform,nan,nan,nan,nan,nan,0.207704,0.651168,5.179315
252,47436,0.05,1,95,131.92,23.93,0.313601,47436,uniform,nan,nan,nan,nan,nan,0.146709,0.492029,4.081928
253,47567,0.05,1,131,131.74,23.15,0.516459,47567,uniform,nan,nan,nan,nan,nan,0.282035,0.694192,5.480761
254,47736,0.05,1,169,131.55,25.96,0.414497,47736,uniform,nan,nan,nan,nan,nan,0.137559,0.586446,4.660807
255,47919,0.05,1,183,131.48,29.29,0.432725,47919,uniform,nan,nan,nan,nan,nan,0.18738,0.604153,4.861664
256,48219,0.05,-1,300,25.7,130.9,0.397941,48219,uniform,nan,nan,nan,nan,nan,0.076326,0.593136,4.498412
257,48437,0.05,-1,218,28.31,131.31,0.481692,48437,uniform,nan,nan,nan,nan,nan,0.142435,0.67021,5.067204
258,48539,0.05,-1,102,29.69,131.89,0.420585,48539,uniform,nan,nan,nan,nan,nan,0.010573,0.60052,4.573927
259,48839,0.05,,300,23.1,28.7,0.408861,48839,uniform,nan,nan,nan,nan,nan,0.130602,0.589209,4.501207
260,49098,0.05,1,259,131.1,23.31,0.456451,49098,uniform,nan,nan,nan,nan,nan,0.100368,0.649944,4.827456
261,49225,0.05,1,127,131.76,29.57,0.651495,49225,uniform,nan,nan,nan,nan,nan,0.081051,0.855094,5.91539
262,49454,0.05,1,229,131.25,26.66,0.464866,49454,uniform,nan,nan,nan,nan,nan,0.084784,0.659393,4.76134
263,49754,0.05,,300,25.7,26.1,0.469871,49754,uniform,nan,nan,nan,nan,nan,0.01012,0.662521,4.913751
264,49861,0.05,1,107,131.86,23.67,0.459843,49861,uniform,nan,nan,nan,nan,nan,0.048128,0.648106,4.698368
265,49968,0.05,1,107,131.86,27.27,0.489409,49968,uniform,nan,nan,nan,nan,nan,-0.061587,0.674983,5.080054
266,50198,0.05,-1,230,25.65,131.25,0.551213,50198,uniform,nan,nan,nan,nan,nan,-0.021838,0.764921,5.314074
267,50353,0.05,1,155,131.62,29.43,0.515906,50353,uniform,nan,nan,nan,nan,nan,0.013736,0.721993,5.164279
268,50591,0.05,-1,238,26.21,131.21,0.521246,50591,uniform,nan,nan,nan,nan,nan,0.069737,0.721486,5.196975
269,50748,0.05,1,157,131.61,26.82,0.461926,50748,uniform,nan,nan,nan,nan,nan,-0.128734,0.65815,4.588485
270,50925,0.05,1,177,131.51,23.92,0.552982,50925,uniform,nan,nan,nan,nan,nan,-0.012188,0.7478,5.414285
271,51225,0.05,,300,26.5,27.3,0.533154,51225,uniform,nan,nan,nan,nan,nan,-0.131731,0.746747,5.197236
272,51339,0.05,-1,114,23.43,131.83,0.563477,51339,uniform,nan,nan,nan,nan,nan,-0.127224,0.771133,5.584115
273,51453,0.05,-1,114,29.43,131.83,0.462545,51453,uniform,nan,nan,nan,nan,nan,-0.038911,0.670433,4.943745
274,51627,0.05,-1,174,26.53,131.53,0.505473,51627,uniform,nan,nan,nan,nan,nan,-0.012545,0.705558,5.110859
275,51762,0.05,1,135,131.72,27.33,0.488139,51762,uniform,nan,nan,nan,nan,nan,-0.140169,0.68724,5.108134
276,51911,0.05,1,149,131.65,23.26,0.482137,51911,uniform,nan,nan,nan,nan,nan,-0.054558,0.679137,4.767274
277,52111,0.05,-1,200,23.8,131.4,0.490235,52111,uniform,nan,nan,nan,nan,nan,-0.146203,0.701238,4.966004
278,52265,0.05,-1,154,28.63,131.63,0.471577,52265,uniform,nan,nan,nan,nan,nan,-0.161093,0.680028,5.027001
279,52400,0.05,1,135,131.72,23.13,0.483324,52400,uniform,nan,nan,nan,nan,nan,-0.109103,0.686067,5.144482
280,52533,0.05,1,133,131.73,27.34,0.437599,52533,uniform,nan,nan,nan,nan,nan,-0.064146,0.638598,4.641541
281,52633,0.05,-1,100,22.1,131.9,0.586974,52633,uniform,nan,nan,nan,nan,nan,-0.205211,0.790643,5.552645
282,52888,0.05,1,255,131.12,26.73,0.5414,52888,uniform,nan,nan,nan,nan,nan,-0.164435,0.738399,5.483675
283,52974,0.05,-1,86,22.77,131.97,0.460523,52974,uniform,nan,nan,nan,nan,nan,-0.117175,0.652018,5.049469
284,53189,0.05,1,215,131.32,25.73,0.461113,53189,uniform,nan,nan,nan,nan,nan,-0.161642,0.676615,4.995397
285,53298,0.05,1,109,131.85,27.46,0.491781,53298,uniform,nan,nan,nan,nan,nan,-0.213789,0.700886,5.186195
286,53527,0.05,1,229,131.25,28.66,0.535405,53527,uniform,nan,nan,nan,nan,nan,-0.251711,0.738796,5.62922
287,53738,0.05,1,211,131.34,24.15,0.504685,53738,uniform,nan,nan,nan,nan,nan,-0.225991,0.701698,5.319341
288,53893,0.05,1,155,131.62,29.03,0.538068,53893,uniform,nan,nan,nan,nan,nan,-0.203798,0.734172,5.526584
289,54135,0.05,-1,242,28.99,131.19,0.554832,54135,uniform,nan,nan,nan,nan,nan,-0.226711,0.76735,5.677295
290,54281,0.05,-1,146,28.87,131.67,0.577056,54281,uniform,nan,nan,nan,nan,nan,-0.219855,0.785826,5.785378
291,54497,0.05,-1,216,26.12,131.32,0.489531,54497,uniform,nan,nan,nan,nan,nan,-0.222531,0.698112,5.232012
292,54683,0.05,-1,186,28.27,131.47,0.477094,54683,uniform,nan,nan,nan,nan,nan,-0.177586,0.678484,5.040282
293,54901,0.05,-1,218,29.11,131.31,0.405896,54901,uniform,nan,nan,nan,nan,nan,-0.134829,0.602949,4.663625
294,55201,0.05,,300,28.7,23.9,0.559099,55201,uniform,nan,nan,nan,nan,nan,-0.294983,0.774393,5.757155
295,55464,0.05,1,263,131.08,28.29,0.5054,55464,uniform,nan,nan,nan,nan,nan,-0.273672,0.715502,5.341785
296,55581,0.05,1,117,131.81,23.82,0.60445,55581,uniform,nan,nan,nan,nan,nan,-0.394373,0.808845,6.164164
297,55881,0.05,,300,22.9,26.5,0.502756,55881,uniform,nan,nan,nan,nan,nan,-0.275137,0.703253,5.448959
298,56128,0.05,1,247,131.16,24.37,0.545393,56128,uniform,nan,nan,nan,nan,nan,-0.310079,0.7593,5.64236
299,56424,0.05,-1,296,26.52,130.92,0.517037,56424,uniform,nan,nan,nan,nan,nan,-0.271321,0.732745,5.384293
300,56614,0.05,-1,190,28.85,131.45,0.551831,56614,uniform,nan,nan,nan,nan,nan,-0.312814,0.763656,5.651063
301,56763,0.05,1,149,131.65,29.26,0.411561,56763,uniform,nan,nan,nan,nan,nan,-0.207672,0.61656,4.764167
302,56908,0.05,1,145,131.67,28.28,0.465638,56908,uniform,nan,nan,nan,nan,nan,-0.267472,0.664826,5.226519
303,57098,0.05,-1,190,29.05,131.45,0.462697,57098,uniform,nan,nan,nan,nan,nan,-0.266155,0.681671,5.326378
304,57269,0.05,1,171,131.54,26.35,0.513088,57269,uniform,nan,nan,nan,nan,nan,-0.346476,0.730339,5.862704
305,57364,0.05,1,95,131.92,21.93,0.503118,57364,uniform,nan,nan,nan,nan,nan,-0.31993,0.715232,5.589781
306,57482,0.05,-1,118,22.41,131.81,0.623263,57482,uniform,nan,nan,nan,nan,nan,-0.42244,0.836837,6.430894
307,57620,0.05,-1,138,27.11,131.71,0.480499,57620,uniform,nan,nan,nan,nan,nan,-0.292367,0.686245,5.564831
308,57787,0.05,1,167,131.56,26.77,0.525974,57787,uniform,nan,nan,nan,nan,nan,-0.353413,0.728418,5.815649
309,58031,0.05,-1,244,25.98,131.18,0.514712,58031,uniform,nan,nan,nan,nan,nan,-0.372214,0.718256,5.925432
310,58171,0.05,-1,140,26.5,131.7,0.475894,58171,uniform,nan,nan,nan,nan,nan,-0.327325,0.693707,5.517169
311,58439,0.05,-1,268,26.26,131.06,0.549914,58439,uniform,nan,nan,nan,nan,nan,-0.400611,0.759032,6.127833
312,58689,0.05,-1,250,26.35,131.15,0.505131,58689,uniform,nan,nan,nan,nan,nan,-0.32603,0.708944,5.864606
313,58827,0.05,-1,138,27.11,131.71,0.608452,58827,uniform,nan,nan,nan,nan,nan,-0.458433,0.807165,6.659138
314,58946,0.05,1,119,131.8,27.01,0.377352,58946,uniform,nan,nan,nan,nan,nan,-0.229561,0.574347,4.722061
315,59099,0.05,1,153,131.63,26.44,0.577156,59099,uniform,nan,nan,nan,nan,nan,-0.388798,0.789122,6.288396
316,59237,0.05,-1,138,29.11,131.71,0.502194,59237,uniform,nan,nan,nan,nan,nan,-0.355218,0.714361,5.823102
317,59405,0.05,-1,168,26.96,131.56,0.432066,59405,uniform,nan,nan,nan,nan,nan,-0.313106,0.638391,5.38678
318,59528,0.05,1,123,131.78,24.59,0.611477,59528,uniform,nan,nan,nan,nan,nan,-0.459332,0.816176,6.606447
319,59685,0.05,1,157,131.61,26.82,0.504034,59685,uniform,nan,nan,nan,nan,nan,-0.385428,0.706401,6.012169
320,59780,0.05,1,95,131.92,29.53,0.608065,59780,uniform,nan,nan,nan,nan,nan,-0.472388,0.806154,6.531965
321,59978,0.05,-1,198,24.01,131.41,0.501973,59978,uniform,nan,nan,nan,nan,nan,-0.377393,0.700568,6.004761
322,60101,0.05,1,123,131.78,29.19,0.485861,60101,uniform,nan,nan,nan,nan,nan,-0.343178,0.708571,5.716404
323,60401,0.05,,300,24.7,28.7,0.543259,60401,uniform,nan,nan,nan,nan,nan,-0.421009,0.751638,6.222599
324,60498,0.05,1,97,131.91,26.92,0.570021,60498,uniform,nan,nan,nan,nan,nan,-0.3901,0.773045,6.333017
325,60798,0.05,,300,22.9,24.3,0.525879,60798,uniform,nan,nan,nan,nan,nan,-0.394516,0.724153,6.191442
326,60965,0.05,1,167,131.56,26.57,0.532671,60965,uniform,nan,nan,nan,nan,nan,-0.434457,0.727247,6.417915
327,61157,0.05,-1,192,23.44,131.44,0.604096,61157,uniform,nan,nan,nan,nan,nan,-0.455763,0.819712,6.672954
328,61347,0.05,-1,190,26.45,131.45,0.559505,61347,uniform,nan,nan,nan,nan,nan,-0.423856,0.768162,6.504106
329,61505,0.05,-1,158,29.41,131.61,0.606869,61505,uniform,nan,nan,nan,nan,nan,-0.456548,0.808822,6.777353
330,61624,0.05,1,119,131.8,27.01,0.523878,61624,uniform,nan,nan,nan,nan,nan,-0.426333,0.725875,6.278254
331,61742,0.05,-1,118,24.61,131.81,0.545888,61742,uniform,nan,nan,nan,nan,nan,-0.42501,0.742371,6.432544
332,61870,0.05,-1,128,28.76,131.76,0.558755,61870,uniform,nan,nan,nan,nan,nan,-0.449144,0.750896,6.49179
333,61984,0.05,-1,114,27.23,131.83,0.558094,61984,uniform,nan,nan,nan,nan,nan,-0.461297,0.748265,6.647909
334,62135,0.05,1,151,131.64,25.05,0.471414,62135,uniform,nan,nan,nan,nan,nan,-0.36824,0.688594,5.675541
335,62435,0.05,,300,22.5,26.5,0.552496,62435,uniform,nan,nan,nan,nan,nan,-0.436751,0.762341,6.353222
336,62735,0.05,,300,27.9,26.1,0.49079,62735,uniform,nan,nan,nan,nan,nan,-0.389523,0.690213,5.960614
337,62897,0.05,-1,162,23.59,131.59,0.484897,62897,uniform,nan,nan,nan,nan,nan,-0.370286,0.679831,5.932138
338,63095,0.05,-1,198,28.61,131.41,0.581024,63095,uniform,nan,nan,nan,nan,nan,-0.458784,0.786974,6.525665
339,63213,0.05,-1,118,23.81,131.81,0.495076,63213,uniform,nan,nan,nan,nan,nan,-0.361523,0.703236,6.020646
340,63339,0.05,-1,126,26.77,131.77,0.523922,63339,uniform,nan,nan,nan,nan,nan,-0.391743,0.7276,6.221365
341,63520,0.05,1,181,131.49,28.5,0.568848,63520,uniform,nan,nan,nan,nan,nan,-0.472016,0.766407,6.611416
342,63658,0.05,-1,138,29.51,131.71,0.583005,63658,uniform,nan,nan,nan,nan,nan,-0.495195,0.779493,6.701183
343,63769,0.05,1,111,131.84,26.85,0.581921,63769,uniform,nan,nan,nan,nan,nan,-0.442169,0.774919,6.676096
344,63856,0.05,1,87,131.96,29.77,0.699156,63856,uniform,nan,nan,nan,nan,nan,-0.58454,0.892064,7.328246
345,64073,0.05,1,217,131.31,26.32,0.547639,64073,uniform,nan,nan,nan,nan,nan,-0.437701,0.748219,6.407129
346,64373,0.05,,300,26.5,25.1,0.590938,64373,uniform,nan,nan,nan,nan,nan,-0.484728,0.79731,6.69351
347,64511,0.05,-1,138,26.71,131.71,0.482054,64511,uniform,nan,nan,nan,nan,nan,-0.407563,0.680309,5.98729
348,64649,0.05,-1,138,26.71,131.71,0.61678,64649,uniform,nan,nan,nan,nan,nan,-0.527507,0.810871,6.94664
349,64826,0.05,1,177,131.51,26.52,0.482926,64826,uniform,nan,nan,nan,nan,nan,-0.391692,0.676815,6.077788
350,65126,0.05,,300,23.5,26.5,0.54747,65126,uniform,nan,nan,nan,nan,nan,-0.430691,0.749994,6.448099
351,65299,0.05,1,173,131.53,27.14,0.466508,65299,uniform,nan,nan,nan,nan,nan,-0.356284,0.668171,5.997364
352,65457,0.05,-1,158,27.01,131.61,0.642768,65457,uniform,nan,nan,nan,nan,nan,-0.54349,0.843907,7.183529
353,65656,0.05,1,199,131.4,24.61,0.538617,65656,uniform,nan,nan,nan,nan,nan,-0.425211,0.735931,6.422852
354,65761,0.05,1,105,131.87,29.68,0.625835,65761,uniform,nan,nan,nan,nan,nan,-0.546234,0.81819,7.212764
355,65971,0.05,-1,210,23.75,131.35,0.622956,65971,uniform,nan,nan,nan,nan,nan,-0.533549,0.815895,7.065737
356,66271,0.05,,300,28.7,27.7,0.527944,66271,uniform,nan,nan,nan,nan,nan,-0.438079,0.739252,6.327278
357,66495,0.05,-1,224,25.88,131.28,0.430557,66495,uniform,nan,nan,nan,nan,nan,-0.349852,0.629367,5.663265
358,66795,0.05,,300,28.5,28.7,0.539557,66795,uniform,nan,nan,nan,nan,nan,-0.449059,0.735896,6.520016
359,66961,0.05,-1,166,28.97,131.57,0.442536,66961,uniform,nan,nan,nan,nan,nan,-0.356417,0.631828,5.779073
360,67098,0.05,1,137,131.71,26.32,0.54488,67098,uniform,nan,nan,nan,nan,nan,-0.422679,0.752254,6.521372
361,67305,0.05,1,207,131.36,21.17,0.631885,67305,uniform,nan,nan,nan,nan,nan,-0.53093,0.836213,7.149423
362,67451,0.05,-1,146,29.47,131.67,0.434782,67451,uniform,nan,nan,nan,nan,nan,-0.35339,0.626976,5.763066
363,67589,0.05,-1,138,28.31,131.71,0.447319,67589,uniform,nan,nan,nan,nan,nan,-0.36572,0.642048,5.832644
364,67689,0.05,-1,100,21.1,131.9,0.487879,67689,uniform,nan,nan,nan,nan,nan,-0.390666,0.680256,6.300019
365,67806,0.05,1,117,131.81,26.82,0.475475,67806,uniform,nan,nan,nan,nan,nan,-0.386797,0.66508,6.137416
366,67956,0.05,-1,150,28.65,131.65,0.566383,67956,uniform,nan,nan,nan,nan,nan,-0.440556,0.753733,6.855528
367,68101,0.05,1,145,131.67,24.48,0.525804,68101,uniform,nan,nan,nan,nan,nan,-0.430072,0.73077,6.257369
368,68357,0.05,-1,256,26.72,131.12,0.428969,68357,uniform,nan,nan,nan,nan,nan,-0.333972,0.62917,5.568839
369,68549,0.05,-1,192,26.84,131.44,0.463127,68549,uniform,nan,nan,nan,nan,nan,-0.384092,0.658788,5.879752
370,68670,0.05,1,121,131.79,27.4,0.644578,68670,uniform,nan,nan,nan,nan,nan,-0.5689,0.837283,7.144225
371,68792,0.05,-1,122,27.39,131.79,0.460028,68792,uniform,nan,nan,nan,nan,nan,-0.345307,0.648735,5.910461
372,69092,0.05,,300,26.1,24.1,0.522239,69092,uniform,nan,nan,nan,nan,nan,-0.412597,0.718075,6.27685
373,69240,0.05,-1,148,27.06,131.66,0.46834,69240,uniform,nan,nan,nan,nan,nan,-0.349305,0.671054,6.019718
374,69540,0.05,,300,25.3,26.3,0.497963,69540,uniform,nan,nan,nan,nan,nan,-0.406321,0.692868,6.208477
375,69840,0.05,,300,27.5,26.5,0.537262,69840,uniform,nan,nan,nan,nan,nan,-0.443603,0.725892,6.561447
376,69926,0.05,-1,86,24.17,131.97,0.583033,69926,uniform,nan,nan,nan,nan,nan,-0.473069,0.771298,6.86338
377,70082,0.05,-1,156,29.42,131.62,0.652113,70082,uniform,nan,nan,nan,nan,nan,-0.559443,0.85479,7.230738
378,70266,0.05,-1,184,27.08,131.48,0.492868,70266,uniform,nan,nan,nan,nan,nan,-0.416107,0.693372,6.031688
379,70375,0.05,1,109,131.85,26.86,0.502758,70375,uniform,nan,nan,nan,nan,nan,-0.349871,0.698327,6.118116
380,70548,0.05,1,173,131.53,24.14,0.5227,70548,uniform,nan,nan,nan,nan,nan,-0.440949,0.716233,6.386405
381,70848,0.05,,300,28.3,25.9,0.458301,70848,uniform,nan,nan,nan,nan,nan,-0.372743,0.64669,5.831892
382,71032,0.05,-1,184,26.48,131.48,0.412332,71032,uniform,nan,nan,nan,nan,nan,-0.300367,0.606851,5.384741
383,71170,0.05,-1,138,26.91,131.71,0.418426,71170,uniform,nan,nan,nan,nan,nan,-0.326485,0.621257,5.542709
384,71330,0.05,-1,160,29.4,131.6,0.573727,71330,uniform,nan,nan,nan,nan,nan,-0.457617,0.772228,6.705851
385,71457,0.05,1,127,131.76,26.57,0.533305,71457,uniform,nan,nan,nan,nan,nan,-0.458159,0.724252,6.43241
386,71757,0.05,,300,23.1,28.7,0.538834,71757,uniform,nan,nan,nan,nan,nan,-0.440293,0.731326,6.415648
387,71930,0.05,1,173,131.53,29.34,0.563183,71930,uniform,nan,nan,nan,nan,nan,-0.464645,0.750634,6.574813
388,72055,0.05,1,125,131.77,27.18,0.489106,72055,uniform,nan,nan,nan,nan,nan,-0.416798,0.688146,6.139441
389,72272,0.05,1,217,131.31,28.52,0.470552,72272,uniform,nan,nan,nan,nan,nan,-0.390441,0.675015,5.928963
390,72381,0.05,1,109,131.85,25.26,0.485369,72381,uniform,nan,nan,nan,nan,nan,-0.397726,0.685324,5.958392
391,72494,0.05,1,113,131.83,27.44,0.458357,72494,uniform,nan,nan,nan,nan,nan,-0.390417,0.655077,5.955521
392,72794,0.05,,300,23.3,26.5,0.490071,72794,uniform,nan,nan,nan,nan,nan,-0.411082,0.681979,6.159494
393,73006,0.05,-1,212,26.34,131.34,0.423185,73006,uniform,nan,nan,nan,nan,nan,-0.330581,0.614464,5.546056
394,73134,0.05,-1,128,24.16,131.76,0.504019,73134,uniform,nan,nan,nan,nan,nan,-0.39552,0.712776,6.118869
395,73238,0.05,-1,104,27.08,131.88,0.481383,73238,uniform,nan,nan,nan,nan,nan,-0.400998,0.679915,5.967861
396,73447,0.05,1,209,131.35,25.96,0.48318,73447,uniform,nan,nan,nan,nan,nan,-0.390538,0.67656,5.994321
397,73570,0.05,1,123,131.78,24.19,0.632008,73570,uniform,nan,nan,nan,nan,nan,-0.529066,0.821408,7.016853
398,73681,0.05,1,111,131.84,29.25,0.491511,73681,uniform,nan,nan,nan,nan,nan,-0.397357,0.679602,6.050785
399,73882,0.05,1,201,131.39,26.8,0.583944,73882,uniform,nan,nan,nan,nan,nan,-0.492028,0.774051,6.757597
400,74048,0.05,-1,166,26.77,131.57,0.41247,74048,uniform,nan,nan,nan,nan,nan,-0.323327,0.606332,5.443834
401,74182,0.05,-1,134,21.33,131.73,0.519651,74182,uniform,nan,nan,nan,nan,nan,-0.404997,0.723483,6.090064
402,74332,0.05,-1,150,27.05,131.65,0.508373,74332,uniform,nan,nan,nan,nan,nan,-0.437123,0.706063,6.162576
403,74632,0.05,,300,24.3,23.5,0.441973,74632,uniform,nan,nan,nan,nan,nan,-0.357712,0.635236,5.674879
404,74837,0.05,1,205,131.37,26.78,0.428582,74837,uniform,nan,nan,nan,nan,nan,-0.356672,0.617748,5.578348
405,74930,0.05,1,93,131.93,24.34,0.437941,74930,uniform,nan,nan,nan,nan,nan,-0.338863,0.623673,5.696878
406,75045,0.05,1,115,131.82,27.43,0.549254,75000,uniform,nan,nan,nan,nan,nan,-0.40982,0.746623,6.443541
407,75160,0.05,1,115,131.82,26.83,0.562165,75000,uniform,nan,nan,nan,nan,nan,-0.446748,0.766387,6.571346
408,75346,0.05,-1,186,27.07,131.47,0.430919,75000,uniform,nan,nan,nan,nan,nan,-0.336329,0.627303,5.715427
409,75646,0.05,,300,27.5,26.5,0.532499,75000,uniform,nan,nan,nan,nan,nan,-0.44558,0.724329,6.454046
410,75946,0.05,,300,23.1,26.1,0.472506,75000,uniform,nan,nan,nan,nan,nan,-0.384178,0.657965,6.111195
411,76042,0.05,-1,96,29.32,131.92,0.416559,75000,uniform,nan,nan,nan,nan,nan,-0.33364,0.620291,5.384287
412,76342,0.05,,300,28.7,25.3,0.52204,75000,uniform,nan,nan,nan,nan,nan,-0.438737,0.722761,6.179255
413,76500,0.05,-1,158,27.01,131.61,0.455186,75000,uniform,nan,nan,nan,nan,nan,-0.366494,0.647471,5.686363
414,76619,0.05,1,119,131.8,29.41,0.488114,75000,uniform,nan,nan,nan,nan,nan,-0.413259,0.681289,5.992707
415,76919,0.05,,300,26.5,22.5,0.49424,75000,uniform,nan,nan,nan,nan,nan,-0.418172,0.681673,6.068661
416,77083,0.05,-1,164,26.38,131.58,0.430474,75000,uniform,nan,nan,nan,nan,nan,-0.299732,0.631029,5.475744
417,77313,0.05,-1,230,28.85,131.25,0.496863,75000,uniform,nan,nan,nan,nan,nan,-0.415324,0.695987,5.983401
418,77613,0.05,,300,28.5,25.3,0.473342,75000,uniform,nan,nan,nan,nan,nan,-0.358064,0.667117,5.783436
419,77728,0.05,1,115,131.82,24.43,0.553383,75000,uniform,nan,nan,nan,nan,nan,-0.472038,0.741607,6.472511
420,77904,0.05,-1,176,26.92,131.52,0.502846,75000,uniform,nan,nan,nan,nan,nan,-0.417704,0.689842,6.063138
421,78011,0.05,1,107,131.86,26.87,0.501842,75000,uniform,nan,nan,nan,nan,nan,-0.41619,0.695337,6.039327
422,78099,0.05,-1,88,24.16,131.96,0.36373,75000,uniform,nan,nan,nan,nan,nan,-0.269746,0.57747,4.921472
423,78399,0.05,,300,25.9,28.1,0.542188,75000,uniform,nan,nan,nan,nan,nan,-0.454738,0.74356,6.317803
424,78695,0.05,-1,296,27.72,130.92,0.481606,75000,uniform,nan,nan,nan,nan,nan,-0.397544,0.674997,5.884185
425,78829,0.05,-1,134,27.13,131.73,0.579266,75000,uniform,nan,nan,nan,nan,nan,-0.492579,0.773535,6.504819
426,78997,0.05,-1,168,29.36,131.56,0.427483,75000,uniform,nan,nan,nan,nan,nan,-0.342857,0.619564,5.588386
427,79151,0.05,-1,154,29.03,131.63,0.556917,75000,uniform,nan,nan,nan,nan,nan,-0.45103,0.774396,6.508191
428,79310,0.05,1,159,131.6,26.81,0.499857,75000,uniform,nan,nan,nan,nan,nan,-0.412115,0.702978,6.189836
429,79425,0.05,1,115,131.82,24.03,0.697712,75000,uniform,nan,nan,nan,nan,nan,-0.552205,0.902134,7.402643
430,79586,0.05,1,161,131.59,26.8,0.48017,75000,uniform,nan,nan,nan,nan,nan,-0.384651,0.676071,5.9813
431,79685,0.05,1,99,131.9,29.71,0.55241,75000,uniform,nan,nan,nan,nan,nan,-0.442413,0.74704,6.539513
432,79985,0.05,,300,25.3,26.5,0.539169,75000,uniform,nan,nan,nan,nan,nan,-0.451756,0.729552,6.510182
433,80159,0.05,-1,174,26.93,131.53,0.424226,75000,uniform,nan,nan,nan,nan,nan,-0.332554,0.63682,5.507053
434,80291,0.05,-1,132,29.14,131.74,0.372402,75000,uniform,nan,nan,nan,nan,nan,-0.292932,0.57463,5.103658
435,80591,0.05,,300,24.3,25.3,0.57042,75000,uniform,nan,nan,nan,nan,nan,-0.483346,0.770244,6.546941
436,80833,0.05,-1,242,28.99,131.19,0.561682,75000,uniform,nan,nan,nan,nan,nan,-0.482675,0.757191,6.611483
437,80994,0.05,1,161,131.59,26.0,0.522034,75000,uniform,nan,nan,nan,nan,nan,-0.434019,0.715827,6.158294
438,81291,0.05,1,297,130.91,28.32,0.59035,75000,uniform,nan,nan,nan,nan,nan,-0.488161,0.800309,6.74225
439,81510,0.05,1,219,131.3,26.91,0.535993,75000,uniform,nan,nan,nan,nan,nan,-0.443244,0.735116,6.42709
440,81652,0.05,-1,142,24.69,131.69,0.462537,75000,uniform,nan,nan,nan,nan,nan,-0.345153,0.657248,5.797135
441,81940,0.05,-1,288,25.76,130.96,0.55779,75000,uniform,nan,nan,nan,nan,nan,-0.449668,0.750354,6.541441
442,82176,0.05,-1,236,26.22,131.22,0.54509,75000,uniform,nan,nan,nan,nan,nan,-0.450883,0.753713,6.315376
443,82345,0.05,1,169,131.55,24.36,0.498559,75000,uniform,nan,nan,nan,nan,nan,-0.391934,0.701152,5.985291
444,82462,0.05,1,117,131.81,29.22,0.489555,75000,uniform,nan,nan,nan,nan,nan,-0.411576,0.686693,5.867663
445,82762,0.05,,300,26.3,25.3,0.523745,75000,uniform,nan,nan,nan,nan,nan,-0.444475,0.718086,6.257651
446,83062,0.05,,300,26.5,20.9,0.537032,75000,uniform,nan,nan,nan,nan,nan,-0.445564,0.737767,6.268427
447,83214,0.05,-1,152,26.84,131.64,0.550283,75000,uniform,nan,nan,nan,nan,nan,-0.450321,0.760427,6.431691
448,83311,0.05,1,97,131.91,24.52,0.647275,75000,uniform,nan,nan,nan,nan,nan,-0.547235,0.850113,7.112213
449,83405,0.05,-1,94,21.93,131.93,0.481198,75000,uniform,nan,nan,nan,nan,nan,-0.383618,0.68137,6.033029
450,83612,0.05,1,207,131.36,24.57,0.486972,75000,uniform,nan,nan,nan,nan,nan,-0.399606,0.684914,6.018789
451,83717,0.05,1,105,131.87,27.08,0.626718,75000,uniform,nan,nan,nan,nan,nan,-0.518059,0.821293,6.945641
452,84017,0.05,,300,28.7,27.5,0.51798,75000,uniform,nan,nan,nan,nan,nan,-0.429543,0.717035,6.195058
453,84182,0.05,1,165,131.57,24.18,0.500504,75000,uniform,nan,nan,nan,nan,nan,-0.3874,0.714627,5.916889
454,84385,0.05,1,203,131.38,24.19,0.458759,75000,uniform,nan,nan,nan,nan,nan,-0.332327,0.664412,5.609813
455,84558,0.05,1,173,131.53,23.54,0.601573,75000,uniform,nan,nan,nan,nan,nan,-0.515609,0.804345,6.77678
456,84858,0.05,,300,26.5,27.7,0.555156,75000,uniform,nan,nan,nan,nan,nan,-0.475814,0.753258,6.565271
457,84991,0.05,1,133,131.73,26.94,0.558679,75000,uniform,nan,nan,nan,nan,nan,-0.483211,0.754879,6.544632
458,85219,0.05,-1,228,26.86,131.26,0.466641,75000,uniform,nan,nan,nan,nan,nan,-0.362596,0.677375,5.738649
459,85519,0.05,,300,28.7,25.3,0.646819,75000,uniform,nan,nan,nan,nan,nan,-0.534347,0.84786,6.976246
460,85617,0.05,-1,98,25.11,131.91,0.535411,75000,uniform,nan,nan,nan,nan,nan,-0.442723,0.731483,6.313602
461,85917,0.05,,300,21.9,24.3,0.502685,75000,uniform,nan,nan,nan,nan,nan,-0.40979,0.698194,6.055299
462,86053,0.05,-1,136,26.32,131.72,0.396652,75000,uniform,nan,nan,nan,nan,nan,-0.292618,0.602871,5.078076
463,86263,0.05,-1,210,28.95,131.35,0.479164,75000,uniform,nan,nan,nan,nan,nan,-0.38104,0.689225,5.802382
464,86451,0.05,-1,188,24.06,131.46,0.626607,75000,uniform,nan,nan,nan,nan,nan,-0.543491,0.829294,6.974986
465,86735,0.05,-1,284,26.18,130.98,0.498257,75000,uniform,nan,nan,nan,nan,nan,-0.414156,0.697601,6.1717
466,87035,0.05,,300,24.7,26.5,0.610094,75000,uniform,nan,nan,nan,nan,nan,-0.515767,0.810858,6.892508
467,87308,0.05,1,273,131.03,25.84,0.514904,75000,uniform,nan,nan,nan,nan,nan,-0.416732,0.723883,6.203533
468,87436,0.05,-1,128,27.16,131.76,0.528683,75000,uniform,nan,nan,nan,nan,nan,-0.423356,0.731393,6.279313
469,87531,0.05,1,95,131.92,22.93,0.450388,75000,uniform,nan,nan,nan,nan,nan,-0.353323,0.652544,5.69465
470,87656,0.05,1,125,131.77,24.18,0.512251,75000,uniform,nan,nan,nan,nan,nan,-0.41859,0.713452,6.074824
471,87956,0.05,,300,26.5,27.7,0.501694,75000,uniform,nan,nan,nan,nan,nan,-0.412802,0.701934,6.067364
472,88108,0.05,-1,152,24.44,131.64,0.636304,75000,uniform,nan,nan,nan,nan,nan,-0.538116,0.855862,6.94391
473,88408,0.05,,300,28.7,25.3,0.558765,75000,uniform,nan,nan,nan,nan,nan,-0.462776,0.767007,6.52365
474,88576,0.05,-1,168,27.16,131.56,0.515221,75000,uniform,nan,nan,nan,nan,nan,-0.430847,0.716394,6.240818
475,88698,0.05,-1,122,21.79,131.79,0.578182,75000,uniform,nan,nan,nan,nan,nan,-0.484621,0.779653,6.597274
476,88800,0.05,-1,102,24.49,131.89,0.489547,75000,uniform,nan,nan,nan,nan,nan,-0.397716,0.688094,6.10702
477,88933,0.05,1,133,131.73,24.34,0.524078,75000,uniform,nan,nan,nan,nan,nan,-0.441295,0.723957,6.3375
478,89082,0.05,1,149,131.65,24.66,0.580841,75000,uniform,nan,nan,nan,nan,nan,-0.470446,0.798469,6.56805
479,89204,0.05,-1,122,23.99,131.79,0.527507,75000,uniform,nan,nan,nan,nan,nan,-0.421492,0.742446,6.331066
480,89335,0.05,1,131,131.74,26.95,0.563082,75000,uniform,nan,nan,nan,nan,nan,-0.461694,0.772742,6.510179
481,89461,0.05,-1,126,21.77,131.77,0.530723,75000,uniform,nan,nan,nan,nan,nan,-0.434965,0.737454,6.284802
482,89608,0.05,1,147,131.66,21.67,0.517947,75000,uniform,nan,nan,nan,nan,nan,-0.412882,0.718685,6.038028
483,89908,0.05,,300,25.3,25.1,0.57215,75000,uniform,nan,nan,nan,nan,nan,-0.464405,0.774436,6.636505
484,90078,0.05,-1,170,29.35,131.55,0.598863,75000,uniform,nan,nan,nan,nan,nan,-0.503165,0.812766,6.789216
485,90378,0.05,,300,25.1,28.7,0.587605,75000,uniform,nan,nan,nan,nan,nan,-0.47873,0.801335,6.580187
486,90546,0.05,-1,168,24.96,131.56,0.612735,75000,uniform,nan,nan,nan,nan,nan,-0.514836,0.819189,6.778416
487,90696,0.05,-1,150,25.85,131.65,0.642475,75000,uniform,nan,nan,nan,nan,nan,-0.559277,0.845601,7.008921
488,90774,0.05,-1,78,24.61,132.01,0.542262,75000,uniform,nan,nan,nan,nan,nan,-0.450087,0.745251,6.360247
489,90893,0.05,1,119,131.8,26.81,0.742966,75000,uniform,nan,nan,nan,nan,nan,-0.650501,0.947435,7.590375
490,91125,0.05,-1,232,23.24,131.24,0.616137,75000,uniform,nan,nan,nan,nan,nan,-0.499655,0.833275,6.719718
491,91292,0.05,1,167,131.56,28.77,0.622839,75000,uniform,nan,nan,nan,nan,nan,-0.507117,0.838402,6.750911
492,91592,0.05,,300,25.5,28.7,0.570772,75000,uniform,nan,nan,nan,nan,nan,-0.471354,0.776715,6.536861
493,91700,0.05,-1,108,19.06,131.86,0.579357,75000,uniform,nan,nan,nan,nan,nan,-0.478115,0.783056,6.536405
494,91846,0.05,-1,146,24.47,131.67,0.559543,75000,uniform,nan,nan,nan,nan,nan,-0.465315,0.761027,6.410099
495,91932,0.05,-1,86,22.17,131.97,0.634691,75000,uniform,nan,nan,nan,nan,nan,-0.533846,0.833808,6.982486
496,92074,0.05,-1,142,24.89,131.69,0.541711,75000,uniform,nan,nan,nan,nan,nan,-0.434775,0.760808,6.129788
497,92374,0.05,,300,27.5,26.3,0.473431,75000,uniform,nan,nan,nan,nan,nan,-0.379024,0.685741,5.648541
498,92674,0.05,,300,26.5,27.5,0.531198,75000,uniform,nan,nan,nan,nan,nan,-0.427722,0.73897,6.054096
499,92912,0.05,-1,238,28.61,131.21,0.594802,75000,uniform,nan,nan,nan,nan,nan,-0.493715,0.79937,6.51647
500,92980,0.05,-1,68,19.66,132.06,0.517181,75000,uniform,nan,nan,nan,nan,nan,-0.425091,0.716743,5.818776
501,93089,0.05,1,109,131.85,29.06,0.692316,75000,uniform,nan,nan,nan,nan,nan,-0.545246,0.919069,7.202871
502,93389,0.05,,300,24.3,25.1,0.566504,75000,uniform,nan,nan,nan,nan,nan,-0.445587,0.782292,6.424883
503,93654,0.05,1,265,131.07,26.68,0.597192,75000,uniform,nan,nan,nan,nan,nan,-0.485484,0.807036,6.666823
504,93866,0.05,-1,212,22.54,131.34,0.629401,75000,uniform,nan,nan,nan,nan,nan,-0.523729,0.835433,6.911593
505,94166,0.05,,300,25.3,26.5,0.556537,75000,uniform,nan,nan,nan,nan,nan,-0.450503,0.773919,6.229997
506,94252,0.05,-1,86,19.77,131.97,0.591822,75000,uniform,nan,nan,nan,nan,nan,-0.490328,0.806697,6.508029
507,94408,0.05,-1,156,26.62,131.62,0.522326,75000,uniform,nan,nan,nan,nan,nan,-0.413285,0.738118,6.002272
508,94708,0.05,,300,23.1,28.5,0.549928,75000,uniform,nan,nan,nan,nan,nan,-0.442243,0.759296,6.180069
509,94967,0.05,1,259,131.1,22.11,0.530838,75000,uniform,nan,nan,nan,nan,nan,-0.437518,0.737842,6.107119
510,95267,0.05,,300,26.5,23.1,0.597942,75000,uniform,nan,nan,nan,nan,nan,-0.47149,0.821954,6.387642
511,95362,0.05,1,95,131.92,24.53,0.712359,75000,uniform,nan,nan,nan,nan,nan,-0.605351,0.927329,7.318843
512,95634,0.05,-1,272,26.04,131.04,0.552287,75000,uniform,nan,nan,nan,nan,nan,-0.446503,0.760824,6.181574
513,95819,0.05,1,185,131.47,26.48,0.501757,75000,uniform,nan,nan,nan,nan,nan,-0.393917,0.708853,5.878586
514,95925,0.05,-1,106,26.87,131.87,0.522035,75000,uniform,nan,nan,nan,nan,nan,-0.417245,0.727019,6.158395
515,96225,0.05,,300,26.5,21.1,0.547737,75000,uniform,nan,nan,nan,nan,nan,-0.441425,0.769464,6.177234
516,96371,0.05,-1,146,26.87,131.67,0.461906,75000,uniform,nan,nan,nan,nan,nan,-0.357717,0.673808,5.638449
517,96526,0.05,1,155,131.62,23.83,0.532187,75000,uniform,nan,nan,nan,nan,nan,-0.432735,0.744294,6.042115
518,96629,0.05,1,103,131.88,24.49,0.478985,75000,uniform,nan,nan,nan,nan,nan,-0.374371,0.689662,5.778789
519,96819,0.05,-1,190,26.45,131.45,0.515351,75000,uniform,nan,nan,nan,nan,nan,-0.411701,0.72354,5.861967
520,96952,0.05,1,133,131.73,29.14,0.659912,75000,uniform,nan,nan,nan,nan,nan,-0.568978,0.865581,6.99845
521,97076,0.05,-1,124,21.78,131.78,0.576741,75000,uniform,nan,nan,nan,nan,nan,-0.427721,0.805669,6.195689
522,97376,0.05,,300,26.3,27.3,0.465593,75000,uniform,nan,nan,nan,nan,nan,-0.354872,0.681618,5.520885
523,97534,0.05,-1,158,26.41,131.61,0.494732,75000,uniform,nan,nan,nan,nan,nan,-0.38017,0.703647,5.679564
524,97645,0.05,1,111,131.84,27.25,0.494265,75000,uniform,nan,nan,nan,nan,nan,-0.385602,0.703033,5.78745
525,97945,0.05,,300,28.5,23.3,0.441071,75000,uniform,nan,nan,nan,nan,nan,-0.341351,0.644016,5.421024
526,98092,0.05,1,147,131.66,28.67,0.551655,75000,uniform,nan,nan,nan,nan,nan,-0.444109,0.778014,6.136289
527,98392,0.05,,300,27.5,28.7,0.506661,75000,uniform,nan,nan,nan,nan,nan,-0.40494,0.723138,5.933252
528,98692,0.05,,300,25.3,28.7,0.569338,75000,uniform,nan,nan,nan,nan,nan,-0.474434,0.778366,6.386858
529,98952,0.05,-1,260,26.5,131.1,0.573221,75000,uniform,nan,nan,nan,nan,nan,-0.472874,0.77994,6.394545
530,99209,0.05,1,257,131.11,24.12,0.539828,75000,uniform,nan,nan,nan,nan,nan,-0.402683,0.763834,6.026702
531,99509,0.05,,300,23.9,24.7,0.566137,75000,uniform,nan,nan,nan,nan,nan,-0.451904,0.781772,6.298531
532,99636,0.05,1,127,131.76,24.37,0.470726,75000,uniform,nan,nan,nan,nan,nan,-0.370032,0.678191,5.628079
533,99936,0.05,,300,27.5,26.5,0.551204,75000,uniform,nan,nan,nan,nan,nan,-0.441143,0.75945,6.17942
534,100165,0.05,1,229,131.25,29.06,0.484389,75000,uniform,nan,nan,nan,nan,nan,-0.373164,0.70489,5.564572
535,100465,0.05,,300,24.3,24.5,0.487809,75000,uniform,nan,nan,nan,nan,nan,-0.382593,0.700772,5.675121
536,100740,0.05,1,275,131.02,25.83,0.535908,75000,uniform,nan,nan,nan,nan,nan,-0.432246,0.745041,5.98221
537,100948,0.05,-1,208,26.56,131.36,0.475198,75000,uniform,nan,nan,nan,nan,nan,-0.368715,0.678858,5.539078
538,101179,0.05,1,231,131.24,25.65,0.541351,75000,uniform,nan,nan,nan,nan,nan,-0.4101,0.767322,5.920065
539,101337,0.05,-1,158,29.41,131.61,0.532492,75000,uniform,nan,nan,nan,nan,nan,-0.406523,0.75057,5.882659
540,101556,0.05,1,219,131.3,26.31,0.552272,75000,uniform,nan,nan,nan,nan,nan,-0.435843,0.764231,6.174788
541,101684,0.05,-1,128,26.56,131.76,0.440979,75000,uniform,nan,nan,nan,nan,nan,-0.31324,0.651104,5.318016
542,101864,0.05,-1,180,27.1,131.5,0.538518,75000,uniform,nan,nan,nan,nan,nan,-0.431699,0.746431,6.134824
543,102164,0.05,,300,28.7,25.3,0.584718,75000,uniform,nan,nan,nan,nan,nan,-0.466602,0.808169,6.168234
544,102464,0.05,,300,26.5,25.3,0.567279,75000,uniform,nan,nan,nan,nan,nan,-0.445573,0.788354,5.949025
545,102764,0.05,,300,28.7,25.5,0.52673,75000,uniform,nan,nan,nan,nan,nan,-0.407335,0.743103,5.782578
546,102882,0.05,-1,118,21.41,131.81,0.473245,75000,uniform,nan,nan,nan,nan,nan,-0.358414,0.685426,5.421028
547,103033,0.05,1,151,131.64,24.85,0.52037,75000,uniform,nan,nan,nan,nan,nan,-0.375008,0.744126,5.692159
548,103173,0.05,-1,140,21.7,131.7,0.568844,75000,uniform,nan,nan,nan,nan,nan,-0.434764,0.799055,6.212761
549,103259,0.05,-1,86,23.77,131.97,0.527359,75000,uniform,nan,nan,nan,nan,nan,-0.40502,0.747057,5.985909
550,103559,0.05,,300,23.3,26.5,0.506057,75000,uniform,nan,nan,nan,nan,nan,-0.372457,0.723537,5.817057
551,103713,0.05,-1,154,28.83,131.63,0.448568,75000,uniform,nan,nan,nan,nan,nan,-0.327567,0.663465,5.298834
552,104002,0.05,1,289,130.95,25.76,0.530585,75000,uniform,nan,nan,nan,nan,nan,-0.415119,0.743178,5.98935
553,104302,0.05,,300,26.3,22.9,0.484811,75000,uniform,nan,nan,nan,nan,nan,-0.360044,0.715926,5.458977
554,104602,0.05,,300,25.1,28.5,0.501126,75000,uniform,nan,nan,nan,nan,nan,-0.375825,0.719116,5.610319
555,104722,0.05,-1,120,17.0,131.8,0.560594,75000,uniform,nan,nan,nan,nan,nan,-0.449478,0.775662,6.080871
556,104996,0.05,-1,274,23.63,131.03,0.449582,75000,uniform,nan,nan,nan,nan,nan,-0.339189,0.661873,5.221793
557,105112,0.05,-1,116,24.42,131.82,0.554176,75000,uniform,nan,nan,nan,nan,nan,-0.393556,0.796355,5.900711
558,105211,0.05,1,99,131.9,25.11,0.327954,75000,uniform,nan,nan,nan,nan,nan,-0.20008,0.554272,4.159732
559,105473,0.05,-1,262,28.29,131.09,0.44053,75000,uniform,nan,nan,nan,nan,nan,-0.312013,0.659256,5.140548
560,105572,0.05,1,99,131.9,27.31,0.457006,75000,uniform,nan,nan,nan,nan,nan,-0.319975,0.676237,5.228762
561,105739,0.05,1,167,131.56,29.17,0.527818,75000,uniform,nan,nan,nan,nan,nan,-0.403284,0.742772,5.721246
562,106039,0.05,,300,25.1,28.7,0.504034,75000,uniform,nan,nan,nan,nan,nan,-0.382261,0.724181,5.682784
563,106177,0.05,-1,138,24.31,131.71,0.476619,75000,uniform,nan,nan,nan,nan,nan,-0.347577,0.705458,5.270094
564,106317,0.05,-1,140,26.3,131.7,0.477904,75000,uniform,nan,nan,nan,nan,nan,-0.317584,0.703747,5.335159
565,106617,0.05,,300,26.5,25.3,0.456713,75000,uniform,nan,nan,nan,nan,nan,-0.345314,0.672757,5.141496
566,106747,0.05,-1,130,24.95,131.75,0.349566,75000,uniform,nan,nan,nan,nan,nan,-0.210729,0.565327,4.348959
567,106978,0.05,1,231,131.24,23.45,0.459408,75000,uniform,nan,nan,nan,nan,nan,-0.335803,0.672205,5.175837
568,107251,0.05,1,273,131.03,25.64,0.518506,75000,uniform,nan,nan,nan,nan,nan,-0.360776,0.75019,5.570191
569,107458,0.05,1,207,131.36,26.17,0.481785,75000,uniform,nan,nan,nan,nan,nan,-0.362701,0.70176,5.290216
570,107613,0.05,1,155,131.62,22.03,0.475071,75000,uniform,nan,nan,nan,nan,nan,-0.357553,0.687572,5.331162
571,107781,0.05,-1,168,26.56,131.56,0.47199,75000,uniform,nan,nan,nan,nan,nan,-0.348347,0.683753,5.135888
572,107884,0.05,1,103,131.88,24.49,0.436851,75000,uniform,nan,nan,nan,nan,nan,-0.314686,0.652781,5.039373
573,108184,0.05,,300,27.5,26.3,0.458813,75000,uniform,nan,nan,nan,nan,nan,-0.303029,0.689966,5.017779
574,108484,0.05,,300,25.3,26.5,0.470036,75000,uniform,nan,nan,nan,nan,nan,-0.342217,0.692322,5.275362
575,108647,0.05,1,163,131.58,26.99,0.464438,75000,uniform,nan,nan,nan,nan,nan,-0.308276,0.681376,5.133172
576,108947,0.05,,300,28.7,27.5,0.426191,75000,uniform,nan,nan,nan,nan,nan,-0.298538,0.640288,4.935269
577,109247,0.05,,300,25.3,26.3,0.438201,75000,uniform,nan,nan,nan,nan,nan,-0.275783,0.670054,4.847802
578,109358,0.05,1,111,131.84,22.25,0.591782,75000,uniform,nan,nan,nan,nan,nan,-0.460933,0.815548,6.14483
579,109439,0.05,1,81,131.99,24.4,0.465656,75000,uniform,nan,nan,nan,nan,nan,-0.321364,0.689854,5.001696
580,109681,0.05,-1,242,26.39,131.19,0.459327,75000,uniform,nan,nan,nan,nan,nan,-0.323494,0.67547,5.19266
581,109981,0.05,,300,21.9,25.3,0.431895,75000,uniform,nan,nan,nan,nan,nan,-0.285505,0.643872,5.117749
582,110108,0.05,1,127,131.76,27.17,0.473247,75000,uniform,nan,nan,nan,nan,nan,-0.327098,0.714368,5.067982
583,110324,0.05,-1,216,23.72,131.32,0.439107,75000,uniform,nan,nan,nan,nan,nan,-0.321563,0.662436,5.168481
584,110624,0.05,,300,26.5,25.3,0.430299,75000,uniform,nan,nan,nan,nan,nan,-0.317516,0.646658,4.993902
585,110761,0.05,1,137,131.71,24.12,0.398789,75000,uniform,nan,nan,nan,nan,nan,-0.28045,0.614317,4.751525
586,110942,0.05,1,181,131.49,23.5,0.47344,75000,uniform,nan,nan,nan,nan,nan,-0.354119,0.688277,5.259356
587,111242,0.05,,300,25.7,26.5,0.546587,75000,uniform,nan,nan,nan,nan,nan,-0.382047,0.779431,5.628248
588,111367,0.05,1,125,131.77,24.58,0.409106,75000,uniform,nan,nan,nan,nan,nan,-0.261041,0.629796,4.819344
589,111667,0.05,,300,28.7,24.7,0.479818,75000,uniform,nan,nan,nan,nan,nan,-0.346098,0.697335,5.381267
590,111781,0.05,-1,114,29.63,131.83,0.37368,75000,uniform,nan,nan,nan,nan,nan,-0.251539,0.587538,4.679447
591,112081,0.05,,300,20.7,26.5,0.42161,75000,uniform,nan,nan,nan,nan,nan,-0.277568,0.643397,4.701797
592,112288,0.05,1,207,131.36,26.37,0.454559,75000,uniform,nan,nan,nan,nan,nan,-0.332563,0.679631,4.999051
593,112529,0.05,1,241,131.19,26.4,0.390296,75000,uniform,nan,nan,nan,nan,nan,-0.248211,0.608369,4.33224
594,112644,0.05,1,115,131.82,24.03,0.360092,75000,uniform,nan,nan,nan,nan,nan,-0.224709,0.577179,4.061117
595,112901,0.05,1,257,131.11,26.32,0.45678,75000,uniform,nan,nan,nan,nan,nan,-0.317763,0.671636,5.042397
596,113062,0.05,1,161,131.59,24.2,0.465232,75000,uniform,nan,nan,nan,nan,nan,-0.318126,0.695251,5.129091
597,113152,0.05,-1,90,22.15,131.95,0.509708,75000,uniform,nan,nan,nan,nan,nan,-0.361625,0.740244,5.423826
598,113452,0.05,,300,24.3,25.3,0.498674,75000,uniform,nan,nan,nan,nan,nan,-0.350545,0.725284,5.419424
599,113632,0.05,-1,180,26.3,131.5,0.439008,75000,uniform,nan,nan,nan,nan,nan,-0.291611,0.662181,4.978009
600,113791,0.05,1,159,131.6,24.81,0.374606,75000,uniform,nan,nan,nan,nan,nan,-0.237797,0.590784,4.519172
601,114057,0.05,-1,266,21.27,131.07,0.439132,75000,uniform,nan,nan,nan,nan,nan,-0.283286,0.666015,4.815413
602,114357,0.05,,300,24.3,27.5,0.472302,75000,uniform,nan,nan,nan,nan,nan,-0.319509,0.704601,4.853995
603,114454,0.05,1,97,131.91,29.52,0.49067,75000,uniform,nan,nan,nan,nan,nan,-0.346253,0.716002,5.183571
604,114754,0.05,,300,26.5,27.5,0.377723,75000,uniform,nan,nan,nan,nan,nan,-0.237406,0.598602,4.133545
605,115054,0.05,,300,20.3,26.5,0.376394,75000,uniform,nan,nan,nan,nan,nan,-0.231852,0.600675,4.220333
606,115354,0.05,,300,24.3,27.7,0.429468,75000,uniform,nan,nan,nan,nan,nan,-0.268319,0.661217,4.59682
607,115440,0.05,-1,86,22.37,131.97,0.390983,75000,uniform,nan,nan,nan,nan,nan,-0.258756,0.614263,4.457108
608,115619,0.05,1,179,131.5,23.71,0.498317,75000,uniform,nan,nan,nan,nan,nan,-0.33787,0.723515,5.133795
609,115763,0.05,-1,144,22.48,131.68,0.449286,75000,uniform,nan,nan,nan,nan,nan,-0.311761,0.671313,4.9454
610,116063,0.05,,300,26.5,25.3,0.434987,75000,uniform,nan,nan,nan,nan,nan,-0.287745,0.659124,4.766822
611,116142,0.05,1,79,132.0,23.81,0.454236,75000,uniform,nan,nan,nan,nan,nan,-0.286798,0.691284,4.885562
612,116367,0.05,1,225,131.27,24.28,0.435894,75000,uniform,nan,nan,nan,nan,nan,-0.246193,0.668187,4.691943
613,116483,0.05,-1,116,24.62,131.82,0.444552,75000,uniform,nan,nan,nan,nan,nan,-0.281778,0.670211,4.679836
614,116726,0.05,1,243,131.18,24.19,0.35192,75000,uniform,nan,nan,nan,nan,nan,-0.211373,0.577354,4.063243
615,116854,0.05,-1,128,22.16,131.76,0.396529,75000,uniform,nan,nan,nan,nan,nan,-0.232787,0.620705,4.304234
616,117071,0.05,1,217,131.31,24.12,0.43269,75000,uniform,nan,nan,nan,nan,nan,-0.261545,0.662919,4.680429
617,117371,0.05,,300,23.1,26.5,0.402369,75000,uniform,nan,nan,nan,nan,nan,-0.226563,0.634636,4.171842
618,117488,0.05,1,117,131.81,21.62,0.422494,75000,uniform,nan,nan,nan,nan,nan,-0.238925,0.650953,4.492341
619,117788,0.05,,300,25.3,24.3,0.426121,75000,uniform,nan,nan,nan,nan,nan,-0.262085,0.651265,4.503076
620,118023,0.05,1,235,131.22,22.03,0.339947,75000,uniform,nan,nan,nan,nan,nan,-0.204409,0.56253,3.911402
621,118241,0.05,-1,218,25.91,131.31,0.467474,75000,uniform,nan,nan,nan,nan,nan,-0.307203,0.699679,4.657251
622,118366,0.05,1,125,131.77,21.98,0.359417,75000,uniform,nan,nan,nan,nan,nan,-0.208994,0.586209,3.946742
623,118666,0.05,,300,26.5,23.1,0.382585,75000,uniform,nan,nan,nan,nan,nan,-0.226726,0.608774,4.031691
624,118868,0.05,-1,202,21.79,131.39,0.36515,75000,uniform,nan,nan,nan,nan,nan,-0.211575,0.587531,3.832407
625,119168,0.05,,300,26.3,23.7,0.381651,75000,uniform,nan,nan,nan,nan,nan,-0.18941,0.615299,3.874816
626,119468,0.05,,300,28.7,25.1,0.401725,75000,uniform,nan,nan,nan,nan,nan,-0.229709,0.635079,4.147814
627,119631,0.05,1,163,131.58,22.39,0.374772,75000,uniform,nan,nan,nan,nan,nan,-0.187298,0.604461,3.786841
628,119758,0.05,1,127,131.76,29.57,0.43623,75000,uniform,nan,nan,nan,nan,nan,-0.287118,0.662372,4.594295
629,120058,0.05,,300,26.5,22.9,0.377761,75000,uniform,nan,nan,nan,nan,nan,-0.215433,0.608738,3.931339
630,120358,0.05,,300,22.9,24.1,0.359868,75000,uniform,nan,nan,nan,nan,nan,-0.19982,0.593515,3.820929
631,120658,0.05,,300,23.1,26.5,0.362808,75000,uniform,nan,nan,nan,nan,nan,-0.206473,0.592772,3.824557
632,120958,0.05,,300,26.5,27.5,0.36316,75000,uniform,nan,nan,nan,nan,nan,-0.208113,0.586558,3.877894
633,121235,0.05,1,277,131.01,21.62,0.33844,75000,uniform,nan,nan,nan,nan,nan,-0.15951,0.571993,3.509751
634,121535,0.05,,300,23.3,28.7,0.3783,75000,uniform,nan,nan,nan,nan,nan,-0.203633,0.60725,3.962046
635,121835,0.05,,300,28.7,25.5,0.319963,75000,uniform,nan,nan,nan,nan,nan,-0.158013,0.542978,3.520114
636,121952,0.05,1,117,131.81,29.62,0.337753,75000,uniform,nan,nan,nan,nan,nan,-0.199855,0.555631,3.780902
637,122252,0.05,,300,26.5,25.1,0.362202,75000,uniform,nan,nan,nan,nan,nan,-0.19957,0.597559,3.62604
638,122363,0.05,1,111,131.84,22.25,0.326886,75000,uniform,nan,nan,nan,nan,nan,-0.14585,0.558809,3.313259
639,122663,0.05,,300,27.7,24.3,0.321387,75000,uniform,nan,nan,nan,nan,nan,-0.162182,0.548238,3.395741
640,122761,0.05,-1,98,20.11,131.91,0.343146,75000,uniform,nan,nan,nan,nan,nan,-0.199229,0.567117,3.620267
641,123061,0.05,,300,25.3,26.3,0.359196,75000,uniform,nan,nan,nan,nan,nan,-0.191836,0.588865,3.726349
642,123361,0.05,,300,23.3,28.7,0.348434,75000,uniform,nan,nan,nan,nan,nan,-0.166891,0.580431,3.593858
643,123661,0.05,,300,25.5,24.1,0.323373,75000,uniform,nan,nan,nan,nan,nan,-0.151472,0.548948,3.453017
644,123948,0.05,1,287,130.96,23.77,0.3745,75000,uniform,nan,nan,nan,nan,nan,-0.199534,0.59815,3.842598
645,124047,0.05,1,99,131.9,25.31,0.418603,75000,uniform,nan,nan,nan,nan,nan,-0.21514,0.661996,3.901846
646,124218,0.05,1,171,131.54,23.95,0.34511,75000,uniform,nan,nan,nan,nan,nan,-0.16702,0.585403,3.453789
647,124518,0.05,,300,26.5,25.3,0.334963,75000,uniform,nan,nan,nan,nan,nan,-0.151322,0.568921,3.388803
648,124641,0.05,1,123,131.78,24.79,0.278797,75000,uniform,nan,nan,nan,nan,nan,-0.117844,0.503513,2.978595
649,124761,0.05,-1,120,27.2,131.8,0.30635,75000,uniform,nan,nan,nan,nan,nan,-0.140695,0.532495,3.155447
650,124959,0.05,-1,198,22.41,131.41,0.32165,75000,uniform,nan,nan,nan,nan,nan,-0.139492,0.54878,3.214026
651,125118,0.05,1,159,131.6,22.01,0.284696,75000,uniform,nan,nan,nan,nan,nan,-0.089146,0.527835,2.696023
652,125418,0.05,,300,28.5,22.9,0.349174,75000,uniform,nan,nan,nan,nan,nan,-0.163723,0.582756,3.404401
653,125717,0.05,1,299,130.9,25.91,0.341356,75000,uniform,nan,nan,nan,nan,nan,-0.157782,0.570297,3.439308
654,126001,0.05,-1,284,26.38,130.98,0.341148,75000,uniform,nan,nan,nan,nan,nan,-0.173843,0.568254,3.509062
655,126114,0.05,1,113,131.83,18.64,0.33674,75000,uniform,nan,nan,nan,nan,nan,-0.127327,0.581672,3.171999
656,126226,0.05,-1,112,21.64,131.84,0.30527,75000,uniform,nan,nan,nan,nan,nan,-0.123501,0.543774,3.133515
657,126333,0.05,1,107,131.86,24.47,0.309197,75000,uniform,nan,nan,nan,nan,nan,-0.10296,0.545592,3.051691
658,126511,0.05,-1,178,19.91,131.51,0.303852,75000,uniform,nan,nan,nan,nan,nan,-0.125054,0.535109,3.143521
659,126606,0.05,1,95,131.92,25.13,0.310689,75000,uniform,nan,nan,nan,nan,nan,-0.121174,0.543175,3.16666
660,126906,0.05,,300,26.3,27.5,0.303288,75000,uniform,nan,nan,nan,nan,nan,-0.117854,0.529751,3.077711
661,127206,0.05,,300,25.3,26.5,0.28724,75000,uniform,nan,nan,nan,nan,nan,-0.080228,0.521687,2.691767
662,127506,0.05,,300,26.5,27.5,0.312042,75000,uniform,nan,nan,nan,nan,nan,-0.104795,0.543973,2.995994
663,127615,0.05,1,109,131.85,19.86,0.276326,75000,uniform,nan,nan,nan,nan,nan,-0.074198,0.507989,2.537186
664,127915,0.05,,300,24.9,24.3,0.279482,75000,uniform,nan,nan,nan,nan,nan,-0.11391,0.502443,2.91521
665,128022,0.05,1,107,131.86,17.27,0.369141,75000,uniform,nan,nan,nan,nan,nan,-0.183067,0.606408,3.587685
666,128152,0.05,-1,130,24.95,131.75,0.282622,75000,uniform,nan,nan,nan,nan,nan,-0.090619,0.52231,2.245851
667,128452,0.05,,300,25.3,28.7,0.306575,75000,uniform,nan,nan,nan,nan,nan,-0.117911,0.537342,3.090953
668,128752,0.05,,300,26.5,27.5,0.308361,75000,uniform,nan,nan,nan,nan,nan,-0.118948,0.536482,3.032061
669,129052,0.05,,300,25.1,26.5,0.287689,75000,uniform,nan,nan,nan,nan,nan,-0.103073,0.515833,2.786848
670,129352,0.05,,300,23.1,26.3,0.304939,75000,uniform,nan,nan,nan,nan,nan,-0.108881,0.537508,2.966297
671,129652,0.05,,300,24.3,24.9,0.321059,75000,uniform,nan,nan,nan,nan,nan,-0.137233,0.549527,3.175786
672,129777,0.05,1,125,131.77,21.18,0.271998,75000,uniform,nan,nan,nan,nan,nan,-0.090474,0.498891,2.454778
673,130077,0.05,,300,26.5,25.3,0.281123,75000,uniform,nan,nan,nan,nan,nan,-0.106714,0.51167,2.885635
674,130377,0.05,,300,28.7,23.1,0.33145,75000,uniform,nan,nan,nan,nan,nan,-0.135109,0.568841,3.203652
675,130595,0.05,-1,218,22.31,131.31,0.259962,75000,uniform,nan,nan,nan,nan,nan,-0.066977,0.488692,2.355279
676,130895,0.05,,300,26.5,23.1,0.295094,75000,uniform,nan,nan,nan,nan,nan,-0.1249,0.519905,3.115356
677,131175,0.05,-1,280,19.6,131.0,0.259579,75000,uniform,nan,nan,nan,nan,nan,-0.057386,0.494134,2.309558
678,131301,0.05,-1,126,26.37,131.77,0.327678,75000,uniform,nan,nan,nan,nan,nan,-0.126143,0.558309,3.230041
679,131515,0.05,-1,214,23.93,131.33,0.292255,75000,uniform,nan,nan,nan,nan,nan,-0.09091,0.521359,2.819636
680,131815,0.05,,300,25.3,26.5,0.246326,75000,uniform,nan,nan,nan,nan,nan,-0.059442,0.472112,2.308872
681,132115,0.05,,300,27.5,26.5,0.299051,75000,uniform,nan,nan,nan,nan,nan,-0.103459,0.531119,2.807486
682,132415,0.05,,300,25.1,26.5,0.270507,75000,uniform,nan,nan,nan,nan,nan,-0.081837,0.502464,2.469005
683,132715,0.05,,300,27.5,24.3,0.275343,75000,uniform,nan,nan,nan,nan,nan,-0.096749,0.499869,2.799768
684,132843,0.05,-1,128,21.36,131.76,0.277186,75000,uniform,nan,nan,nan,nan,nan,-0.105862,0.503368,2.764409
685,133054,0.05,1,211,131.34,25.95,0.274077,75000,uniform,nan,nan,nan,nan,nan,-0.066695,0.505302,2.639422
686,133354,0.05,,300,27.5,26.3,0.286829,75000,uniform,nan,nan,nan,nan,nan,-0.102381,0.519514,2.771137
687,133654,0.05,,300,28.5,23.1,0.272662,75000,uniform,nan,nan,nan,nan,nan,-0.076131,0.500324,2.497925
688,133954,0.05,,300,25.3,28.7,0.269048,75000,uniform,nan,nan,nan,nan,nan,-0.067534,0.491602,2.592405
689,134246,0.05,-1,292,23.34,130.94,0.305007,75000,uniform,nan,nan,nan,nan,nan,-0.110703,0.544869,2.847195
690,134546,0.05,,300,27.5,24.1,0.29708,75000,uniform,nan,nan,nan,nan,nan,-0.130146,0.529105,2.883672
691,134846,0.05,,300,25.5,26.5,0.26072,75000,uniform,nan,nan,nan,nan,nan,-0.089752,0.490084,2.52682
692,135146,0.05,,300,25.5,21.9,0.249411,75000,uniform,nan,nan,nan,nan,nan,-0.049694,0.481919,2.212816
693,135446,0.05,,300,26.3,27.5,0.251744,75000,uniform,nan,nan,nan,nan,nan,-0.063539,0.484284,2.311725
694,135746,0.05,,300,22.9,23.7,0.21794,75000,uniform,nan,nan,nan,nan,nan,-0.021391,0.444497,1.895519
695,135849,0.05,1,103,131.88,22.49,0.239686,75000,uniform,nan,nan,nan,nan,nan,-0.064991,0.462403,2.279493
696,136149,0.05,,300,27.5,26.3,0.24129,75000,uniform,nan,nan,nan,nan,nan,-0.069183,0.473659,2.168268
697,136449,0.05,,300,26.5,25.5,0.248373,75000,uniform,nan,nan,nan,nan,nan,-0.075496,0.474615,2.247429
698,136749,0.05,,300,27.5,26.5,0.256364,75000,uniform,nan,nan,nan,nan,nan,-0.092457,0.480062,2.482058
699,137041,0.05,-1,292,20.74,130.94,0.22157,75000,uniform,nan,nan,nan,nan,nan,-0.072286,0.445064,2.189993
700,137151,0.05,-1,110,27.45,131.85,0.304901,75000,uniform,nan,nan,nan,nan,nan,-0.076806,0.539087,2.779696
701,137347,0.05,-1,196,22.02,131.42,0.246697,75000,uniform,nan,nan,nan,nan,nan,-0.060764,0.473842,2.149948
702,137507,0.05,-1,160,23.8,131.6,0.228768,75000,uniform,nan,nan,nan,nan,nan,-0.039083,0.451669,2.028615
703,137807,0.05,,300,26.5,25.3,0.234214,75000,uniform,nan,nan,nan,nan,nan,-0.05482,0.454152,2.159979
704,138107,0.05,,300,25.3,28.5,0.256451,75000,uniform,nan,nan,nan,nan,nan,-0.070209,0.484388,2.323344
705,138407,0.05,,300,27.7,24.3,0.256791,75000,uniform,nan,nan,nan,nan,nan,-0.072481,0.48724,2.306368
706,138707,0.05,-1,300,26.3,130.9,0.252893,75000,uniform,nan,nan,nan,nan,nan,-0.060766,0.479483,2.303041
707,139007,0.05,,300,26.5,27.9,0.257177,75000,uniform,nan,nan,nan,nan,nan,-0.071208,0.481226,2.582584
708,139307,0.05,,300,24.1,25.7,0.263702,75000,uniform,nan,nan,nan,nan,nan,-0.068718,0.498522,2.248427
709,139402,0.05,1,95,131.92,19.73,0.242967,75000,uniform,nan,nan,nan,nan,nan,-0.046329,0.473642,2.167121
710,139702,0.05,,300,27.5,26.5,0.221997,75000,uniform,nan,nan,nan,nan,nan,-0.048905,0.44794,2.121659
711,140002,0.05,,300,28.3,24.3,0.226442,75000,uniform,nan,nan,nan,nan,nan,-0.060834,0.448631,2.124302
712,140302,0.05,,300,21.9,25.3,0.217103,75000,uniform,nan,nan,nan,nan,nan,-0.030884,0.445471,1.816727
713,140602,0.05,,300,24.3,27.7,0.222415,75000,uniform,nan,nan,nan,nan,nan,-0.057832,0.443462,2.209961
714,140902,0.05,,300,28.7,25.5,0.216889,75000,uniform,nan,nan,nan,nan,nan,-0.066044,0.435168,2.134073
715,141077,0.05,1,175,131.52,24.93,0.229723,75000,uniform,nan,nan,nan,nan,nan,-0.071448,0.454733,2.162259
716,141377,0.05,,300,23.3,26.5,0.230302,75000,uniform,nan,nan,nan,nan,nan,-0.077119,0.456004,2.413061
717,141677,0.05,,300,26.5,25.3,0.212351,75000,uniform,nan,nan,nan,nan,nan,-0.059775,0.433273,2.032854
718,141977,0.05,,300,26.5,25.3,0.206694,75000,uniform,nan,nan,nan,nan,nan,-0.061367,0.423959,2.04385
719,142194,0.05,1,217,131.31,21.52,0.223578,75000,uniform,nan,nan,nan,nan,nan,-0.033923,0.458441,2.044041
720,142364,0.05,-1,170,24.55,131.55,0.20687,75000,uniform,nan,nan,nan,nan,nan,-0.057571,0.429728,2.078293
721,142664,0.05,,300,24.3,25.5,0.213648,75000,uniform,nan,nan,nan,nan,nan,-0.047082,0.434281,2.132668
722,142964,0.05,,300,26.5,27.5,0.208627,75000,uniform,nan,nan,nan,nan,nan,-0.058703,0.42593,2.213756
723,143264,0.05,,300,25.1,26.3,0.210918,75000,uniform,nan,nan,nan,nan,nan,-0.041748,0.434734,1.927455
724,143367,0.05,1,103,131.88,22.29,0.168125,75000,uniform,nan,nan,nan,nan,nan,-0.035164,0.383936,1.452338
725,143667,0.05,,300,28.7,23.3,0.205199,75000,uniform,nan,nan,nan,nan,nan,-0.056565,0.418648,2.124952
726,143967,0.05,,300,26.3,25.3,0.217991,75000,uniform,nan,nan,nan,nan,nan,-0.066285,0.4312,2.101479
727,144208,0.05,1,241,131.19,19.4,0.189318,75000,uniform,nan,nan,nan,nan,nan,-0.050379,0.412257,1.735854
728,144317,0.05,1,109,131.85,24.66,0.234465,75000,uniform,nan,nan,nan,nan,nan,-0.069856,0.45165,2.340288
729,144617,0.05,,300,26.5,25.1,0.196041,75000,uniform,nan,nan,nan,nan,nan,-0.059331,0.412591,1.860187
730,144917,0.05,,300,26.3,25.3,0.187905,75000,uniform,nan,nan,nan,nan,nan,-0.044848,0.399605,1.905435
731,145197,0.05,-1,280,28.4,131.0,0.232458,75000,uniform,nan,nan,nan,nan,nan,-0.067658,0.452401,2.277276
732,145342,0.05,1,145,131.67,21.68,0.205803,75000,uniform,nan,nan,nan,nan,nan,-0.04574,0.422282,1.847294
733,145642,0.05,,300,26.5,25.3,0.171261,75000,uniform,nan,nan,nan,nan,nan,-0.025582,0.385474,1.580928
734,145793,0.05,1,151,131.64,24.05,0.216505,75000,uniform,nan,nan,nan,nan,nan,-0.061334,0.427497,2.027126
735,146093,0.05,,300,26.5,27.7,0.187742,75000,uniform,nan,nan,nan,nan,nan,-0.036726,0.404757,1.845737
736,146393,0.05,,300,27.5,24.3,0.198048,75000,uniform,nan,nan,nan,nan,nan,-0.042592,0.414341,1.83844
737,146491,0.05,-1,98,21.31,131.91,0.172568,75000,uniform,nan,nan,nan,nan,nan,-0.024055,0.382303,1.386506
738,146597,0.05,-1,106,19.47,131.87,0.226311,75000,uniform,nan,nan,nan,nan,nan,-0.077816,0.434481,2.426074
739,146897,0.05,,300,27.5,24.3,0.196931,75000,uniform,nan,nan,nan,nan,nan,-0.046275,0.407739,1.898188
740,147197,0.05,,300,22.9,26.5,0.188228,75000,uniform,nan,nan,nan,nan,nan,-0.019074,0.407275,1.617953
741,147497,0.05,,300,27.5,26.5,0.194927,75000,uniform,nan,nan,nan,nan,nan,-0.035571,0.4083,1.893551
742,147630,0.05,1,133,131.73,22.14,0.176642,75000,uniform,nan,nan,nan,nan,nan,-0.05493,0.38872,1.776625
743,147774,0.05,-1,144,24.28,131.68,0.200602,75000,uniform,nan,nan,nan,nan,nan,-0.016709,0.412762,1.75612
744,148025,0.05,1,251,131.14,21.75,0.211132,75000,uniform,nan,nan,nan,nan,nan,-0.046527,0.42573,2.127218
745,148232,0.05,1,207,131.36,27.97,0.231846,75000,uniform,nan,nan,nan,nan,nan,-0.070034,0.453381,2.18572
746,148525,0.05,1,293,130.93,20.74,0.2118,75000,uniform,nan,nan,nan,nan,nan,-0.064897,0.427583,2.052973
747,148682,0.05,1,157,131.61,27.22,0.201583,75000,uniform,nan,nan,nan,nan,nan,-0.046537,0.418848,1.792955
748,148982,0.05,,300,28.7,25.3,0.211984,75000,uniform,nan,nan,nan,nan,nan,-0.053953,0.422796,1.919843
749,149282,0.05,,300,25.3,26.5,0.182195,75000,uniform,nan,nan,nan,nan,nan,-0.018989,0.404285,1.37793
750,149582,0.05,,300,25.3,24.1,0.209057,75000,uniform,nan,nan,nan,nan,nan,-0.033381,0.420633,1.95422
751,149678,0.05,-1,96,23.92,131.92,0.166938,75000,uniform,nan,nan,nan,nan,nan,0.002411,0.379355,1.139559
752,149978,0.05,,300,25.3,28.7,0.192034,75000,uniform,nan,nan,nan,nan,nan,-0.047959,0.402258,1.850733
753,150197,0.05,1,219,131.3,25.51,0.18064,75000,uniform,nan,nan,nan,nan,nan,-0.035084,0.399715,1.419167
754,150497,0.05,,300,25.3,24.1,0.179839,75000,uniform,nan,nan,nan,nan,nan,-0.015073,0.394482,1.44106
755,150795,0.05,-1,298,23.71,130.91,0.168295,75000,uniform,nan,nan,nan,nan,nan,-0.027992,0.377487,1.451744
756,151095,0.05,,300,25.3,26.5,0.180225,75000,uniform,nan,nan,nan,nan,nan,-0.009757,0.394829,1.675569
757,151395,0.05,,300,25.1,28.7,0.194867,75000,uniform,nan,nan,nan,nan,nan,-0.039452,0.412166,1.749836
758,151695,0.05,,300,25.3,28.7,0.17205,75000,uniform,nan,nan,nan,nan,nan,-0.032381,0.381998,1.423987
759,151917,0.05,-1,222,21.09,131.29,0.209357,75000,uniform,nan,nan,nan,nan,nan,-0.057771,0.418199,2.135584
760,152217,0.05,,300,25.3,21.9,0.202689,75000,uniform,nan,nan,nan,nan,nan,-0.020907,0.422652,1.964567
761,152396,0.05,1,179,131.5,26.71,0.205033,75000,uniform,nan,nan,nan,nan,nan,-0.039977,0.419988,1.624997
762,152696,0.05,,300,26.3,25.5,0.168301,75000,uniform,nan,nan,nan,nan,nan,-0.018586,0.376649,1.546984
763,152996,0.05,,300,26.5,25.3,0.166847,75000,uniform,nan,nan,nan,nan,nan,-0.011039,0.373359,1.564164
764,153099,0.05,1,103,131.88,23.49,0.229869,75000,uniform,nan,nan,nan,nan,nan,-0.043635,0.460216,1.729779
765,153342,0.05,1,243,131.18,25.99,0.190207,75000,uniform,nan,nan,nan,nan,nan,-0.027617,0.405074,1.570845
766,153642,0.05,,300,28.5,25.3,0.177675,75000,uniform,nan,nan,nan,nan,nan,-0.019153,0.387206,1.61935
767,153792,0.05,-1,150,26.05,131.65,0.164623,75000,uniform,nan,nan,nan,nan,nan,0.012575,0.374835,1.407635
768,154092,0.05,,300,25.3,28.7,0.179871,75000,uniform,nan,nan,nan,nan,nan,-0.017913,0.393913,1.625858
769,154392,0.05,,300,28.7,25.3,0.187098,75000,uniform,nan,nan,nan,nan,nan,-0.038899,0.397928,1.658561
770,154480,0.05,-1,88,21.16,131.96,0.17646,75000,uniform,nan,nan,nan,nan,nan,-0.021802,0.382331,1.702004
771,154711,0.05,1,231,131.24,21.65,0.161656,75000,uniform,nan,nan,nan,nan,nan,-0.015389,0.365383,1.492143
772,155011,0.05,,300,24.3,27.5,0.166753,75000,uniform,nan,nan,nan,nan,nan,-0.038041,0.372045,1.446979
773,155311,0.05,,300,26.3,27.5,0.173041,75000,uniform,nan,nan,nan,nan,nan,-0.028083,0.384164,1.485664
774,155611,0.05,,300,26.5,27.5,0.172791,75000,uniform,nan,nan,nan,nan,nan,-0.021188,0.377675,1.559823
775,155911,0.05,,300,25.3,23.9,0.165657,75000,uniform,nan,nan,nan,nan,nan,-0.020117,0.366488,1.597651
776,156207,0.05,-1,296,25.32,130.92,0.20896,75000,uniform,nan,nan,nan,nan,nan,-0.026016,0.426139,1.774448
777,156507,0.05,,300,24.3,25.3,0.17807,75000,uniform,nan,nan,nan,nan,nan,-0.017255,0.387449,1.614126
778,156807,0.05,,300,23.3,24.1,0.158879,75000,uniform,nan,nan,nan,nan,nan,-0.015231,0.363645,1.288705
779,157107,0.05,,300,22.9,24.1,0.194252,75000,uniform,nan,nan,nan,nan,nan,-0.021404,0.408834,1.724323
780,157256,0.05,1,149,131.65,19.66,0.189093,75000,uniform,nan,nan,nan,nan,nan,0.005352,0.405598,1.500545
781,157556,0.05,,300,26.5,25.3,0.170834,75000,uniform,nan,nan,nan,nan,nan,-0.010894,0.37893,1.317099
782,157856,0.05,,300,27.7,24.3,0.179352,75000,uniform,nan,nan,nan,nan,nan,-0.026148,0.38645,1.57422
783,158156,0.05,,300,25.3,25.9,0.197654,75000,uniform,nan,nan,nan,nan,nan,-0.040075,0.41176,1.804824
784,158456,0.05,,300,27.3,26.5,0.169151,75000,uniform,nan,nan,nan,nan,nan,-0.01574,0.377483,1.368947
785,158756,0.05,,300,27.5,26.5,0.172296,75000,uniform,nan,nan,nan,nan,nan,-0.027076,0.376482,1.606621
786,158979,0.05,1,223,131.28,28.29,0.171742,75000,uniform,nan,nan,nan,nan,nan,-0.041991,0.374951,1.549712
787,159279,0.05,,300,22.7,26.5,0.176398,75000,uniform,nan,nan,nan,nan,nan,-0.004021,0.389789,1.446477
788,159513,0.05,-1,234,26.03,131.23,0.171476,75000,uniform,nan,nan,nan,nan,nan,-0.024473,0.375304,1.515872
789,159813,0.05,,300,25.3,25.3,0.143246,75000,uniform,nan,nan,nan,nan,nan,-0.006623,0.343311,1.161268
790,160113,0.05,,300,28.7,27.5,0.165836,75000,uniform,nan,nan,nan,nan,nan,-0.015289,0.374437,1.503426
791,160322,0.05,1,209,131.35,25.76,0.181615,75000,uniform,nan,nan,nan,nan,nan,-0.024082,0.38818,1.49994
792,160622,0.05,,300,26.5,27.5,0.162976,75000,uniform,nan,nan,nan,nan,nan,-0.018751,0.364968,1.40746
793,160922,0.05,,300,25.3,26.5,0.162789,75000,uniform,nan,nan,nan,nan,nan,-0.027332,0.362622,1.628479
794,161222,0.05,,300,25.3,24.3,0.177561,75000,uniform,nan,nan,nan,nan,nan,-0.010215,0.387816,1.502173
795,161321,0.05,1,99,131.9,24.31,0.180435,75000,uniform,nan,nan,nan,nan,nan,-0.007436,0.387276,1.499203
796,161621,0.05,,300,24.1,25.3,0.17028,75000,uniform,nan,nan,nan,nan,nan,-0.00991,0.375248,1.546224
797,161921,0.05,,300,26.3,27.5,0.135637,75000,uniform,nan,nan,nan,nan,nan,-0.004314,0.335501,1.012286
798,162174,0.05,1,253,131.13,21.34,0.17588,75000,uniform,nan,nan,nan,nan,nan,-0.003304,0.387138,1.539523
799,162367,0.05,1,193,131.43,24.44,0.162293,75000,uniform,nan,nan,nan,nan,nan,-0.020035,0.369279,1.328281
800,162667,0.05,,300,25.3,21.9,0.172869,75000,uniform,nan,nan,nan,nan,nan,-0.008224,0.375704,1.554142
801,162967,0.05,,300,24.3,27.3,0.148732,75000,uniform,nan,nan,nan,nan,nan,-0.0138,0.350808,1.206256
802,163183,0.05,-1,216,25.92,131.32,0.154963,75000,uniform,nan,nan,nan,nan,nan,0.004176,0.370132,0.996703
803,163382,0.05,1,199,131.4,28.21,0.166303,75000,uniform,nan,nan,nan,nan,nan,0.012139,0.375392,1.199548
804,163682,0.05,,300,25.3,24.1,0.159221,75000,uniform,nan,nan,nan,nan,nan,-0.004263,0.363019,1.363581
805,163838,0.05,-1,156,19.42,131.62,0.134766,75000,uniform,nan,nan,nan,nan,nan,0.002571,0.332253,1.109611
806,164138,0.05,,300,25.3,23.9,0.164455,75000,uniform,nan,nan,nan,nan,nan,-0.004837,0.372933,1.448135
807,164254,0.05,-1,116,23.62,131.82,0.150188,75000,uniform,nan,nan,nan,nan,nan,-0.009325,0.358007,1.054721
808,164554,0.05,,300,24.1,27.5,0.172575,75000,uniform,nan,nan,nan,nan,nan,-0.026958,0.375664,1.69209
809,164854,0.05,,300,23.9,27.5,0.155306,75000,uniform,nan,nan,nan,nan,nan,-0.011937,0.354914,1.503631
810,165154,0.05,,300,26.3,25.5,0.183072,75000,uniform,nan,nan,nan,nan,nan,-0.026453,0.396692,1.522959
811,165454,0.05,,300,27.5,21.9,0.161401,75000,uniform,nan,nan,nan,nan,nan,-0.013396,0.36544,1.437884
812,165653,0.05,1,199,131.4,24.01,0.140202,75000,uniform,nan,nan,nan,nan,nan,-0.023424,0.33859,1.416669
813,165837,0.05,-1,184,23.88,131.48,0.130284,75000,uniform,nan,nan,nan,nan,nan,-0.003911,0.326937,0.955272
814,165962,0.05,1,125,131.77,22.78,0.160403,75000,uniform,nan,nan,nan,nan,nan,-0.030149,0.352914,1.894325
815,166058,0.05,-1,96,22.32,131.92,0.19457,75000,uniform,nan,nan,nan,nan,nan,-0.045173,0.422105,1.620347
816,166358,0.05,,300,27.3,26.1,0.170605,75000,uniform,nan,nan,nan,nan,nan,-0.015492,0.373674,1.584385
817,166526,0.05,-1,168,27.16,131.56,0.141446,75000,uniform,nan,nan,nan,nan,nan,-0.010708,0.339075,1.235169
818,166826,0.05,,300,26.5,24.9,0.168359,75000,uniform,nan,nan,nan,nan,nan,-0.035627,0.365218,1.765029
819,166962,0.05,-1,136,26.72,131.72,0.152844,75000,uniform,nan,nan,nan,nan,nan,-0.023136,0.350237,1.408645
820,167262,0.05,,300,23.1,28.5,0.185155,75000,uniform,nan,nan,nan,nan,nan,-0.008391,0.398489,1.653656
821,167562,0.05,,300,24.1,27.7,0.150086,75000,uniform,nan,nan,nan,nan,nan,-0.007446,0.348686,1.216713
822,167679,0.05,1,117,131.81,26.62,0.171914,75000,uniform,nan,nan,nan,nan,nan,-0.029865,0.376079,1.591643
823,167979,0.05,,300,28.5,27.5,0.141486,75000,uniform,nan,nan,nan,nan,nan,-0.004375,0.342145,1.145327
824,168279,0.05,,300,26.3,25.3,0.178961,75000,uniform,nan,nan,nan,nan,nan,-0.028258,0.389184,1.787612
825,168579,0.05,,300,23.3,21.5,0.155487,75000,uniform,nan,nan,nan,nan,nan,-0.011942,0.352698,1.328061
826,168820,0.05,1,241,131.19,29.0,0.145626,75000,uniform,nan,nan,nan,nan,nan,-0.01245,0.336961,1.450047
827,169120,0.05,,300,24.9,24.1,0.152817,75000,uniform,nan,nan,nan,nan,nan,-0.000963,0.356629,1.580924
828,169420,0.05,,300,25.3,26.5,0.154569,75000,uniform,nan,nan,nan,nan,nan,-0.019978,0.352397,1.566651
829,169686,0.05,-1,266,26.47,131.07,0.132401,75000,uniform,nan,nan,nan,nan,nan,-0.003348,0.324149,1.232801
830,169986,0.05,,300,26.5,25.3,0.150133,75000,uniform,nan,nan,nan,nan,nan,-0.003724,0.339225,1.383438
831,170285,0.05,1,299,130.9,28.71,0.154841,75000,uniform,nan,nan,nan,nan,nan,-0.023537,0.360128,1.414908
832,170440,0.05,1,155,131.62,21.63,0.174933,75000,uniform,nan,nan,nan,nan,nan,-0.028741,0.367134,1.899712
833,170740,0.05,,300,25.5,26.5,0.146354,75000,uniform,nan,nan,nan,nan,nan,-0.008345,0.336322,1.467749
834,171040,0.05,,300,26.3,25.5,0.164938,75000,uniform,nan,nan,nan,nan,nan,-0.014847,0.361155,1.642723
835,171193,0.05,1,153,131.63,24.44,0.178867,75000,uniform,nan,nan,nan,nan,nan,-0.012418,0.388082,1.448223
836,171399,0.05,-1,206,23.77,131.37,0.164274,75000,uniform,nan,nan,nan,nan,nan,-0.003955,0.3615,1.567748
837,171699,0.05,,300,21.9,25.3,0.162427,75000,uniform,nan,nan,nan,nan,nan,-0.022982,0.358172,1.692236
838,171999,0.05,,300,24.1,25.3,0.159817,75000,uniform,nan,nan,nan,nan,nan,-0.019251,0.351494,1.807353
839,172299,0.05,,300,25.5,25.5,0.193894,75000,uniform,nan,nan,nan,nan,nan,-0.030051,0.403265,1.794007
840,172409,0.05,-1,110,25.05,131.85,0.160853,75000,uniform,nan,nan,nan,nan,nan,-0.017871,0.354465,1.292094
841,172709,0.05,,300,27.5,26.5,0.149825,75000,uniform,nan,nan,nan,nan,nan,-0.009378,0.342823,1.368804
842,172916,0.05,1,207,131.36,26.37,0.150049,75000,uniform,nan,nan,nan,nan,nan,0.011988,0.3406,1.359573
843,173216,0.05,,300,24.1,27.5,0.174999,75000,uniform,nan,nan,nan,nan,nan,-0.02849,0.380219,1.665812
844,173516,0.05,,300,24.1,27.5,0.143057,75000,uniform,nan,nan,nan,nan,nan,-0.008736,0.335467,1.271402
845,173816,0.05,,300,27.5,21.9,0.13622,75000,uniform,nan,nan,nan,nan,nan,-0.020168,0.325202,1.245693
846,174116,0.05,,300,25.3,24.3,0.175642,75000,uniform,nan,nan,nan,nan,nan,-0.035543,0.372936,1.814022
847,174416,0.05,,300,25.3,26.5,0.161478,75000,uniform,nan,nan,nan,nan,nan,-0.016764,0.352718,1.747939
848,174665,0.05,1,249,131.15,24.36,0.142478,75000,uniform,nan,nan,nan,nan,nan,-0.003584,0.330612,1.447017
849,174873,0.05,-1,208,28.16,131.36,0.149744,75000,uniform,nan,nan,nan,nan,nan,-0.014192,0.336784,1.361762
850,174999,0.05,-1,126,23.77,131.77,0.136035,75000,uniform,nan,nan,nan,nan,nan,0.007261,0.322703,1.0457
851,175267,0.05,-1,268,21.26,131.06,0.169642,75000,uniform,nan,nan,nan,nan,nan,-0.013314,0.373864,1.426392
852,175567,0.05,,300,26.5,23.1,0.154926,75000,uniform,nan,nan,nan,nan,nan,-0.017746,0.345391,1.266337
853,175867,0.05,,300,23.1,24.1,0.158011,75000,uniform,nan,nan,nan,nan,nan,-0.03551,0.344132,1.485214
854,176167,0.05,,300,19.5,27.3,0.178944,75000,uniform,nan,nan,nan,nan,nan,-0.01659,0.38086,1.716059
855,176467,0.05,,300,21.7,24.3,0.162761,75000,uniform,nan,nan,nan,nan,nan,-0.008274,0.35563,1.532945
856,176767,0.05,,300,26.5,27.7,0.167823,75000,uniform,nan,nan,nan,nan,nan,-0.021951,0.356237,1.704335
857,176999,0.05,-1,232,22.04,131.24,0.138412,75000,uniform,nan,nan,nan,nan,nan,-0.012294,0.324936,1.162688
858,177263,0.05,-1,264,27.88,131.08,0.16579,75000,uniform,nan,nan,nan,nan,nan,-0.007921,0.369171,1.470199
859,177476,0.05,1,213,131.33,24.14,0.150058,75000,uniform,nan,nan,nan,nan,nan,-0.025129,0.339844,1.303137
860,177591,0.05,1,115,131.82,26.43,0.160316,75000,uniform,nan,nan,nan,nan,nan,-0.0218,0.344429,1.84559
861,177701,0.05,-1,110,21.85,131.85,0.157351,75000,uniform,nan,nan,nan,nan,nan,-0.018763,0.342632,1.573328
862,178001,0.05,,300,25.3,26.3,0.14849,75000,uniform,nan,nan,nan,nan,nan,-0.01965,0.333002,1.518625
863,178301,0.05,,300,26.5,27.7,0.170457,75000,uniform,nan,nan,nan,nan,nan,-0.023158,0.369532,1.682061
864,178541,0.05,-1,240,26.0,131.2,0.162597,75000,uniform,nan,nan,nan,nan,nan,-0.027195,0.348305,1.757732
865,178659,0.05,-1,118,24.61,131.81,0.184615,75000,uniform,nan,nan,nan,nan,nan,-0.040675,0.370782,2.07093
866,178874,0.05,1,215,131.32,22.13,0.153167,75000,uniform,nan,nan,nan,nan,nan,-0.007594,0.336398,1.581752
867,179174,0.05,,300,25.3,26.3,0.159647,75000,uniform,nan,nan,nan,nan,nan,-0.010252,0.357144,1.50536
868,179429,0.05,1,255,131.12,24.73,0.160195,75000,uniform,nan,nan,nan,nan,nan,-0.010031,0.350658,1.603263
869,179729,0.05,,300,28.5,27.5,0.166673,75000,uniform,nan,nan,nan,nan,nan,-0.015371,0.356037,1.531152
870,180029,0.05,,300,23.9,22.1,0.151127,75000,uniform,nan,nan,nan,nan,nan,-0.031399,0.342788,1.481703
871,180223,0.05,-1,194,24.63,131.43,0.162676,75000,uniform,nan,nan,nan,nan,nan,-0.018587,0.359316,1.300053
872,180315,0.05,-1,92,20.94,131.94,0.153083,75000,uniform,nan,nan,nan,nan,nan,-0.035523,0.342252,1.817743
873,180531,0.05,-1,216,22.32,131.32,0.151356,75000,uniform,nan,nan,nan,nan,nan,-0.017905,0.339319,1.434052
874,180831,0.05,,300,26.3,27.7,0.158838,75000,uniform,nan,nan,nan,nan,nan,-0.023056,0.343969,1.480618
875,181131,0.05,,300,23.1,26.3,0.148347,75000,uniform,nan,nan,nan,nan,nan,-0.009626,0.341639,1.331502
876,181431,0.05,,300,25.5,25.3,0.133559,75000,uniform,nan,nan,nan,nan,nan,-0.013767,0.316266,1.353289
877,181731,0.05,,300,27.5,24.3,0.149211,75000,uniform,nan,nan,nan,nan,nan,-0.016183,0.329809,1.415856
878,182031,0.05,,300,25.3,28.7,0.137365,75000,uniform,nan,nan,nan,nan,nan,-0.023555,0.325739,1.34092
879,182290,0.05,1,259,131.1,21.11,0.159206,75000,uniform,nan,nan,nan,nan,nan,-0.008128,0.346453,1.539982
880,182449,0.05,1,159,131.6,29.41,0.135757,75000,uniform,nan,nan,nan,nan,nan,-0.028621,0.316482,1.374048
881,182749,0.05,,300,25.5,26.5,0.137811,75000,uniform,nan,nan,nan,nan,nan,-0.006064,0.31656,1.212579
882,183049,0.05,,300,24.3,27.7,0.165265,75000,uniform,nan,nan,nan,nan,nan,-0.011558,0.353365,1.556963
883,183292,0.05,1,243,131.18,28.99,0.155471,75000,uniform,nan,nan,nan,nan,nan,-0.020545,0.345355,1.357447
884,183592,0.05,,300,24.1,27.5,0.152842,75000,uniform,nan,nan,nan,nan,nan,0.001881,0.336855,1.543425
885,183892,0.05,,300,21.5,22.1,0.147135,75000,uniform,nan,nan,nan,nan,nan,-0.013471,0.329188,1.277972
886,184144,0.05,-1,252,21.34,131.14,0.143593,75000,uniform,nan,nan,nan,nan,nan,-0.01184,0.335564,1.273947
887,184444,0.05,,300,25.5,21.7,0.133438,75000,uniform,nan,nan,nan,nan,nan,-0.026088,0.313884,1.308405
888,184744,0.05,,300,25.3,28.5,0.148891,75000,uniform,nan,nan,nan,nan,nan,-0.019562,0.3294,1.578901
889,185044,0.05,,300,26.3,24.1,0.150307,75000,uniform,nan,nan,nan,nan,nan,-0.009711,0.339435,1.317505
890,185344,0.05,,300,25.3,23.7,0.148167,75000,uniform,nan,nan,nan,nan,nan,-0.008373,0.334891,1.243647
891,185644,0.05,,300,25.3,25.1,0.136763,75000,uniform,nan,nan,nan,nan,nan,-0.013798,0.317537,1.307908
892,185944,0.05,,300,25.3,22.9,0.140433,75000,uniform,nan,nan,nan,nan,nan,-0.015311,0.321594,1.426156
893,186051,0.05,1,107,131.86,25.07,0.159782,75000,uniform,nan,nan,nan,nan,nan,-0.01931,0.366585,1.099139
894,186351,0.05,,300,25.1,24.1,0.137739,75000,uniform,nan,nan,nan,nan,nan,-0.009601,0.321222,1.169699
895,186651,0.05,,300,26.5,27.5,0.157043,75000,uniform,nan,nan,nan,nan,nan,0.007121,0.335481,1.486334
896,186951,0.05,,300,24.3,27.7,0.135088,75000,uniform,nan,nan,nan,nan,nan,-0.001042,0.309566,1.376236
897,187251,0.05,,300,27.7,23.9,0.154746,75000,uniform,nan,nan,nan,nan,nan,0.001242,0.347892,1.166352
898,187551,0.05,,300,22.9,23.1,0.136071,75000,uniform,nan,nan,nan,nan,nan,-0.010588,0.318595,1.121658
899,187851,0.05,,300,27.5,26.3,0.130718,75000,uniform,nan,nan,nan,nan,nan,-0.008877,0.309262,1.241224
900,188151,0.05,,300,22.9,22.7,0.157981,75000,uniform,nan,nan,nan,nan,nan,-0.014281,0.348772,1.492011
901,188451,0.05,,300,22.9,25.1,0.14379,75000,uniform,nan,nan,nan,nan,nan,-0.009319,0.324408,1.371822
902,188751,0.05,,300,24.5,26.3,0.1307,75000,uniform,nan,nan,nan,nan,nan,-0.018486,0.30614,1.309784
903,189001,0.05,-1,250,19.35,131.15,0.135077,75000,uniform,nan,nan,nan,nan,nan,-0.004669,0.313678,1.195859
904,189301,0.05,,300,25.1,26.5,0.128387,75000,uniform,nan,nan,nan,nan,nan,0.001027,0.314694,1.173105
905,189601,0.05,,300,25.3,24.1,0.115209,75000,uniform,nan,nan,nan,nan,nan,0.000536,0.287247,0.926156
906,189901,0.05,,300,27.1,23.1,0.1231,75000,uniform,nan,nan,nan,nan,nan,-0.007154,0.295629,1.170864
907,189989,0.05,-1,88,24.76,131.96,0.107197,75000,uniform,nan,nan,nan,nan,nan,0.006733,0.277757,0.841742
908,190106,0.05,1,117,131.81,27.02,0.130076,75000,uniform,nan,nan,nan,nan,nan,-0.020073,0.33022,0.891161
909,190379,0.05,1,273,131.03,23.64,0.128805,75000,uniform,nan,nan,nan,nan,nan,-0.020279,0.301756,1.218243
910,190679,0.05,,300,23.3,25.3,0.133761,75000,uniform,nan,nan,nan,nan,nan,-0.01093,0.305174,1.287129
911,190979,0.05,,300,21.3,28.1,0.125399,75000,uniform,nan,nan,nan,nan,nan,-0.021015,0.29482,1.434292
912,191092,0.05,1,113,131.83,19.84,0.142798,75000,uniform,nan,nan,nan,nan,nan,0.007279,0.338617,1.27376
913,191301,0.05,1,209,131.35,26.36,0.129481,75000,uniform,nan,nan,nan,nan,nan,0.006091,0.306418,1.243171
914,191601,0.05,,300,25.3,25.5,0.124265,75000,uniform,nan,nan,nan,nan,nan,-0.005909,0.297758,1.191614
915,191901,0.05,,300,27.7,25.5,0.123072,75000,uniform,nan,nan,nan,nan,nan,-0.000129,0.292173,1.16915
916,192201,0.05,,300,25.1,25.7,0.136317,75000,uniform,nan,nan,nan,nan,nan,-0.014498,0.31814,1.320346
917,192501,0.05,,300,27.5,26.1,0.135839,75000,uniform,nan,nan,nan,nan,nan,-0.01298,0.307221,1.518786
918,192801,0.05,,300,26.3,25.5,0.130992,75000,uniform,nan,nan,nan,nan,nan,-0.012577,0.298522,1.671795
919,193101,0.05,,300,25.5,23.1,0.141184,75000,uniform,nan,nan,nan,nan,nan,-0.014226,0.317738,1.543576
920,193401,0.05,,300,28.5,25.5,0.124506,75000,uniform,nan,nan,nan,nan,nan,-0.006011,0.298911,1.074369
921,193701,0.05,,300,25.3,28.7,0.118662,75000,uniform,nan,nan,nan,nan,nan,-0.004244,0.288238,1.147696
922,194001,0.05,,300,25.3,25.5,0.119958,75000,uniform,nan,nan,nan,nan,nan,-0.011704,0.287822,1.212194
923,194301,0.05,,300,21.9,27.5,0.12421,75000,uniform,nan,nan,nan,nan,nan,-0.003681,0.301182,1.100093
924,194601,0.05,,300,25.1,27.5,0.116228,75000,uniform,nan,nan,nan,nan,nan,-0.010734,0.282968,1.176497
925,194901,0.05,,300,24.1,25.3,0.113465,75000,uniform,nan,nan,nan,nan,nan,-0.009184,0.275866,1.100003
926,195201,0.05,,300,26.3,27.5,0.126381,75000,uniform,nan,nan,nan,nan,nan,0.001927,0.303316,1.040386
927,195501,0.05,,300,27.5,26.3,0.135981,75000,uniform,nan,nan,nan,nan,nan,-0.020363,0.310362,1.266323
928,195801,0.05,,300,25.5,25.9,0.121357,75000,uniform,nan,nan,nan,nan,nan,-0.020082,0.291242,1.181156
929,196101,0.05,,300,25.1,25.3,0.127989,75000,uniform,nan,nan,nan,nan,nan,-0.020189,0.300584,1.467505
930,196401,0.05,,300,26.1,27.5,0.112967,75000,uniform,nan,nan,nan,nan,nan,-0.011453,0.281004,0.923312
931,196701,0.05,,300,27.5,26.3,0.11199,75000,uniform,nan,nan,nan,nan,nan,-0.013468,0.276565,1.09614
932,196940,0.05,1,239,131.2,28.21,0.120915,75000,uniform,nan,nan,nan,nan,nan,-0.008706,0.284808,1.295399
933,197240,0.05,,300,25.5,22.9,0.132063,75000,uniform,nan,nan,nan,nan,nan,-0.010766,0.308516,1.281478
934,197540,0.05,,300,26.3,25.3,0.118013,75000,uniform,nan,nan,nan,nan,nan,-0.009476,0.286702,1.177402
935,197840,0.05,,300,25.3,25.5,0.108528,75000,uniform,nan,nan,nan,nan,nan,-0.005593,0.272671,1.000903
936,198140,0.05,,300,25.5,27.5,0.117998,75000,uniform,nan,nan,nan,nan,nan,-0.015841,0.291037,1.271921
937,198440,0.05,,300,18.1,26.1,0.133578,75000,uniform,nan,nan,nan,nan,nan,-0.004877,0.301773,1.427233
938,198740,0.05,,300,27.5,26.5,0.122089,75000,uniform,nan,nan,nan,nan,nan,-0.005396,0.289098,1.094452
939,199040,0.05,,300,26.3,27.5,0.117525,75000,uniform,nan,nan,nan,nan,nan,-0.006287,0.286385,1.1267
940,199340,0.05,,300,25.3,27.7,0.134152,75000,uniform,nan,nan,nan,nan,nan,-0.008276,0.307651,1.404208
941,199640,0.05,,300,25.3,28.7,0.109916,75000,uniform,nan,nan,nan,nan,nan,0.004482,0.277238,0.951716
942,199940,0.05,,300,22.9,22.1,0.10828,75000,uniform,nan,nan,nan,nan,nan,0.0055,0.272714,1.098005
943,200127,0.05,1,187,131.46,24.07,0.12061,75000,uniform,nan,nan,nan,nan,nan,-0.004811,0.292639,1.108841
944,200423,0.05,-1,296,28.72,130.92,0.117913,75000,uniform,nan,nan,nan,nan,nan,-0.009932,0.281808,1.238203
945,200723,0.05,,300,27.5,26.3,0.117053,75000,uniform,nan,nan,nan,nan,nan,-0.008846,0.279542,1.226973
946,201023,0.05,,300,25.3,25.5,0.103435,75000,uniform,nan,nan,nan,nan,nan,-0.005901,0.26899,0.894173
947,201323,0.05,,300,25.5,25.3,0.143962,75000,uniform,nan,nan,nan,nan,nan,-0.010374,0.315152,1.379864
948,201623,0.05,,300,25.5,25.1,0.115873,75000,uniform,nan,nan,nan,nan,nan,-0.00405,0.281731,1.158448
949,201923,0.05,,300,24.1,27.7,0.110252,75000,uniform,nan,nan,nan,nan,nan,-0.002423,0.27258,0.963765
950,202223,0.05,,300,23.1,23.1,0.130132,75000,uniform,nan,nan,nan,nan,nan,-0.016629,0.299819,1.291916
951,202480,0.05,1,257,131.11,20.52,0.110837,75000,uniform,nan,nan,nan,nan,nan,0.005992,0.27368,1.017751
952,202780,0.05,,300,25.3,26.3,0.117594,75000,uniform,nan,nan,nan,nan,nan,-0.005254,0.27971,1.155123
953,203080,0.05,,300,27.5,26.3,0.125318,75000,uniform,nan,nan,nan,nan,nan,-0.007632,0.291802,1.306395
954,203380,0.05,,300,23.1,25.5,0.095405,75000,uniform,nan,nan,nan,nan,nan,-0.00283,0.258065,0.886218
955,203645,0.05,1,265,131.07,28.08,0.110333,75000,uniform,nan,nan,nan,nan,nan,-0.002893,0.267783,1.191208
956,203945,0.05,,300,27.5,26.5,0.094063,75000,uniform,nan,nan,nan,nan,nan,0.003004,0.247803,0.979909
957,204245,0.05,,300,28.7,27.5,0.109843,75000,uniform,nan,nan,nan,nan,nan,-0.008626,0.276086,1.026316
958,204545,0.05,,300,24.1,25.3,0.094652,75000,uniform,nan,nan,nan,nan,nan,-0.009209,0.252326,0.891249
959,204837,0.05,-1,292,27.94,130.94,0.103876,75000,uniform,nan,nan,nan,nan,nan,-0.010414,0.259407,1.059476
960,205137,0.05,,300,25.3,26.3,0.098095,75000,uniform,nan,nan,nan,nan,nan,0.002311,0.260332,0.917534
961,205273,0.05,-1,136,26.52,131.72,0.122202,75000,uniform,nan,nan,nan,nan,nan,-0.004149,0.281501,1.281873
962,205573,0.05,,300,24.3,25.3,0.125597,75000,uniform,nan,nan,nan,nan,nan,0.002883,0.28253,1.343698
963,205873,0.05,,300,24.3,27.7,0.102453,75000,uniform,nan,nan,nan,nan,nan,-0.001583,0.25672,1.003775
964,206173,0.05,,300,25.3,24.1,0.117059,75000,uniform,nan,nan,nan,nan,nan,-0.005039,0.282547,1.047704
965,206297,0.05,-1,124,21.98,131.78,0.102495,75000,uniform,nan,nan,nan,nan,nan,-0.006645,0.265063,0.89445
966,206597,0.05,,300,23.1,24.3,0.102045,75000,uniform,nan,nan,nan,nan,nan,0.003119,0.258381,0.945115
967,206897,0.05,,300,27.9,25.5,0.09648,75000,uniform,nan,nan,nan,nan,nan,-0.001066,0.250126,0.947339
968,207197,0.05,,300,25.1,25.3,0.103168,75000,uniform,nan,nan,nan,nan,nan,-0.005311,0.263987,1.013262
969,207497,0.05,,300,25.5,26.5,0.099885,75000,uniform,nan,nan,nan,nan,nan,0.004015,0.25645,0.831287
970,207797,0.05,,300,25.5,25.5,0.098151,75000,uniform,nan,nan,nan,nan,nan,-0.000689,0.251546,0.995335
971,208097,0.05,,300,25.3,25.3,0.100066,75000,uniform,nan,nan,nan,nan,nan,-0.010356,0.256657,1.037702
972,208397,0.05,,300,24.7,25.1,0.106634,75000,uniform,nan,nan,nan,nan,nan,-0.001422,0.2643,1.046324
973,208697,0.05,,300,27.5,26.5,0.099517,75000,uniform,nan,nan,nan,nan,nan,-0.012789,0.254294,0.920508
974,208997,0.05,,300,25.1,25.3,0.10562,75000,uniform,nan,nan,nan,nan,nan,-0.008271,0.260135,1.077922
975,209297,0.05,,300,26.5,27.5,0.11526,75000,uniform,nan,nan,nan,nan,nan,-0.015244,0.280856,1.051869
976,209597,0.05,,300,25.5,25.5,0.099844,75000,uniform,nan,nan,nan,nan,nan,-0.001981,0.256333,0.813352
977,209734,0.05,1,137,131.71,26.52,0.122452,75000,uniform,nan,nan,nan,nan,nan,-0.011731,0.279801,1.433102
978,209889,0.05,1,155,131.62,23.03,0.094185,75000,uniform,nan,nan,nan,nan,nan,-0.018965,0.247713,0.921003
979,210081,0.05,-1,192,19.24,131.44,0.12119,75000,uniform,nan,nan,nan,nan,nan,0.01189,0.282861,1.081829
980,210256,0.05,1,175,131.52,29.33,0.11373,75000,uniform,nan,nan,nan,nan,nan,-0.004107,0.269392,1.006159
981,210556,0.05,,300,25.3,24.9,0.108383,75000,uniform,nan,nan,nan,nan,nan,0.004213,0.260537,1.125427
982,210856,0.05,,300,25.1,25.1,0.106687,75000,uniform,nan,nan,nan,nan,nan,-0.012975,0.259586,1.055733
983,211092,0.05,-1,236,26.42,131.22,0.12423,75000,uniform,nan,nan,nan,nan,nan,-0.010698,0.281843,1.169715
984,211392,0.05,,300,25.1,25.3,0.119315,75000,uniform,nan,nan,nan,nan,nan,-0.015342,0.278214,1.2297
985,211692,0.05,,300,23.1,25.1,0.103527,75000,uniform,nan,nan,nan,nan,nan,-0.009136,0.258385,0.905817
986,211992,0.05,,300,27.7,26.3,0.101651,75000,uniform,nan,nan,nan,nan,nan,-0.00675,0.252446,1.122681
987,212292,0.05,,300,23.1,23.1,0.105289,75000,uniform,nan,nan,nan,nan,nan,0.009449,0.261061,1.089041
988,212592,0.05,,300,25.1,25.3,0.108949,75000,uniform,nan,nan,nan,nan,nan,0.007006,0.261602,1.008802
989,212892,0.05,,300,25.1,25.1,0.098701,75000,uniform,nan,nan,nan,nan,nan,-0.002371,0.247287,0.849926
990,213192,0.05,,300,25.5,25.1,0.107155,75000,uniform,nan,nan,nan,nan,nan,-0.003573,0.263865,0.938978
991,213399,0.05,1,207,131.36,19.77,0.100073,75000,uniform,nan,nan,nan,nan,nan,-0.0107,0.253458,1.006894
992,213699,0.05,,300,27.5,27.3,0.100058,75000,uniform,nan,nan,nan,nan,nan,-0.011996,0.250303,1.078862
993,213999,0.05,,300,26.3,27.7,0.10748,75000,uniform,nan,nan,nan,nan,nan,-0.018424,0.257286,1.242859
994,214299,0.05,,300,25.3,20.7,0.118245,75000,uniform,nan,nan,nan,nan,nan,0.004775,0.275485,1.152642
995,214599,0.05,,300,23.1,25.3,0.104169,75000,uniform,nan,nan,nan,nan,nan,-0.011509,0.254035,1.062294
996,214883,0.05,-1,284,28.78,130.98,0.084094,75000,uniform,nan,nan,nan,nan,nan,-0.005711,0.230324,0.865732
997,215183,0.05,,300,24.9,25.1,0.109706,75000,uniform,nan,nan,nan,nan,nan,-0.015664,0.263867,1.360625
998,215483,0.05,,300,25.3,25.1,0.106114,75000,uniform,nan,nan,nan,nan,nan,-0.011333,0.259595,1.285857
999,215783,0.05,,300,26.5,25.3,0.089663,75000,uniform,nan,nan,nan,nan,nan,0.000672,0.239135,0.741775
1000,216083,0.05,,300,25.3,22.9,0.095162,75000,uniform,nan,nan,nan,nan,nan,-0.010789,0.245956,0.961305
1001,216383,0.05,,300,25.5,23.3,0.110521,75000,uniform,nan,nan,nan,nan,nan,-0.004521,0.261873,1.156764
1002,216576,0.05,1,193,131.43,29.24,0.101059,75000,uniform,nan,nan,nan,nan,nan,-0.001243,0.248102,1.04556
1003,216876,0.05,,300,23.1,25.1,0.10088,75000,uniform,nan,nan,nan,nan,nan,-0.00827,0.246873,1.031475
1004,217176,0.05,,300,23.1,20.7,0.116241,75000,uniform,nan,nan,nan,nan,nan,-0.024276,0.268503,1.406536
1005,217476,0.05,,300,23.1,24.1,0.099696,75000,uniform,nan,nan,nan,nan,nan,-0.009729,0.248539,0.990705
1006,217776,0.05,,300,25.3,25.5,0.096515,75000,uniform,nan,nan,nan,nan,nan,-0.005315,0.242745,1.14514
1007,218076,0.05,,300,25.1,25.1,0.089123,75000,uniform,nan,nan,nan,nan,nan,-0.011935,0.23569,0.819481
1008,218376,0.05,,300,25.3,25.3,0.092874,75000,uniform,nan,nan,nan,nan,nan,-0.010865,0.239917,0.925095
1009,218488,0.05,-1,112,23.84,131.84,0.084506,75000,uniform,nan,nan,nan,nan,nan,-0.004442,0.230116,0.806517
1010,218788,0.05,,300,25.3,23.1,0.09724,75000,uniform,nan,nan,nan,nan,nan,-0.010487,0.241499,0.948237
1011,219088,0.05,,300,25.3,25.3,0.084957,75000,uniform,nan,nan,nan,nan,nan,-0.002743,0.231633,0.885279
1012,219388,0.05,,300,23.1,25.1,0.106725,75000,uniform,nan,nan,nan,nan,nan,-0.000324,0.256004,0.984805
1013,219688,0.05,,300,24.1,28.1,0.08351,75000,uniform,nan,nan,nan,nan,nan,-0.009091,0.227138,0.803235
1014,219988,0.05,,300,25.3,24.5,0.084951,75000,uniform,nan,nan,nan,nan,nan,-0.005381,0.225579,0.862879
1015,220166,0.05,-1,178,28.51,131.51,0.099126,75000,uniform,nan,nan,nan,nan,nan,-0.011906,0.254269,0.846129
1016,220466,0.05,,300,25.3,23.9,0.094172,75000,uniform,nan,nan,nan,nan,nan,-0.011195,0.242165,0.921866
1017,220766,0.05,,300,25.1,25.3,0.0834,75000,uniform,nan,nan,nan,nan,nan,0.000109,0.226329,0.983045
1018,221066,0.05,,300,25.5,25.1,0.087473,75000,uniform,nan,nan,nan,nan,nan,0.001751,0.233819,0.785169
1019,221366,0.05,,300,25.1,25.3,0.083573,75000,uniform,nan,nan,nan,nan,nan,-0.011091,0.228109,0.983385
1020,221666,0.05,,300,25.3,25.3,0.079148,75000,uniform,nan,nan,nan,nan,nan,-0.006817,0.218379,0.855443
1021,221966,0.05,,300,25.3,25.3,0.080883,75000,uniform,nan,nan,nan,nan,nan,-0.00313,0.21887,0.935347
1022,222266,0.05,,300,25.3,23.1,0.091529,75000,uniform,nan,nan,nan,nan,nan,-0.005569,0.2406,0.794462
1023,222551,0.05,1,285,130.97,23.18,0.081558,75000,uniform,nan,nan,nan,nan,nan,-0.013857,0.226662,0.871572
1024,222851,0.05,,300,25.1,23.1,0.079516,75000,uniform,nan,nan,nan,nan,nan,-0.009761,0.222307,0.7566
1025,223009,0.05,-1,158,26.41,131.61,0.081286,75000,uniform,nan,nan,nan,nan,nan,-0.008788,0.220549,0.821157
1026,223309,0.05,,300,22.9,25.1,0.097045,75000,uniform,nan,nan,nan,nan,nan,0.007348,0.242092,1.019885
1027,223609,0.05,,300,25.1,20.5,0.073426,75000,uniform,nan,nan,nan,nan,nan,-0.00281,0.215786,0.66236
1028,223909,0.05,,300,25.9,25.7,0.076837,75000,uniform,nan,nan,nan,nan,nan,-0.004475,0.214959,0.739412
1029,224209,0.05,,300,25.1,25.3,0.085639,75000,uniform,nan,nan,nan,nan,nan,-0.005402,0.229862,0.840886
1030,224509,0.05,,300,25.1,25.3,0.082323,75000,uniform,nan,nan,nan,nan,nan,-0.011108,0.221103,0.833628
1031,224809,0.05,,300,24.3,24.7,0.070492,75000,uniform,nan,nan,nan,nan,nan,-0.007028,0.205981,0.803172
1032,225109,0.05,,300,23.1,27.5,0.083508,75000,uniform,nan,nan,nan,nan,nan,-0.000895,0.223811,0.91172
1033,225313,0.05,-1,204,28.78,131.38,0.080054,75000,uniform,nan,nan,nan,nan,nan,0.006623,0.218888,0.738988
1034,225512,0.05,1,199,131.4,28.41,0.071883,75000,uniform,nan,nan,nan,nan,nan,4.3e-05,0.209574,0.680321
1035,225812,0.05,,300,25.3,25.3,0.07736,75000,uniform,nan,nan,nan,nan,nan,-0.005973,0.211141,0.840937
1036,226029,0.05,1,217,131.31,24.12,0.07009,75000,uniform,nan,nan,nan,nan,nan,-0.005431,0.208687,0.637744
1037,226329,0.05,,300,27.5,27.5,0.097607,75000,uniform,nan,nan,nan,nan,nan,-0.015101,0.240772,1.047604
1038,226629,0.05,,300,26.3,25.3,0.079801,75000,uniform,nan,nan,nan,nan,nan,-0.008473,0.218193,0.766289
1039,226864,0.05,1,235,131.22,26.43,0.087216,75000,uniform,nan,nan,nan,nan,nan,-0.006852,0.224298,0.940103
1040,227164,0.05,,300,23.1,25.3,0.07903,75000,uniform,nan,nan,nan,nan,nan,-0.002809,0.220282,0.840251
1041,227464,0.05,,300,22.9,22.1,0.100088,75000,uniform,nan,nan,nan,nan,nan,0.003825,0.238005,1.410685
1042,227764,0.05,,300,27.5,25.3,0.081126,75000,uniform,nan,nan,nan,nan,nan,0.001694,0.215661,0.869712
1043,228038,0.05,-1,274,26.23,131.03,0.076509,75000,uniform,nan,nan,nan,nan,nan,-0.000754,0.215151,0.856299
1044,228338,0.05,,300,25.3,26.1,0.082103,75000,uniform,nan,nan,nan,nan,nan,-0.001909,0.222337,0.908884
1045,228638,0.05,,300,25.3,25.1,0.076562,75000,uniform,nan,nan,nan,nan,nan,0.003738,0.210646,0.881218
1046,228938,0.05,,300,25.5,25.5,0.077612,75000,uniform,nan,nan,nan,nan,nan,-0.001684,0.209773,0.984038
1047,229132,0.05,-1,194,25.63,131.43,0.086063,75000,uniform,nan,nan,nan,nan,nan,0.018904,0.227521,1.037587
1048,229399,0.05,1,267,131.06,24.27,0.090928,75000,uniform,nan,nan,nan,nan,nan,-0.003519,0.228466,0.899495
1049,229597,0.05,-1,198,23.81,131.41,0.084242,75000,uniform,nan,nan,nan,nan,nan,-0.013559,0.218614,0.93556
1050,229897,0.05,,300,25.3,25.1,0.089669,75000,uniform,nan,nan,nan,nan,nan,-0.004915,0.222585,1.030421
1051,230094,0.05,1,197,131.41,23.82,0.1084,75000,uniform,nan,nan,nan,nan,nan,-0.022801,0.250765,1.289908
1052,230394,0.05,,300,25.1,25.5,0.093218,75000,uniform,nan,nan,nan,nan,nan,-0.0104,0.23291,1.175169
1053,230694,0.05,,300,25.1,28.3,0.079092,75000,uniform,nan,nan,nan,nan,nan,-0.006565,0.212963,0.869116
1054,230994,0.05,,300,25.5,25.5,0.079025,75000,uniform,nan,nan,nan,nan,nan,-0.011072,0.215924,0.879608
1055,231294,0.05,,300,24.1,27.5,0.101632,75000,uniform,nan,nan,nan,nan,nan,-0.000951,0.2429,1.141099
1056,231594,0.05,,300,25.3,25.1,0.081082,75000,uniform,nan,nan,nan,nan,nan,-0.002383,0.215445,0.860011
1057,231894,0.05,,300,25.3,25.1,0.087028,75000,uniform,nan,nan,nan,nan,nan,-0.001087,0.218885,0.951251
1058,232194,0.05,,300,24.1,27.7,0.091449,75000,uniform,nan,nan,nan,nan,nan,-0.014198,0.23332,0.940911
1059,232494,0.05,,300,26.1,27.5,0.093141,75000,uniform,nan,nan,nan,nan,nan,-0.009928,0.230066,1.09039
1060,232794,0.05,,300,25.3,25.5,0.079692,75000,uniform,nan,nan,nan,nan,nan,-0.009273,0.212246,0.828437
1061,233094,0.05,,300,27.7,28.7,0.081669,75000,uniform,nan,nan,nan,nan,nan,0.00607,0.219214,0.757494
1062,233210,0.05,-1,116,24.42,131.82,0.09603,75000,uniform,nan,nan,nan,nan,nan,0.003408,0.232923,1.052316
1063,233510,0.05,,300,25.3,25.3,0.079891,75000,uniform,nan,nan,nan,nan,nan,-0.003571,0.214075,0.858172
1064,233810,0.05,,300,25.1,27.5,0.077836,75000,uniform,nan,nan,nan,nan,nan,-0.000818,0.208441,0.841802
1065,233956,0.05,-1,146,23.27,131.67,0.079059,75000,uniform,nan,nan,nan,nan,nan,-0.005676,0.209351,0.767373
1066,234256,0.05,,300,28.5,27.5,0.084793,75000,uniform,nan,nan,nan,nan,nan,-0.011018,0.22422,0.892259
1067,234556,0.05,,300,25.3,24.3,0.073642,75000,uniform,nan,nan,nan,nan,nan,-0.000556,0.206848,0.740563
1068,234856,0.05,,300,25.1,27.7,0.075308,75000,uniform,nan,nan,nan,nan,nan,-0.009611,0.204033,0.777223
1069,235156,0.05,,300,27.5,24.9,0.07883,75000,uniform,nan,nan,nan,nan,nan,-0.006573,0.215418,0.799255
1070,235456,0.05,,300,27.3,25.3,0.069411,75000,uniform,nan,nan,nan,nan,nan,0.000402,0.200742,0.674017
1071,235756,0.05,,300,25.3,25.3,0.06819,75000,uniform,nan,nan,nan,nan,nan,-0.007435,0.197338,0.713771
1072,236056,0.05,,300,25.3,25.3,0.063801,75000,uniform,nan,nan,nan,nan,nan,0.000855,0.195837,0.644683
1073,236356,0.05,,300,24.3,25.5,0.086149,75000,uniform,nan,nan,nan,nan,nan,0.009928,0.220064,0.912625
1074,236656,0.05,,300,25.5,23.9,0.076471,75000,uniform,nan,nan,nan,nan,nan,-0.010976,0.205845,1.055685
1075,236956,0.05,,300,27.5,28.7,0.065843,75000,uniform,nan,nan,nan,nan,nan,0.001557,0.194647,0.717029
1076,237256,0.05,,300,25.1,25.1,0.087991,75000,uniform,nan,nan,nan,nan,nan,-0.007686,0.22784,0.860089
1077,237556,0.05,,300,25.1,25.3,0.094342,75000,uniform,nan,nan,nan,nan,nan,-0.017827,0.226889,1.249261
1078,237856,0.05,,300,22.9,25.3,0.071483,75000,uniform,nan,nan,nan,nan,nan,-0.006533,0.20221,0.790817
1079,238156,0.05,,300,25.3,25.3,0.075551,75000,uniform,nan,nan,nan,nan,nan,0.005124,0.215703,0.685495
1080,238456,0.05,,300,25.5,25.5,0.084927,75000,uniform,nan,nan,nan,nan,nan,-0.001089,0.221015,0.830221
1081,238756,0.05,,300,25.5,25.3,0.079655,75000,uniform,nan,nan,nan,nan,nan,-0.006205,0.213142,0.87788
1082,239056,0.05,,300,25.3,25.1,0.086515,75000,uniform,nan,nan,nan,nan,nan,-0.005252,0.223598,0.896009
1083,239356,0.05,,300,25.3,23.1,0.077745,75000,uniform,nan,nan,nan,nan,nan,-0.004786,0.212451,0.882987
1084,239656,0.05,,300,24.5,25.1,0.071387,75000,uniform,nan,nan,nan,nan,nan,-0.002959,0.202708,0.724033
1085,239956,0.05,,300,23.9,23.9,0.074699,75000,uniform,nan,nan,nan,nan,nan,-0.003816,0.204327,0.83566
1086,240256,0.05,,300,25.3,25.3,0.079662,75000,uniform,nan,nan,nan,nan,nan,-0.006439,0.221243,0.770115
1087,240556,0.05,,300,24.9,25.5,0.079848,75000,uniform,nan,nan,nan,nan,nan,-0.008451,0.210491,0.827544
1088,240856,0.05,,300,25.5,25.5,0.068243,75000,uniform,nan,nan,nan,nan,nan,-0.006982,0.194598,0.777364
1089,241156,0.05,,300,20.9,25.3,0.085875,75000,uniform,nan,nan,nan,nan,nan,-0.008681,0.223817,0.943963
1090,241456,0.05,,300,25.3,25.1,0.082115,75000,uniform,nan,nan,nan,nan,nan,-0.004168,0.214038,0.887188
1091,241736,0.05,-1,280,26.0,131.0,0.07911,75000,uniform,nan,nan,nan,nan,nan,-0.0034,0.209866,0.807541
1092,242036,0.05,,300,25.3,23.7,0.074945,75000,uniform,nan,nan,nan,nan,nan,-0.002702,0.207098,0.769549
1093,242336,0.05,,300,25.5,24.3,0.082119,75000,uniform,nan,nan,nan,nan,nan,-0.006037,0.216608,0.791969
1094,242636,0.05,,300,25.3,23.3,0.07974,75000,uniform,nan,nan,nan,nan,nan,-0.006652,0.209567,0.806285
1095,242936,0.05,,300,25.5,23.1,0.070529,75000,uniform,nan,nan,nan,nan,nan,-0.007648,0.198911,0.726744
1096,243236,0.05,,300,27.1,24.1,0.086925,75000,uniform,nan,nan,nan,nan,nan,-0.000296,0.224335,0.825423
1097,243536,0.05,,300,25.3,25.3,0.079229,75000,uniform,nan,nan,nan,nan,nan,-0.005726,0.207251,0.911819
1098,243836,0.05,,300,25.3,25.3,0.080909,75000,uniform,nan,nan,nan,nan,nan,-0.004883,0.208714,0.850327
1099,244136,0.05,,300,25.5,23.1,0.082903,75000,uniform,nan,nan,nan,nan,nan,-0.016406,0.218121,0.876755
1100,244436,0.05,,300,24.1,25.5,0.079869,75000,uniform,nan,nan,nan,nan,nan,-0.009768,0.210155,0.776765
1101,244736,0.05,,300,25.3,28.5,0.069138,75000,uniform,nan,nan,nan,nan,nan,-0.011294,0.196282,0.693972
1102,244870,0.05,-1,134,23.93,131.73,0.063742,75000,uniform,nan,nan,nan,nan,nan,-0.005742,0.188299,0.651353
1103,245142,0.05,-1,272,26.24,131.04,0.095965,75000,uniform,nan,nan,nan,nan,nan,-0.002236,0.229409,1.36068
1104,245442,0.05,,300,23.1,24.3,0.087586,75000,uniform,nan,nan,nan,nan,nan,-0.000513,0.218027,0.991536
1105,245742,0.05,,300,27.5,25.9,0.078358,75000,uniform,nan,nan,nan,nan,nan,-0.007059,0.204352,0.866626
1106,246042,0.05,,300,27.7,28.1,0.074562,75000,uniform,nan,nan,nan,nan,nan,-0.005065,0.203719,0.829372
1107,246342,0.05,,300,25.3,25.5,0.085134,75000,uniform,nan,nan,nan,nan,nan,-0.012884,0.216651,0.913664
1108,246642,0.05,,300,27.7,25.5,0.081196,75000,uniform,nan,nan,nan,nan,nan,-0.018658,0.210128,0.978865
1109,246942,0.05,,300,25.3,22.9,0.067096,75000,uniform,nan,nan,nan,nan,nan,-0.009595,0.194335,0.809593
1110,247242,0.05,,300,22.5,25.1,0.076088,75000,uniform,nan,nan,nan,nan,nan,0.001829,0.212025,0.711433
1111,247542,0.05,,300,21.7,22.5,0.0758,75000,uniform,nan,nan,nan,nan,nan,-0.000137,0.203917,0.779938
1112,247842,0.05,,300,25.3,25.1,0.07095,75000,uniform,nan,nan,nan,nan,nan,0.000286,0.196251,0.79948
1113,248142,0.05,,300,25.3,25.3,0.063283,75000,uniform,nan,nan,nan,nan,nan,-0.007075,0.192426,0.686086
1114,248442,0.05,,300,25.3,24.9,0.072689,75000,uniform,nan,nan,nan,nan,nan,-0.001912,0.196715,0.772018
1115,248742,0.05,,300,25.1,25.5,0.064304,75000,uniform,nan,nan,nan,nan,nan,-0.00573,0.185721,0.65967
1116,249042,0.05,,300,28.5,25.5,0.064191,75000,uniform,nan,nan,nan,nan,nan,-0.007016,0.190451,0.658486
1117,249342,0.05,,300,22.9,27.5,0.057048,75000,uniform,nan,nan,nan,nan,nan,-0.00434,0.18646,0.540608
1118,249642,0.05,,300,27.9,27.5,0.062681,75000,uniform,nan,nan,nan,nan,nan,0.002473,0.187421,0.600353
1119,249942,0.05,,300,24.9,25.1,0.059874,75000,uniform,nan,nan,nan,nan,nan,-0.003226,0.183452,0.603472
1120,250242,0.05,,300,23.1,25.3,0.060331,75000,uniform,nan,nan,nan,nan,nan,-0.004651,0.191952,0.60634
1121,250542,0.05,,300,24.9,25.1,0.061779,75000,uniform,nan,nan,nan,nan,nan,-0.007425,0.187126,0.593971
1122,250842,0.05,,300,26.3,24.3,0.062607,75000,uniform,nan,nan,nan,nan,nan,-0.004496,0.186442,0.695771
1123,251142,0.05,,300,27.5,23.3,0.070755,75000,uniform,nan,nan,nan,nan,nan,-0.004503,0.199617,0.745187
1124,251442,0.05,,300,25.1,25.1,0.064559,75000,uniform,nan,nan,nan,nan,nan,0.001926,0.190176,0.664843
1125,251742,0.05,,300,25.1,27.5,0.05617,75000,uniform,nan,nan,nan,nan,nan,0.003373,0.177228,0.579464
1126,251874,0.05,-1,132,19.34,131.74,0.05914,75000,uniform,nan,nan,nan,nan,nan,-0.006255,0.180037,0.588478
1127,252174,0.05,,300,25.3,25.3,0.066457,75000,uniform,nan,nan,nan,nan,nan,-0.009115,0.194547,0.796637
1128,252474,0.05,,300,27.5,25.7,0.06438,75000,uniform,nan,nan,nan,nan,nan,-0.001569,0.187726,0.707571
1129,252774,0.05,,300,22.5,25.9,0.070678,75000,uniform,nan,nan,nan,nan,nan,-0.006757,0.193031,0.754166
1130,253074,0.05,,300,24.3,25.3,0.060553,75000,uniform,nan,nan,nan,nan,nan,0.004254,0.185217,0.65585
1131,253374,0.05,,300,25.5,22.7,0.057041,75000,uniform,nan,nan,nan,nan,nan,-0.004509,0.180291,0.607355
1132,253674,0.05,,300,23.7,24.9,0.052804,75000,uniform,nan,nan,nan,nan,nan,-0.004131,0.17306,0.52353
1133,253974,0.05,,300,27.5,25.5,0.04895,75000,uniform,nan,nan,nan,nan,nan,0.000769,0.165957,0.503975
1134,254274,0.05,,300,25.1,25.5,0.064849,75000,uniform,nan,nan,nan,nan,nan,-0.010685,0.19173,0.698914
1135,254574,0.05,,300,27.7,22.9,0.053553,75000,uniform,nan,nan,nan,nan,nan,-0.007079,0.171462,0.575262
1136,254874,0.05,,300,25.5,25.5,0.058725,75000,uniform,nan,nan,nan,nan,nan,-0.000907,0.176177,0.638465
1137,255174,0.05,,300,25.5,24.3,0.056605,75000,uniform,nan,nan,nan,nan,nan,-0.003648,0.181072,0.613152
1138,255474,0.05,,300,25.3,25.3,0.054863,75000,uniform,nan,nan,nan,nan,nan,0.000913,0.176284,0.565755
1139,255774,0.05,,300,25.3,25.1,0.059642,75000,uniform,nan,nan,nan,nan,nan,-0.008475,0.177304,0.74645
1140,256074,0.05,,300,27.5,25.1,0.055773,75000,uniform,nan,nan,nan,nan,nan,-0.001918,0.176836,0.668682
1141,256374,0.05,,300,25.1,25.3,0.053538,75000,uniform,nan,nan,nan,nan,nan,-0.004339,0.173922,0.597672
1142,256674,0.05,,300,25.3,25.5,0.047157,75000,uniform,nan,nan,nan,nan,nan,-0.002692,0.164665,0.519782
1143,256974,0.05,,300,25.5,25.1,0.052901,75000,uniform,nan,nan,nan,nan,nan,-0.009569,0.167209,0.579008
1144,257274,0.05,,300,25.1,24.7,0.053574,75000,uniform,nan,nan,nan,nan,nan,-0.005362,0.177677,0.544768
1145,257574,0.05,,300,25.3,25.3,0.054385,75000,uniform,nan,nan,nan,nan,nan,-0.005281,0.171108,0.616335
1146,257874,0.05,,300,23.1,22.7,0.050082,75000,uniform,nan,nan,nan,nan,nan,-0.006135,0.167262,0.548761
1147,258174,0.05,,300,25.1,25.1,0.057291,75000,uniform,nan,nan,nan,nan,nan,-0.004869,0.180107,0.602738
1148,258474,0.05,,300,25.5,27.5,0.057247,75000,uniform,nan,nan,nan,nan,nan,-0.009658,0.175668,0.697352
1149,258774,0.05,,300,25.3,25.3,0.050145,75000,uniform,nan,nan,nan,nan,nan,-0.003894,0.165466,0.529603
1150,259074,0.05,,300,24.1,25.5,0.051777,75000,uniform,nan,nan,nan,nan,nan,-0.001038,0.172624,0.567005
1151,259374,0.05,,300,25.3,25.3,0.045007,75000,uniform,nan,nan,nan,nan,nan,-0.002286,0.162937,0.459764
1152,259674,0.05,,300,25.3,25.3,0.049012,75000,uniform,nan,nan,nan,nan,nan,-0.007492,0.164008,0.599091
1153,259974,0.05,,300,25.3,25.3,0.044219,75000,uniform,nan,nan,nan,nan,nan,-0.003518,0.158769,0.453198
1154,260274,0.05,,300,21.1,27.3,0.057845,75000,uniform,nan,nan,nan,nan,nan,-0.008744,0.181767,0.573476
1155,260574,0.05,,300,23.1,25.5,0.049352,75000,uniform,nan,nan,nan,nan,nan,-0.004018,0.166946,0.494785
1156,260693,0.05,1,119,131.8,27.21,0.042039,75000,uniform,nan,nan,nan,nan,nan,-0.004958,0.157171,0.417247
1157,260993,0.05,,300,26.5,27.5,0.055151,75000,uniform,nan,nan,nan,nan,nan,-0.009202,0.167482,0.680039
1158,261293,0.05,,300,23.1,23.7,0.058267,75000,uniform,nan,nan,nan,nan,nan,-0.004706,0.181939,0.621506
1159,261593,0.05,,300,25.7,27.5,0.048838,75000,uniform,nan,nan,nan,nan,nan,-0.006571,0.165416,0.549315
1160,261893,0.05,,300,28.3,27.7,0.048312,75000,uniform,nan,nan,nan,nan,nan,-0.009122,0.16146,0.535145
1161,261997,0.05,-1,104,24.28,131.88,0.044792,75000,uniform,nan,nan,nan,nan,nan,-0.007606,0.155453,0.649258
1162,262297,0.05,,300,27.7,25.3,0.058292,75000,uniform,nan,nan,nan,nan,nan,-0.011249,0.179637,0.708107
1163,262597,0.05,,300,28.1,25.5,0.064074,75000,uniform,nan,nan,nan,nan,nan,-0.012508,0.178577,0.914409
1164,262897,0.05,,300,25.5,25.1,0.052155,75000,uniform,nan,nan,nan,nan,nan,-0.004021,0.164551,0.594025
1165,263197,0.05,,300,22.9,27.5,0.051914,75000,uniform,nan,nan,nan,nan,nan,-0.005202,0.169772,0.56733
1166,263497,0.05,,300,27.5,25.1,0.048728,75000,uniform,nan,nan,nan,nan,nan,-0.005754,0.161741,0.562111
1167,263797,0.05,,300,26.1,22.9,0.043437,75000,uniform,nan,nan,nan,nan,nan,-0.001795,0.153268,0.521114
1168,264097,0.05,,300,22.9,25.1,0.052116,75000,uniform,nan,nan,nan,nan,nan,-0.007161,0.167079,0.556632
1169,264397,0.05,,300,24.9,25.1,0.052234,75000,uniform,nan,nan,nan,nan,nan,-0.012772,0.165495,0.808291
1170,264697,0.05,,300,22.7,22.9,0.055376,75000,uniform,nan,nan,nan,nan,nan,-0.015047,0.166228,0.859341
1171,264997,0.05,,300,27.7,25.5,0.045289,75000,uniform,nan,nan,nan,nan,nan,-0.00638,0.154424,0.581801
1172,265297,0.05,,300,25.3,25.5,0.046956,75000,uniform,nan,nan,nan,nan,nan,-0.003594,0.164262,0.685063
1173,265597,0.05,,300,25.3,25.5,0.046589,75000,uniform,nan,nan,nan,nan,nan,2.6e-05,0.157562,0.604777
1174,265897,0.05,,300,25.5,25.3,0.044793,75000,uniform,nan,nan,nan,nan,nan,-0.005552,0.152989,0.539464
1175,266197,0.05,,300,25.3,25.3,0.04759,75000,uniform,nan,nan,nan,nan,nan,-0.006223,0.161989,0.52828
1176,266497,0.05,,300,24.1,25.5,0.044418,75000,uniform,nan,nan,nan,nan,nan,-0.001433,0.155878,0.482707
1177,266797,0.05,,300,27.7,27.7,0.039509,75000,uniform,nan,nan,nan,nan,nan,-0.005523,0.146948,0.654159
1178,267097,0.05,,300,27.7,25.7,0.044605,75000,uniform,nan,nan,nan,nan,nan,0.003629,0.155377,0.552388
1179,267397,0.05,,300,27.5,25.1,0.043609,75000,uniform,nan,nan,nan,nan,nan,-6.7e-05,0.154925,0.48457
1180,267697,0.05,,300,25.5,27.3,0.038134,75000,uniform,nan,nan,nan,nan,nan,-0.002057,0.14612,0.453962
1181,267997,0.05,,300,25.3,25.3,0.035846,75000,uniform,nan,nan,nan,nan,nan,-0.003196,0.140847,0.422314
1182,268297,0.05,,300,26.3,27.3,0.051104,75000,uniform,nan,nan,nan,nan,nan,-0.005505,0.165918,0.631017
1183,268597,0.05,,300,25.3,27.9,0.047881,75000,uniform,nan,nan,nan,nan,nan,-0.004872,0.157638,0.590549
1184,268897,0.05,,300,23.9,25.1,0.039224,75000,uniform,nan,nan,nan,nan,nan,-0.003087,0.147582,0.433772
1185,269160,0.05,1,263,131.08,22.89,0.050715,75000,uniform,nan,nan,nan,nan,nan,-0.009051,0.166919,0.553667
1186,269460,0.05,,300,27.1,24.7,0.050811,75000,uniform,nan,nan,nan,nan,nan,-0.010266,0.161628,0.630273
1187,269760,0.05,,300,25.3,27.7,0.04824,75000,uniform,nan,nan,nan,nan,nan,-0.008708,0.158304,0.616716
1188,270060,0.05,,300,26.5,25.3,0.046393,75000,uniform,nan,nan,nan,nan,nan,-0.004477,0.159594,0.535784
1189,270360,0.05,,300,25.1,25.3,0.045634,75000,uniform,nan,nan,nan,nan,nan,-0.007006,0.156127,0.576048
1190,270660,0.05,,300,25.5,25.3,0.044547,75000,uniform,nan,nan,nan,nan,nan,-0.00167,0.154237,0.506167
1191,270960,0.05,,300,27.7,26.1,0.043801,75000,uniform,nan,nan,nan,nan,nan,-0.003809,0.150428,0.564393
1192,271219,0.05,1,259,131.1,21.11,0.058108,75000,uniform,nan,nan,nan,nan,nan,0.002496,0.174717,0.6923
1193,271519,0.05,,300,25.1,27.5,0.041968,75000,uniform,nan,nan,nan,nan,nan,0.000373,0.152635,0.496832
1194,271819,0.05,,300,27.5,27.5,0.047826,75000,uniform,nan,nan,nan,nan,nan,-0.003141,0.15584,0.664622
1195,272119,0.05,,300,27.3,26.3,0.046492,75000,uniform,nan,nan,nan,nan,nan,-0.007327,0.15933,0.63773
1196,272419,0.05,,300,25.9,27.5,0.053549,75000,uniform,nan,nan,nan,nan,nan,-0.007199,0.164348,0.6317
1197,272719,0.05,,300,25.5,25.3,0.047308,75000,uniform,nan,nan,nan,nan,nan,-0.007759,0.156515,0.56455
1198,273019,0.05,,300,25.5,24.9,0.045909,75000,uniform,nan,nan,nan,nan,nan,-0.005402,0.154555,0.535344
1199,273107,0.05,-1,88,24.76,131.96,0.045647,75000,uniform,nan,nan,nan,nan,nan,-0.007761,0.164931,0.529607
1200,273407,0.05,,300,25.1,25.3,0.055026,75000,uniform,nan,nan,nan,nan,nan,-0.016817,0.167283,0.760866
1201,273670,0.05,1,263,131.08,23.89,0.0461,75000,uniform,nan,nan,nan,nan,nan,-0.003791,0.155167,0.657024
1202,273970,0.05,,300,25.3,23.1,0.053102,75000,uniform,nan,nan,nan,nan,nan,-0.013265,0.16133,0.698762
1203,274270,0.05,,300,27.7,25.5,0.05362,75000,uniform,nan,nan,nan,nan,nan,0.00517,0.168217,0.688365
1204,274570,0.05,,300,23.1,25.1,0.054152,75000,uniform,nan,nan,nan,nan,nan,-0.00873,0.163151,0.702305
1205,274870,0.05,,300,27.7,26.1,0.047052,75000,uniform,nan,nan,nan,nan,nan,0.003137,0.153632,0.658377
1206,275029,0.05,1,159,131.6,28.61,0.04913,75000,uniform,nan,nan,nan,nan,nan,-0.015333,0.162316,0.584354
1207,275329,0.05,,300,25.3,25.3,0.052272,75000,uniform,nan,nan,nan,nan,nan,-0.005765,0.162253,0.856948
1208,275629,0.05,,300,25.3,25.3,0.044094,75000,uniform,nan,nan,nan,nan,nan,-0.003991,0.147776,0.554454
1209,275929,0.05,,300,25.3,25.3,0.049036,75000,uniform,nan,nan,nan,nan,nan,-0.006158,0.151918,0.686208
1210,276229,0.05,,300,27.7,25.3,0.063532,75000,uniform,nan,nan,nan,nan,nan,0.002211,0.177767,0.761544
1211,276529,0.05,,300,25.5,25.3,0.061465,75000,uniform,nan,nan,nan,nan,nan,-0.008654,0.171257,0.72645
1212,276829,0.05,,300,23.3,25.3,0.042792,75000,uniform,nan,nan,nan,nan,nan,-0.000282,0.14956,0.513611
1213,277129,0.05,,300,25.3,25.9,0.054632,75000,uniform,nan,nan,nan,nan,nan,-0.015486,0.166901,0.6646
1214,277311,0.05,-1,182,24.09,131.49,0.060661,75000,uniform,nan,nan,nan,nan,nan,-0.008047,0.171273,0.745277
1215,277611,0.05,,300,27.9,25.1,0.063377,75000,uniform,nan,nan,nan,nan,nan,-0.009363,0.173132,0.734729
1216,277911,0.05,,300,26.3,27.5,0.051058,75000,uniform,nan,nan,nan,nan,nan,-0.01297,0.158019,0.694516
1217,278189,0.05,-1,278,26.21,131.01,0.057579,75000,uniform,nan,nan,nan,nan,nan,-0.005513,0.17171,0.667756
1218,278475,0.05,-1,286,25.97,130.97,0.067813,75000,uniform,nan,nan,nan,nan,nan,-0.007834,0.179494,0.867226
1219,278775,0.05,,300,27.3,25.1,0.05714,75000,uniform,nan,nan,nan,nan,nan,-0.007341,0.164259,0.720397
1220,279075,0.05,,300,25.3,27.5,0.060578,75000,uniform,nan,nan,nan,nan,nan,-0.001364,0.173023,0.766262
1221,279375,0.05,,300,25.3,27.5,0.065079,75000,uniform,nan,nan,nan,nan,nan,-0.009148,0.177944,0.743591
1222,279675,0.05,,300,25.7,27.5,0.05687,75000,uniform,nan,nan,nan,nan,nan,0.004328,0.165212,0.718989
1223,279975,0.05,,300,25.3,23.1,0.061752,75000,uniform,nan,nan,nan,nan,nan,-0.005177,0.169049,0.951329
1224,280275,0.05,,300,25.5,27.3,0.051192,75000,uniform,nan,nan,nan,nan,nan,-0.005688,0.16622,0.588502
1225,280370,0.05,1,95,131.92,21.13,0.052299,75000,uniform,nan,nan,nan,nan,nan,0.012154,0.164435,0.622244
1226,280670,0.05,,300,25.5,25.5,0.075074,75000,uniform,nan,nan,nan,nan,nan,-0.014848,0.184662,1.080552
1227,280970,0.05,,300,27.5,22.9,0.061774,75000,uniform,nan,nan,nan,nan,nan,-0.010377,0.170323,0.839834
1228,281109,0.05,1,139,131.7,25.11,0.067671,75000,uniform,nan,nan,nan,nan,nan,0.000374,0.190211,0.733707
1229,281409,0.05,,300,27.5,25.7,0.065305,75000,uniform,nan,nan,nan,nan,nan,-0.006561,0.175995,0.794034
1230,281709,0.05,,300,25.3,27.9,0.053528,75000,uniform,nan,nan,nan,nan,nan,-0.004641,0.159378,0.679732
1231,282009,0.05,,300,25.3,25.5,0.048656,75000,uniform,nan,nan,nan,nan,nan,-0.002337,0.155787,0.573974
1232,282245,0.05,-1,236,18.62,131.22,0.054462,75000,uniform,nan,nan,nan,nan,nan,-0.013019,0.169786,0.583014
1233,282545,0.05,,300,27.7,28.1,0.05591,75000,uniform,nan,nan,nan,nan,nan,-0.008397,0.163835,0.886891
1234,282678,0.05,1,133,131.73,24.14,0.069526,75000,uniform,nan,nan,nan,nan,nan,-0.022311,0.177906,1.215031
1235,282978,0.05,,300,25.3,25.5,0.053878,75000,uniform,nan,nan,nan,nan,nan,-0.002339,0.160792,0.771294
1236,283071,0.05,1,93,131.93,22.54,0.067389,75000,uniform,nan,nan,nan,nan,nan,0.003875,0.19046,0.675665
1237,283371,0.05,,300,25.3,25.3,0.056514,75000,uniform,nan,nan,nan,nan,nan,-0.003894,0.165702,0.774086
1238,283671,0.05,,300,27.3,25.3,0.066477,75000,uniform,nan,nan,nan,nan,nan,-0.014221,0.172982,1.187592
1239,283848,0.05,1,177,131.51,23.92,0.062432,75000,uniform,nan,nan,nan,nan,nan,-0.01176,0.168165,0.996466
1240,284148,0.05,,300,27.5,25.3,0.07164,75000,uniform,nan,nan,nan,nan,nan,-0.017012,0.18627,0.973086
1241,284448,0.05,,300,25.1,24.3,0.058121,75000,uniform,nan,nan,nan,nan,nan,-0.006045,0.169866,0.707993
1242,284703,0.05,1,255,131.12,25.93,0.061727,75000,uniform,nan,nan,nan,nan,nan,-0.011609,0.170274,1.14793
1243,285003,0.05,,300,25.5,25.1,0.059046,75000,uniform,nan,nan,nan,nan,nan,-0.008908,0.166214,0.808176
1244,285222,0.05,1,219,131.3,26.11,0.068843,75000,uniform,nan,nan,nan,nan,nan,-0.006243,0.185653,1.068748
1245,285522,0.05,,300,25.3,27.5,0.064416,75000,uniform,nan,nan,nan,nan,nan,-0.011325,0.175353,0.825231
1246,285822,0.05,,300,25.3,25.3,0.057575,75000,uniform,nan,nan,nan,nan,nan,-0.004815,0.164484,0.759646
1247,286122,0.05,,300,25.3,25.3,0.071785,75000,uniform,nan,nan,nan,nan,nan,-0.00724,0.185003,0.925678
1248,286269,0.05,1,147,131.66,28.87,0.070903,75000,uniform,nan,nan,nan,nan,nan,-0.016872,0.182007,0.781962
1249,286393,0.05,-1,124,24.18,131.78,0.081857,75000,uniform,nan,nan,nan,nan,nan,-0.022104,0.193831,1.335242
1250,286693,0.05,,300,25.5,25.5,0.067237,75000,uniform,nan,nan,nan,nan,nan,-0.003469,0.175363,0.883237
1251,286993,0.05,,300,28.7,22.7,0.053363,75000,uniform,nan,nan,nan,nan,nan,-0.005329,0.160913,0.670721
1252,287265,0.05,-1,272,23.04,131.04,0.05682,75000,uniform,nan,nan,nan,nan,nan,-0.000101,0.170761,0.70803
1253,287565,0.05,,300,27.5,23.1,0.071111,75000,uniform,nan,nan,nan,nan,nan,-0.013367,0.181893,1.01879
1254,287865,0.05,,300,27.5,25.1,0.058412,75000,uniform,nan,nan,nan,nan,nan,-0.00874,0.164351,0.924681
1255,288113,0.05,-1,248,28.76,131.16,0.066879,75000,uniform,nan,nan,nan,nan,nan,-0.015958,0.180545,1.213958
1256,288263,0.05,-1,150,29.05,131.65,0.072329,75000,uniform,nan,nan,nan,nan,nan,-0.014364,0.184144,1.224281
1257,288552,0.05,1,289,130.95,25.16,0.059498,75000,uniform,nan,nan,nan,nan,nan,-0.010621,0.168413,1.038013
1258,288852,0.05,,300,27.9,27.5,0.065541,75000,uniform,nan,nan,nan,nan,nan,-0.004069,0.173517,0.952284
1259,289077,0.05,1,225,131.27,24.08,0.070466,75000,uniform,nan,nan,nan,nan,nan,-0.01543,0.182631,0.931361
1260,289377,0.05,,300,25.3,25.3,0.071074,75000,uniform,nan,nan,nan,nan,nan,0.001428,0.182579,1.026348
1261,289677,0.05,,300,25.3,23.1,0.058598,75000,uniform,nan,nan,nan,nan,nan,-0.001091,0.166277,0.683672
1262,289977,0.05,,300,25.3,25.1,0.062283,75000,uniform,nan,nan,nan,nan,nan,-0.00357,0.167058,1.039155
1263,290277,0.05,,300,25.5,25.1,0.071705,75000,uniform,nan,nan,nan,nan,nan,-0.01124,0.184431,1.226001
1264,290577,0.05,,300,25.5,25.3,0.048004,75000,uniform,nan,nan,nan,nan,nan,-0.007563,0.152316,0.61807
1265,290877,0.05,,300,25.5,25.5,0.057978,75000,uniform,nan,nan,nan,nan,nan,-0.002322,0.163781,0.812358
1266,291177,0.05,,300,26.5,25.3,0.059871,75000,uniform,nan,nan,nan,nan,nan,0.004691,0.172051,0.728138
1267,291477,0.05,,300,25.3,25.1,0.066472,75000,uniform,nan,nan,nan,nan,nan,-0.010436,0.175828,1.075903
1268,291777,0.05,,300,27.5,25.3,0.0621,75000,uniform,nan,nan,nan,nan,nan,-0.00768,0.16913,0.925581
1269,291896,0.05,1,119,131.8,22.21,0.052307,75000,uniform,nan,nan,nan,nan,nan,-0.006755,0.157456,0.659076
1270,292068,0.05,-1,172,24.34,131.54,0.071946,75000,uniform,nan,nan,nan,nan,nan,-0.007472,0.186854,1.047933
1271,292368,0.05,,300,25.3,25.3,0.062508,75000,uniform,nan,nan,nan,nan,nan,-0.013444,0.174448,0.927578
1272,292668,0.05,,300,23.7,28.5,0.060968,75000,uniform,nan,nan,nan,nan,nan,-0.004956,0.16654,0.96636
1273,292968,0.05,,300,23.3,25.5,0.052195,75000,uniform,nan,nan,nan,nan,nan,-0.001852,0.158804,0.680069
1274,293200,0.05,-1,232,29.04,131.24,0.092902,75000,uniform,nan,nan,nan,nan,nan,-0.02063,0.20849,1.5643
1275,293500,0.05,,300,25.5,25.3,0.059818,75000,uniform,nan,nan,nan,nan,nan,0.001511,0.167939,0.741401
1276,293630,0.05,-1,130,28.75,131.75,0.059392,75000,uniform,nan,nan,nan,nan,nan,-0.006497,0.167823,0.677104
1277,293930,0.05,,300,25.3,25.3,0.057995,75000,uniform,nan,nan,nan,nan,nan,-0.002415,0.164614,0.727039
1278,294230,0.05,,300,25.3,25.3,0.078845,75000,uniform,nan,nan,nan,nan,nan,-0.019951,0.192607,1.331167
1279,294530,0.05,,300,25.5,25.3,0.079809,75000,uniform,nan,nan,nan,nan,nan,-0.011169,0.189564,1.272995
1280,294830,0.05,,300,25.3,23.3,0.065963,75000,uniform,nan,nan,nan,nan,nan,-0.016628,0.172452,1.46264
1281,295130,0.05,,300,23.1,25.3,0.071556,75000,uniform,nan,nan,nan,nan,nan,0.003218,0.184594,0.957535
1282,295430,0.05,,300,25.7,28.5,0.067492,75000,uniform,nan,nan,nan,nan,nan,0.009187,0.178697,0.805179
1283,295536,0.05,-1,106,25.27,131.87,0.058444,75000,uniform,nan,nan,nan,nan,nan,-0.007368,0.169281,0.715703
1284,295836,0.05,,300,27.9,25.1,0.064901,75000,uniform,nan,nan,nan,nan,nan,0.002092,0.173605,0.84191
1285,296136,0.05,,300,23.1,25.1,0.067891,75000,uniform,nan,nan,nan,nan,nan,-0.010048,0.180918,0.866547
1286,296436,0.05,,300,25.5,27.7,0.067195,75000,uniform,nan,nan,nan,nan,nan,-0.007757,0.178622,1.058516
1287,296736,0.05,,300,25.1,25.5,0.054616,75000,uniform,nan,nan,nan,nan,nan,-2.5e-05,0.161625,0.663965
1288,297036,0.05,,300,27.3,27.7,0.065391,75000,uniform,nan,nan,nan,nan,nan,-0.013029,0.175381,1.216294
1289,297336,0.05,,300,25.3,23.5,0.05956,75000,uniform,nan,nan,nan,nan,nan,0.003187,0.17239,0.667491
1290,297417,0.05,1,81,131.99,19.8,0.067546,75000,uniform,nan,nan,nan,nan,nan,-0.009241,0.180853,0.88823
1291,297717,0.05,,300,28.3,28.7,0.059861,75000,uniform,nan,nan,nan,nan,nan,-0.006845,0.167388,0.800918
1292,298017,0.05,,300,25.1,25.1,0.061723,75000,uniform,nan,nan,nan,nan,nan,-0.006711,0.170936,0.993007
1293,298317,0.05,,300,25.5,25.1,0.077455,75000,uniform,nan,nan,nan,nan,nan,-0.006715,0.192187,1.169527
1294,298617,0.05,,300,25.5,27.7,0.068704,75000,uniform,nan,nan,nan,nan,nan,-0.00855,0.178357,1.036408
1295,298766,0.05,1,149,131.65,24.06,0.06684,75000,uniform,nan,nan,nan,nan,nan,0.004032,0.176777,0.772149
1296,299066,0.05,,300,25.1,25.3,0.066643,75000,uniform,nan,nan,nan,nan,nan,-0.018027,0.177004,1.123171
1297,299366,0.05,,300,25.5,25.1,0.07508,75000,uniform,nan,nan,nan,nan,nan,-0.01555,0.187229,1.149195
1298,299666,0.05,,300,25.3,25.1,0.053862,75000,uniform,nan,nan,nan,nan,nan,-0.005343,0.161741,0.71594
1299,299966,0.05,,300,25.1,28.7,0.068947,75000,uniform,nan,nan,nan,nan,nan,-0.019375,0.174767,1.112089
1300,300079,0.05,1,113,131.83,24.84,0.063764,75000,uniform,nan,nan,nan,nan,nan,-6e-06,0.18479,0.711144
1301,300379,0.05,,300,25.1,25.1,0.061152,75000,uniform,nan,nan,nan,nan,nan,-0.007996,0.172478,0.937468
1302,300679,0.05,,300,25.1,25.7,0.058944,75000,uniform,nan,nan,nan,nan,nan,-0.006844,0.167061,0.83062
1303,300979,0.05,,300,27.5,27.7,0.070928,75000,uniform,nan,nan,nan,nan,nan,-0.011806,0.17694,1.148034
1304,301279,0.05,,300,25.1,25.5,0.065674,75000,uniform,nan,nan,nan,nan,nan,-0.005621,0.179626,0.946842
1305,301579,0.05,,300,25.3,25.3,0.05484,75000,uniform,nan,nan,nan,nan,nan,-0.005113,0.16274,0.686005
1306,301772,0.05,1,193,131.43,24.24,0.064928,75000,uniform,nan,nan,nan,nan,nan,-0.008239,0.171152,0.910891
1307,302014,0.05,-1,242,22.79,131.19,0.068428,75000,uniform,nan,nan,nan,nan,nan,-0.014846,0.175605,1.233456
1308,302314,0.05,,300,23.1,28.5,0.073308,75000,uniform,nan,nan,nan,nan,nan,0.002867,0.183813,0.977161
1309,302614,0.05,,300,28.5,22.9,0.077772,75000,uniform,nan,nan,nan,nan,nan,-0.002478,0.186525,1.163161
1310,302914,0.05,,300,25.3,27.7,0.071162,75000,uniform,nan,nan,nan,nan,nan,-0.003535,0.179279,1.046316
1311,303049,0.05,1,135,131.72,22.13,0.073868,75000,uniform,nan,nan,nan,nan,nan,-0.010011,0.191607,0.993592
1312,303349,0.05,,300,27.5,24.9,0.079446,75000,uniform,nan,nan,nan,nan,nan,-0.013701,0.193813,1.086943
1313,303649,0.05,,300,26.3,24.7,0.079898,75000,uniform,nan,nan,nan,nan,nan,-0.015537,0.191587,1.222838
1314,303949,0.05,,300,27.5,27.7,0.070105,75000,uniform,nan,nan,nan,nan,nan,-0.011739,0.180276,0.996198
1315,304097,0.05,-1,148,18.66,131.66,0.07016,75000,uniform,nan,nan,nan,nan,nan,-0.010217,0.184484,0.924706
1316,304397,0.05,,300,27.7,24.9,0.073476,75000,uniform,nan,nan,nan,nan,nan,-0.006174,0.187003,0.75399
1317,304697,0.05,,300,26.3,27.9,0.064915,75000,uniform,nan,nan,nan,nan,nan,-0.010907,0.173852,1.05838
1318,304997,0.05,,300,28.5,25.1,0.066542,75000,uniform,nan,nan,nan,nan,nan,-0.006024,0.175278,0.972349
1319,305297,0.05,,300,26.1,25.3,0.072998,75000,uniform,nan,nan,nan,nan,nan,-0.010691,0.186705,0.931733
1320,305597,0.05,,300,28.5,27.7,0.071816,75000,uniform,nan,nan,nan,nan,nan,-0.013485,0.180273,1.199076
1321,305897,0.05,,300,25.1,27.5,0.058156,75000,uniform,nan,nan,nan,nan,nan,0.000177,0.16558,0.641337
1322,306197,0.05,,300,27.7,25.5,0.06879,75000,uniform,nan,nan,nan,nan,nan,-0.012392,0.184175,0.925517
1323,306497,0.05,,300,25.3,25.3,0.063391,75000,uniform,nan,nan,nan,nan,nan,-0.004753,0.175232,0.790289
1324,306760,0.05,1,263,131.08,23.49,0.057675,75000,uniform,nan,nan,nan,nan,nan,-0.006252,0.166307,0.756528
1325,307060,0.05,,300,20.3,28.7,0.06346,75000,uniform,nan,nan,nan,nan,nan,-0.005902,0.175998,0.854484
1326,307233,0.05,1,173,131.53,26.14,0.057305,75000,uniform,nan,nan,nan,nan,nan,0.002078,0.172815,0.560953
1327,307533,0.05,,300,25.9,27.3,0.065555,75000,uniform,nan,nan,nan,nan,nan,0.007655,0.179132,0.728126
1328,307833,0.05,,300,25.3,25.3,0.057623,75000,uniform,nan,nan,nan,nan,nan,-0.00299,0.168193,0.712297
1329,307962,0.05,1,129,131.75,26.76,0.055442,75000,uniform,nan,nan,nan,nan,nan,0.005465,0.162639,0.565018
1330,308262,0.05,,300,25.3,25.3,0.070809,75000,uniform,nan,nan,nan,nan,nan,-0.011733,0.18675,0.933164
1331,308562,0.05,,300,25.3,25.5,0.070122,75000,uniform,nan,nan,nan,nan,nan,-0.007107,0.181948,0.933075
1332,308862,0.05,,300,25.5,25.5,0.066018,75000,uniform,nan,nan,nan,nan,nan,-0.004419,0.177113,0.794369
1333,309162,0.05,,300,22.9,25.3,0.075481,75000,uniform,nan,nan,nan,nan,nan,-0.018993,0.191018,1.366165
1334,309462,0.05,,300,25.3,25.1,0.050108,75000,uniform,nan,nan,nan,nan,nan,-0.002936,0.161233,0.767634
1335,309646,0.05,-1,184,26.28,131.48,0.068117,75000,uniform,nan,nan,nan,nan,nan,-0.013171,0.176349,1.049705
1336,309946,0.05,,300,25.3,25.1,0.070203,75000,uniform,nan,nan,nan,nan,nan,-0.025934,0.177237,1.357976
1337,310246,0.05,,300,28.1,27.7,0.07275,75000,uniform,nan,nan,nan,nan,nan,-0.018209,0.185189,1.171195
1338,310546,0.05,,300,27.7,27.7,0.062513,75000,uniform,nan,nan,nan,nan,nan,-0.01592,0.168782,1.137822
1339,310846,0.05,,300,27.7,22.5,0.051101,75000,uniform,nan,nan,nan,nan,nan,-0.001795,0.156445,0.665166
1340,311146,0.05,,300,25.3,28.3,0.05731,75000,uniform,nan,nan,nan,nan,nan,-0.005392,0.16969,0.761374
1341,311446,0.05,,300,25.5,25.1,0.067399,75000,uniform,nan,nan,nan,nan,nan,-0.010966,0.178508,1.194885
1342,311746,0.05,,300,25.3,27.5,0.060865,75000,uniform,nan,nan,nan,nan,nan,-0.006065,0.169427,0.836602
1343,312046,0.05,,300,25.1,27.5,0.064381,75000,uniform,nan,nan,nan,nan,nan,-0.015337,0.17444,1.196941
1344,312346,0.05,,300,22.9,25.3,0.05366,75000,uniform,nan,nan,nan,nan,nan,-0.003005,0.165337,0.776803
1345,312589,0.05,1,243,131.18,24.19,0.057705,75000,uniform,nan,nan,nan,nan,nan,-0.008249,0.163966,0.746085
1346,312683,0.05,-1,94,27.13,131.93,0.057979,75000,uniform,nan,nan,nan,nan,nan,-0.008147,0.162852,0.827167
1347,312983,0.05,,300,27.5,27.9,0.063375,75000,uniform,nan,nan,nan,nan,nan,-0.015476,0.171786,1.014973
1348,313283,0.05,,300,23.1,28.7,0.061362,75000,uniform,nan,nan,nan,nan,nan,-0.010502,0.174004,0.865677
1349,313406,0.05,1,123,131.78,29.59,0.08784,75000,uniform,nan,nan,nan,nan,nan,-0.020323,0.198982,1.196437
1350,313706,0.05,,300,27.7,24.1,0.072135,75000,uniform,nan,nan,nan,nan,nan,-0.01933,0.180991,1.230336
1351,314006,0.05,,300,25.1,27.5,0.076172,75000,uniform,nan,nan,nan,nan,nan,-0.007534,0.18596,0.927989
1352,314306,0.05,,300,25.3,27.5,0.078251,75000,uniform,nan,nan,nan,nan,nan,-0.019107,0.19662,1.060392
1353,314606,0.05,,300,27.5,25.3,0.075376,75000,uniform,nan,nan,nan,nan,nan,-0.01412,0.187101,1.119646
1354,314906,0.05,,300,27.5,25.5,0.066031,75000,uniform,nan,nan,nan,nan,nan,-0.014262,0.174104,1.031601
1355,315206,0.05,,300,23.3,28.1,0.077629,75000,uniform,nan,nan,nan,nan,nan,-0.019035,0.190734,1.293
1356,315506,0.05,,300,27.5,25.1,0.052163,75000,uniform,nan,nan,nan,nan,nan,0.008936,0.160585,0.521327
1357,315806,0.05,,300,25.1,21.7,0.051479,75000,uniform,nan,nan,nan,nan,nan,-0.000231,0.159406,0.624383
1358,316106,0.05,,300,22.7,27.5,0.070623,75000,uniform,nan,nan,nan,nan,nan,-0.012663,0.18296,1.04407
1359,316406,0.05,,300,25.3,22.7,0.064331,75000,uniform,nan,nan,nan,nan,nan,-0.005356,0.176258,0.919473
1360,316706,0.05,,300,22.9,27.7,0.062187,75000,uniform,nan,nan,nan,nan,nan,-0.014163,0.172839,0.889146
1361,317006,0.05,,300,25.3,25.5,0.066716,75000,uniform,nan,nan,nan,nan,nan,-0.015702,0.176404,0.962683
1362,317306,0.05,,300,25.1,24.9,0.062746,75000,uniform,nan,nan,nan,nan,nan,-0.000778,0.178659,0.767102
1363,317606,0.05,,300,23.1,25.1,0.051211,75000,uniform,nan,nan,nan,nan,nan,-0.007537,0.159488,0.623423
1364,317906,0.05,,300,25.1,25.1,0.055513,75000,uniform,nan,nan,nan,nan,nan,-0.011085,0.161771,0.890283
1365,318206,0.05,,300,24.9,25.5,0.071854,75000,uniform,nan,nan,nan,nan,nan,-0.017656,0.185759,1.130404
1366,318503,0.05,1,297,130.91,21.32,0.061034,75000,uniform,nan,nan,nan,nan,nan,-0.011086,0.168809,0.749947
1367,318803,0.05,,300,25.5,27.7,0.048312,75000,uniform,nan,nan,nan,nan,nan,-0.001139,0.155586,0.667893
1368,319019,0.05,-1,216,26.52,131.32,0.06866,75000,uniform,nan,nan,nan,nan,nan,-0.020731,0.179435,1.248008
1369,319306,0.05,1,287,130.96,20.57,0.054232,75000,uniform,nan,nan,nan,nan,nan,-0.007622,0.165976,0.636925
1370,319606,0.05,,300,25.1,25.5,0.066496,75000,uniform,nan,nan,nan,nan,nan,-0.015096,0.173812,1.062333
1371,319906,0.05,,300,22.9,23.5,0.057655,75000,uniform,nan,nan,nan,nan,nan,-0.014165,0.164055,0.848916
1372,320206,0.05,,300,27.5,25.1,0.073319,75000,uniform,nan,nan,nan,nan,nan,-0.014709,0.187701,1.077532
1373,320433,0.05,1,227,131.26,23.67,0.066244,75000,uniform,nan,nan,nan,nan,nan,-0.001849,0.175627,0.926309
1374,320733,0.05,,300,25.5,25.5,0.056851,75000,uniform,nan,nan,nan,nan,nan,-0.005061,0.166509,0.831244
1375,321033,0.05,,300,23.5,28.3,0.060123,75000,uniform,nan,nan,nan,nan,nan,-0.014445,0.170487,1.056489
1376,321333,0.05,,300,25.3,25.1,0.069069,75000,uniform,nan,nan,nan,nan,nan,-0.013696,0.182725,0.988864
1377,321633,0.05,,300,25.1,25.3,0.056059,75000,uniform,nan,nan,nan,nan,nan,-0.002768,0.164587,0.644308
1378,321933,0.05,,300,25.3,25.3,0.068481,75000,uniform,nan,nan,nan,nan,nan,-0.022105,0.176276,1.081547
1379,322233,0.05,,300,27.3,25.3,0.07497,75000,uniform,nan,nan,nan,nan,nan,-0.00851,0.189598,1.136753
1380,322533,0.05,,300,25.1,25.5,0.07901,75000,uniform,nan,nan,nan,nan,nan,-0.017181,0.190379,1.277588
1381,322717,0.05,-1,184,26.88,131.48,0.074427,75000,uniform,nan,nan,nan,nan,nan,-0.019574,0.181076,1.284758
1382,323017,0.05,,300,25.5,25.5,0.053619,75000,uniform,nan,nan,nan,nan,nan,-0.004403,0.161116,0.637327
1383,323317,0.05,,300,25.1,25.1,0.069481,75000,uniform,nan,nan,nan,nan,nan,-0.017054,0.182953,1.034174
1384,323458,0.05,1,141,131.69,24.3,0.066216,75000,uniform,nan,nan,nan,nan,nan,-0.019651,0.174292,1.130284
1385,323758,0.05,,300,21.9,23.1,0.064706,75000,uniform,nan,nan,nan,nan,nan,-0.020156,0.172775,1.224649
1386,324058,0.05,,300,23.1,25.5,0.058883,75000,uniform,nan,nan,nan,nan,nan,-0.012042,0.167939,0.999361
1387,324358,0.05,,300,23.3,22.9,0.059516,75000,uniform,nan,nan,nan,nan,nan,-0.009273,0.169084,0.767779
1388,324658,0.05,,300,25.5,27.7,0.062055,75000,uniform,nan,nan,nan,nan,nan,-0.01685,0.168598,1.009553
1389,324958,0.05,,300,25.5,27.7,0.059582,75000,uniform,nan,nan,nan,nan,nan,0.000146,0.166854,0.682289
1390,325258,0.05,,300,25.3,25.9,0.061607,75000,uniform,nan,nan,nan,nan,nan,-0.007932,0.173566,0.867071
1391,325558,0.05,,300,25.3,25.1,0.067248,75000,uniform,nan,nan,nan,nan,nan,-0.015986,0.176738,1.154068
1392,325858,0.05,,300,25.5,25.1,0.050462,75000,uniform,nan,nan,nan,nan,nan,-0.006763,0.157201,0.581165
1393,326158,0.05,,300,25.3,25.3,0.065611,75000,uniform,nan,nan,nan,nan,nan,-0.013902,0.177859,1.028125
1394,326458,0.05,,300,25.3,24.3,0.056705,75000,uniform,nan,nan,nan,nan,nan,-0.0084,0.166697,0.823561
1395,326686,0.05,-1,228,25.06,131.26,0.061862,75000,uniform,nan,nan,nan,nan,nan,-0.012702,0.167775,1.071997
1396,326986,0.05,,300,25.3,23.1,0.058184,75000,uniform,nan,nan,nan,nan,nan,-0.008979,0.165335,0.844713
1397,327286,0.05,,300,25.1,27.5,0.063181,75000,uniform,nan,nan,nan,nan,nan,-0.017413,0.177338,0.854258
1398,327586,0.05,,300,25.1,25.1,0.059676,75000,uniform,nan,nan,nan,nan,nan,-0.009291,0.166612,0.771505
1399,327886,0.05,,300,25.3,25.5,0.05887,75000,uniform,nan,nan,nan,nan,nan,-0.010157,0.166532,0.723792
1400,328186,0.05,,300,25.3,25.5,0.058549,75000,uniform,nan,nan,nan,nan,nan,-0.008127,0.171442,0.817828
1401,328486,0.05,,300,24.9,24.9,0.074096,75000,uniform,nan,nan,nan,nan,nan,-0.012755,0.185222,0.978167
1402,328701,0.05,1,215,131.32,26.13,0.053918,75000,uniform,nan,nan,nan,nan,nan,-0.007506,0.162035,0.655178
1403,329001,0.05,,300,25.3,25.1,0.067613,75000,uniform,nan,nan,nan,nan,nan,-0.019551,0.175438,1.118078
1404,329301,0.05,,300,25.3,20.5,0.060714,75000,uniform,nan,nan,nan,nan,nan,-0.001426,0.174442,0.634167
1405,329542,0.05,1,241,131.19,26.0,0.070302,75000,uniform,nan,nan,nan,nan,nan,-0.005017,0.17962,0.84755
1406,329842,0.05,,300,25.3,25.5,0.071975,75000,uniform,nan,nan,nan,nan,nan,-0.01292,0.180133,1.155689
1407,330107,0.05,1,265,131.07,21.48,0.063722,75000,uniform,nan,nan,nan,nan,nan,-0.007934,0.176515,0.752773
1408,330279,0.05,-1,172,23.74,131.54,0.080241,75000,uniform,nan,nan,nan,nan,nan,-0.015495,0.193164,1.096166
1409,330579,0.05,,300,27.7,25.1,0.067258,75000,uniform,nan,nan,nan,nan,nan,-0.009145,0.177882,0.848917
1410,330879,0.05,,300,23.3,25.3,0.086526,75000,uniform,nan,nan,nan,nan,nan,-0.025918,0.196069,1.357383
1411,331179,0.05,,300,22.3,27.7,0.074551,75000,uniform,nan,nan,nan,nan,nan,-0.005423,0.190324,1.122049
1412,331405,0.05,-1,226,25.87,131.27,0.062401,75000,uniform,nan,nan,nan,nan,nan,-0.014106,0.173777,1.087084
1413,331705,0.05,,300,23.1,28.1,0.07067,75000,uniform,nan,nan,nan,nan,nan,-0.019004,0.180982,1.076977
1414,332005,0.05,,300,25.3,25.5,0.050395,75000,uniform,nan,nan,nan,nan,nan,0.001069,0.157595,0.51894
1415,332305,0.05,,300,25.5,25.5,0.058144,75000,uniform,nan,nan,nan,nan,nan,-0.006382,0.172472,0.57061
1416,332605,0.05,,300,25.5,25.3,0.055521,75000,uniform,nan,nan,nan,nan,nan,-0.004174,0.16801,0.537242
1417,332905,0.05,,300,25.3,24.3,0.057768,75000,uniform,nan,nan,nan,nan,nan,-0.011471,0.168555,0.808064
1418,333205,0.05,,300,25.3,25.1,0.060558,75000,uniform,nan,nan,nan,nan,nan,-0.005343,0.175856,0.739729
1419,333505,0.05,,300,25.3,25.3,0.078154,75000,uniform,nan,nan,nan,nan,nan,-0.025542,0.190035,1.457456
1420,333805,0.05,,300,25.5,25.3,0.066155,75000,uniform,nan,nan,nan,nan,nan,-0.014334,0.176022,0.966153
1421,334105,0.05,,300,25.1,25.5,0.075579,75000,uniform,nan,nan,nan,nan,nan,-0.016226,0.190148,1.254881
1422,334405,0.05,,300,25.5,27.3,0.061445,75000,uniform,nan,nan,nan,nan,nan,-0.006222,0.173101,0.820995
1423,334705,0.05,,300,27.5,26.3,0.053653,75000,uniform,nan,nan,nan,nan,nan,-0.004212,0.163905,0.56099
1424,335005,0.05,,300,25.5,25.3,0.055454,75000,uniform,nan,nan,nan,nan,nan,-0.001974,0.165206,0.654203
1425,335305,0.05,,300,27.5,25.3,0.067672,75000,uniform,nan,nan,nan,nan,nan,-0.013582,0.183889,0.95649
1426,335605,0.05,,300,24.9,27.5,0.060344,75000,uniform,nan,nan,nan,nan,nan,-0.014108,0.170413,0.86747
1427,335696,0.05,1,91,131.94,21.95,0.074845,75000,uniform,nan,nan,nan,nan,nan,-0.0188,0.183013,1.247681
1428,335996,0.05,,300,25.5,25.3,0.067186,75000,uniform,nan,nan,nan,nan,nan,-0.018946,0.177252,0.931965
1429,336296,0.05,,300,22.9,23.7,0.065327,75000,uniform,nan,nan,nan,nan,nan,-0.005292,0.184051,0.805965
1430,336596,0.05,,300,25.3,25.3,0.058525,75000,uniform,nan,nan,nan,nan,nan,-0.008807,0.169179,0.839831
1431,336776,0.05,-1,180,26.1,131.5,0.047543,75000,uniform,nan,nan,nan,nan,nan,-0.002161,0.156756,0.49691
1432,337076,0.05,,300,25.7,27.5,0.06923,75000,uniform,nan,nan,nan,nan,nan,0.000495,0.183427,0.866683
1433,337343,0.05,1,267,131.06,25.87,0.058739,75000,uniform,nan,nan,nan,nan,nan,-0.014379,0.171644,0.930172
1434,337643,0.05,,300,25.5,27.7,0.062356,75000,uniform,nan,nan,nan,nan,nan,-0.011022,0.172714,1.026783
1435,337943,0.05,,300,25.3,21.7,0.066252,75000,uniform,nan,nan,nan,nan,nan,-0.022715,0.17288,1.128123
1436,338243,0.05,,300,25.5,25.5,0.063299,75000,uniform,nan,nan,nan,nan,nan,-0.006719,0.17968,0.634518
1437,338543,0.05,,300,28.1,25.7,0.061853,75000,uniform,nan,nan,nan,nan,nan,-0.012719,0.17145,0.829095
1438,338843,0.05,,300,25.3,25.1,0.057299,75000,uniform,nan,nan,nan,nan,nan,-0.007061,0.164807,0.662103
1439,339143,0.05,,300,27.5,25.3,0.060278,75000,uniform,nan,nan,nan,nan,nan,-0.007263,0.175741,0.617408
1440,339443,0.05,,300,25.5,27.7,0.075957,75000,uniform,nan,nan,nan,nan,nan,-0.013705,0.188204,1.167165
1441,339529,0.05,-1,86,18.97,131.97,0.074535,75000,uniform,nan,nan,nan,nan,nan,-0.02692,0.186315,1.248817
1442,339829,0.05,,300,24.7,23.9,0.06752,75000,uniform,nan,nan,nan,nan,nan,-0.015385,0.177616,0.98325
1443,340129,0.05,,300,25.5,25.5,0.077358,75000,uniform,nan,nan,nan,nan,nan,-0.004441,0.19642,0.886166
1444,340349,0.05,-1,220,25.9,131.3,0.074347,75000,uniform,nan,nan,nan,nan,nan,-0.003913,0.189332,0.833903
1445,340649,0.05,,300,24.3,25.5,0.065931,75000,uniform,nan,nan,nan,nan,nan,-0.009806,0.178659,0.836983
1446,340899,0.05,-1,250,25.75,131.15,0.072928,75000,uniform,nan,nan,nan,nan,nan,-0.015989,0.184233,1.087106
1447,341199,0.05,,300,25.3,25.1,0.071978,75000,uniform,nan,nan,nan,nan,nan,-0.017485,0.191091,0.917564
1448,341499,0.05,,300,25.3,25.5,0.071855,75000,uniform,nan,nan,nan,nan,nan,-0.0207,0.186374,0.865457
1449,341799,0.05,,300,28.5,20.5,0.065819,75000,uniform,nan,nan,nan,nan,nan,-0.009384,0.176802,0.843323
1450,341974,0.05,1,175,131.52,21.93,0.064517,75000,uniform,nan,nan,nan,nan,nan,-0.006421,0.175137,0.751776
1451,342274,0.05,,300,27.7,25.3,0.074394,75000,uniform,nan,nan,nan,nan,nan,0.00095,0.196108,0.969041
1452,342574,0.05,,300,27.5,25.3,0.078206,75000,uniform,nan,nan,nan,nan,nan,-0.0223,0.190635,1.112962
1453,342782,0.05,-1,208,25.56,131.36,0.068856,75000,uniform,nan,nan,nan,nan,nan,0.000471,0.177358,0.968047
1454,343082,0.05,,300,24.1,25.1,0.070045,75000,uniform,nan,nan,nan,nan,nan,-0.011827,0.186762,0.797959
1455,343260,0.05,-1,178,23.91,131.51,0.078815,75000,uniform,nan,nan,nan,nan,nan,-0.02255,0.194225,1.194231
1456,343527,0.05,1,267,131.06,28.07,0.064504,75000,uniform,nan,nan,nan,nan,nan,-0.009756,0.175689,0.956116
1457,343709,0.05,-1,182,25.89,131.49,0.072616,75000,uniform,nan,nan,nan,nan,nan,-0.025106,0.182914,1.145835
1458,344009,0.05,,300,25.7,28.5,0.070346,75000,uniform,nan,nan,nan,nan,nan,-0.011304,0.181808,0.929735
1459,344205,0.05,-1,196,21.42,131.42,0.072977,75000,uniform,nan,nan,nan,nan,nan,-0.006528,0.19547,0.748734
1460,344391,0.05,-1,186,23.67,131.47,0.096758,75000,uniform,nan,nan,nan,nan,nan,-0.033939,0.210845,1.380033
1461,344691,0.05,,300,25.1,23.3,0.064698,75000,uniform,nan,nan,nan,nan,nan,-0.006379,0.177449,0.671355
1462,344806,0.05,1,115,131.82,21.43,0.062136,75000,uniform,nan,nan,nan,nan,nan,-0.013096,0.172936,0.981986
1463,345106,0.05,,300,25.3,25.3,0.073149,75000,uniform,nan,nan,nan,nan,nan,-0.013974,0.192634,0.962305
1464,345267,0.05,1,161,131.59,29.4,0.089371,75000,uniform,nan,nan,nan,nan,nan,-0.023994,0.205125,1.208257
1465,345567,0.05,,300,27.7,27.5,0.079186,75000,uniform,nan,nan,nan,nan,nan,-0.015683,0.191269,0.973973
1466,345854,0.05,1,287,130.96,23.37,0.091192,75000,uniform,nan,nan,nan,nan,nan,-0.019508,0.207446,1.15689
1467,346150,0.05,-1,296,26.32,130.92,0.090252,75000,uniform,nan,nan,nan,nan,nan,-0.007564,0.212383,1.162268
1468,346450,0.05,,300,27.5,25.5,0.089604,75000,uniform,nan,nan,nan,nan,nan,-0.014297,0.208461,1.142648
1469,346750,0.05,,300,25.5,25.5,0.091902,75000,uniform,nan,nan,nan,nan,nan,-0.015673,0.207045,1.150636
1470,347050,0.05,,300,20.5,25.9,0.090952,75000,uniform,nan,nan,nan,nan,nan,7.1e-05,0.21361,1.232506
1471,347350,0.05,,300,27.7,25.5,0.093222,75000,uniform,nan,nan,nan,nan,nan,-0.017014,0.21585,1.013669
1472,347650,0.05,,300,27.7,25.3,0.093329,75000,uniform,nan,nan,nan,nan,nan,-0.007649,0.209828,1.243372
1473,347950,0.05,,300,27.5,25.5,0.07992,75000,uniform,nan,nan,nan,nan,nan,-0.009988,0.19454,0.997027
1474,348250,0.05,,300,27.7,25.1,0.104224,75000,uniform,nan,nan,nan,nan,nan,-0.017171,0.228297,1.367781
1475,348550,0.05,,300,27.5,26.5,0.08864,75000,uniform,nan,nan,nan,nan,nan,-0.009687,0.205509,1.044863
1476,348850,0.05,,300,25.5,27.5,0.078031,75000,uniform,nan,nan,nan,nan,nan,-0.014778,0.193429,0.929171
1477,349150,0.05,,300,27.3,25.3,0.090611,75000,uniform,nan,nan,nan,nan,nan,-0.010815,0.2147,1.016134
1478,349450,0.05,,300,23.3,25.5,0.080548,75000,uniform,nan,nan,nan,nan,nan,-0.001739,0.197296,0.926116
1479,349750,0.05,,300,25.3,28.3,0.084525,75000,uniform,nan,nan,nan,nan,nan,-0.016486,0.200029,1.003349
1480,350050,0.05,,300,22.3,25.7,0.089111,75000,uniform,nan,nan,nan,nan,nan,-0.020076,0.211456,1.147212
1481,350350,0.05,,300,28.3,23.1,0.087654,75000,uniform,nan,nan,nan,nan,nan,-0.005729,0.21022,0.891466
1482,350523,0.05,1,173,131.53,22.14,0.068693,75000,uniform,nan,nan,nan,nan,nan,-0.005936,0.185406,0.685467
1483,350823,0.05,,300,24.9,22.3,0.08048,75000,uniform,nan,nan,nan,nan,nan,-0.014138,0.197777,1.233502
1484,351123,0.05,,300,24.5,28.1,0.097444,75000,uniform,nan,nan,nan,nan,nan,-0.010084,0.224135,1.191731
1485,351423,0.05,,300,25.3,25.1,0.090162,75000,uniform,nan,nan,nan,nan,nan,-0.015035,0.210901,1.197801
1486,351723,0.05,,300,25.5,25.3,0.079501,75000,uniform,nan,nan,nan,nan,nan,-0.018044,0.196388,1.161864
1487,352023,0.05,,300,25.1,25.5,0.072347,75000,uniform,nan,nan,nan,nan,nan,0.002181,0.194713,0.852363
1488,352323,0.05,,300,27.5,24.1,0.085855,75000,uniform,nan,nan,nan,nan,nan,-0.010197,0.208666,0.936543
1489,352623,0.05,,300,22.9,26.3,0.086736,75000,uniform,nan,nan,nan,nan,nan,-0.022683,0.204393,1.212069
1490,352923,0.05,,300,28.5,27.7,0.074573,75000,uniform,nan,nan,nan,nan,nan,-0.001466,0.191312,0.84284
1491,353036,0.05,1,113,131.83,25.04,0.084886,75000,uniform,nan,nan,nan,nan,nan,-0.028555,0.221794,0.898886
1492,353336,0.05,,300,25.5,25.5,0.079603,75000,uniform,nan,nan,nan,nan,nan,-0.015819,0.201865,1.055501
1493,353636,0.05,,300,27.3,23.5,0.083172,75000,uniform,nan,nan,nan,nan,nan,-0.006993,0.201103,0.884147
1494,353936,0.05,,300,25.5,23.3,0.064829,75000,uniform,nan,nan,nan,nan,nan,-0.007889,0.179065,0.726377
1495,354170,0.05,-1,234,25.63,131.23,0.088319,75000,uniform,nan,nan,nan,nan,nan,-0.008213,0.216451,1.125838
1496,354470,0.05,,300,25.3,25.3,0.075713,75000,uniform,nan,nan,nan,nan,nan,-0.005208,0.191614,1.076179
1497,354770,0.05,,300,25.3,25.3,0.073846,75000,uniform,nan,nan,nan,nan,nan,-0.005604,0.188367,0.847352
1498,355048,0.05,-1,278,25.81,131.01,0.069978,75000,uniform,nan,nan,nan,nan,nan,-0.008359,0.192504,0.744001
1499,355348,0.05,,300,25.5,25.5,0.09888,75000,uniform,nan,nan,nan,nan,nan,-0.016275,0.221253,1.123231
1500,355648,0.05,,300,25.5,25.5,0.063601,75000,uniform,nan,nan,nan,nan,nan,0.000171,0.178268,0.749633
