episode,total_steps,epsilon,winner,moves,total_reward_player1,total_reward_player_minus1,loss_mean,buffer_size,replay_type,per_alpha,per_beta,priority_mean,priority_max,priority_std,td_error_mean,td_error_abs_mean,td_error_std
1,300,0.9905,,300,7.7,12.7,2.645555,300,uniform,nan,nan,nan,nan,nan,-2.213679,3.019536,4.180001
2,600,0.981,,300,7.9,11.5,0.957928,600,uniform,nan,nan,nan,nan,nan,-0.277608,1.260772,2.242478
3,900,0.9715,,300,7.7,3.7,1.02802,900,uniform,nan,nan,nan,nan,nan,-0.235096,1.356733,2.339142
4,1200,0.962,,300,4.3,6.1,2.234679,1200,uniform,nan,nan,nan,nan,nan,0.342073,2.641129,3.763062
5,1500,0.9525,,300,8.7,5.9,2.03819,1500,uniform,nan,nan,nan,nan,nan,0.18253,2.432922,3.568269
6,1800,0.943,,300,18.1,5.5,1.582247,1800,uniform,nan,nan,nan,nan,nan,-0.019007,1.95245,3.117213
7,2100,0.9335,,300,18.7,6.3,1.336913,2100,uniform,nan,nan,nan,nan,nan,-0.20463,1.712327,2.687238
8,2400,0.924,,300,11.1,7.9,0.604766,2400,uniform,nan,nan,nan,nan,nan,-0.116172,0.955612,1.396888
9,2700,0.9145,,300,10.5,11.9,0.389861,2700,uniform,nan,nan,nan,nan,nan,-0.0407,0.691366,1.08304
10,3000,0.905,,300,11.9,10.1,0.315016,3000,uniform,nan,nan,nan,nan,nan,-0.053933,0.590258,0.987957
11,3300,0.8955,,300,11.9,14.3,0.463461,3300,uniform,nan,nan,nan,nan,nan,0.18786,0.824263,1.092555
12,3600,0.886,,300,7.7,10.1,0.248183,3600,uniform,nan,nan,nan,nan,nan,0.014667,0.544634,0.78387
13,3900,0.8765,,300,12.5,9.9,0.184279,3900,uniform,nan,nan,nan,nan,nan,-0.00251,0.444202,0.673669
14,4200,0.867,,300,15.5,5.9,0.243403,4200,uniform,nan,nan,nan,nan,nan,-0.135575,0.538929,0.743071
15,4500,0.8575,,300,9.9,13.5,0.121005,4500,uniform,nan,nan,nan,nan,nan,-0.028168,0.369098,0.509446
16,4800,0.848,,300,11.1,15.3,0.086324,4800,uniform,nan,nan,nan,nan,nan,-0.014628,0.300822,0.432829
17,5100,0.8385,,300,18.9,11.5,0.134725,5100,uniform,nan,nan,nan,nan,nan,0.067601,0.378323,0.536223
18,5400,0.829,,300,8.9,10.3,0.126546,5400,uniform,nan,nan,nan,nan,nan,0.046013,0.386915,0.512764
19,5700,0.8195,,300,13.7,14.9,0.081508,5700,uniform,nan,nan,nan,nan,nan,0.014421,0.299279,0.410418
20,6000,0.81,,300,17.3,18.7,0.064655,6000,uniform,nan,nan,nan,nan,nan,0.004536,0.252612,0.370707
21,6300,0.8005,,300,16.1,11.7,0.102703,6300,uniform,nan,nan,nan,nan,nan,-0.062333,0.335578,0.461431
22,6600,0.791,,300,15.7,20.7,0.055229,6600,uniform,nan,nan,nan,nan,nan,-0.00904,0.231343,0.341558
23,6900,0.7815,,300,19.9,20.7,0.041878,6900,uniform,nan,nan,nan,nan,nan,-0.005817,0.192465,0.302915
24,7200,0.772,,300,17.5,14.9,0.076509,7200,uniform,nan,nan,nan,nan,nan,0.041895,0.278504,0.397001
25,7500,0.7625,,300,20.1,11.9,0.053372,7500,uniform,nan,nan,nan,nan,nan,0.012422,0.229823,0.335153
26,7800,0.753,,300,19.7,12.9,0.039464,7800,uniform,nan,nan,nan,nan,nan,0.004099,0.18645,0.289095
27,8100,0.7435,,300,17.9,16.3,0.053809,8100,uniform,nan,nan,nan,nan,nan,-0.027739,0.21816,0.337133
28,8400,0.734,,300,13.7,13.7,0.041573,8400,uniform,nan,nan,nan,nan,nan,-0.01196,0.199721,0.294246
29,8700,0.7245,,300,17.7,20.5,0.032062,8700,uniform,nan,nan,nan,nan,nan,-0.007275,0.160866,0.267242
30,9000,0.715,,300,14.5,13.7,0.026023,9000,uniform,nan,nan,nan,nan,nan,-0.004871,0.137879,0.243949
31,9300,0.7055,,300,15.5,15.7,0.058063,9300,uniform,nan,nan,nan,nan,nan,0.029605,0.242345,0.346199
32,9600,0.696,,300,20.9,17.5,0.032746,9600,uniform,nan,nan,nan,nan,nan,0.005565,0.169135,0.261035
33,9900,0.6865,,300,17.5,16.5,0.026674,9900,uniform,nan,nan,nan,nan,nan,0.001423,0.144145,0.239192
34,10200,0.677,,300,20.3,20.3,0.043564,10200,uniform,nan,nan,nan,nan,nan,-0.026208,0.19932,0.30308
35,10500,0.6675,,300,25.7,23.7,0.030425,10500,uniform,nan,nan,nan,nan,nan,-0.009004,0.160331,0.259885
36,10800,0.658,,300,25.7,18.7,0.023217,10800,uniform,nan,nan,nan,nan,nan,-0.003913,0.131589,0.223538
37,11100,0.6485,,300,19.7,21.1,0.035861,11100,uniform,nan,nan,nan,nan,nan,0.015766,0.170199,0.276356
38,11400,0.639,,300,13.7,22.9,0.036498,11400,uniform,nan,nan,nan,nan,nan,0.008289,0.178293,0.281588
39,11700,0.6295,,300,19.9,19.9,0.028632,11700,uniform,nan,nan,nan,nan,nan,0.002012,0.147606,0.249937
40,12000,0.62,,300,25.9,16.7,0.022199,12000,uniform,nan,nan,nan,nan,nan,-0.000242,0.126525,0.21826
41,12300,0.6105,,300,18.9,21.3,0.041457,12300,uniform,nan,nan,nan,nan,nan,-0.024127,0.200163,0.293109
42,12600,0.601,,300,22.5,21.7,0.024353,12600,uniform,nan,nan,nan,nan,nan,-0.005904,0.140902,0.227438
43,12900,0.5915,,300,19.9,19.5,0.020059,12900,uniform,nan,nan,nan,nan,nan,-0.004215,0.121119,0.210365
44,13200,0.582,,300,22.1,23.5,0.037887,13200,uniform,nan,nan,nan,nan,nan,0.020538,0.185201,0.280005
45,13500,0.5725,,300,24.3,26.5,0.026399,13500,uniform,nan,nan,nan,nan,nan,0.005385,0.153216,0.235637
46,13800,0.563,,300,18.9,20.5,0.020212,13800,uniform,nan,nan,nan,nan,nan,0.002893,0.125939,0.206958
47,14100,0.5535,,300,25.9,23.9,0.031451,14100,uniform,nan,nan,nan,nan,nan,-0.01637,0.159037,0.257034
48,14319,0.546565,1,219,131.3,24.71,0.027259,14319,uniform,nan,nan,nan,nan,nan,-0.009552,0.161638,0.235869
49,14619,0.537065,,300,25.3,20.1,0.031663,14619,uniform,nan,nan,nan,nan,nan,0.006197,0.144384,1.066108
50,14919,0.527565,,300,22.1,21.5,0.027388,14919,uniform,nan,nan,nan,nan,nan,0.007803,0.125203,1.057429
51,15219,0.518065,,300,22.9,28.3,0.052077,15219,uniform,nan,nan,nan,nan,nan,0.033685,0.197744,1.291353
52,15512,0.508787,1,293,130.93,24.14,0.030366,15512,uniform,nan,nan,nan,nan,nan,0.010726,0.153753,0.768988
53,15812,0.499287,,300,26.1,28.1,0.02525,15812,uniform,nan,nan,nan,nan,nan,0.007872,0.131632,0.769782
54,16112,0.489787,,300,26.3,26.5,0.045144,16112,uniform,nan,nan,nan,nan,nan,0.000557,0.172736,1.288952
55,16412,0.480287,,300,23.3,20.3,0.037122,16412,uniform,nan,nan,nan,nan,nan,0.001506,0.166513,1.076826
56,16712,0.470787,,300,21.1,28.7,0.03022,16712,uniform,nan,nan,nan,nan,nan,0.006094,0.136601,1.065632
57,16971,0.462585,1,259,131.1,28.91,0.042622,16971,uniform,nan,nan,nan,nan,nan,0.020751,0.139637,1.594
58,17237,0.454162,-1,266,25.67,131.07,0.0653,17237,uniform,nan,nan,nan,nan,nan,0.048695,0.214568,1.75187
59,17537,0.444662,,300,22.7,28.5,0.064818,17537,uniform,nan,nan,nan,nan,nan,0.04757,0.185612,2.049266
60,17810,0.436017,1,273,131.03,26.24,0.046811,17810,uniform,nan,nan,nan,nan,nan,0.029603,0.150102,1.696192
61,18084,0.42734,-1,274,26.43,131.03,0.067265,18084,uniform,nan,nan,nan,nan,nan,0.027074,0.191433,2.03649
62,18366,0.41841,-1,282,28.59,130.99,0.053951,18366,uniform,nan,nan,nan,nan,nan,0.017689,0.18543,1.702928
63,18550,0.412583,-1,184,24.28,131.48,0.046445,18550,uniform,nan,nan,nan,nan,nan,0.021262,0.159473,1.636501
64,18769,0.405648,1,219,131.3,28.31,0.06149,18769,uniform,nan,nan,nan,nan,nan,0.038688,0.165398,2.100618
65,19049,0.396782,-1,280,28.4,131.0,0.065499,19049,uniform,nan,nan,nan,nan,nan,0.049922,0.183165,2.022919
66,19338,0.38763,1,289,130.95,27.96,0.053173,19338,uniform,nan,nan,nan,nan,nan,0.035097,0.188749,1.653447
67,19638,0.37813,,300,25.9,28.7,0.077349,19638,uniform,nan,nan,nan,nan,nan,0.061034,0.190489,2.408843
68,19859,0.371132,1,221,131.29,22.3,0.101586,19859,uniform,nan,nan,nan,nan,nan,0.08662,0.203664,2.924402
69,20066,0.364577,1,207,131.36,26.57,0.104602,20066,uniform,nan,nan,nan,nan,nan,0.058186,0.232956,2.764739
70,20304,0.35704,-1,238,26.41,131.21,0.079468,20304,uniform,nan,nan,nan,nan,nan,0.042112,0.215383,2.31358
71,20485,0.351308,1,181,131.49,26.5,0.072755,20485,uniform,nan,nan,nan,nan,nan,0.047105,0.190411,2.309654
72,20720,0.343867,1,235,131.22,29.03,0.085785,20720,uniform,nan,nan,nan,nan,nan,0.062766,0.193882,2.621833
73,20918,0.337597,-1,198,19.81,131.41,0.087477,20918,uniform,nan,nan,nan,nan,nan,0.068096,0.189122,2.681343
74,21112,0.331453,-1,194,28.43,131.43,0.146955,21112,uniform,nan,nan,nan,nan,nan,0.132931,0.291065,3.392411
75,21276,0.32626,-1,164,23.78,131.58,0.065521,21276,uniform,nan,nan,nan,nan,nan,0.0458,0.200537,1.968148
76,21446,0.320877,-1,170,28.55,131.55,0.113037,21446,uniform,nan,nan,nan,nan,nan,0.096285,0.234713,3.040645
77,21595,0.316158,1,149,131.65,29.06,0.103901,21595,uniform,nan,nan,nan,nan,nan,0.087413,0.215765,2.927371
78,21755,0.311092,-1,160,27.0,131.6,0.10621,21755,uniform,nan,nan,nan,nan,nan,0.090083,0.213737,2.969833
79,21927,0.305645,-1,172,24.74,131.54,0.134674,21927,uniform,nan,nan,nan,nan,nan,0.119261,0.236767,3.459559
80,22132,0.299153,1,205,131.37,25.98,0.127406,22132,uniform,nan,nan,nan,nan,nan,0.068293,0.276353,3.053723
81,22322,0.293137,-1,190,25.65,131.45,0.149033,22322,uniform,nan,nan,nan,nan,nan,0.116982,0.281901,3.572163
82,22529,0.286582,1,207,131.36,28.37,0.211329,22529,uniform,nan,nan,nan,nan,nan,0.182134,0.329633,4.390657
83,22735,0.280058,-1,206,29.17,131.37,0.103839,22735,uniform,nan,nan,nan,nan,nan,0.079021,0.214115,2.932671
84,22904,0.274707,1,169,131.55,22.96,0.157383,22904,uniform,nan,nan,nan,nan,nan,0.13406,0.260544,3.769868
85,23077,0.269228,1,173,131.53,28.74,0.22397,23077,uniform,nan,nan,nan,nan,nan,0.206902,0.365742,4.384414
86,23287,0.262578,-1,210,29.15,131.35,0.205877,23287,uniform,nan,nan,nan,nan,nan,0.185098,0.345255,4.232992
87,23440,0.257733,1,153,131.63,26.84,0.157168,23440,uniform,nan,nan,nan,nan,nan,0.139473,0.284915,3.664446
88,23612,0.252287,-1,172,29.34,131.54,0.120973,23612,uniform,nan,nan,nan,nan,nan,0.100656,0.23985,3.171911
89,23756,0.247727,-1,144,28.88,131.68,0.13714,23756,uniform,nan,nan,nan,nan,nan,0.120357,0.247698,3.454376
90,23980,0.240633,-1,224,29.08,131.28,0.238296,23980,uniform,nan,nan,nan,nan,nan,0.221099,0.34369,4.700547
91,24207,0.233445,1,227,131.26,21.67,0.17979,24207,uniform,nan,nan,nan,nan,nan,0.12249,0.333856,3.833627
92,24360,0.2286,1,153,131.63,25.84,0.249088,24360,uniform,nan,nan,nan,nan,nan,0.215801,0.377324,4.776757
93,24539,0.222932,1,179,131.5,26.71,0.161679,24539,uniform,nan,nan,nan,nan,nan,0.132514,0.281025,3.768185
94,24708,0.21758,1,169,131.55,28.96,0.204163,24708,uniform,nan,nan,nan,nan,nan,0.178708,0.316617,4.320055
95,24915,0.211025,1,207,131.36,26.97,0.152951,24915,uniform,nan,nan,nan,nan,nan,0.130771,0.258481,3.68699
96,25043,0.206972,-1,128,27.16,131.76,0.192817,25043,uniform,nan,nan,nan,nan,nan,0.17472,0.334557,3.983738
97,25169,0.202982,-1,126,23.77,131.77,0.216226,25169,uniform,nan,nan,nan,nan,nan,0.190951,0.367875,4.278566
98,25324,0.198073,1,155,131.62,28.63,0.186105,25324,uniform,nan,nan,nan,nan,nan,0.164447,0.320209,4.007569
99,25488,0.19288,-1,164,28.78,131.58,0.223371,25488,uniform,nan,nan,nan,nan,nan,0.200425,0.350188,4.453784
100,25627,0.188478,1,139,131.7,29.51,0.178104,25627,uniform,nan,nan,nan,nan,nan,0.154323,0.295798,3.927341
101,25794,0.18319,1,167,131.56,27.17,0.158987,25794,uniform,nan,nan,nan,nan,nan,0.138751,0.271908,3.710792
102,26077,0.174228,1,283,130.98,27.99,0.127429,26077,uniform,nan,nan,nan,nan,nan,0.087222,0.256271,3.170789
103,26240,0.169067,1,163,131.58,29.39,0.181072,26240,uniform,nan,nan,nan,nan,nan,0.143212,0.320971,3.950512
104,26368,0.165013,-1,128,22.76,131.76,0.158681,26368,uniform,nan,nan,nan,nan,nan,0.126056,0.287736,3.690306
105,26515,0.160358,1,147,131.66,29.47,0.139076,26515,uniform,nan,nan,nan,nan,nan,0.111363,0.258236,3.463125
106,26684,0.155007,1,169,131.55,26.36,0.178899,26684,uniform,nan,nan,nan,nan,nan,0.150072,0.29406,3.991595
107,26819,0.150732,1,135,131.72,24.33,0.226958,26819,uniform,nan,nan,nan,nan,nan,0.204048,0.338994,4.588411
108,26966,0.146077,1,147,131.66,26.47,0.200102,26966,uniform,nan,nan,nan,nan,nan,0.176511,0.306992,4.281027
109,27105,0.141675,1,139,131.7,25.51,0.182663,27105,uniform,nan,nan,nan,nan,nan,0.167631,0.338161,3.844888
110,27270,0.13645,1,165,131.57,29.38,0.269742,27270,uniform,nan,nan,nan,nan,nan,0.24712,0.404338,4.938818
111,27393,0.132555,1,123,131.78,25.99,0.211796,27393,uniform,nan,nan,nan,nan,nan,0.191019,0.336318,4.346035
112,27514,0.128723,1,121,131.79,29.6,0.290731,27514,uniform,nan,nan,nan,nan,nan,0.26873,0.411754,5.179699
113,27644,0.124607,-1,130,23.15,131.75,0.235164,27644,uniform,nan,nan,nan,nan,nan,0.213222,0.350691,4.620802
114,27805,0.119508,1,161,131.59,29.2,0.231822,27805,uniform,nan,nan,nan,nan,nan,0.210978,0.343064,4.613527
115,27924,0.11574,1,119,131.8,26.01,0.307583,27924,uniform,nan,nan,nan,nan,nan,0.285343,0.415379,5.38318
116,28064,0.111307,-1,140,29.5,131.7,0.30542,28064,uniform,nan,nan,nan,nan,nan,0.240702,0.455419,5.183482
117,28199,0.107032,1,135,131.72,28.73,0.237901,28199,uniform,nan,nan,nan,nan,nan,0.199366,0.381591,4.607795
118,28307,0.103612,-1,108,26.66,131.86,0.21503,28307,uniform,nan,nan,nan,nan,nan,0.17993,0.348803,4.376617
119,28414,0.100223,1,107,131.86,27.27,0.200544,28414,uniform,nan,nan,nan,nan,nan,0.16621,0.328239,4.223366
120,28518,0.09693,-1,104,28.68,131.88,0.185186,28518,uniform,nan,nan,nan,nan,nan,0.158573,0.304572,4.066133
121,28670,0.092117,-1,152,25.24,131.64,0.238505,28670,uniform,nan,nan,nan,nan,nan,0.208375,0.359024,4.670357
122,28800,0.088,-1,130,23.75,131.75,0.225022,28800,uniform,nan,nan,nan,nan,nan,0.201064,0.338354,4.559668
123,28928,0.083947,-1,128,29.56,131.76,0.239804,28928,uniform,nan,nan,nan,nan,nan,0.214118,0.349884,4.723221
124,29030,0.080717,-1,102,26.09,131.89,0.220762,29030,uniform,nan,nan,nan,nan,nan,0.195883,0.364416,4.271363
125,29188,0.075713,-1,158,29.41,131.61,0.189886,29188,uniform,nan,nan,nan,nan,nan,0.165051,0.341465,3.962865
126,29281,0.072768,1,93,131.93,24.54,0.243841,29281,uniform,nan,nan,nan,nan,nan,0.222464,0.379384,4.655244
127,29581,0.063268,,300,24.5,28.7,0.21341,29581,uniform,nan,nan,nan,nan,nan,0.192029,0.337196,4.35902
128,29687,0.059912,-1,106,29.47,131.87,0.11256,29687,uniform,nan,nan,nan,nan,nan,0.088525,0.229794,2.997153
129,29795,0.056492,-1,108,27.06,131.86,0.277697,29795,uniform,nan,nan,nan,nan,nan,0.255291,0.394089,5.038028
130,29878,0.053863,1,83,131.98,25.79,0.261294,29878,uniform,nan,nan,nan,nan,nan,0.241562,0.372196,4.939124
131,29990,0.050317,-1,112,26.44,131.84,0.188201,29990,uniform,nan,nan,nan,nan,nan,0.166386,0.29976,4.102775
132,30113,0.05,1,123,131.78,23.59,0.224244,30113,uniform,nan,nan,nan,nan,nan,0.146141,0.396444,4.258775
133,30232,0.05,1,119,131.8,23.41,0.31583,30232,uniform,nan,nan,nan,nan,nan,0.278964,0.457602,5.391724
134,30323,0.05,1,91,131.94,26.75,0.264307,30323,uniform,nan,nan,nan,nan,nan,0.2312,0.39547,4.924314
135,30417,0.05,-1,94,23.73,131.93,0.273904,30417,uniform,nan,nan,nan,nan,nan,0.237576,0.401674,4.981618
136,30563,0.05,-1,146,28.47,131.67,0.215817,30563,uniform,nan,nan,nan,nan,nan,0.186677,0.338087,4.424435
137,30838,0.05,1,275,131.02,28.83,0.254721,30838,uniform,nan,nan,nan,nan,nan,0.225935,0.370642,4.863318
138,30981,0.05,1,143,131.68,26.49,0.216801,30981,uniform,nan,nan,nan,nan,nan,0.191941,0.328414,4.463886
139,31121,0.05,-1,140,29.1,131.7,0.249958,31121,uniform,nan,nan,nan,nan,nan,0.229719,0.41238,4.579467
140,31230,0.05,1,109,131.85,26.06,0.338202,31230,uniform,nan,nan,nan,nan,nan,0.317004,0.476601,5.564624
141,31323,0.05,1,93,131.93,29.54,0.323199,31323,uniform,nan,nan,nan,nan,nan,0.302966,0.455813,5.449529
142,31427,0.05,-1,104,27.48,131.88,0.24537,31427,uniform,nan,nan,nan,nan,nan,0.223765,0.370228,4.718169
143,31530,0.05,1,103,131.88,28.69,0.440796,31530,uniform,nan,nan,nan,nan,nan,0.41923,0.563669,6.444729
144,31643,0.05,1,113,131.83,26.64,0.263547,31643,uniform,nan,nan,nan,nan,nan,0.243939,0.38179,4.895813
145,31760,0.05,1,117,131.81,25.82,0.415239,31760,uniform,nan,nan,nan,nan,nan,0.392375,0.531263,6.248106
146,31869,0.05,1,109,131.85,29.66,0.274253,31869,uniform,nan,nan,nan,nan,nan,0.253129,0.387879,5.013708
147,31964,0.05,1,95,131.92,23.93,0.312518,31964,uniform,nan,nan,nan,nan,nan,0.287444,0.426516,5.364622
148,32072,0.05,-1,108,26.86,131.86,0.221793,32072,uniform,nan,nan,nan,nan,nan,0.139587,0.390532,4.180901
149,32165,0.05,1,93,131.93,23.54,0.347752,32165,uniform,nan,nan,nan,nan,nan,0.298504,0.495687,5.590979
150,32301,0.05,-1,136,26.12,131.72,0.312803,32301,uniform,nan,nan,nan,nan,nan,0.274622,0.449755,5.336944
151,32413,0.05,-1,112,29.64,131.84,0.26014,32413,uniform,nan,nan,nan,nan,nan,0.224429,0.391008,4.835393
152,32511,0.05,-1,98,25.71,131.91,0.250092,32511,uniform,nan,nan,nan,nan,nan,0.211975,0.37625,4.740614
153,32618,0.05,1,107,131.86,29.67,0.287502,32618,uniform,nan,nan,nan,nan,nan,0.251519,0.412095,5.120727
154,32918,0.05,,300,26.5,26.9,0.31207,32918,uniform,nan,nan,nan,nan,nan,0.281967,0.430522,5.377661
155,33218,0.05,,300,26.3,26.9,0.307,33218,uniform,nan,nan,nan,nan,nan,0.280797,0.453109,5.223687
156,33518,0.05,,300,24.7,28.7,0.341465,33518,uniform,nan,nan,nan,nan,nan,0.316825,0.470582,5.588755
157,33621,0.05,1,103,131.88,29.49,0.274352,33621,uniform,nan,nan,nan,nan,nan,0.252206,0.395395,5.001914
158,33795,0.05,-1,174,29.33,131.53,0.328945,33795,uniform,nan,nan,nan,nan,nan,0.304804,0.44768,5.492686
159,33900,0.05,1,105,131.87,27.28,0.340224,33900,uniform,nan,nan,nan,nan,nan,0.319164,0.453582,5.630591
160,34012,0.05,-1,112,29.04,131.84,0.273657,34012,uniform,nan,nan,nan,nan,nan,0.210716,0.403248,4.866071
161,34159,0.05,1,147,131.66,29.27,0.288446,34159,uniform,nan,nan,nan,nan,nan,0.249301,0.443459,5.046157
162,34280,0.05,1,121,131.79,27.2,0.281347,34280,uniform,nan,nan,nan,nan,nan,0.241275,0.417786,4.99231
163,34372,0.05,-1,92,24.34,131.94,0.291662,34372,uniform,nan,nan,nan,nan,nan,0.256685,0.422694,5.12678
164,34476,0.05,-1,104,29.68,131.88,0.379685,34476,uniform,nan,nan,nan,nan,nan,0.341723,0.506336,5.907986
165,34588,0.05,-1,112,26.44,131.84,0.354674,34588,uniform,nan,nan,nan,nan,nan,0.321771,0.479193,5.713528
166,34737,0.05,1,149,131.65,26.06,0.333353,34737,uniform,nan,nan,nan,nan,nan,0.302027,0.45391,5.557077
167,34854,0.05,1,117,131.81,29.62,0.236009,34854,uniform,nan,nan,nan,nan,nan,0.203908,0.353592,4.602311
168,34987,0.05,1,133,131.73,26.34,0.435869,34987,uniform,nan,nan,nan,nan,nan,0.403547,0.550475,6.361515
169,35096,0.05,1,109,131.85,26.86,0.324124,35096,uniform,nan,nan,nan,nan,nan,0.297197,0.488808,5.25681
170,35224,0.05,-1,128,26.56,131.76,0.389904,35224,uniform,nan,nan,nan,nan,nan,0.357328,0.532901,5.934591
171,35518,0.05,-1,294,26.33,130.93,0.286253,35518,uniform,nan,nan,nan,nan,nan,0.253363,0.418225,4.997412
172,35643,0.05,1,125,131.77,20.58,0.357514,35643,uniform,nan,nan,nan,nan,nan,0.323272,0.482502,5.681055
173,35757,0.05,-1,114,28.83,131.83,0.213368,35757,uniform,nan,nan,nan,nan,nan,0.181356,0.336613,4.25844
174,35855,0.05,-1,98,26.91,131.91,0.369309,35855,uniform,nan,nan,nan,nan,nan,0.332582,0.490016,5.790109
175,35949,0.05,-1,94,26.73,131.93,0.367923,35949,uniform,nan,nan,nan,nan,nan,0.334526,0.485805,5.789685
176,36056,0.05,1,107,131.86,24.07,0.399295,36056,uniform,nan,nan,nan,nan,nan,0.32601,0.560779,5.886443
177,36180,0.05,-1,124,27.38,131.78,0.342052,36180,uniform,nan,nan,nan,nan,nan,0.290073,0.491332,5.476331
178,36278,0.05,-1,98,26.11,131.91,0.245239,36278,uniform,nan,nan,nan,nan,nan,0.187499,0.387951,4.515054
179,36376,0.05,-1,98,26.11,131.91,0.281217,36376,uniform,nan,nan,nan,nan,nan,0.234805,0.417674,4.936933
180,36486,0.05,-1,110,28.65,131.85,0.436012,36486,uniform,nan,nan,nan,nan,nan,0.389856,0.570704,6.297236
181,36628,0.05,-1,142,28.89,131.69,0.344396,36628,uniform,nan,nan,nan,nan,nan,0.30158,0.475115,5.5599
182,36906,0.05,-1,278,28.81,131.01,0.338996,36906,uniform,nan,nan,nan,nan,nan,0.296635,0.466104,5.517575
183,37035,0.05,1,129,131.75,29.36,0.441697,37035,uniform,nan,nan,nan,nan,nan,0.403422,0.591076,6.246459
184,37238,0.05,1,203,131.38,29.19,0.412199,37238,uniform,nan,nan,nan,nan,nan,0.371722,0.565071,6.036374
185,37381,0.05,1,143,131.68,29.09,0.353454,37381,uniform,nan,nan,nan,nan,nan,0.310093,0.495161,5.54951
186,37514,0.05,1,133,131.73,29.54,0.405525,37514,uniform,nan,nan,nan,nan,nan,0.368691,0.541966,6.016647
187,37616,0.05,-1,102,24.29,131.89,0.359953,37616,uniform,nan,nan,nan,nan,nan,0.319726,0.495799,5.628655
188,37736,0.05,-1,120,27.4,131.8,0.394999,37736,uniform,nan,nan,nan,nan,nan,0.33893,0.529878,5.895262
189,37840,0.05,-1,104,26.68,131.88,0.527872,37840,uniform,nan,nan,nan,nan,nan,0.483934,0.659619,6.923366
190,38136,0.05,-1,296,26.52,130.92,0.366133,38136,uniform,nan,nan,nan,nan,nan,0.304784,0.51646,5.61537
191,38247,0.05,1,111,131.84,24.25,0.475264,38247,uniform,nan,nan,nan,nan,nan,0.410978,0.62888,6.45485
192,38447,0.05,-1,200,26.6,131.4,0.346811,38447,uniform,nan,nan,nan,nan,nan,0.295759,0.491951,5.499014
193,38564,0.05,1,117,131.81,26.42,0.396959,38564,uniform,nan,nan,nan,nan,nan,0.346655,0.537259,5.915044
194,38682,0.05,-1,118,27.21,131.81,0.407139,38682,uniform,nan,nan,nan,nan,nan,0.357841,0.543564,6.011242
195,38825,0.05,1,143,131.68,26.29,0.287686,38825,uniform,nan,nan,nan,nan,nan,0.235592,0.420886,4.919175
196,38946,0.05,1,121,131.79,23.8,0.397982,38946,uniform,nan,nan,nan,nan,nan,0.352065,0.528436,5.986589
197,39059,0.05,1,113,131.83,29.64,0.452589,39059,uniform,nan,nan,nan,nan,nan,0.408211,0.615874,6.238314
198,39196,0.05,1,137,131.71,29.52,0.457685,39196,uniform,nan,nan,nan,nan,nan,0.406178,0.617942,6.29145
199,39311,0.05,1,115,131.82,27.43,0.335114,39311,uniform,nan,nan,nan,nan,nan,0.279048,0.487402,5.30813
200,39434,0.05,1,123,131.78,28.59,0.175803,39434,uniform,nan,nan,nan,nan,nan,0.127161,0.319865,3.636746
201,39734,0.05,,300,22.5,26.5,0.368579,39734,uniform,nan,nan,nan,nan,nan,0.316658,0.506672,5.626916
202,39942,0.05,-1,208,26.36,131.36,0.400566,39942,uniform,nan,nan,nan,nan,nan,0.350279,0.533476,5.871082
203,40090,0.05,-1,148,27.06,131.66,0.475164,40090,uniform,nan,nan,nan,nan,nan,0.386889,0.64228,6.339452
204,40194,0.05,-1,104,25.68,131.88,0.384047,40194,uniform,nan,nan,nan,nan,nan,0.298807,0.543304,5.601479
205,40334,0.05,-1,140,24.5,131.7,0.389617,40334,uniform,nan,nan,nan,nan,nan,0.324174,0.542485,5.779472
206,40429,0.05,1,95,131.92,26.13,0.472364,40429,uniform,nan,nan,nan,nan,nan,0.40047,0.621958,6.376778
207,40529,0.05,-1,100,20.9,131.9,0.342618,40529,uniform,nan,nan,nan,nan,nan,0.278386,0.489025,5.35484
208,40731,0.05,-1,202,23.59,131.39,0.320593,40731,uniform,nan,nan,nan,nan,nan,0.256895,0.460636,5.143111
209,40851,0.05,-1,120,26.4,131.8,0.317324,40851,uniform,nan,nan,nan,nan,nan,0.252977,0.455873,5.112154
210,40957,0.05,-1,106,23.67,131.87,0.41803,40957,uniform,nan,nan,nan,nan,nan,0.360057,0.555972,6.015753
211,41093,0.05,-1,136,29.32,131.72,0.409495,41093,uniform,nan,nan,nan,nan,nan,0.345962,0.577,5.801487
212,41393,0.05,,300,28.7,27.1,0.389527,41393,uniform,nan,nan,nan,nan,nan,0.324669,0.54469,5.666508
213,41499,0.05,-1,106,28.87,131.87,0.39157,41499,uniform,nan,nan,nan,nan,nan,0.307786,0.543147,5.610255
214,41767,0.05,-1,268,23.06,131.06,0.377965,41767,uniform,nan,nan,nan,nan,nan,0.314939,0.523249,5.574303
215,41899,0.05,-1,132,26.74,131.74,0.443286,41899,uniform,nan,nan,nan,nan,nan,0.38225,0.583834,6.12565
216,41994,0.05,1,95,131.92,23.53,0.498861,41994,uniform,nan,nan,nan,nan,nan,0.42491,0.639952,6.410116
217,42098,0.05,-1,104,26.48,131.88,0.371708,42098,uniform,nan,nan,nan,nan,nan,0.246224,0.560908,5.323335
218,42184,0.05,-1,86,21.37,131.97,0.431429,42184,uniform,nan,nan,nan,nan,nan,0.328854,0.598485,5.929242
219,42441,0.05,1,257,131.11,25.92,0.408675,42441,uniform,nan,nan,nan,nan,nan,0.322906,0.567885,5.755878
220,42572,0.05,1,131,131.74,29.15,0.416003,42572,uniform,nan,nan,nan,nan,nan,0.32238,0.568497,5.789219
221,42715,0.05,1,143,131.68,26.49,0.39304,42715,uniform,nan,nan,nan,nan,nan,0.305124,0.541176,5.63242
222,42888,0.05,1,173,131.53,26.94,0.427007,42888,uniform,nan,nan,nan,nan,nan,0.32059,0.574646,5.818801
223,43188,0.05,,300,25.5,26.5,0.426684,43188,uniform,nan,nan,nan,nan,nan,0.333827,0.594409,5.725051
224,43325,0.05,1,137,131.71,29.52,0.514649,43325,uniform,nan,nan,nan,nan,nan,0.420953,0.677448,6.428532
225,43492,0.05,1,167,131.56,27.17,0.415685,43492,uniform,nan,nan,nan,nan,nan,0.328915,0.573458,5.671979
226,43620,0.05,-1,128,27.36,131.76,0.423123,43620,uniform,nan,nan,nan,nan,nan,0.312902,0.580653,5.706478
227,43805,0.05,1,185,131.47,28.68,0.437515,43805,uniform,nan,nan,nan,nan,nan,0.327899,0.590083,5.794258
228,43911,0.05,-1,106,28.87,131.87,0.391172,43911,uniform,nan,nan,nan,nan,nan,0.310807,0.539743,5.544714
229,44068,0.05,1,157,131.61,24.62,0.391623,44068,uniform,nan,nan,nan,nan,nan,0.255538,0.563863,5.292172
230,44173,0.05,1,105,131.87,25.28,0.313356,44173,uniform,nan,nan,nan,nan,nan,0.169628,0.488938,4.6645
231,44311,0.05,-1,138,29.31,131.71,0.482221,44311,uniform,nan,nan,nan,nan,nan,0.35326,0.651259,6.022612
232,44489,0.05,-1,178,24.91,131.51,0.393904,44489,uniform,nan,nan,nan,nan,nan,0.280181,0.556179,5.406492
233,44659,0.05,-1,170,29.35,131.55,0.422415,44659,uniform,nan,nan,nan,nan,nan,0.30672,0.58059,5.6127
234,44820,0.05,1,161,131.59,29.4,0.320469,44820,uniform,nan,nan,nan,nan,nan,0.211971,0.473682,4.78804
235,44940,0.05,-1,120,29.6,131.8,0.344206,44940,uniform,nan,nan,nan,nan,nan,0.234296,0.495517,4.873833
236,45102,0.05,-1,162,26.99,131.59,0.44741,45102,uniform,nan,nan,nan,nan,nan,0.328309,0.625856,5.670347
237,45218,0.05,-1,116,29.62,131.82,0.457858,45218,uniform,nan,nan,nan,nan,nan,0.317978,0.630578,5.700798
238,45346,0.05,-1,128,24.16,131.76,0.385861,45346,uniform,nan,nan,nan,nan,nan,0.243588,0.556698,5.157959
239,45474,0.05,-1,128,27.36,131.76,0.52326,45474,uniform,nan,nan,nan,nan,nan,0.368095,0.693027,6.101209
240,45644,0.05,-1,170,29.35,131.55,0.420486,45644,uniform,nan,nan,nan,nan,nan,0.295785,0.582213,5.459682
241,45747,0.05,1,103,131.88,29.29,0.545911,45747,uniform,nan,nan,nan,nan,nan,0.392256,0.706153,6.314197
242,45876,0.05,1,129,131.75,24.36,0.534195,45876,uniform,nan,nan,nan,nan,nan,0.391204,0.693263,6.391603
243,46018,0.05,-1,142,23.89,131.69,0.472629,46018,uniform,nan,nan,nan,nan,nan,0.305028,0.64074,5.655602
244,46141,0.05,1,123,131.78,25.19,0.389024,46141,uniform,nan,nan,nan,nan,nan,0.164646,0.582101,4.659547
245,46272,0.05,1,131,131.74,26.15,0.443061,46272,uniform,nan,nan,nan,nan,nan,0.271668,0.623407,5.475623
246,46395,0.05,1,123,131.78,27.19,0.403905,46395,uniform,nan,nan,nan,nan,nan,0.231547,0.581961,5.207198
247,46489,0.05,-1,94,29.33,131.93,0.376915,46489,uniform,nan,nan,nan,nan,nan,0.202822,0.548697,4.938823
248,46614,0.05,1,125,131.77,24.58,0.432206,46614,uniform,nan,nan,nan,nan,nan,0.289642,0.600094,5.473855
249,46767,0.05,1,153,131.63,29.04,0.430116,46767,uniform,nan,nan,nan,nan,nan,0.260979,0.598523,5.31812
250,46961,0.05,-1,194,28.63,131.43,0.329024,46961,uniform,nan,nan,nan,nan,nan,0.162348,0.492976,4.371466
251,47096,0.05,1,135,131.72,28.53,0.458339,47096,uniform,nan,nan,nan,nan,nan,0.284848,0.647322,5.442537
252,47273,0.05,1,177,131.51,27.12,0.356593,47273,uniform,nan,nan,nan,nan,nan,0.183041,0.537666,4.545198
253,47445,0.05,-1,172,27.14,131.54,0.426445,47445,uniform,nan,nan,nan,nan,nan,0.203565,0.603355,5.059183
254,47563,0.05,-1,118,21.61,131.81,0.497203,47563,uniform,nan,nan,nan,nan,nan,0.308334,0.671184,5.550616
255,47704,0.05,1,141,131.69,28.9,0.489894,47704,uniform,nan,nan,nan,nan,nan,0.251308,0.661278,5.464511
256,47926,0.05,-1,222,29.09,131.29,0.379387,47926,uniform,nan,nan,nan,nan,nan,0.17108,0.550711,4.600188
257,48116,0.05,-1,190,27.05,131.45,0.486468,48116,uniform,nan,nan,nan,nan,nan,0.240318,0.677094,5.286604
258,48416,0.05,,300,26.5,28.5,0.458136,48416,uniform,nan,nan,nan,nan,nan,0.176435,0.644928,5.05277
259,48522,0.05,-1,106,24.27,131.87,0.358981,48522,uniform,nan,nan,nan,nan,nan,0.110538,0.540406,4.321671
260,48692,0.05,-1,170,29.35,131.55,0.425622,48692,uniform,nan,nan,nan,nan,nan,0.197672,0.602536,4.928047
261,48904,0.05,-1,212,26.94,131.34,0.438966,48904,uniform,nan,nan,nan,nan,nan,0.19948,0.616062,4.92242
262,49025,0.05,1,121,131.79,29.4,0.499726,49025,uniform,nan,nan,nan,nan,nan,0.262842,0.687085,5.430204
263,49233,0.05,-1,208,26.96,131.36,0.495772,49233,uniform,nan,nan,nan,nan,nan,0.113586,0.697544,4.885121
264,49446,0.05,1,213,131.33,29.14,0.443272,49446,uniform,nan,nan,nan,nan,nan,0.114921,0.638415,4.672868
265,49739,0.05,1,293,130.93,28.74,0.444278,49739,uniform,nan,nan,nan,nan,nan,0.158084,0.634598,4.6456
266,50039,0.05,,300,24.9,26.5,0.472565,50039,uniform,nan,nan,nan,nan,nan,0.133311,0.66365,4.911788
267,50156,0.05,1,117,131.81,21.62,0.547048,50156,uniform,nan,nan,nan,nan,nan,0.081396,0.756975,5.427148
268,50291,0.05,1,135,131.72,21.53,0.482798,50291,uniform,nan,nan,nan,nan,nan,0.105556,0.687159,4.930085
269,50437,0.05,-1,146,27.07,131.67,0.53623,50437,uniform,nan,nan,nan,nan,nan,0.079286,0.737849,5.254647
270,50737,0.05,,300,24.1,27.5,0.526286,50737,uniform,nan,nan,nan,nan,nan,0.007103,0.72231,5.245996
271,50893,0.05,-1,156,22.62,131.62,0.552962,50893,uniform,nan,nan,nan,nan,nan,0.012435,0.746081,5.362394
272,51193,0.05,,300,26.5,25.9,0.504859,51193,uniform,nan,nan,nan,nan,nan,-0.041674,0.71228,4.941995
273,51362,0.05,1,169,131.55,29.16,0.528932,51362,uniform,nan,nan,nan,nan,nan,-0.075536,0.735985,5.267341
274,51632,0.05,-1,270,26.45,131.05,0.490429,51632,uniform,nan,nan,nan,nan,nan,-0.050019,0.691677,5.044623
275,51872,0.05,-1,240,24.6,131.2,0.522193,51872,uniform,nan,nan,nan,nan,nan,-0.023758,0.721946,5.206912
276,52024,0.05,-1,152,27.24,131.64,0.415129,52024,uniform,nan,nan,nan,nan,nan,-0.095872,0.619175,4.42059
277,52175,0.05,1,151,131.64,28.85,0.45152,52175,uniform,nan,nan,nan,nan,nan,-0.095131,0.669925,4.867675
278,52288,0.05,1,113,131.83,23.84,0.49404,52288,uniform,nan,nan,nan,nan,nan,-0.098205,0.701585,5.224213
279,52573,0.05,1,285,130.97,28.38,0.463795,52573,uniform,nan,nan,nan,nan,nan,-0.054518,0.670391,4.82817
280,52754,0.05,1,181,131.49,26.3,0.574704,52754,uniform,nan,nan,nan,nan,nan,-0.129437,0.775456,5.71614
281,52988,0.05,-1,234,24.63,131.23,0.495287,52988,uniform,nan,nan,nan,nan,nan,-0.155649,0.695457,5.084307
282,53186,0.05,-1,198,26.21,131.41,0.472202,53186,uniform,nan,nan,nan,nan,nan,-0.043318,0.689059,5.042599
283,53328,0.05,-1,142,25.09,131.69,0.526183,53328,uniform,nan,nan,nan,nan,nan,-0.158659,0.735188,5.790401
284,53597,0.05,1,269,131.05,28.26,0.488898,53597,uniform,nan,nan,nan,nan,nan,-0.099416,0.693236,5.309218
285,53897,0.05,,300,25.3,22.9,0.435013,53897,uniform,nan,nan,nan,nan,nan,-0.122051,0.634678,4.789678
286,54020,0.05,1,123,131.78,20.59,0.573131,54020,uniform,nan,nan,nan,nan,nan,-0.198203,0.77235,6.085334
287,54148,0.05,-1,128,27.36,131.76,0.56823,54148,uniform,nan,nan,nan,nan,nan,-0.256256,0.782534,5.875812
288,54258,0.05,-1,110,21.65,131.85,0.532266,54258,uniform,nan,nan,nan,nan,nan,-0.163325,0.740083,5.489343
289,54462,0.05,-1,204,24.38,131.38,0.482432,54462,uniform,nan,nan,nan,nan,nan,-0.177364,0.686887,5.440042
290,54596,0.05,-1,134,26.93,131.73,0.448359,54596,uniform,nan,nan,nan,nan,nan,-0.138771,0.645448,4.966939
291,54751,0.05,1,155,131.62,23.03,0.569708,54751,uniform,nan,nan,nan,nan,nan,-0.257581,0.768619,6.09185
292,54906,0.05,1,155,131.62,27.23,0.564736,54906,uniform,nan,nan,nan,nan,nan,-0.220908,0.760407,6.058123
293,55041,0.05,1,135,131.72,29.33,0.431158,55041,uniform,nan,nan,nan,nan,nan,-0.145763,0.632024,5.018035
294,55281,0.05,-1,240,26.8,131.2,0.499858,55281,uniform,nan,nan,nan,nan,nan,-0.181228,0.707819,5.432495
295,55566,0.05,1,285,130.97,28.78,0.486612,55566,uniform,nan,nan,nan,nan,nan,-0.16552,0.690416,5.337934
296,55663,0.05,1,97,131.91,23.92,0.581211,55663,uniform,nan,nan,nan,nan,nan,-0.281168,0.783023,5.988328
297,55869,0.05,-1,206,26.77,131.37,0.523772,55869,uniform,nan,nan,nan,nan,nan,-0.221536,0.722608,5.628582
298,56169,0.05,,300,28.5,26.1,0.488906,56169,uniform,nan,nan,nan,nan,nan,-0.26284,0.694841,5.508087
299,56321,0.05,-1,152,28.24,131.64,0.520344,56321,uniform,nan,nan,nan,nan,nan,-0.153553,0.726262,5.566366
300,56555,0.05,-1,234,28.23,131.23,0.520763,56555,uniform,nan,nan,nan,nan,nan,-0.256034,0.727696,5.646313
301,56764,0.05,1,209,131.35,25.56,0.559835,56764,uniform,nan,nan,nan,nan,nan,-0.297161,0.762221,5.92428
302,57064,0.05,,300,22.9,28.7,0.44174,57064,uniform,nan,nan,nan,nan,nan,-0.187586,0.645209,5.085306
303,57188,0.05,-1,124,24.38,131.78,0.432544,57188,uniform,nan,nan,nan,nan,nan,-0.241143,0.643392,5.0383
304,57310,0.05,-1,122,24.79,131.79,0.483888,57310,uniform,nan,nan,nan,nan,nan,-0.267327,0.689005,5.346889
305,57414,0.05,-1,104,25.28,131.88,0.513361,57414,uniform,nan,nan,nan,nan,nan,-0.270206,0.718883,5.378855
306,57506,0.05,-1,92,21.14,131.94,0.523382,57506,uniform,nan,nan,nan,nan,nan,-0.261508,0.721994,5.516217
307,57719,0.05,1,213,131.33,22.14,0.568979,57719,uniform,nan,nan,nan,nan,nan,-0.286992,0.768796,5.961674
308,57958,0.05,1,239,131.2,26.81,0.54566,57958,uniform,nan,nan,nan,nan,nan,-0.33052,0.739138,5.986793
309,58131,0.05,1,173,131.53,26.54,0.478023,58131,uniform,nan,nan,nan,nan,nan,-0.304087,0.68453,5.533489
310,58218,0.05,1,87,131.96,25.17,0.521472,58218,uniform,nan,nan,nan,nan,nan,-0.334535,0.728269,5.953811
311,58354,0.05,-1,136,27.32,131.72,0.545598,58354,uniform,nan,nan,nan,nan,nan,-0.240729,0.748356,6.020852
312,58513,0.05,1,159,131.6,27.21,0.458012,58513,uniform,nan,nan,nan,nan,nan,-0.295933,0.658612,5.264774
313,58730,0.05,1,217,131.31,26.52,0.465252,58730,uniform,nan,nan,nan,nan,nan,-0.223311,0.662036,5.407277
314,58857,0.05,1,127,131.76,27.37,0.584397,58857,uniform,nan,nan,nan,nan,nan,-0.375267,0.780472,6.281211
315,58968,0.05,1,111,131.84,29.25,0.511914,58968,uniform,nan,nan,nan,nan,nan,-0.315738,0.704733,5.648614
316,59139,0.05,1,171,131.54,26.35,0.569285,59139,uniform,nan,nan,nan,nan,nan,-0.340799,0.782693,6.046127
317,59281,0.05,-1,142,29.49,131.69,0.56358,59281,uniform,nan,nan,nan,nan,nan,-0.349956,0.773993,6.188158
318,59581,0.05,,300,26.9,26.5,0.523069,59581,uniform,nan,nan,nan,nan,nan,-0.296374,0.727036,5.812906
319,59822,0.05,1,241,131.19,28.4,0.518075,59822,uniform,nan,nan,nan,nan,nan,-0.352644,0.718458,5.930551
320,60075,0.05,1,253,131.13,28.74,0.485629,60075,uniform,nan,nan,nan,nan,nan,-0.319255,0.690347,5.704281
321,60271,0.05,-1,196,29.02,131.42,0.676766,60271,uniform,nan,nan,nan,nan,nan,-0.468959,0.891472,7.099824
322,60425,0.05,-1,154,26.83,131.63,0.444423,60425,uniform,nan,nan,nan,nan,nan,-0.270351,0.652827,5.378861
323,60679,0.05,-1,254,26.33,131.13,0.533648,60679,uniform,nan,nan,nan,nan,nan,-0.338836,0.741634,6.039822
324,60802,0.05,1,123,131.78,29.19,0.653083,60802,uniform,nan,nan,nan,nan,nan,-0.522698,0.855403,7.025411
325,61102,0.05,,300,26.5,23.3,0.539673,61102,uniform,nan,nan,nan,nan,nan,-0.387768,0.745234,6.255651
326,61240,0.05,-1,138,26.71,131.71,0.637966,61240,uniform,nan,nan,nan,nan,nan,-0.445384,0.847447,6.904459
327,61380,0.05,-1,140,26.9,131.7,0.628188,61380,uniform,nan,nan,nan,nan,nan,-0.427219,0.836515,6.849873
328,61524,0.05,-1,144,29.48,131.68,0.477824,61524,uniform,nan,nan,nan,nan,nan,-0.314513,0.681734,5.850863
329,61684,0.05,-1,160,26.8,131.6,0.587651,61684,uniform,nan,nan,nan,nan,nan,-0.447537,0.789903,6.703218
330,61865,0.05,1,181,131.49,26.7,0.463065,61865,uniform,nan,nan,nan,nan,nan,-0.31976,0.660058,5.743531
331,62033,0.05,-1,168,24.96,131.56,0.559053,62033,uniform,nan,nan,nan,nan,nan,-0.424478,0.760584,6.42403
332,62254,0.05,1,221,131.29,26.5,0.538112,62254,uniform,nan,nan,nan,nan,nan,-0.37691,0.750024,6.075839
333,62524,0.05,-1,270,28.45,131.05,0.521574,62524,uniform,nan,nan,nan,nan,nan,-0.408927,0.724109,6.04558
334,62685,0.05,1,161,131.59,28.6,0.450473,62685,uniform,nan,nan,nan,nan,nan,-0.317744,0.650042,5.469786
335,62873,0.05,-1,188,23.46,131.46,0.485932,62873,uniform,nan,nan,nan,nan,nan,-0.350439,0.681704,5.757618
336,63080,0.05,1,207,131.36,28.77,0.39346,63080,uniform,nan,nan,nan,nan,nan,-0.220391,0.59454,5.100568
337,63237,0.05,1,157,131.61,24.62,0.592818,63237,uniform,nan,nan,nan,nan,nan,-0.427213,0.804409,6.760715
338,63400,0.05,1,163,131.58,28.79,0.54769,63400,uniform,nan,nan,nan,nan,nan,-0.383587,0.754403,6.396856
339,63554,0.05,-1,154,29.23,131.63,0.618885,63554,uniform,nan,nan,nan,nan,nan,-0.466646,0.822415,6.95612
340,63772,0.05,-1,218,26.11,131.31,0.55778,63772,uniform,nan,nan,nan,nan,nan,-0.410502,0.756499,6.413358
341,63969,0.05,1,197,131.41,24.02,0.487653,63969,uniform,nan,nan,nan,nan,nan,-0.309827,0.685498,5.901258
342,64149,0.05,-1,180,24.9,131.5,0.53602,64149,uniform,nan,nan,nan,nan,nan,-0.391645,0.746818,6.340382
343,64341,0.05,-1,192,26.84,131.44,0.484743,64341,uniform,nan,nan,nan,nan,nan,-0.354555,0.691531,5.983428
344,64520,0.05,1,179,131.5,26.31,0.552954,64520,uniform,nan,nan,nan,nan,nan,-0.425253,0.751954,6.433265
345,64706,0.05,-1,186,19.67,131.47,0.515571,64706,uniform,nan,nan,nan,nan,nan,-0.382468,0.713797,6.283921
346,64928,0.05,-1,222,26.69,131.29,0.457341,64928,uniform,nan,nan,nan,nan,nan,-0.346729,0.65351,5.855521
347,65228,0.05,,300,23.1,26.3,0.538905,65228,uniform,nan,nan,nan,nan,nan,-0.384426,0.748112,6.44824
348,65352,0.05,-1,124,29.38,131.78,0.562757,65352,uniform,nan,nan,nan,nan,nan,-0.433447,0.766351,6.645846
349,65461,0.05,1,109,131.85,27.06,0.419795,65461,uniform,nan,nan,nan,nan,nan,-0.266552,0.621285,5.428315
350,65593,0.05,-1,132,26.14,131.74,0.565811,65593,uniform,nan,nan,nan,nan,nan,-0.398057,0.766551,6.554267
351,65890,0.05,1,297,130.91,24.32,0.537036,65890,uniform,nan,nan,nan,nan,nan,-0.397683,0.732511,6.347585
352,66190,0.05,,300,25.3,28.7,0.505241,66190,uniform,nan,nan,nan,nan,nan,-0.37954,0.712463,6.083081
353,66417,0.05,1,227,131.26,28.27,0.576002,66417,uniform,nan,nan,nan,nan,nan,-0.435269,0.779705,6.488427
354,66554,0.05,1,137,131.71,29.12,0.527388,66554,uniform,nan,nan,nan,nan,nan,-0.379264,0.728411,6.15631
355,66740,0.05,-1,186,26.67,131.47,0.471626,66740,uniform,nan,nan,nan,nan,nan,-0.365848,0.67192,5.847298
356,67025,0.05,1,285,130.97,26.58,0.449978,67025,uniform,nan,nan,nan,nan,nan,-0.332664,0.647409,5.643989
357,67325,0.05,,300,26.5,25.3,0.546743,67325,uniform,nan,nan,nan,nan,nan,-0.419209,0.75413,6.359341
358,67491,0.05,-1,166,24.57,131.57,0.571743,67491,uniform,nan,nan,nan,nan,nan,-0.438887,0.771071,6.51731
359,67612,0.05,1,121,131.79,27.2,0.523569,67612,uniform,nan,nan,nan,nan,nan,-0.402602,0.719925,6.224899
360,67846,0.05,-1,234,25.83,131.23,0.443139,67846,uniform,nan,nan,nan,nan,nan,-0.358322,0.637082,5.656929
361,68146,0.05,,300,26.5,27.5,0.498602,68146,uniform,nan,nan,nan,nan,nan,-0.356262,0.697627,6.086707
362,68295,0.05,1,149,131.65,26.26,0.600034,68295,uniform,nan,nan,nan,nan,nan,-0.520872,0.80168,6.93702
363,68587,0.05,-1,292,23.74,130.94,0.474021,68587,uniform,nan,nan,nan,nan,nan,-0.378298,0.669408,6.1051
364,68734,0.05,1,147,131.66,29.47,0.520063,68734,uniform,nan,nan,nan,nan,nan,-0.415837,0.71092,6.403147
365,69034,0.05,,300,23.3,26.5,0.589211,69034,uniform,nan,nan,nan,nan,nan,-0.460452,0.784366,6.812308
366,69221,0.05,1,187,131.46,24.27,0.510653,69221,uniform,nan,nan,nan,nan,nan,-0.382867,0.719749,6.186396
367,69521,0.05,,300,26.5,24.7,0.574878,69521,uniform,nan,nan,nan,nan,nan,-0.468615,0.777309,6.878705
368,69732,0.05,1,211,131.34,26.95,0.645291,69732,uniform,nan,nan,nan,nan,nan,-0.538313,0.845111,7.259867
369,69847,0.05,1,115,131.82,26.43,0.509373,69847,uniform,nan,nan,nan,nan,nan,-0.386123,0.70856,6.245838
370,70147,0.05,,300,25.1,26.5,0.544628,70147,uniform,nan,nan,nan,nan,nan,-0.435807,0.747916,6.60408
371,70276,0.05,1,129,131.75,23.56,0.43971,70276,uniform,nan,nan,nan,nan,nan,-0.318036,0.644446,5.473058
372,70501,0.05,1,225,131.27,26.08,0.494448,70501,uniform,nan,nan,nan,nan,nan,-0.389566,0.69134,6.103583
373,70673,0.05,-1,172,29.34,131.54,0.467842,70673,uniform,nan,nan,nan,nan,nan,-0.367312,0.660239,5.949613
374,70761,0.05,-1,88,26.16,131.96,0.372079,70761,uniform,nan,nan,nan,nan,nan,-0.281801,0.566862,5.145231
375,70872,0.05,1,111,131.84,26.05,0.573877,70872,uniform,nan,nan,nan,nan,nan,-0.495674,0.764219,6.794659
376,70999,0.05,1,127,131.76,27.37,0.582684,70999,uniform,nan,nan,nan,nan,nan,-0.430906,0.774614,6.739977
377,71299,0.05,,300,24.3,21.1,0.499705,71299,uniform,nan,nan,nan,nan,nan,-0.381345,0.705052,6.073108
378,71401,0.05,-1,102,28.89,131.89,0.464539,71401,uniform,nan,nan,nan,nan,nan,-0.347569,0.660166,5.738069
379,71630,0.05,1,229,131.25,25.66,0.499848,71630,uniform,nan,nan,nan,nan,nan,-0.408508,0.693274,6.122169
380,71930,0.05,,300,26.5,25.3,0.46157,71930,uniform,nan,nan,nan,nan,nan,-0.367346,0.655659,5.753676
381,72044,0.05,-1,114,26.83,131.83,0.586394,72044,uniform,nan,nan,nan,nan,nan,-0.486602,0.786152,6.834387
382,72344,0.05,,300,27.5,24.1,0.457561,72344,uniform,nan,nan,nan,nan,nan,-0.355985,0.661215,5.933712
383,72484,0.05,-1,140,26.9,131.7,0.521377,72484,uniform,nan,nan,nan,nan,nan,-0.418189,0.719512,6.319334
384,72600,0.05,-1,116,20.02,131.82,0.614328,72600,uniform,nan,nan,nan,nan,nan,-0.532732,0.810108,7.047759
385,72729,0.05,1,129,131.75,29.16,0.515637,72729,uniform,nan,nan,nan,nan,nan,-0.404559,0.71142,6.397619
386,72854,0.05,1,125,131.77,29.38,0.581945,72854,uniform,nan,nan,nan,nan,nan,-0.488819,0.773973,6.91311
387,73013,0.05,1,159,131.6,28.41,0.607719,73013,uniform,nan,nan,nan,nan,nan,-0.506705,0.806298,7.013381
388,73135,0.05,-1,122,29.39,131.79,0.494262,73135,uniform,nan,nan,nan,nan,nan,-0.397602,0.701789,6.158116
389,73435,0.05,,300,26.5,27.5,0.490765,73435,uniform,nan,nan,nan,nan,nan,-0.396567,0.690576,6.124161
390,73549,0.05,-1,114,26.63,131.83,0.421716,73549,uniform,nan,nan,nan,nan,nan,-0.342347,0.617772,5.59811
391,73659,0.05,-1,110,27.25,131.85,0.504282,73659,uniform,nan,nan,nan,nan,nan,-0.411714,0.698372,6.2859
392,73959,0.05,,300,26.5,23.1,0.53232,73959,uniform,nan,nan,nan,nan,nan,-0.450667,0.723319,6.427129
393,74046,0.05,1,87,131.96,29.17,0.592463,74046,uniform,nan,nan,nan,nan,nan,-0.487999,0.796396,6.872511
394,74346,0.05,,300,25.3,26.5,0.506798,74346,uniform,nan,nan,nan,nan,nan,-0.422255,0.709103,6.237389
395,74437,0.05,1,91,131.94,26.95,0.412381,74437,uniform,nan,nan,nan,nan,nan,-0.331086,0.603865,5.478214
396,74608,0.05,1,171,131.54,26.55,0.513846,74608,uniform,nan,nan,nan,nan,nan,-0.430357,0.705335,6.275398
397,74908,0.05,,300,25.3,28.7,0.493395,74908,uniform,nan,nan,nan,nan,nan,-0.409478,0.683143,6.209846
398,75208,0.05,,300,24.3,25.3,0.429299,75000,uniform,nan,nan,nan,nan,nan,-0.327626,0.628927,5.624588
399,75410,0.05,-1,202,26.19,131.39,0.520047,75000,uniform,nan,nan,nan,nan,nan,-0.422335,0.719417,6.337965
400,75513,0.05,1,103,131.88,27.29,0.558825,75000,uniform,nan,nan,nan,nan,nan,-0.443697,0.757745,6.568366
401,75599,0.05,-1,86,29.77,131.97,0.392007,75000,uniform,nan,nan,nan,nan,nan,-0.313856,0.589244,5.270675
402,75782,0.05,1,183,131.48,26.29,0.593839,75000,uniform,nan,nan,nan,nan,nan,-0.48727,0.790287,6.742495
403,75925,0.05,1,143,131.68,29.29,0.49026,75000,uniform,nan,nan,nan,nan,nan,-0.405375,0.682073,6.035264
404,76133,0.05,-1,208,25.96,131.36,0.504632,75000,uniform,nan,nan,nan,nan,nan,-0.425066,0.707793,6.258205
405,76280,0.05,1,147,131.66,28.67,0.486357,75000,uniform,nan,nan,nan,nan,nan,-0.395201,0.687998,6.050028
406,76374,0.05,-1,94,27.33,131.93,0.694308,75000,uniform,nan,nan,nan,nan,nan,-0.621453,0.895061,7.629626
407,76660,0.05,-1,286,25.97,130.97,0.522679,75000,uniform,nan,nan,nan,nan,nan,-0.436794,0.718126,6.405329
408,76960,0.05,,300,28.5,23.3,0.545288,75000,uniform,nan,nan,nan,nan,nan,-0.466345,0.740512,6.617781
409,77260,0.05,,300,27.5,28.5,0.547342,75000,uniform,nan,nan,nan,nan,nan,-0.448563,0.753314,6.458278
410,77398,0.05,-1,138,28.91,131.71,0.360791,75000,uniform,nan,nan,nan,nan,nan,-0.268953,0.56062,5.007876
411,77516,0.05,-1,118,29.21,131.81,0.438206,75000,uniform,nan,nan,nan,nan,nan,-0.353792,0.63518,5.709057
412,77623,0.05,1,107,131.86,24.67,0.606103,75000,uniform,nan,nan,nan,nan,nan,-0.516481,0.800379,6.904021
413,77733,0.05,-1,110,28.85,131.85,0.518384,75000,uniform,nan,nan,nan,nan,nan,-0.430281,0.714612,6.326313
414,77840,0.05,1,107,131.86,27.07,0.468357,75000,uniform,nan,nan,nan,nan,nan,-0.376031,0.661664,5.849302
415,77950,0.05,-1,110,29.45,131.85,0.522315,75000,uniform,nan,nan,nan,nan,nan,-0.430141,0.714711,6.275554
416,78250,0.05,,300,23.3,28.7,0.51981,75000,uniform,nan,nan,nan,nan,nan,-0.433946,0.724816,6.355969
417,78349,0.05,1,99,131.9,21.51,0.568856,75000,uniform,nan,nan,nan,nan,nan,-0.481076,0.77126,6.67861
418,78649,0.05,,300,27.5,26.5,0.510996,75000,uniform,nan,nan,nan,nan,nan,-0.426793,0.709138,6.31114
419,78863,0.05,-1,214,23.53,131.33,0.506054,75000,uniform,nan,nan,nan,nan,nan,-0.422932,0.700648,6.21513
420,78953,0.05,-1,90,25.15,131.95,0.492395,75000,uniform,nan,nan,nan,nan,nan,-0.40789,0.68529,6.147673
421,79081,0.05,-1,128,29.36,131.76,0.473988,75000,uniform,nan,nan,nan,nan,nan,-0.38182,0.681239,5.946229
422,79307,0.05,-1,226,25.47,131.27,0.625139,75000,uniform,nan,nan,nan,nan,nan,-0.534517,0.83221,7.051588
423,79411,0.05,-1,104,27.48,131.88,0.582575,75000,uniform,nan,nan,nan,nan,nan,-0.506662,0.781053,6.840007
424,79507,0.05,-1,96,27.32,131.92,0.475433,75000,uniform,nan,nan,nan,nan,nan,-0.385443,0.672729,6.02531
425,79618,0.05,1,111,131.84,25.85,0.522112,75000,uniform,nan,nan,nan,nan,nan,-0.437171,0.721956,6.451011
426,79859,0.05,1,241,131.19,25.6,0.539164,75000,uniform,nan,nan,nan,nan,nan,-0.448473,0.733978,6.543033
427,79948,0.05,1,89,131.95,22.56,0.513013,75000,uniform,nan,nan,nan,nan,nan,-0.435468,0.705217,6.403995
428,80248,0.05,,300,26.5,27.7,0.552302,75000,uniform,nan,nan,nan,nan,nan,-0.457886,0.757628,6.499545
429,80392,0.05,-1,144,29.08,131.68,0.5194,75000,uniform,nan,nan,nan,nan,nan,-0.424152,0.72376,6.189348
430,80623,0.05,1,231,131.24,28.45,0.403038,75000,uniform,nan,nan,nan,nan,nan,-0.330656,0.599793,5.377486
431,80845,0.05,-1,222,26.29,131.29,0.532447,75000,uniform,nan,nan,nan,nan,nan,-0.458615,0.72443,6.274212
432,80940,0.05,1,95,131.92,27.33,0.488016,75000,uniform,nan,nan,nan,nan,nan,-0.415936,0.681886,5.971952
433,81023,0.05,1,83,131.98,24.99,0.428504,75000,uniform,nan,nan,nan,nan,nan,-0.347382,0.627931,5.593665
434,81140,0.05,1,117,131.81,29.62,0.569263,75000,uniform,nan,nan,nan,nan,nan,-0.47549,0.779488,6.6484
435,81409,0.05,1,269,131.05,23.66,0.625686,75000,uniform,nan,nan,nan,nan,nan,-0.539115,0.827039,7.021536
436,81630,0.05,1,221,131.29,26.5,0.52341,75000,uniform,nan,nan,nan,nan,nan,-0.446302,0.719802,6.40183
437,81774,0.05,-1,144,27.08,131.68,0.614621,75000,uniform,nan,nan,nan,nan,nan,-0.519999,0.808199,6.999923
438,81856,0.05,-1,82,27.39,131.99,0.495647,75000,uniform,nan,nan,nan,nan,nan,-0.388541,0.686694,6.070961
439,82088,0.05,-1,232,28.84,131.24,0.563657,75000,uniform,nan,nan,nan,nan,nan,-0.484054,0.764136,6.663742
440,82305,0.05,1,217,131.31,26.52,0.518263,75000,uniform,nan,nan,nan,nan,nan,-0.431664,0.723447,6.289586
441,82417,0.05,-1,112,26.64,131.84,0.540831,75000,uniform,nan,nan,nan,nan,nan,-0.437265,0.740756,6.546394
442,82569,0.05,-1,152,26.84,131.64,0.598212,75000,uniform,nan,nan,nan,nan,nan,-0.511788,0.799275,6.84668
443,82704,0.05,1,135,131.72,26.53,0.470913,75000,uniform,nan,nan,nan,nan,nan,-0.392324,0.665202,5.97768
444,82822,0.05,-1,118,26.81,131.81,0.597294,75000,uniform,nan,nan,nan,nan,nan,-0.520816,0.792143,6.831931
445,83045,0.05,1,223,131.28,26.89,0.525367,75000,uniform,nan,nan,nan,nan,nan,-0.432893,0.724334,6.31468
446,83345,0.05,,300,28.7,27.7,0.633005,75000,uniform,nan,nan,nan,nan,nan,-0.522527,0.841065,7.042356
447,83445,0.05,-1,100,24.3,131.9,0.539317,75000,uniform,nan,nan,nan,nan,nan,-0.452288,0.741644,6.410262
448,83563,0.05,-1,118,29.41,131.81,0.577103,75000,uniform,nan,nan,nan,nan,nan,-0.48021,0.776919,6.796446
449,83661,0.05,-1,98,29.71,131.91,0.782158,75000,uniform,nan,nan,nan,nan,nan,-0.701123,0.981243,8.095835
450,83961,0.05,,300,26.5,27.5,0.573555,75000,uniform,nan,nan,nan,nan,nan,-0.49252,0.771167,6.782722
451,84094,0.05,1,133,131.73,29.54,0.592778,75000,uniform,nan,nan,nan,nan,nan,-0.506828,0.803187,6.784926
452,84275,0.05,1,181,131.49,26.7,0.552087,75000,uniform,nan,nan,nan,nan,nan,-0.464667,0.76114,6.539681
453,84510,0.05,1,235,131.22,26.23,0.616873,75000,uniform,nan,nan,nan,nan,nan,-0.517328,0.819537,6.99622
454,84693,0.05,1,183,131.48,27.09,0.638147,75000,uniform,nan,nan,nan,nan,nan,-0.522021,0.838748,7.041286
455,84788,0.05,1,95,131.92,24.73,0.52168,75000,uniform,nan,nan,nan,nan,nan,-0.433567,0.722592,6.322382
456,84871,0.05,1,83,131.98,26.59,0.786994,75000,uniform,nan,nan,nan,nan,nan,-0.676227,0.989634,8.028304
457,85020,0.05,1,149,131.65,29.26,0.583576,75000,uniform,nan,nan,nan,nan,nan,-0.483143,0.786653,6.811831
458,85211,0.05,1,191,131.44,26.25,0.540863,75000,uniform,nan,nan,nan,nan,nan,-0.445684,0.753947,6.513523
459,85511,0.05,,300,25.3,24.3,0.622218,75000,uniform,nan,nan,nan,nan,nan,-0.528679,0.828014,7.138448
460,85811,0.05,,300,23.1,26.5,0.62887,75000,uniform,nan,nan,nan,nan,nan,-0.533108,0.829914,7.087221
461,85924,0.05,1,113,131.83,27.24,0.523444,75000,uniform,nan,nan,nan,nan,nan,-0.438956,0.718011,6.339459
462,86198,0.05,-1,274,26.03,131.03,0.662125,75000,uniform,nan,nan,nan,nan,nan,-0.554221,0.874412,7.150821
463,86321,0.05,1,123,131.78,24.99,0.528449,75000,uniform,nan,nan,nan,nan,nan,-0.437393,0.735822,6.196693
464,86544,0.05,1,223,131.28,26.09,0.495467,75000,uniform,nan,nan,nan,nan,nan,-0.408849,0.695929,6.126989
465,86669,0.05,1,125,131.77,29.58,0.562257,75000,uniform,nan,nan,nan,nan,nan,-0.460442,0.759372,6.506629
466,86969,0.05,,300,28.7,23.3,0.495647,75000,uniform,nan,nan,nan,nan,nan,-0.412486,0.692257,6.106029
467,87133,0.05,-1,164,27.18,131.58,0.484743,75000,uniform,nan,nan,nan,nan,nan,-0.383825,0.702028,5.896251
468,87283,0.05,-1,150,24.85,131.65,0.528403,75000,uniform,nan,nan,nan,nan,nan,-0.440167,0.73855,6.40237
469,87399,0.05,-1,116,26.62,131.82,0.614644,75000,uniform,nan,nan,nan,nan,nan,-0.529292,0.819675,7.052907
470,87507,0.05,-1,108,27.06,131.86,0.70971,75000,uniform,nan,nan,nan,nan,nan,-0.616452,0.915948,7.487875
471,87596,0.05,1,89,131.95,27.36,0.45353,75000,uniform,nan,nan,nan,nan,nan,-0.373069,0.655985,5.85367
472,87781,0.05,1,185,131.47,28.28,0.646419,75000,uniform,nan,nan,nan,nan,nan,-0.514481,0.849889,7.14518
473,87883,0.05,-1,102,26.89,131.89,0.592251,75000,uniform,nan,nan,nan,nan,nan,-0.486565,0.791444,6.788468
474,88183,0.05,,300,25.1,26.5,0.59524,75000,uniform,nan,nan,nan,nan,nan,-0.49798,0.806052,6.764586
475,88478,0.05,1,295,130.92,28.73,0.523194,75000,uniform,nan,nan,nan,nan,nan,-0.425661,0.728746,6.333524
476,88778,0.05,,300,26.5,27.5,0.533712,75000,uniform,nan,nan,nan,nan,nan,-0.440013,0.733842,6.264349
477,89078,0.05,,300,22.9,26.5,0.484249,75000,uniform,nan,nan,nan,nan,nan,-0.384347,0.688478,5.958762
478,89187,0.05,1,109,131.85,24.06,0.642385,75000,uniform,nan,nan,nan,nan,nan,-0.527683,0.855089,6.924084
479,89318,0.05,1,131,131.74,21.35,0.477751,75000,uniform,nan,nan,nan,nan,nan,-0.383774,0.683215,5.779283
480,89445,0.05,1,127,131.76,22.17,0.700575,75000,uniform,nan,nan,nan,nan,nan,-0.582637,0.909054,7.285469
481,89529,0.05,-1,84,23.18,131.98,0.47959,75000,uniform,nan,nan,nan,nan,nan,-0.389191,0.683708,5.810791
482,89675,0.05,-1,146,19.67,131.67,0.519103,75000,uniform,nan,nan,nan,nan,nan,-0.418432,0.723498,6.05382
483,89812,0.05,1,137,131.71,29.52,0.593907,75000,uniform,nan,nan,nan,nan,nan,-0.47663,0.792545,6.639476
484,89968,0.05,-1,156,28.82,131.62,0.555182,75000,uniform,nan,nan,nan,nan,nan,-0.452366,0.755537,6.339149
485,90268,0.05,,300,22.1,26.5,0.621792,75000,uniform,nan,nan,nan,nan,nan,-0.517347,0.838813,6.888211
486,90388,0.05,-1,120,29.2,131.8,0.545056,75000,uniform,nan,nan,nan,nan,nan,-0.437063,0.75286,6.260022
487,90498,0.05,-1,110,27.05,131.85,0.459929,75000,uniform,nan,nan,nan,nan,nan,-0.356445,0.662763,5.822653
488,90798,0.05,,300,25.3,28.7,0.471353,75000,uniform,nan,nan,nan,nan,nan,-0.385505,0.673017,5.862231
489,90965,0.05,1,167,131.56,28.97,0.444877,75000,uniform,nan,nan,nan,nan,nan,-0.339299,0.641884,5.588235
490,91135,0.05,-1,170,23.75,131.55,0.649955,75000,uniform,nan,nan,nan,nan,nan,-0.539694,0.869448,7.05354
491,91260,0.05,1,125,131.77,24.38,0.453983,75000,uniform,nan,nan,nan,nan,nan,-0.344555,0.666997,5.555927
492,91560,0.05,,300,28.7,25.5,0.596646,75000,uniform,nan,nan,nan,nan,nan,-0.492895,0.804282,6.74758
493,91782,0.05,-1,222,26.09,131.29,0.514549,75000,uniform,nan,nan,nan,nan,nan,-0.402538,0.717702,6.095888
494,91873,0.05,1,91,131.94,24.75,0.540919,75000,uniform,nan,nan,nan,nan,nan,-0.461202,0.744413,6.441576
495,92158,0.05,1,285,130.97,23.78,0.566633,75000,uniform,nan,nan,nan,nan,nan,-0.463022,0.779071,6.411341
496,92266,0.05,-1,108,29.46,131.86,0.557269,75000,uniform,nan,nan,nan,nan,nan,-0.467619,0.76799,6.351947
497,92462,0.05,-1,196,26.02,131.42,0.604688,75000,uniform,nan,nan,nan,nan,nan,-0.51319,0.81236,6.688953
498,92554,0.05,-1,92,21.94,131.94,0.576844,75000,uniform,nan,nan,nan,nan,nan,-0.472034,0.777415,6.631414
499,92645,0.05,1,91,131.94,23.95,0.66561,75000,uniform,nan,nan,nan,nan,nan,-0.539836,0.870768,7.056871
500,92870,0.05,1,225,131.27,26.88,0.504763,75000,uniform,nan,nan,nan,nan,nan,-0.412052,0.705705,6.052268
501,93170,0.05,,300,26.5,23.3,0.515306,75000,uniform,nan,nan,nan,nan,nan,-0.413166,0.724534,6.051938
502,93287,0.05,1,117,131.81,26.82,0.558809,75000,uniform,nan,nan,nan,nan,nan,-0.458163,0.769506,6.301085
503,93375,0.05,-1,88,26.56,131.96,0.632129,75000,uniform,nan,nan,nan,nan,nan,-0.516855,0.838357,6.867117
504,93491,0.05,-1,116,29.02,131.82,0.71566,75000,uniform,nan,nan,nan,nan,nan,-0.625385,0.92384,7.359715
505,93604,0.05,1,113,131.83,27.44,0.480873,75000,uniform,nan,nan,nan,nan,nan,-0.388188,0.680514,5.730346
506,93749,0.05,1,145,131.67,29.48,0.659066,75000,uniform,nan,nan,nan,nan,nan,-0.540576,0.863114,6.923883
507,93862,0.05,1,113,131.83,23.84,0.561375,75000,uniform,nan,nan,nan,nan,nan,-0.465801,0.763965,6.440632
508,94028,0.05,-1,166,24.37,131.57,0.613424,75000,uniform,nan,nan,nan,nan,nan,-0.493077,0.818752,6.825395
509,94249,0.05,1,221,131.29,24.5,0.628763,75000,uniform,nan,nan,nan,nan,nan,-0.525245,0.844101,6.880943
510,94363,0.05,-1,114,24.23,131.83,0.692056,75000,uniform,nan,nan,nan,nan,nan,-0.544088,0.897645,7.2912
511,94515,0.05,-1,152,29.04,131.64,0.628667,75000,uniform,nan,nan,nan,nan,nan,-0.522965,0.835089,6.901953
512,94614,0.05,1,99,131.9,25.11,0.751983,75000,uniform,nan,nan,nan,nan,nan,-0.651002,0.959833,7.677727
513,94722,0.05,-1,108,27.26,131.86,0.539724,75000,uniform,nan,nan,nan,nan,nan,-0.449473,0.744024,6.348324
514,94966,0.05,-1,244,27.98,131.18,0.536727,75000,uniform,nan,nan,nan,nan,nan,-0.420895,0.736952,6.345765
515,95076,0.05,-1,110,27.05,131.85,0.632877,75000,uniform,nan,nan,nan,nan,nan,-0.49084,0.850917,6.856401
516,95309,0.05,1,233,131.23,26.64,0.577173,75000,uniform,nan,nan,nan,nan,nan,-0.470968,0.791601,6.502379
517,95423,0.05,-1,114,29.63,131.83,0.483944,75000,uniform,nan,nan,nan,nan,nan,-0.389077,0.693874,5.892623
518,95512,0.05,1,89,131.95,29.56,0.602586,75000,uniform,nan,nan,nan,nan,nan,-0.492485,0.810524,6.662857
519,95676,0.05,-1,164,27.18,131.58,0.673068,75000,uniform,nan,nan,nan,nan,nan,-0.577204,0.878485,7.181182
520,95823,0.05,1,147,131.66,27.27,0.529254,75000,uniform,nan,nan,nan,nan,nan,-0.427842,0.733546,6.125985
521,95918,0.05,1,95,131.92,24.73,0.55688,75000,uniform,nan,nan,nan,nan,nan,-0.471335,0.760349,6.394231
522,96052,0.05,-1,134,21.53,131.73,0.586441,75000,uniform,nan,nan,nan,nan,nan,-0.47173,0.800522,6.495365
523,96352,0.05,,300,28.7,25.3,0.518888,75000,uniform,nan,nan,nan,nan,nan,-0.408447,0.732765,6.024388
524,96465,0.05,1,113,131.83,29.64,0.642138,75000,uniform,nan,nan,nan,nan,nan,-0.512907,0.85165,6.810863
525,96615,0.05,-1,150,24.25,131.65,0.528907,75000,uniform,nan,nan,nan,nan,nan,-0.438991,0.734823,6.133436
526,96915,0.05,,300,28.7,25.3,0.519941,75000,uniform,nan,nan,nan,nan,nan,-0.414051,0.723012,6.066794
527,97038,0.05,1,123,131.78,27.19,0.687331,75000,uniform,nan,nan,nan,nan,nan,-0.592476,0.900264,7.132473
528,97177,0.05,1,139,131.7,24.71,0.499014,75000,uniform,nan,nan,nan,nan,nan,-0.400236,0.714469,5.906304
529,97290,0.05,1,113,131.83,29.64,0.569254,75000,uniform,nan,nan,nan,nan,nan,-0.472942,0.783735,6.459377
530,97505,0.05,1,215,131.32,22.13,0.509153,75000,uniform,nan,nan,nan,nan,nan,-0.415512,0.716991,6.02426
531,97734,0.05,1,229,131.25,28.66,0.624328,75000,uniform,nan,nan,nan,nan,nan,-0.527394,0.832734,6.829516
532,97841,0.05,1,107,131.86,24.47,0.559252,75000,uniform,nan,nan,nan,nan,nan,-0.449917,0.763151,6.294593
533,97969,0.05,-1,128,26.56,131.76,0.632685,75000,uniform,nan,nan,nan,nan,nan,-0.538749,0.838424,6.842866
534,98269,0.05,,300,21.5,27.5,0.675068,75000,uniform,nan,nan,nan,nan,nan,-0.54324,0.895954,7.015008
535,98550,0.05,1,281,130.99,26.6,0.559022,75000,uniform,nan,nan,nan,nan,nan,-0.443737,0.771642,6.412069
536,98768,0.05,-1,218,28.11,131.31,0.535453,75000,uniform,nan,nan,nan,nan,nan,-0.423643,0.744039,6.256021
537,99068,0.05,,300,26.5,25.3,0.484071,75000,uniform,nan,nan,nan,nan,nan,-0.377817,0.693323,5.849102
538,99317,0.05,1,249,131.15,23.76,0.567574,75000,uniform,nan,nan,nan,nan,nan,-0.462869,0.786921,6.241503
539,99617,0.05,,300,23.1,26.5,0.578728,75000,uniform,nan,nan,nan,nan,nan,-0.477461,0.79301,6.302316
540,99717,0.05,-1,100,27.5,131.9,0.593246,75000,uniform,nan,nan,nan,nan,nan,-0.481689,0.805065,6.480937
541,99827,0.05,-1,110,24.45,131.85,0.597379,75000,uniform,nan,nan,nan,nan,nan,-0.486687,0.810423,6.447271
542,99947,0.05,-1,120,28.8,131.8,0.404483,75000,uniform,nan,nan,nan,nan,nan,-0.292868,0.615828,5.096482
543,100247,0.05,,300,26.5,25.3,0.508273,75000,uniform,nan,nan,nan,nan,nan,-0.383128,0.728109,5.939723
544,100444,0.05,1,197,131.41,26.62,0.573994,75000,uniform,nan,nan,nan,nan,nan,-0.456768,0.786121,6.413356
545,100595,0.05,1,151,131.64,27.05,0.530393,75000,uniform,nan,nan,nan,nan,nan,-0.413055,0.740261,6.026087
546,100895,0.05,,300,28.7,23.1,0.504464,75000,uniform,nan,nan,nan,nan,nan,-0.381534,0.71191,5.940835
547,101195,0.05,,300,27.5,28.7,0.488246,75000,uniform,nan,nan,nan,nan,nan,-0.379716,0.705618,5.631908
548,101495,0.05,,300,26.5,23.1,0.483861,75000,uniform,nan,nan,nan,nan,nan,-0.382976,0.69801,5.717028
549,101597,0.05,-1,102,16.09,131.89,0.547404,75000,uniform,nan,nan,nan,nan,nan,-0.439508,0.758202,6.028594
550,101897,0.05,,300,27.7,26.5,0.505251,75000,uniform,nan,nan,nan,nan,nan,-0.404264,0.714284,5.802011
551,102197,0.05,,300,26.5,27.3,0.625867,75000,uniform,nan,nan,nan,nan,nan,-0.508887,0.843812,6.741794
552,102497,0.05,,300,25.3,26.5,0.46334,75000,uniform,nan,nan,nan,nan,nan,-0.353978,0.677822,5.579039
553,102728,0.05,1,231,131.24,28.05,0.532974,75000,uniform,nan,nan,nan,nan,nan,-0.420213,0.741942,6.096397
554,102925,0.05,1,197,131.41,26.82,0.408866,75000,uniform,nan,nan,nan,nan,nan,-0.303831,0.618187,5.192245
555,103041,0.05,-1,116,24.82,131.82,0.55071,75000,uniform,nan,nan,nan,nan,nan,-0.444357,0.767831,6.201165
556,103341,0.05,,300,28.7,25.5,0.487379,75000,uniform,nan,nan,nan,nan,nan,-0.377311,0.708869,5.733554
557,103470,0.05,1,129,131.75,27.16,0.460279,75000,uniform,nan,nan,nan,nan,nan,-0.354097,0.674117,5.539706
558,103770,0.05,,300,25.1,26.5,0.479894,75000,uniform,nan,nan,nan,nan,nan,-0.36396,0.688924,5.633228
559,103860,0.05,-1,90,22.55,131.95,0.489663,75000,uniform,nan,nan,nan,nan,nan,-0.398051,0.698508,5.937015
560,103963,0.05,1,103,131.88,27.09,0.466402,75000,uniform,nan,nan,nan,nan,nan,-0.362292,0.67288,5.738112
561,104263,0.05,,300,24.3,25.1,0.52335,75000,uniform,nan,nan,nan,nan,nan,-0.394936,0.745139,5.876465
562,104384,0.05,1,121,131.79,28.6,0.538838,75000,uniform,nan,nan,nan,nan,nan,-0.429476,0.752977,6.00204
563,104684,0.05,,300,25.9,28.7,0.532199,75000,uniform,nan,nan,nan,nan,nan,-0.423874,0.742714,6.034934
564,104891,0.05,1,207,131.36,26.17,0.543507,75000,uniform,nan,nan,nan,nan,nan,-0.43841,0.752641,6.118316
565,105132,0.05,1,241,131.19,28.0,0.524306,75000,uniform,nan,nan,nan,nan,nan,-0.420196,0.742063,6.00357
566,105432,0.05,,300,27.5,26.5,0.433213,75000,uniform,nan,nan,nan,nan,nan,-0.318085,0.650843,5.261734
567,105732,0.05,,300,25.5,28.7,0.527323,75000,uniform,nan,nan,nan,nan,nan,-0.405075,0.738675,6.105891
568,105849,0.05,1,117,131.81,23.62,0.601383,75000,uniform,nan,nan,nan,nan,nan,-0.499967,0.811737,6.611572
569,106113,0.05,-1,264,24.08,131.08,0.529244,75000,uniform,nan,nan,nan,nan,nan,-0.406343,0.747292,5.980169
570,106204,0.05,1,91,131.94,22.15,0.544761,75000,uniform,nan,nan,nan,nan,nan,-0.433923,0.764443,6.080458
571,106475,0.05,1,271,131.04,24.25,0.577754,75000,uniform,nan,nan,nan,nan,nan,-0.452239,0.796448,6.204202
572,106694,0.05,1,219,131.3,26.11,0.460942,75000,uniform,nan,nan,nan,nan,nan,-0.33172,0.674218,5.362006
573,106916,0.05,-1,222,28.49,131.29,0.490596,75000,uniform,nan,nan,nan,nan,nan,-0.380206,0.702323,5.668571
574,107216,0.05,,300,27.5,28.7,0.536549,75000,uniform,nan,nan,nan,nan,nan,-0.398525,0.761606,5.863891
575,107375,0.05,1,159,131.6,24.61,0.543748,75000,uniform,nan,nan,nan,nan,nan,-0.401541,0.765291,6.077305
576,107508,0.05,1,133,131.73,21.94,0.476069,75000,uniform,nan,nan,nan,nan,nan,-0.359943,0.693337,5.505035
577,107745,0.05,1,237,131.21,26.22,0.533194,75000,uniform,nan,nan,nan,nan,nan,-0.404217,0.746055,5.964526
578,107990,0.05,1,245,131.17,28.78,0.473929,75000,uniform,nan,nan,nan,nan,nan,-0.357741,0.685458,5.427977
579,108067,0.05,1,77,132.01,24.02,0.588311,75000,uniform,nan,nan,nan,nan,nan,-0.453473,0.825807,6.201794
580,108367,0.05,,300,27.5,26.5,0.509443,75000,uniform,nan,nan,nan,nan,nan,-0.380657,0.732815,5.731943
581,108592,0.05,1,225,131.27,28.08,0.525223,75000,uniform,nan,nan,nan,nan,nan,-0.395773,0.743492,5.915906
582,108803,0.05,1,211,131.34,26.55,0.581573,75000,uniform,nan,nan,nan,nan,nan,-0.455926,0.799928,6.347731
583,109103,0.05,,300,26.3,27.7,0.552206,75000,uniform,nan,nan,nan,nan,nan,-0.418386,0.77515,6.027913
584,109354,0.05,1,251,131.14,28.35,0.447801,75000,uniform,nan,nan,nan,nan,nan,-0.317547,0.671914,5.267207
585,109483,0.05,1,129,131.75,24.36,0.474086,75000,uniform,nan,nan,nan,nan,nan,-0.36262,0.69319,5.59037
586,109783,0.05,,300,27.5,24.9,0.483047,75000,uniform,nan,nan,nan,nan,nan,-0.354765,0.701358,5.566945
587,109873,0.05,-1,90,21.35,131.95,0.427966,75000,uniform,nan,nan,nan,nan,nan,-0.303557,0.644553,5.162802
588,109993,0.05,-1,120,24.0,131.8,0.561648,75000,uniform,nan,nan,nan,nan,nan,-0.455284,0.773688,6.206695
589,110266,0.05,1,273,131.03,26.04,0.611419,75000,uniform,nan,nan,nan,nan,nan,-0.456538,0.844332,6.211228
590,110566,0.05,,300,25.3,26.5,0.561896,75000,uniform,nan,nan,nan,nan,nan,-0.429161,0.786667,5.992477
591,110808,0.05,-1,242,28.19,131.19,0.472643,75000,uniform,nan,nan,nan,nan,nan,-0.336338,0.692352,5.268452
592,111108,0.05,,300,26.5,28.1,0.50925,75000,uniform,nan,nan,nan,nan,nan,-0.374232,0.736609,5.489752
593,111210,0.05,-1,102,25.09,131.89,0.512589,75000,uniform,nan,nan,nan,nan,nan,-0.379019,0.743432,5.5642
594,111510,0.05,,300,27.5,26.5,0.529523,75000,uniform,nan,nan,nan,nan,nan,-0.392111,0.757023,5.60088
595,111810,0.05,,300,26.3,21.1,0.497036,75000,uniform,nan,nan,nan,nan,nan,-0.356852,0.717961,5.389903
596,112110,0.05,,300,25.3,26.3,0.459945,75000,uniform,nan,nan,nan,nan,nan,-0.312663,0.687512,5.07243
597,112331,0.05,1,221,131.29,23.7,0.507107,75000,uniform,nan,nan,nan,nan,nan,-0.366932,0.738784,5.468396
598,112631,0.05,,300,28.5,27.7,0.495966,75000,uniform,nan,nan,nan,nan,nan,-0.358459,0.721809,5.493837
599,112785,0.05,-1,154,24.03,131.63,0.464609,75000,uniform,nan,nan,nan,nan,nan,-0.335583,0.684928,5.242435
600,113085,0.05,,300,26.5,25.3,0.394991,75000,uniform,nan,nan,nan,nan,nan,-0.250042,0.620226,4.588265
601,113385,0.05,,300,28.7,25.3,0.45132,75000,uniform,nan,nan,nan,nan,nan,-0.297061,0.680184,4.90554
602,113486,0.05,1,101,131.89,21.1,0.488173,75000,uniform,nan,nan,nan,nan,nan,-0.326273,0.711852,5.150705
603,113584,0.05,-1,98,20.51,131.91,0.419999,75000,uniform,nan,nan,nan,nan,nan,-0.268472,0.641241,4.586522
604,113835,0.05,1,251,131.14,23.55,0.471687,75000,uniform,nan,nan,nan,nan,nan,-0.316365,0.694285,5.094452
605,114011,0.05,-1,176,25.92,131.52,0.510317,75000,uniform,nan,nan,nan,nan,nan,-0.378216,0.728619,5.585203
606,114311,0.05,,300,25.5,24.1,0.504136,75000,uniform,nan,nan,nan,nan,nan,-0.35938,0.734285,5.289863
607,114494,0.05,1,183,131.48,26.29,0.432722,75000,uniform,nan,nan,nan,nan,nan,-0.27246,0.659053,4.567246
608,114698,0.05,-1,204,26.78,131.38,0.428601,75000,uniform,nan,nan,nan,nan,nan,-0.291462,0.650139,4.661087
609,114826,0.05,-1,128,26.96,131.76,0.472389,75000,uniform,nan,nan,nan,nan,nan,-0.314838,0.693172,4.996187
610,115041,0.05,1,215,131.32,26.53,0.460165,75000,uniform,nan,nan,nan,nan,nan,-0.311119,0.685147,4.868621
611,115341,0.05,,300,27.7,26.5,0.478362,75000,uniform,nan,nan,nan,nan,nan,-0.321991,0.709615,5.089891
612,115641,0.05,,300,24.3,27.7,0.500086,75000,uniform,nan,nan,nan,nan,nan,-0.339998,0.726006,5.281989
613,115757,0.05,-1,116,27.02,131.82,0.478207,75000,uniform,nan,nan,nan,nan,nan,-0.347988,0.702781,5.040856
614,116057,0.05,,300,28.7,25.5,0.456226,75000,uniform,nan,nan,nan,nan,nan,-0.288551,0.684399,4.838707
615,116357,0.05,,300,25.3,26.5,0.418321,75000,uniform,nan,nan,nan,nan,nan,-0.261919,0.651784,4.436643
616,116657,0.05,,300,28.7,25.3,0.455794,75000,uniform,nan,nan,nan,nan,nan,-0.296539,0.680277,4.719815
617,116878,0.05,1,221,131.29,22.1,0.434505,75000,uniform,nan,nan,nan,nan,nan,-0.282669,0.657953,4.67021
618,117054,0.05,-1,176,26.52,131.52,0.484138,75000,uniform,nan,nan,nan,nan,nan,-0.328079,0.714914,4.929847
619,117150,0.05,-1,96,24.92,131.92,0.465171,75000,uniform,nan,nan,nan,nan,nan,-0.315617,0.70255,4.860884
620,117329,0.05,1,179,131.5,24.11,0.418859,75000,uniform,nan,nan,nan,nan,nan,-0.26641,0.651644,4.374725
621,117400,0.05,1,71,132.04,25.25,0.464942,75000,uniform,nan,nan,nan,nan,nan,-0.308976,0.693183,4.865243
622,117700,0.05,,300,28.7,22.9,0.424819,75000,uniform,nan,nan,nan,nan,nan,-0.28206,0.650025,4.604777
623,117851,0.05,1,151,131.64,29.45,0.448731,75000,uniform,nan,nan,nan,nan,nan,-0.301061,0.674099,4.739729
624,118151,0.05,,300,26.5,24.9,0.438315,75000,uniform,nan,nan,nan,nan,nan,-0.268607,0.671692,4.447026
625,118451,0.05,,300,27.3,24.1,0.370432,75000,uniform,nan,nan,nan,nan,nan,-0.197136,0.603412,3.952353
626,118751,0.05,,300,27.7,24.1,0.441058,75000,uniform,nan,nan,nan,nan,nan,-0.284808,0.669778,4.624663
627,119027,0.05,-1,276,28.82,131.02,0.368516,75000,uniform,nan,nan,nan,nan,nan,-0.214884,0.595407,3.995292
628,119327,0.05,,300,26.5,27.5,0.407091,75000,uniform,nan,nan,nan,nan,nan,-0.225883,0.641981,4.142536
629,119627,0.05,,300,25.5,25.1,0.39812,75000,uniform,nan,nan,nan,nan,nan,-0.233592,0.629024,4.085911
630,119735,0.05,-1,108,24.86,131.86,0.401105,75000,uniform,nan,nan,nan,nan,nan,-0.234111,0.628854,4.176645
631,120035,0.05,,300,28.7,20.1,0.36928,75000,uniform,nan,nan,nan,nan,nan,-0.205883,0.596848,3.896868
632,120335,0.05,,300,27.5,26.5,0.4446,75000,uniform,nan,nan,nan,nan,nan,-0.254942,0.680236,4.529731
633,120635,0.05,,300,26.5,25.3,0.392318,75000,uniform,nan,nan,nan,nan,nan,-0.238874,0.620711,4.102647
634,120728,0.05,1,93,131.93,19.54,0.316022,75000,uniform,nan,nan,nan,nan,nan,-0.156399,0.541369,3.128047
635,120844,0.05,-1,116,25.02,131.82,0.397657,75000,uniform,nan,nan,nan,nan,nan,-0.244991,0.62192,4.067338
636,121144,0.05,,300,26.5,25.5,0.383048,75000,uniform,nan,nan,nan,nan,nan,-0.211271,0.618733,3.883105
637,121335,0.05,1,191,131.44,26.65,0.412778,75000,uniform,nan,nan,nan,nan,nan,-0.230823,0.647912,4.081075
638,121635,0.05,,300,26.5,22.9,0.373087,75000,uniform,nan,nan,nan,nan,nan,-0.179107,0.601924,3.836202
639,121869,0.05,-1,234,28.83,131.23,0.373949,75000,uniform,nan,nan,nan,nan,nan,-0.196983,0.600832,3.870653
640,122169,0.05,,300,28.7,27.5,0.402155,75000,uniform,nan,nan,nan,nan,nan,-0.217752,0.638112,4.037169
641,122469,0.05,,300,27.7,26.3,0.362399,75000,uniform,nan,nan,nan,nan,nan,-0.161175,0.597179,3.503357
642,122718,0.05,1,249,131.15,24.36,0.390458,75000,uniform,nan,nan,nan,nan,nan,-0.216409,0.622303,3.920165
643,122799,0.05,1,81,131.99,23.4,0.284321,75000,uniform,nan,nan,nan,nan,nan,-0.096551,0.512131,3.016374
644,123018,0.05,1,219,131.3,28.71,0.36067,75000,uniform,nan,nan,nan,nan,nan,-0.203079,0.583909,3.809215
645,123318,0.05,,300,27.9,24.3,0.355867,75000,uniform,nan,nan,nan,nan,nan,-0.168359,0.590715,3.595515
646,123618,0.05,,300,23.1,25.5,0.340155,75000,uniform,nan,nan,nan,nan,nan,-0.152666,0.567162,3.393463
647,123918,0.05,,300,28.7,25.3,0.320844,75000,uniform,nan,nan,nan,nan,nan,-0.140424,0.546005,3.362934
648,124218,0.05,,300,24.3,27.5,0.316747,75000,uniform,nan,nan,nan,nan,nan,-0.13173,0.553964,2.961408
649,124308,0.05,-1,90,26.95,131.95,0.304436,75000,uniform,nan,nan,nan,nan,nan,-0.134957,0.53503,3.11868
650,124552,0.05,-1,244,27.98,131.18,0.281235,75000,uniform,nan,nan,nan,nan,nan,-0.113969,0.508723,2.859873
651,124852,0.05,,300,23.1,28.5,0.326884,75000,uniform,nan,nan,nan,nan,nan,-0.134582,0.555113,3.253325
652,125152,0.05,,300,25.3,26.5,0.338847,75000,uniform,nan,nan,nan,nan,nan,-0.164707,0.571148,3.291823
653,125285,0.05,1,133,131.73,20.34,0.29472,75000,uniform,nan,nan,nan,nan,nan,-0.118625,0.526057,2.992648
654,125585,0.05,,300,28.7,27.5,0.308842,75000,uniform,nan,nan,nan,nan,nan,-0.13694,0.536481,3.163203
655,125885,0.05,-1,300,26.5,130.9,0.32504,75000,uniform,nan,nan,nan,nan,nan,-0.157502,0.549631,3.28819
656,126085,0.05,-1,200,21.6,131.4,0.336114,75000,uniform,nan,nan,nan,nan,nan,-0.161869,0.566934,3.416337
657,126203,0.05,-1,118,24.81,131.81,0.394799,75000,uniform,nan,nan,nan,nan,nan,-0.190638,0.631104,4.176807
658,126387,0.05,-1,184,26.88,131.48,0.327914,75000,uniform,nan,nan,nan,nan,nan,-0.145987,0.560687,3.168763
659,126492,0.05,1,105,131.87,25.08,0.349846,75000,uniform,nan,nan,nan,nan,nan,-0.175187,0.581061,3.682894
660,126767,0.05,1,275,131.02,27.83,0.344467,75000,uniform,nan,nan,nan,nan,nan,-0.160713,0.573166,3.41297
661,126998,0.05,1,231,131.24,23.45,0.272971,75000,uniform,nan,nan,nan,nan,nan,-0.096362,0.501355,2.647189
662,127298,0.05,,300,24.3,23.3,0.33558,75000,uniform,nan,nan,nan,nan,nan,-0.140493,0.574169,3.217905
663,127598,0.05,,300,27.5,28.7,0.293896,75000,uniform,nan,nan,nan,nan,nan,-0.130312,0.52214,3.032231
664,127898,0.05,,300,25.5,28.7,0.329554,75000,uniform,nan,nan,nan,nan,nan,-0.148002,0.558003,3.355449
665,128198,0.05,,300,26.5,25.3,0.315454,75000,uniform,nan,nan,nan,nan,nan,-0.122038,0.555156,2.963138
666,128292,0.05,-1,94,27.33,131.93,0.222767,75000,uniform,nan,nan,nan,nan,nan,-0.051404,0.457163,2.003435
667,128592,0.05,,300,25.5,24.1,0.31009,75000,uniform,nan,nan,nan,nan,nan,-0.137035,0.538409,3.250574
668,128892,0.05,,300,27.5,24.1,0.272909,75000,uniform,nan,nan,nan,nan,nan,-0.101545,0.499829,2.786043
669,129192,0.05,,300,28.7,27.7,0.315484,75000,uniform,nan,nan,nan,nan,nan,-0.125076,0.551545,3.013719
670,129307,0.05,1,115,131.82,21.63,0.285601,75000,uniform,nan,nan,nan,nan,nan,-0.091405,0.522426,2.662916
671,129402,0.05,1,95,131.92,27.33,0.306578,75000,uniform,nan,nan,nan,nan,nan,-0.146717,0.534939,3.255776
672,129664,0.05,-1,262,26.69,131.09,0.32812,75000,uniform,nan,nan,nan,nan,nan,-0.139683,0.557458,3.248003
673,129964,0.05,,300,26.3,27.5,0.297723,75000,uniform,nan,nan,nan,nan,nan,-0.117696,0.523191,3.041357
674,130264,0.05,,300,26.5,27.5,0.342335,75000,uniform,nan,nan,nan,nan,nan,-0.142449,0.584906,3.20157
675,130564,0.05,,300,28.7,25.1,0.326882,75000,uniform,nan,nan,nan,nan,nan,-0.114727,0.564405,3.040092
676,130864,0.05,,300,27.5,28.7,0.279005,75000,uniform,nan,nan,nan,nan,nan,-0.076706,0.508462,2.743786
677,131164,0.05,,300,26.3,23.1,0.309042,75000,uniform,nan,nan,nan,nan,nan,-0.122227,0.544194,3.011557
678,131464,0.05,,300,25.1,24.3,0.297775,75000,uniform,nan,nan,nan,nan,nan,-0.097654,0.533539,2.711094
679,131563,0.05,1,99,131.9,29.71,0.272457,75000,uniform,nan,nan,nan,nan,nan,-0.099632,0.503049,2.625731
680,131863,0.05,,300,27.7,27.5,0.272502,75000,uniform,nan,nan,nan,nan,nan,-0.094337,0.500685,2.544757
681,132163,0.05,,300,27.5,26.5,0.250239,75000,uniform,nan,nan,nan,nan,nan,-0.048792,0.486271,2.198079
682,132463,0.05,,300,25.5,28.7,0.306518,75000,uniform,nan,nan,nan,nan,nan,-0.093572,0.540204,2.790625
683,132763,0.05,,300,27.5,26.5,0.2556,75000,uniform,nan,nan,nan,nan,nan,-0.066504,0.48355,2.364864
684,133063,0.05,,300,28.7,27.5,0.330438,75000,uniform,nan,nan,nan,nan,nan,-0.127697,0.563877,3.357108
685,133363,0.05,,300,27.5,28.7,0.247823,75000,uniform,nan,nan,nan,nan,nan,-0.073109,0.47929,2.339566
686,133663,0.05,,300,26.5,21.1,0.242156,75000,uniform,nan,nan,nan,nan,nan,-0.066925,0.468159,2.306804
687,133963,0.05,,300,25.3,26.5,0.289733,75000,uniform,nan,nan,nan,nan,nan,-0.097508,0.512804,2.813928
688,134263,0.05,,300,27.5,26.5,0.260741,75000,uniform,nan,nan,nan,nan,nan,-0.058366,0.495603,2.488024
689,134362,0.05,1,99,131.9,24.71,0.244936,75000,uniform,nan,nan,nan,nan,nan,-0.075549,0.472042,2.312077
690,134662,0.05,,300,26.5,25.3,0.238006,75000,uniform,nan,nan,nan,nan,nan,-0.05524,0.461887,2.245545
691,134810,0.05,-1,148,22.46,131.66,0.275998,75000,uniform,nan,nan,nan,nan,nan,-0.095925,0.499303,2.754803
692,135110,0.05,,300,26.5,25.1,0.274166,75000,uniform,nan,nan,nan,nan,nan,-0.088847,0.502327,2.602324
693,135410,0.05,,300,24.1,27.5,0.245841,75000,uniform,nan,nan,nan,nan,nan,-0.078206,0.474639,2.435482
694,135710,0.05,,300,26.5,23.1,0.21951,75000,uniform,nan,nan,nan,nan,nan,-0.069611,0.441278,2.163998
695,136010,0.05,,300,27.7,26.3,0.237908,75000,uniform,nan,nan,nan,nan,nan,-0.066414,0.458106,2.363241
696,136219,0.05,1,209,131.35,28.76,0.26844,75000,uniform,nan,nan,nan,nan,nan,-0.08109,0.499383,2.479765
697,136368,0.05,1,149,131.65,24.46,0.278864,75000,uniform,nan,nan,nan,nan,nan,-0.100017,0.504366,2.798678
698,136668,0.05,,300,26.3,25.1,0.230489,75000,uniform,nan,nan,nan,nan,nan,-0.043136,0.450703,2.25506
699,136767,0.05,1,99,131.9,24.71,0.212029,75000,uniform,nan,nan,nan,nan,nan,-0.045488,0.43074,2.208613
700,137067,0.05,,300,21.9,26.3,0.245933,75000,uniform,nan,nan,nan,nan,nan,-0.073109,0.470635,2.367058
701,137213,0.05,-1,146,23.47,131.67,0.238044,75000,uniform,nan,nan,nan,nan,nan,-0.087421,0.468704,2.204671
702,137513,0.05,,300,27.5,26.5,0.255342,75000,uniform,nan,nan,nan,nan,nan,-0.09315,0.479782,2.643354
703,137610,0.05,1,97,131.91,21.72,0.226461,75000,uniform,nan,nan,nan,nan,nan,-0.044287,0.444602,2.396317
704,137910,0.05,,300,25.5,25.3,0.222569,75000,uniform,nan,nan,nan,nan,nan,-0.062385,0.440379,2.246776
705,138004,0.05,-1,94,24.93,131.93,0.242687,75000,uniform,nan,nan,nan,nan,nan,-0.049949,0.466786,2.522428
706,138110,0.05,-1,106,24.47,131.87,0.262179,75000,uniform,nan,nan,nan,nan,nan,-0.093198,0.49923,2.664444
707,138219,0.05,1,109,131.85,25.26,0.297033,75000,uniform,nan,nan,nan,nan,nan,-0.115771,0.524762,3.065777
708,138460,0.05,1,241,131.19,22.4,0.277837,75000,uniform,nan,nan,nan,nan,nan,-0.097043,0.503786,2.890365
709,138564,0.05,-1,104,24.48,131.88,0.257771,75000,uniform,nan,nan,nan,nan,nan,-0.091722,0.479816,2.736785
710,138864,0.05,,300,24.3,25.3,0.233523,75000,uniform,nan,nan,nan,nan,nan,-0.072458,0.452993,2.512402
711,139017,0.05,1,153,131.63,26.84,0.225686,75000,uniform,nan,nan,nan,nan,nan,-0.055462,0.451521,2.077277
712,139317,0.05,,300,25.3,28.7,0.226384,75000,uniform,nan,nan,nan,nan,nan,-0.066089,0.45269,2.090141
713,139614,0.05,1,297,130.91,25.72,0.21983,75000,uniform,nan,nan,nan,nan,nan,-0.051392,0.4401,2.101251
714,139914,0.05,,300,28.7,25.5,0.233118,75000,uniform,nan,nan,nan,nan,nan,-0.052439,0.453529,2.167282
715,140214,0.05,,300,25.1,24.3,0.221555,75000,uniform,nan,nan,nan,nan,nan,-0.04753,0.448303,2.093736
716,140514,0.05,,300,28.7,27.5,0.248247,75000,uniform,nan,nan,nan,nan,nan,-0.067596,0.46896,2.476524
717,140814,0.05,,300,27.5,26.3,0.225258,75000,uniform,nan,nan,nan,nan,nan,-0.062175,0.442227,2.342538
718,141114,0.05,,300,28.7,23.1,0.232394,75000,uniform,nan,nan,nan,nan,nan,-0.074087,0.45797,2.361209
719,141414,0.05,,300,23.7,27.3,0.254012,75000,uniform,nan,nan,nan,nan,nan,-0.095765,0.480362,2.464431
720,141714,0.05,,300,28.7,25.5,0.240141,75000,uniform,nan,nan,nan,nan,nan,-0.080796,0.465362,2.422803
721,142014,0.05,,300,25.5,28.5,0.226784,75000,uniform,nan,nan,nan,nan,nan,-0.058735,0.448932,2.151279
722,142314,0.05,,300,26.3,25.3,0.221374,75000,uniform,nan,nan,nan,nan,nan,-0.043123,0.449708,1.958657
723,142459,0.05,1,145,131.67,19.88,0.219402,75000,uniform,nan,nan,nan,nan,nan,-0.055891,0.44237,2.044857
724,142538,0.05,1,79,132.0,21.41,0.233155,75000,uniform,nan,nan,nan,nan,nan,-0.046628,0.452474,2.21141
725,142838,0.05,,300,23.1,23.1,0.20825,75000,uniform,nan,nan,nan,nan,nan,-0.039232,0.425731,1.962204
726,143138,0.05,,300,25.3,26.5,0.208678,75000,uniform,nan,nan,nan,nan,nan,-0.06477,0.432045,2.167871
727,143317,0.05,1,179,131.5,24.31,0.238816,75000,uniform,nan,nan,nan,nan,nan,-0.063478,0.459972,2.508397
728,143514,0.05,1,197,131.41,27.02,0.227851,75000,uniform,nan,nan,nan,nan,nan,-0.095641,0.442744,2.42338
729,143622,0.05,-1,108,27.46,131.86,0.210397,75000,uniform,nan,nan,nan,nan,nan,-0.034093,0.428033,1.923144
730,143922,0.05,,300,24.3,27.3,0.228924,75000,uniform,nan,nan,nan,nan,nan,-0.064717,0.445198,2.177413
731,144222,0.05,,300,24.3,27.5,0.218284,75000,uniform,nan,nan,nan,nan,nan,-0.049545,0.447793,2.052941
732,144522,0.05,,300,25.3,26.5,0.18901,75000,uniform,nan,nan,nan,nan,nan,-0.024922,0.407503,1.592516
733,144822,0.05,,300,26.5,22.7,0.201401,75000,uniform,nan,nan,nan,nan,nan,-0.012817,0.418144,1.876431
734,145122,0.05,,300,25.3,25.5,0.219438,75000,uniform,nan,nan,nan,nan,nan,-0.068223,0.442419,2.101007
735,145422,0.05,,300,23.1,28.7,0.220405,75000,uniform,nan,nan,nan,nan,nan,-0.062277,0.438683,2.14609
736,145669,0.05,1,247,131.16,23.77,0.200446,75000,uniform,nan,nan,nan,nan,nan,-0.070481,0.414596,2.165783
737,145969,0.05,,300,27.7,24.3,0.183891,75000,uniform,nan,nan,nan,nan,nan,-0.034267,0.394122,1.707735
738,146269,0.05,,300,22.9,25.3,0.217846,75000,uniform,nan,nan,nan,nan,nan,-0.047676,0.441715,2.074305
739,146355,0.05,-1,86,27.17,131.97,0.227352,75000,uniform,nan,nan,nan,nan,nan,-0.05846,0.441723,2.066642
740,146655,0.05,,300,25.1,25.3,0.220838,75000,uniform,nan,nan,nan,nan,nan,-0.046157,0.435015,2.144903
741,146955,0.05,,300,25.3,26.5,0.195032,75000,uniform,nan,nan,nan,nan,nan,-0.057559,0.403102,1.990002
742,147034,0.05,1,79,132.0,22.41,0.187413,75000,uniform,nan,nan,nan,nan,nan,-0.057382,0.413615,1.626139
743,147334,0.05,,300,26.5,25.5,0.221281,75000,uniform,nan,nan,nan,nan,nan,-0.066965,0.439631,2.100931
744,147634,0.05,,300,27.7,25.5,0.184272,75000,uniform,nan,nan,nan,nan,nan,-0.041289,0.395623,1.822746
745,147934,0.05,,300,25.5,25.3,0.173779,75000,uniform,nan,nan,nan,nan,nan,-0.033413,0.377807,1.648104
746,148021,0.05,1,87,131.96,24.37,0.167815,75000,uniform,nan,nan,nan,nan,nan,-0.025594,0.382638,1.458586
747,148220,0.05,1,199,131.4,22.41,0.196734,75000,uniform,nan,nan,nan,nan,nan,-0.059574,0.416606,2.060023
748,148452,0.05,-1,232,28.04,131.24,0.212696,75000,uniform,nan,nan,nan,nan,nan,-0.059557,0.426535,2.120543
749,148752,0.05,,300,28.7,27.5,0.175003,75000,uniform,nan,nan,nan,nan,nan,-0.031462,0.383389,1.663132
750,149052,0.05,,300,24.3,27.5,0.168068,75000,uniform,nan,nan,nan,nan,nan,-0.024609,0.380306,1.278852
751,149352,0.05,,300,26.5,25.3,0.192117,75000,uniform,nan,nan,nan,nan,nan,-0.050505,0.408126,1.973749
752,149652,0.05,,300,25.3,26.5,0.18166,75000,uniform,nan,nan,nan,nan,nan,-0.031062,0.391407,1.674183
753,149937,0.05,1,285,130.97,25.38,0.185526,75000,uniform,nan,nan,nan,nan,nan,-0.048169,0.390586,2.004195
754,150237,0.05,,300,25.5,24.1,0.181978,75000,uniform,nan,nan,nan,nan,nan,-0.025986,0.400182,1.570296
755,150537,0.05,,300,25.9,25.5,0.174803,75000,uniform,nan,nan,nan,nan,nan,-0.036671,0.386611,1.614745
756,150837,0.05,,300,25.3,24.1,0.161408,75000,uniform,nan,nan,nan,nan,nan,-0.022871,0.36824,1.545599
757,151137,0.05,,300,26.5,21.9,0.174404,75000,uniform,nan,nan,nan,nan,nan,-0.027442,0.389055,1.602728
758,151437,0.05,,300,26.5,25.3,0.188869,75000,uniform,nan,nan,nan,nan,nan,-0.05526,0.395811,2.084049
759,151555,0.05,-1,118,19.81,131.81,0.15438,75000,uniform,nan,nan,nan,nan,nan,-0.027275,0.364235,1.250357
760,151770,0.05,1,215,131.32,20.13,0.168576,75000,uniform,nan,nan,nan,nan,nan,-0.033965,0.368757,1.854526
761,152070,0.05,,300,26.3,25.5,0.183134,75000,uniform,nan,nan,nan,nan,nan,-0.04028,0.391968,1.797211
762,152365,0.05,1,295,130.92,22.33,0.204516,75000,uniform,nan,nan,nan,nan,nan,-0.060733,0.413824,2.229281
763,152526,0.05,1,161,131.59,21.8,0.201119,75000,uniform,nan,nan,nan,nan,nan,-0.054107,0.407077,2.142297
764,152826,0.05,,300,26.5,27.3,0.173634,75000,uniform,nan,nan,nan,nan,nan,-0.046477,0.378003,1.949296
765,153126,0.05,,300,28.7,23.1,0.184789,75000,uniform,nan,nan,nan,nan,nan,-0.047199,0.392755,1.876127
766,153426,0.05,,300,25.3,24.3,0.157468,75000,uniform,nan,nan,nan,nan,nan,-0.034654,0.362245,1.279476
767,153726,0.05,,300,25.3,26.5,0.158358,75000,uniform,nan,nan,nan,nan,nan,-0.037929,0.358549,1.753833
768,154026,0.05,,300,25.3,24.1,0.161205,75000,uniform,nan,nan,nan,nan,nan,-0.046,0.361165,1.891566
769,154152,0.05,-1,126,26.17,131.77,0.207234,75000,uniform,nan,nan,nan,nan,nan,-0.045579,0.418086,2.086262
770,154452,0.05,,300,26.5,27.5,0.16679,75000,uniform,nan,nan,nan,nan,nan,-0.028835,0.37281,1.572259
771,154752,0.05,,300,28.5,25.3,0.173968,75000,uniform,nan,nan,nan,nan,nan,-0.038967,0.37375,1.969861
772,155052,0.05,,300,21.1,28.3,0.154203,75000,uniform,nan,nan,nan,nan,nan,-0.039494,0.355619,1.57076
773,155352,0.05,,300,25.3,28.5,0.17773,75000,uniform,nan,nan,nan,nan,nan,-0.036062,0.382985,1.687536
774,155652,0.05,,300,27.7,26.3,0.165461,75000,uniform,nan,nan,nan,nan,nan,-0.030222,0.367165,1.688213
775,155770,0.05,-1,118,16.41,131.81,0.156394,75000,uniform,nan,nan,nan,nan,nan,-0.016134,0.354374,1.43653
776,156070,0.05,,300,28.7,27.7,0.17341,75000,uniform,nan,nan,nan,nan,nan,-0.035189,0.378086,1.870549
777,156370,0.05,,300,28.7,25.1,0.179869,75000,uniform,nan,nan,nan,nan,nan,-0.041207,0.388684,1.853455
778,156553,0.05,1,183,131.48,26.09,0.174851,75000,uniform,nan,nan,nan,nan,nan,-0.042608,0.376001,1.960327
779,156853,0.05,,300,27.5,28.7,0.178301,75000,uniform,nan,nan,nan,nan,nan,-0.035633,0.38063,2.097387
780,157153,0.05,,300,25.3,25.5,0.157801,75000,uniform,nan,nan,nan,nan,nan,-0.026532,0.364866,1.441337
781,157453,0.05,,300,25.5,25.5,0.143351,75000,uniform,nan,nan,nan,nan,nan,-0.025797,0.347176,1.25865
782,157753,0.05,,300,26.5,27.5,0.152032,75000,uniform,nan,nan,nan,nan,nan,-0.031652,0.349093,1.444509
783,157910,0.05,1,157,131.61,28.62,0.142358,75000,uniform,nan,nan,nan,nan,nan,-0.019504,0.338129,1.555808
784,158167,0.05,1,257,131.11,28.12,0.141837,75000,uniform,nan,nan,nan,nan,nan,0.008214,0.344182,1.25081
785,158467,0.05,,300,25.1,26.5,0.170761,75000,uniform,nan,nan,nan,nan,nan,-0.009554,0.373007,1.600587
786,158574,0.05,1,107,131.86,24.67,0.166098,75000,uniform,nan,nan,nan,nan,nan,-0.040333,0.362048,2.045128
787,158874,0.05,,300,27.5,21.9,0.172815,75000,uniform,nan,nan,nan,nan,nan,-0.025699,0.367554,1.91853
788,159054,0.05,-1,180,29.3,131.5,0.184773,75000,uniform,nan,nan,nan,nan,nan,-0.060194,0.386896,1.95908
789,159170,0.05,-1,116,24.62,131.82,0.150013,75000,uniform,nan,nan,nan,nan,nan,-0.020345,0.357261,1.183209
790,159439,0.05,1,269,131.05,28.86,0.155401,75000,uniform,nan,nan,nan,nan,nan,-0.031752,0.354428,1.554442
791,159562,0.05,1,123,131.78,24.59,0.145689,75000,uniform,nan,nan,nan,nan,nan,-0.017612,0.340027,1.484017
792,159862,0.05,,300,25.5,25.3,0.14123,75000,uniform,nan,nan,nan,nan,nan,-0.014727,0.33606,1.342953
793,160162,0.05,,300,26.5,27.7,0.158015,75000,uniform,nan,nan,nan,nan,nan,-0.028165,0.356821,1.732783
794,160460,0.05,-1,298,24.11,130.91,0.163212,75000,uniform,nan,nan,nan,nan,nan,-0.028902,0.359315,1.806431
795,160760,0.05,,300,21.7,27.3,0.134109,75000,uniform,nan,nan,nan,nan,nan,-0.015043,0.324398,1.44363
796,161060,0.05,,300,28.7,23.3,0.16117,75000,uniform,nan,nan,nan,nan,nan,-0.04627,0.355528,1.844024
797,161260,0.05,-1,200,28.4,131.4,0.162422,75000,uniform,nan,nan,nan,nan,nan,-0.056111,0.363146,1.777309
798,161555,0.05,1,295,130.92,28.13,0.156832,75000,uniform,nan,nan,nan,nan,nan,-0.042312,0.353241,1.582666
799,161855,0.05,,300,27.5,28.7,0.170768,75000,uniform,nan,nan,nan,nan,nan,-0.043632,0.363407,1.950922
800,162155,0.05,,300,24.3,24.3,0.160153,75000,uniform,nan,nan,nan,nan,nan,-0.028083,0.356115,1.767998
801,162455,0.05,,300,25.3,26.5,0.148472,75000,uniform,nan,nan,nan,nan,nan,-0.019296,0.342774,1.313896
802,162628,0.05,1,173,131.53,26.54,0.146018,75000,uniform,nan,nan,nan,nan,nan,-0.012671,0.335019,1.584578
803,162745,0.05,1,117,131.81,22.02,0.131182,75000,uniform,nan,nan,nan,nan,nan,-0.020608,0.320271,1.24837
804,163019,0.05,-1,274,23.43,131.03,0.143924,75000,uniform,nan,nan,nan,nan,nan,-0.02562,0.334613,1.513433
805,163319,0.05,,300,23.1,20.5,0.154478,75000,uniform,nan,nan,nan,nan,nan,-0.021702,0.349547,1.626852
806,163619,0.05,,300,28.7,25.5,0.144497,75000,uniform,nan,nan,nan,nan,nan,-0.026074,0.33152,1.633865
807,163919,0.05,,300,27.7,26.5,0.142265,75000,uniform,nan,nan,nan,nan,nan,-0.024411,0.330823,1.589386
808,164219,0.05,,300,25.3,23.3,0.142365,75000,uniform,nan,nan,nan,nan,nan,-0.013684,0.335112,1.480447
809,164465,0.05,-1,246,23.97,131.17,0.130634,75000,uniform,nan,nan,nan,nan,nan,-0.019429,0.318448,1.461169
810,164765,0.05,,300,25.3,20.7,0.133145,75000,uniform,nan,nan,nan,nan,nan,-0.016422,0.317157,1.472129
811,165065,0.05,,300,27.5,26.5,0.165003,75000,uniform,nan,nan,nan,nan,nan,-0.04862,0.351408,2.034199
812,165365,0.05,,300,23.1,26.5,0.150118,75000,uniform,nan,nan,nan,nan,nan,-0.030827,0.341389,1.658019
813,165665,0.05,,300,27.9,24.1,0.139726,75000,uniform,nan,nan,nan,nan,nan,-0.016813,0.323567,1.533203
814,165965,0.05,,300,26.5,24.3,0.155997,75000,uniform,nan,nan,nan,nan,nan,-0.037976,0.340335,1.898954
815,166265,0.05,,300,27.5,24.3,0.135862,75000,uniform,nan,nan,nan,nan,nan,-0.014311,0.325354,1.334132
816,166393,0.05,-1,128,26.56,131.76,0.111464,75000,uniform,nan,nan,nan,nan,nan,0.007673,0.293775,0.986027
817,166616,0.05,1,223,131.28,22.29,0.15926,75000,uniform,nan,nan,nan,nan,nan,-0.004068,0.346033,1.843744
818,166892,0.05,-1,276,27.62,131.02,0.125946,75000,uniform,nan,nan,nan,nan,nan,-0.017886,0.307823,1.38512
819,167192,0.05,,300,26.5,27.5,0.130861,75000,uniform,nan,nan,nan,nan,nan,-0.013367,0.317836,1.327987
820,167291,0.05,1,99,131.9,22.31,0.134494,75000,uniform,nan,nan,nan,nan,nan,-0.006179,0.323056,1.078213
821,167591,0.05,,300,25.3,25.3,0.134886,75000,uniform,nan,nan,nan,nan,nan,-0.029983,0.317097,1.453996
822,167891,0.05,,300,26.5,27.5,0.124112,75000,uniform,nan,nan,nan,nan,nan,-0.018913,0.302358,1.461806
823,168191,0.05,,300,27.7,28.7,0.135503,75000,uniform,nan,nan,nan,nan,nan,-0.020162,0.320293,1.551209
824,168317,0.05,-1,126,24.57,131.77,0.117039,75000,uniform,nan,nan,nan,nan,nan,-0.014068,0.300847,1.240988
825,168495,0.05,-1,178,26.91,131.51,0.114008,75000,uniform,nan,nan,nan,nan,nan,-0.021107,0.293352,1.119968
826,168690,0.05,1,195,131.42,26.43,0.155005,75000,uniform,nan,nan,nan,nan,nan,-0.030445,0.334636,2.038438
827,168990,0.05,,300,25.3,25.3,0.123762,75000,uniform,nan,nan,nan,nan,nan,-0.033388,0.30159,1.412119
828,169290,0.05,,300,25.1,28.7,0.153868,75000,uniform,nan,nan,nan,nan,nan,-0.033666,0.339306,1.807226
829,169590,0.05,,300,27.5,26.3,0.135528,75000,uniform,nan,nan,nan,nan,nan,-0.019836,0.315693,1.444147
830,169711,0.05,1,121,131.79,24.4,0.122859,75000,uniform,nan,nan,nan,nan,nan,-0.016713,0.29603,1.529887
831,169889,0.05,-1,178,23.71,131.51,0.14044,75000,uniform,nan,nan,nan,nan,nan,-0.022209,0.313488,1.56276
832,170189,0.05,,300,26.3,25.3,0.140453,75000,uniform,nan,nan,nan,nan,nan,-0.026562,0.325302,1.584353
833,170489,0.05,,300,25.3,26.5,0.1318,75000,uniform,nan,nan,nan,nan,nan,-0.021035,0.316598,1.397552
834,170789,0.05,,300,27.5,26.5,0.12374,75000,uniform,nan,nan,nan,nan,nan,-0.014481,0.302662,1.147378
835,170900,0.05,1,111,131.84,27.05,0.108537,75000,uniform,nan,nan,nan,nan,nan,-0.011918,0.287202,0.987633
836,171200,0.05,,300,25.7,25.1,0.141852,75000,uniform,nan,nan,nan,nan,nan,-0.024564,0.328314,1.67507
837,171500,0.05,,300,25.3,23.1,0.121494,75000,uniform,nan,nan,nan,nan,nan,-0.009467,0.30257,1.120606
838,171763,0.05,1,263,131.08,23.89,0.126674,75000,uniform,nan,nan,nan,nan,nan,-0.009043,0.306067,1.366402
839,172063,0.05,,300,25.1,28.7,0.129453,75000,uniform,nan,nan,nan,nan,nan,-0.007131,0.308832,1.25323
840,172363,0.05,,300,24.1,25.3,0.146191,75000,uniform,nan,nan,nan,nan,nan,-0.022294,0.328429,1.646199
841,172518,0.05,1,155,131.62,24.03,0.127103,75000,uniform,nan,nan,nan,nan,nan,0.003554,0.303935,1.21006
842,172786,0.05,-1,268,22.86,131.06,0.127217,75000,uniform,nan,nan,nan,nan,nan,-0.018582,0.301486,1.540742
843,173086,0.05,,300,27.3,24.1,0.129164,75000,uniform,nan,nan,nan,nan,nan,-0.02304,0.307336,1.590981
844,173245,0.05,1,159,131.6,24.41,0.129749,75000,uniform,nan,nan,nan,nan,nan,-0.028708,0.313066,1.136299
845,173349,0.05,-1,104,24.88,131.88,0.116791,75000,uniform,nan,nan,nan,nan,nan,-0.011849,0.294744,1.321197
846,173519,0.05,-1,170,28.55,131.55,0.138327,75000,uniform,nan,nan,nan,nan,nan,-0.035894,0.315364,1.654555
847,173609,0.05,-1,90,22.75,131.95,0.113939,75000,uniform,nan,nan,nan,nan,nan,-0.025281,0.288965,1.761484
848,173909,0.05,,300,28.5,19.1,0.115334,75000,uniform,nan,nan,nan,nan,nan,-0.024213,0.289389,1.457014
849,174055,0.05,-1,146,24.67,131.67,0.125594,75000,uniform,nan,nan,nan,nan,nan,-0.017987,0.30668,1.198466
850,174242,0.05,1,187,131.46,26.27,0.159089,75000,uniform,nan,nan,nan,nan,nan,-0.034006,0.343511,1.74803
851,174542,0.05,,300,21.7,27.5,0.110276,75000,uniform,nan,nan,nan,nan,nan,-0.015401,0.287181,1.114033
852,174842,0.05,,300,25.3,24.1,0.113903,75000,uniform,nan,nan,nan,nan,nan,-0.011145,0.289867,1.065929
853,175142,0.05,,300,28.5,27.7,0.107812,75000,uniform,nan,nan,nan,nan,nan,-0.005361,0.284281,0.999793
854,175238,0.05,-1,96,22.52,131.92,0.12508,75000,uniform,nan,nan,nan,nan,nan,-0.032649,0.305879,1.368049
855,175538,0.05,,300,26.5,27.7,0.123767,75000,uniform,nan,nan,nan,nan,nan,-0.017315,0.298348,1.271998
856,175838,0.05,,300,26.5,27.5,0.115085,75000,uniform,nan,nan,nan,nan,nan,-0.0092,0.285205,1.281548
857,176138,0.05,,300,27.7,26.3,0.115564,75000,uniform,nan,nan,nan,nan,nan,-0.017655,0.293425,1.229216
858,176438,0.05,,300,25.3,24.1,0.129284,75000,uniform,nan,nan,nan,nan,nan,-0.021188,0.307233,1.473977
859,176738,0.05,,300,26.3,27.5,0.112177,75000,uniform,nan,nan,nan,nan,nan,-0.026317,0.284883,1.280324
860,177038,0.05,,300,27.5,26.3,0.130969,75000,uniform,nan,nan,nan,nan,nan,-0.025574,0.308798,1.499789
861,177338,0.05,,300,27.5,28.7,0.1354,75000,uniform,nan,nan,nan,nan,nan,-0.025905,0.317274,1.526566
862,177552,0.05,-1,214,28.93,131.33,0.139255,75000,uniform,nan,nan,nan,nan,nan,-0.016664,0.314999,1.498113
863,177711,0.05,1,159,131.6,20.41,0.136372,75000,uniform,nan,nan,nan,nan,nan,-0.042125,0.309328,1.800309
864,177865,0.05,-1,154,29.43,131.63,0.125114,75000,uniform,nan,nan,nan,nan,nan,-0.015804,0.296066,1.603368
865,178165,0.05,,300,23.7,25.3,0.138556,75000,uniform,nan,nan,nan,nan,nan,-0.016483,0.318666,1.355175
866,178275,0.05,-1,110,26.65,131.85,0.12481,75000,uniform,nan,nan,nan,nan,nan,-0.006972,0.30457,1.205531
867,178575,0.05,,300,26.3,23.3,0.130989,75000,uniform,nan,nan,nan,nan,nan,-0.018528,0.307537,1.534355
868,178875,0.05,,300,25.3,25.3,0.112323,75000,uniform,nan,nan,nan,nan,nan,-0.013486,0.286494,1.21246
869,179163,0.05,-1,288,24.16,130.96,0.112189,75000,uniform,nan,nan,nan,nan,nan,-0.008099,0.292683,1.076761
870,179463,0.05,,300,27.5,26.5,0.132333,75000,uniform,nan,nan,nan,nan,nan,-0.018854,0.307562,1.497514
871,179560,0.05,1,97,131.91,20.32,0.115917,75000,uniform,nan,nan,nan,nan,nan,-0.032436,0.28647,1.347893
872,179661,0.05,1,101,131.89,24.5,0.107806,75000,uniform,nan,nan,nan,nan,nan,-0.005907,0.277277,0.977307
873,179961,0.05,,300,27.5,26.5,0.132908,75000,uniform,nan,nan,nan,nan,nan,-0.019286,0.303725,1.409867
874,180261,0.05,,300,25.1,21.1,0.137377,75000,uniform,nan,nan,nan,nan,nan,-0.009709,0.320444,1.251812
875,180361,0.05,-1,100,26.9,131.9,0.152226,75000,uniform,nan,nan,nan,nan,nan,-0.008521,0.330461,1.579248
876,180661,0.05,,300,25.1,26.3,0.127346,75000,uniform,nan,nan,nan,nan,nan,-0.013549,0.300062,1.324199
877,180762,0.05,1,101,131.89,29.7,0.107637,75000,uniform,nan,nan,nan,nan,nan,-0.008542,0.281604,0.847446
878,181018,0.05,-1,256,23.72,131.12,0.121735,75000,uniform,nan,nan,nan,nan,nan,-0.025641,0.295757,1.463773
879,181318,0.05,,300,26.5,27.5,0.135796,75000,uniform,nan,nan,nan,nan,nan,-0.00929,0.317677,1.256152
880,181396,0.05,-1,78,26.61,132.01,0.201228,75000,uniform,nan,nan,nan,nan,nan,-0.059257,0.3788,2.324771
881,181696,0.05,,300,26.5,27.5,0.131561,75000,uniform,nan,nan,nan,nan,nan,-0.014787,0.305287,1.429013
882,181808,0.05,-1,112,17.24,131.84,0.143861,75000,uniform,nan,nan,nan,nan,nan,-0.023058,0.314358,1.814699
883,182108,0.05,,300,24.3,25.1,0.116373,75000,uniform,nan,nan,nan,nan,nan,-0.010185,0.292039,1.257261
884,182203,0.05,1,95,131.92,20.13,0.128087,75000,uniform,nan,nan,nan,nan,nan,-0.033618,0.301291,1.766464
885,182410,0.05,1,207,131.36,26.57,0.10622,75000,uniform,nan,nan,nan,nan,nan,-0.022154,0.27758,1.109832
886,182710,0.05,,300,26.3,27.7,0.105566,75000,uniform,nan,nan,nan,nan,nan,-0.0022,0.27314,0.986945
887,182842,0.05,-1,132,26.34,131.74,0.132805,75000,uniform,nan,nan,nan,nan,nan,-0.052602,0.298054,1.921114
888,183142,0.05,,300,27.5,26.3,0.122491,75000,uniform,nan,nan,nan,nan,nan,-0.013162,0.299919,1.279329
889,183246,0.05,-1,104,24.68,131.88,0.122031,75000,uniform,nan,nan,nan,nan,nan,-0.012549,0.29992,1.00589
890,183546,0.05,,300,27.5,28.7,0.120019,75000,uniform,nan,nan,nan,nan,nan,-0.010325,0.294091,1.155417
891,183846,0.05,,300,27.5,24.1,0.117185,75000,uniform,nan,nan,nan,nan,nan,-0.021448,0.288067,1.444045
892,183938,0.05,-1,92,27.54,131.94,0.122152,75000,uniform,nan,nan,nan,nan,nan,-0.011241,0.293021,1.4513
893,184238,0.05,,300,26.3,27.5,0.15076,75000,uniform,nan,nan,nan,nan,nan,-0.029274,0.331816,1.650842
894,184357,0.05,1,119,131.8,29.61,0.149052,75000,uniform,nan,nan,nan,nan,nan,-0.044877,0.323633,2.003777
895,184657,0.05,,300,27.5,26.5,0.144124,75000,uniform,nan,nan,nan,nan,nan,-0.03102,0.320227,1.615362
896,184804,0.05,1,147,131.66,24.07,0.153646,75000,uniform,nan,nan,nan,nan,nan,-0.012877,0.326082,1.62119
897,184948,0.05,-1,144,22.08,131.68,0.128633,75000,uniform,nan,nan,nan,nan,nan,-0.047153,0.29985,1.466765
898,185248,0.05,,300,26.5,25.1,0.14194,75000,uniform,nan,nan,nan,nan,nan,-0.008528,0.32286,1.43947
899,185397,0.05,1,149,131.65,24.86,0.111232,75000,uniform,nan,nan,nan,nan,nan,-0.019861,0.284242,1.286695
900,185697,0.05,,300,26.5,27.5,0.150809,75000,uniform,nan,nan,nan,nan,nan,-0.002938,0.324588,1.626693
901,185997,0.05,,300,26.5,24.9,0.123,75000,uniform,nan,nan,nan,nan,nan,-0.000736,0.294026,1.252214
902,186140,0.05,1,143,131.68,24.09,0.159922,75000,uniform,nan,nan,nan,nan,nan,-0.051487,0.34713,1.885781
903,186440,0.05,,300,26.5,27.5,0.135645,75000,uniform,nan,nan,nan,nan,nan,-0.032976,0.312036,1.518875
904,186740,0.05,,300,26.5,27.5,0.121188,75000,uniform,nan,nan,nan,nan,nan,-0.023836,0.29401,1.224586
905,186831,0.05,1,91,131.94,26.55,0.1418,75000,uniform,nan,nan,nan,nan,nan,-0.049923,0.31707,1.715654
906,187131,0.05,,300,27.5,26.5,0.140746,75000,uniform,nan,nan,nan,nan,nan,-0.020843,0.315327,1.584134
907,187431,0.05,,300,24.1,27.5,0.144371,75000,uniform,nan,nan,nan,nan,nan,-0.021495,0.318061,1.560825
908,187535,0.05,-1,104,29.68,131.88,0.160528,75000,uniform,nan,nan,nan,nan,nan,-0.047304,0.333863,1.761652
909,187835,0.05,,300,27.3,26.5,0.148635,75000,uniform,nan,nan,nan,nan,nan,-0.036224,0.320795,1.825461
910,187987,0.05,-1,152,24.64,131.64,0.143753,75000,uniform,nan,nan,nan,nan,nan,-0.013288,0.314014,1.667444
911,188149,0.05,-1,162,26.19,131.59,0.176688,75000,uniform,nan,nan,nan,nan,nan,-0.040287,0.364728,1.705045
912,188449,0.05,,300,27.5,26.5,0.133271,75000,uniform,nan,nan,nan,nan,nan,-0.019817,0.307207,1.301387
913,188739,0.05,-1,290,18.95,130.95,0.159636,75000,uniform,nan,nan,nan,nan,nan,-0.029677,0.335215,1.697393
914,189039,0.05,,300,26.3,27.5,0.161191,75000,uniform,nan,nan,nan,nan,nan,-0.035406,0.337834,1.872295
915,189339,0.05,,300,27.5,26.5,0.146182,75000,uniform,nan,nan,nan,nan,nan,-0.025145,0.325293,1.466817
916,189639,0.05,,300,26.5,25.5,0.150577,75000,uniform,nan,nan,nan,nan,nan,-0.014053,0.322977,1.623941
917,189939,0.05,,300,27.5,26.3,0.145931,75000,uniform,nan,nan,nan,nan,nan,-0.018506,0.319289,1.424442
918,190037,0.05,-1,98,22.51,131.91,0.118131,75000,uniform,nan,nan,nan,nan,nan,-0.005407,0.295528,1.109598
919,190286,0.05,1,249,131.15,18.56,0.164514,75000,uniform,nan,nan,nan,nan,nan,-0.025541,0.342101,1.743426
920,190440,0.05,-1,154,26.63,131.63,0.138838,75000,uniform,nan,nan,nan,nan,nan,-0.034004,0.311389,1.469275
921,190740,0.05,,300,25.9,21.9,0.134327,75000,uniform,nan,nan,nan,nan,nan,-0.012581,0.303757,1.286065
922,191040,0.05,,300,25.5,24.1,0.136183,75000,uniform,nan,nan,nan,nan,nan,-0.024422,0.308604,1.574037
923,191153,0.05,1,113,131.83,18.24,0.179331,75000,uniform,nan,nan,nan,nan,nan,-0.025384,0.361992,1.850907
924,191453,0.05,,300,27.7,26.1,0.13029,75000,uniform,nan,nan,nan,nan,nan,-0.013715,0.304102,1.172718
925,191753,0.05,,300,28.5,27.7,0.121947,75000,uniform,nan,nan,nan,nan,nan,-0.008457,0.291641,1.110186
926,192053,0.05,,300,27.5,26.5,0.13854,75000,uniform,nan,nan,nan,nan,nan,-0.021657,0.310274,1.553686
927,192353,0.05,,300,26.3,27.5,0.121567,75000,uniform,nan,nan,nan,nan,nan,-0.011407,0.293119,1.172526
928,192653,0.05,,300,27.5,24.1,0.115777,75000,uniform,nan,nan,nan,nan,nan,-0.01328,0.2831,1.30197
929,192953,0.05,,300,26.3,27.7,0.133178,75000,uniform,nan,nan,nan,nan,nan,-0.024958,0.300096,1.488842
930,193078,0.05,1,125,131.77,27.18,0.151065,75000,uniform,nan,nan,nan,nan,nan,-0.029641,0.328428,1.637901
931,193378,0.05,,300,25.3,25.3,0.139687,75000,uniform,nan,nan,nan,nan,nan,-0.023556,0.316162,1.431728
932,193678,0.05,,300,25.3,25.3,0.137805,75000,uniform,nan,nan,nan,nan,nan,-0.032876,0.3103,1.481645
933,193978,0.05,,300,26.5,27.5,0.128343,75000,uniform,nan,nan,nan,nan,nan,-0.033165,0.29683,1.506493
934,194278,0.05,,300,27.7,27.5,0.154681,75000,uniform,nan,nan,nan,nan,nan,-0.044862,0.334932,2.004125
935,194450,0.05,-1,172,26.14,131.54,0.138691,75000,uniform,nan,nan,nan,nan,nan,-0.032164,0.310071,1.588732
936,194661,0.05,1,211,131.34,24.15,0.15343,75000,uniform,nan,nan,nan,nan,nan,-0.026278,0.321982,1.869538
937,194877,0.05,-1,216,24.52,131.32,0.122688,75000,uniform,nan,nan,nan,nan,nan,-0.020098,0.292016,1.195559
938,195177,0.05,,300,28.1,25.3,0.138599,75000,uniform,nan,nan,nan,nan,nan,-0.012553,0.316865,1.416638
939,195477,0.05,,300,25.5,25.3,0.147881,75000,uniform,nan,nan,nan,nan,nan,-0.031843,0.324423,1.731833
940,195777,0.05,,300,25.1,25.3,0.130276,75000,uniform,nan,nan,nan,nan,nan,-0.018604,0.302965,1.275618
941,196077,0.05,,300,28.7,27.5,0.151675,75000,uniform,nan,nan,nan,nan,nan,-0.028314,0.328355,1.748077
942,196377,0.05,,300,25.3,22.9,0.145835,75000,uniform,nan,nan,nan,nan,nan,-0.039063,0.319995,1.507913
943,196677,0.05,,300,26.3,27.5,0.130751,75000,uniform,nan,nan,nan,nan,nan,-0.020707,0.301473,1.228639
944,196805,0.05,-1,128,26.96,131.76,0.127435,75000,uniform,nan,nan,nan,nan,nan,-0.033919,0.293735,1.462656
945,197105,0.05,,300,26.5,27.5,0.140985,75000,uniform,nan,nan,nan,nan,nan,-0.023677,0.312898,1.647931
946,197397,0.05,-1,292,21.94,130.94,0.113974,75000,uniform,nan,nan,nan,nan,nan,-0.002486,0.283467,1.015361
947,197697,0.05,,300,25.3,25.3,0.103353,75000,uniform,nan,nan,nan,nan,nan,-0.00552,0.268669,0.975809
948,197963,0.05,-1,266,23.47,131.07,0.098989,75000,uniform,nan,nan,nan,nan,nan,-0.004575,0.262399,0.792694
949,198263,0.05,,300,25.5,25.3,0.135435,75000,uniform,nan,nan,nan,nan,nan,-0.036999,0.306412,1.530187
950,198563,0.05,,300,25.1,26.5,0.149792,75000,uniform,nan,nan,nan,nan,nan,-0.035239,0.317003,1.725855
951,198863,0.05,,300,26.5,27.3,0.115844,75000,uniform,nan,nan,nan,nan,nan,-0.01513,0.279315,1.176148
952,199025,0.05,-1,162,26.39,131.59,0.123716,75000,uniform,nan,nan,nan,nan,nan,-0.018972,0.290751,1.224435
953,199325,0.05,,300,24.3,27.9,0.117137,75000,uniform,nan,nan,nan,nan,nan,-0.00148,0.28378,1.123465
954,199625,0.05,,300,25.3,25.3,0.107854,75000,uniform,nan,nan,nan,nan,nan,-0.012921,0.267112,1.275052
955,199925,0.05,,300,24.1,25.5,0.0996,75000,uniform,nan,nan,nan,nan,nan,-0.010019,0.255785,0.99497
956,200225,0.05,,300,27.5,24.1,0.131512,75000,uniform,nan,nan,nan,nan,nan,-0.027187,0.295898,1.511488
957,200525,0.05,,300,25.1,25.5,0.113724,75000,uniform,nan,nan,nan,nan,nan,-0.020949,0.274251,1.108338
958,200825,0.05,,300,25.3,25.3,0.097179,75000,uniform,nan,nan,nan,nan,nan,-0.010901,0.256669,0.87228
959,201125,0.05,,300,25.1,26.3,0.121128,75000,uniform,nan,nan,nan,nan,nan,-0.023009,0.285912,1.440856
960,201425,0.05,,300,25.3,25.3,0.11281,75000,uniform,nan,nan,nan,nan,nan,-0.016433,0.276129,1.331944
961,201725,0.05,,300,25.5,25.3,0.106297,75000,uniform,nan,nan,nan,nan,nan,-0.002273,0.267424,1.053136
962,202025,0.05,,300,25.3,25.3,0.093727,75000,uniform,nan,nan,nan,nan,nan,-0.007451,0.255078,0.815228
963,202299,0.05,-1,274,27.83,131.03,0.110685,75000,uniform,nan,nan,nan,nan,nan,-0.020876,0.277051,1.156606
964,202599,0.05,,300,25.3,25.1,0.115753,75000,uniform,nan,nan,nan,nan,nan,-0.018459,0.280033,1.263212
965,202899,0.05,,300,26.5,25.3,0.128764,75000,uniform,nan,nan,nan,nan,nan,-0.028946,0.290936,1.72757
966,203199,0.05,,300,28.5,25.5,0.107891,75000,uniform,nan,nan,nan,nan,nan,-0.010121,0.275172,1.143986
967,203499,0.05,,300,28.7,27.7,0.131427,75000,uniform,nan,nan,nan,nan,nan,-0.019798,0.292975,1.495806
968,203799,0.05,,300,25.5,25.1,0.107333,75000,uniform,nan,nan,nan,nan,nan,-0.004111,0.264998,0.973853
969,204099,0.05,,300,28.1,25.7,0.10952,75000,uniform,nan,nan,nan,nan,nan,-0.020525,0.271466,1.335709
970,204399,0.05,,300,27.5,26.5,0.124381,75000,uniform,nan,nan,nan,nan,nan,-0.019776,0.288007,1.46239
971,204636,0.05,1,237,131.21,25.62,0.094127,75000,uniform,nan,nan,nan,nan,nan,-0.017979,0.253469,1.008689
972,204936,0.05,,300,26.5,25.3,0.103214,75000,uniform,nan,nan,nan,nan,nan,-0.010145,0.259996,1.028542
973,205220,0.05,-1,284,23.38,130.98,0.122796,75000,uniform,nan,nan,nan,nan,nan,-0.028831,0.288458,1.375078
974,205520,0.05,,300,25.3,23.3,0.11551,75000,uniform,nan,nan,nan,nan,nan,-0.016029,0.276,1.32433
975,205663,0.05,1,143,131.68,26.49,0.103954,75000,uniform,nan,nan,nan,nan,nan,-0.000855,0.261484,0.997356
976,205963,0.05,,300,26.3,25.3,0.105543,75000,uniform,nan,nan,nan,nan,nan,-0.019202,0.260949,1.168493
977,206263,0.05,,300,25.5,26.5,0.098329,75000,uniform,nan,nan,nan,nan,nan,-0.004848,0.262196,0.791429
978,206563,0.05,,300,26.5,27.7,0.100929,75000,uniform,nan,nan,nan,nan,nan,-0.009083,0.257862,0.966376
979,206863,0.05,,300,25.3,25.3,0.102453,75000,uniform,nan,nan,nan,nan,nan,-0.012162,0.260404,1.042307
980,207068,0.05,1,205,131.37,26.78,0.109504,75000,uniform,nan,nan,nan,nan,nan,-0.014019,0.273749,1.109034
981,207368,0.05,,300,27.7,24.1,0.123304,75000,uniform,nan,nan,nan,nan,nan,-0.022176,0.291285,1.305963
982,207668,0.05,,300,25.3,25.3,0.107225,75000,uniform,nan,nan,nan,nan,nan,-0.017857,0.27079,1.065381
983,207968,0.05,,300,25.3,25.5,0.115586,75000,uniform,nan,nan,nan,nan,nan,-0.023791,0.277004,1.288538
984,208222,0.05,-1,254,20.73,131.13,0.123644,75000,uniform,nan,nan,nan,nan,nan,-0.034339,0.291279,1.479207
985,208394,0.05,-1,172,26.34,131.54,0.143474,75000,uniform,nan,nan,nan,nan,nan,-0.029244,0.309572,1.535031
986,208694,0.05,,300,25.5,25.1,0.118137,75000,uniform,nan,nan,nan,nan,nan,-0.031986,0.276278,1.547312
987,208994,0.05,,300,28.5,27.7,0.116291,75000,uniform,nan,nan,nan,nan,nan,-0.028181,0.272894,1.412921
988,209294,0.05,,300,26.5,25.3,0.124851,75000,uniform,nan,nan,nan,nan,nan,-0.02064,0.293039,1.552385
989,209529,0.05,1,235,131.22,26.23,0.128915,75000,uniform,nan,nan,nan,nan,nan,-0.02215,0.289388,1.625426
990,209829,0.05,,300,25.3,26.5,0.104745,75000,uniform,nan,nan,nan,nan,nan,-0.020781,0.259439,1.22824
991,210129,0.05,,300,25.5,25.5,0.111807,75000,uniform,nan,nan,nan,nan,nan,-0.019417,0.275071,1.115598
992,210429,0.05,,300,25.3,27.5,0.114089,75000,uniform,nan,nan,nan,nan,nan,-0.011637,0.276325,1.309744
993,210729,0.05,,300,27.5,25.3,0.112391,75000,uniform,nan,nan,nan,nan,nan,-0.022001,0.269337,1.4094
994,211029,0.05,,300,27.5,26.3,0.101396,75000,uniform,nan,nan,nan,nan,nan,-0.017677,0.258405,1.393473
995,211136,0.05,1,107,131.86,22.47,0.112861,75000,uniform,nan,nan,nan,nan,nan,-0.000853,0.277534,1.10806
996,211436,0.05,,300,26.5,25.5,0.115134,75000,uniform,nan,nan,nan,nan,nan,-0.01281,0.273817,1.38869
997,211736,0.05,,300,23.1,23.1,0.107102,75000,uniform,nan,nan,nan,nan,nan,-0.012628,0.264103,1.234058
998,212036,0.05,,300,27.5,26.5,0.118235,75000,uniform,nan,nan,nan,nan,nan,-0.011547,0.277756,1.338617
999,212336,0.05,,300,25.5,23.1,0.10365,75000,uniform,nan,nan,nan,nan,nan,-0.022253,0.262631,1.22529
1000,212636,0.05,,300,25.3,25.1,0.094378,75000,uniform,nan,nan,nan,nan,nan,-0.014746,0.249461,0.904873
1001,212927,0.05,1,291,130.94,27.95,0.094463,75000,uniform,nan,nan,nan,nan,nan,-0.018161,0.246953,1.152035
1002,213227,0.05,,300,25.3,25.3,0.103717,75000,uniform,nan,nan,nan,nan,nan,-0.021633,0.263192,1.195962
1003,213374,0.05,1,147,131.66,28.87,0.102561,75000,uniform,nan,nan,nan,nan,nan,-0.007472,0.255187,1.08069
1004,213508,0.05,-1,134,22.33,131.73,0.108429,75000,uniform,nan,nan,nan,nan,nan,-0.029453,0.260657,1.458252
1005,213808,0.05,,300,27.5,26.3,0.092327,75000,uniform,nan,nan,nan,nan,nan,-0.01498,0.243075,1.063823
1006,214108,0.05,,300,22.7,25.5,0.102961,75000,uniform,nan,nan,nan,nan,nan,-0.023751,0.25862,1.446987
1007,214408,0.05,,300,25.5,25.5,0.10893,75000,uniform,nan,nan,nan,nan,nan,-0.025815,0.26655,1.372825
1008,214570,0.05,-1,162,23.59,131.59,0.106436,75000,uniform,nan,nan,nan,nan,nan,-0.005144,0.264655,0.985048
1009,214870,0.05,,300,25.1,25.1,0.096645,75000,uniform,nan,nan,nan,nan,nan,-0.024003,0.248821,1.274754
1010,215170,0.05,,300,25.5,26.5,0.096097,75000,uniform,nan,nan,nan,nan,nan,-0.008221,0.252464,1.106902
1011,215470,0.05,,300,25.3,23.1,0.101179,75000,uniform,nan,nan,nan,nan,nan,-0.022273,0.254698,1.322721
1012,215770,0.05,,300,24.3,28.7,0.088751,75000,uniform,nan,nan,nan,nan,nan,-0.012853,0.240265,1.101271
1013,215896,0.05,-1,126,22.17,131.77,0.100891,75000,uniform,nan,nan,nan,nan,nan,-0.003461,0.251471,1.123806
1014,216138,0.05,-1,242,23.39,131.19,0.098359,75000,uniform,nan,nan,nan,nan,nan,-0.020605,0.255605,1.00139
1015,216438,0.05,,300,22.9,21.7,0.111743,75000,uniform,nan,nan,nan,nan,nan,-0.017408,0.265168,1.348746
1016,216738,0.05,,300,27.5,25.3,0.099949,75000,uniform,nan,nan,nan,nan,nan,-0.014154,0.250437,1.157349
1017,217038,0.05,,300,25.3,25.5,0.124192,75000,uniform,nan,nan,nan,nan,nan,-0.034764,0.277244,1.571062
1018,217338,0.05,,300,25.3,27.5,0.112201,75000,uniform,nan,nan,nan,nan,nan,-0.015847,0.269969,1.2934
1019,217638,0.05,,300,24.9,25.5,0.110187,75000,uniform,nan,nan,nan,nan,nan,-0.029939,0.263822,1.444026
1020,217938,0.05,,300,25.5,26.3,0.115202,75000,uniform,nan,nan,nan,nan,nan,-0.019007,0.26838,1.386808
1021,218238,0.05,,300,25.5,27.5,0.112274,75000,uniform,nan,nan,nan,nan,nan,-0.016455,0.268908,1.383429
1022,218523,0.05,1,285,130.97,28.78,0.10083,75000,uniform,nan,nan,nan,nan,nan,-0.014809,0.250491,1.262199
1023,218823,0.05,,300,27.5,23.1,0.094361,75000,uniform,nan,nan,nan,nan,nan,-0.015134,0.24441,1.148717
1024,219123,0.05,,300,27.7,25.3,0.103415,75000,uniform,nan,nan,nan,nan,nan,-0.017145,0.257939,1.100981
1025,219423,0.05,,300,28.7,27.7,0.118792,75000,uniform,nan,nan,nan,nan,nan,-0.035565,0.275396,1.478989
1026,219672,0.05,1,249,131.15,20.36,0.111119,75000,uniform,nan,nan,nan,nan,nan,-0.036906,0.265095,1.382374
1027,219972,0.05,,300,25.1,25.3,0.095604,75000,uniform,nan,nan,nan,nan,nan,-0.013545,0.245407,1.036281
1028,220272,0.05,,300,27.3,25.7,0.104367,75000,uniform,nan,nan,nan,nan,nan,-0.020882,0.263118,1.128976
1029,220572,0.05,,300,25.5,25.1,0.099307,75000,uniform,nan,nan,nan,nan,nan,-0.023311,0.249156,1.167163
1030,220714,0.05,-1,142,25.89,131.69,0.099274,75000,uniform,nan,nan,nan,nan,nan,-0.012395,0.249135,0.986719
1031,220965,0.05,1,251,131.14,20.55,0.087113,75000,uniform,nan,nan,nan,nan,nan,-0.012774,0.23608,0.977358
1032,221265,0.05,,300,25.5,24.9,0.107875,75000,uniform,nan,nan,nan,nan,nan,-0.014445,0.26048,1.246838
1033,221565,0.05,,300,28.7,25.5,0.098891,75000,uniform,nan,nan,nan,nan,nan,-0.027185,0.245687,1.224872
1034,221865,0.05,,300,27.5,27.3,0.084485,75000,uniform,nan,nan,nan,nan,nan,-0.0059,0.231259,0.924157
1035,221993,0.05,-1,128,21.56,131.76,0.116177,75000,uniform,nan,nan,nan,nan,nan,-0.021877,0.260741,1.552227
1036,222293,0.05,,300,27.5,25.3,0.117745,75000,uniform,nan,nan,nan,nan,nan,-0.020698,0.274964,1.175978
1037,222491,0.05,-1,198,26.81,131.41,0.114402,75000,uniform,nan,nan,nan,nan,nan,-0.022543,0.26299,1.480251
1038,222791,0.05,,300,25.5,25.5,0.107417,75000,uniform,nan,nan,nan,nan,nan,-0.02615,0.256442,1.348604
1039,223091,0.05,,300,25.3,25.3,0.119927,75000,uniform,nan,nan,nan,nan,nan,-0.031239,0.272396,1.512376
1040,223391,0.05,,300,25.1,25.3,0.117208,75000,uniform,nan,nan,nan,nan,nan,-0.019502,0.271049,1.316928
1041,223654,0.05,1,263,131.08,26.09,0.106305,75000,uniform,nan,nan,nan,nan,nan,-0.02373,0.253337,1.326427
1042,223954,0.05,,300,25.9,24.9,0.116083,75000,uniform,nan,nan,nan,nan,nan,-0.029349,0.265959,1.458837
1043,224254,0.05,,300,25.3,25.3,0.114452,75000,uniform,nan,nan,nan,nan,nan,-0.03507,0.272085,1.441819
1044,224354,0.05,-1,100,29.1,131.9,0.104961,75000,uniform,nan,nan,nan,nan,nan,0.005037,0.252176,0.983032
1045,224493,0.05,1,139,131.7,24.31,0.10551,75000,uniform,nan,nan,nan,nan,nan,-0.016905,0.256017,1.265132
1046,224793,0.05,,300,25.3,23.3,0.115512,75000,uniform,nan,nan,nan,nan,nan,-0.027086,0.265014,1.410789
1047,225093,0.05,,300,27.5,26.3,0.10817,75000,uniform,nan,nan,nan,nan,nan,-0.017223,0.26156,1.189061
1048,225393,0.05,,300,27.7,27.5,0.108848,75000,uniform,nan,nan,nan,nan,nan,-0.021499,0.262363,1.177243
1049,225693,0.05,,300,25.5,25.1,0.110826,75000,uniform,nan,nan,nan,nan,nan,-0.020003,0.260467,1.325846
1050,225993,0.05,,300,26.3,27.7,0.09427,75000,uniform,nan,nan,nan,nan,nan,-0.017804,0.238901,1.170238
1051,226293,0.05,,300,25.3,27.7,0.095142,75000,uniform,nan,nan,nan,nan,nan,0.002017,0.24575,0.906246
1052,226593,0.05,,300,27.5,25.3,0.087361,75000,uniform,nan,nan,nan,nan,nan,-0.010677,0.234297,0.828114
1053,226893,0.05,,300,25.3,25.3,0.102502,75000,uniform,nan,nan,nan,nan,nan,-0.008444,0.245206,1.215127
1054,227193,0.05,,300,23.3,27.7,0.092894,75000,uniform,nan,nan,nan,nan,nan,-0.00351,0.242837,0.847796
1055,227281,0.05,-1,88,22.56,131.96,0.096582,75000,uniform,nan,nan,nan,nan,nan,-0.021487,0.246719,0.895537
1056,227581,0.05,,300,26.5,25.5,0.084996,75000,uniform,nan,nan,nan,nan,nan,-0.004397,0.230137,0.848872
1057,227881,0.05,,300,25.5,25.5,0.083861,75000,uniform,nan,nan,nan,nan,nan,-0.003146,0.227736,0.845941
1058,228181,0.05,,300,25.3,25.3,0.103662,75000,uniform,nan,nan,nan,nan,nan,-0.018455,0.255664,1.210146
1059,228481,0.05,,300,21.5,27.7,0.092872,75000,uniform,nan,nan,nan,nan,nan,-0.01922,0.238681,1.337671
1060,228781,0.05,,300,23.3,21.7,0.085015,75000,uniform,nan,nan,nan,nan,nan,-0.005758,0.22845,0.976477
1061,229081,0.05,,300,25.5,25.5,0.082224,75000,uniform,nan,nan,nan,nan,nan,-0.011982,0.2298,0.843901
1062,229381,0.05,,300,28.1,27.7,0.095377,75000,uniform,nan,nan,nan,nan,nan,-0.010854,0.243273,0.971289
1063,229681,0.05,,300,27.5,25.5,0.091403,75000,uniform,nan,nan,nan,nan,nan,-0.013284,0.232353,1.123138
1064,229825,0.05,-1,144,23.88,131.68,0.074529,75000,uniform,nan,nan,nan,nan,nan,0.002674,0.215258,0.647183
1065,230125,0.05,,300,25.5,25.5,0.092044,75000,uniform,nan,nan,nan,nan,nan,-0.01061,0.236871,0.981699
1066,230313,0.05,-1,188,24.26,131.46,0.103025,75000,uniform,nan,nan,nan,nan,nan,-0.025377,0.249438,1.25246
1067,230613,0.05,,300,27.3,23.5,0.093275,75000,uniform,nan,nan,nan,nan,nan,-0.013511,0.236428,1.095162
1068,230913,0.05,,300,25.5,25.3,0.090257,75000,uniform,nan,nan,nan,nan,nan,-0.015773,0.234829,1.085275
1069,231170,0.05,1,257,131.11,28.92,0.106193,75000,uniform,nan,nan,nan,nan,nan,-0.015337,0.255773,1.332873
1070,231404,0.05,-1,234,21.63,131.23,0.090865,75000,uniform,nan,nan,nan,nan,nan,-0.010532,0.235577,0.944484
1071,231704,0.05,,300,27.5,25.5,0.100625,75000,uniform,nan,nan,nan,nan,nan,-0.011513,0.241978,1.348017
1072,232004,0.05,,300,25.3,25.3,0.094921,75000,uniform,nan,nan,nan,nan,nan,-0.020914,0.237699,1.110243
1073,232304,0.05,,300,24.1,23.1,0.106966,75000,uniform,nan,nan,nan,nan,nan,-0.015812,0.262118,1.116595
1074,232604,0.05,,300,25.3,25.5,0.101774,75000,uniform,nan,nan,nan,nan,nan,-0.021912,0.249101,1.284701
1075,232904,0.05,,300,22.9,21.9,0.108734,75000,uniform,nan,nan,nan,nan,nan,-0.019021,0.251105,1.355181
1076,233204,0.05,,300,25.3,25.5,0.113363,75000,uniform,nan,nan,nan,nan,nan,-0.013947,0.268246,1.218743
1077,233504,0.05,,300,25.1,23.3,0.096945,75000,uniform,nan,nan,nan,nan,nan,-0.011648,0.244201,1.159014
1078,233804,0.05,,300,23.3,25.3,0.091372,75000,uniform,nan,nan,nan,nan,nan,0.000396,0.235787,1.018508
1079,233930,0.05,-1,126,26.77,131.77,0.083043,75000,uniform,nan,nan,nan,nan,nan,-0.019001,0.225736,0.930434
1080,234230,0.05,,300,27.5,27.5,0.093201,75000,uniform,nan,nan,nan,nan,nan,-0.0159,0.24637,0.958935
1081,234530,0.05,,300,27.7,27.5,0.097511,75000,uniform,nan,nan,nan,nan,nan,-0.007783,0.241777,1.13381
1082,234830,0.05,,300,26.5,27.7,0.069092,75000,uniform,nan,nan,nan,nan,nan,-0.003546,0.210029,0.633984
1083,235130,0.05,,300,25.3,25.3,0.095098,75000,uniform,nan,nan,nan,nan,nan,-0.017322,0.244134,1.174509
1084,235430,0.05,,300,25.3,25.3,0.093972,75000,uniform,nan,nan,nan,nan,nan,-0.013726,0.243088,1.070619
1085,235730,0.05,,300,25.1,25.3,0.099367,75000,uniform,nan,nan,nan,nan,nan,-0.021186,0.244569,1.334129
1086,236030,0.05,,300,27.9,26.1,0.080097,75000,uniform,nan,nan,nan,nan,nan,-0.003338,0.227085,0.765839
1087,236330,0.05,,300,25.5,25.5,0.106064,75000,uniform,nan,nan,nan,nan,nan,-0.016738,0.256006,1.191117
1088,236511,0.05,1,181,131.49,23.9,0.084028,75000,uniform,nan,nan,nan,nan,nan,0.002506,0.229319,0.74127
1089,236811,0.05,,300,25.5,27.7,0.082684,75000,uniform,nan,nan,nan,nan,nan,-0.006488,0.227686,0.881651
1090,237095,0.05,-1,284,24.18,130.98,0.107051,75000,uniform,nan,nan,nan,nan,nan,-0.012156,0.258204,1.361209
1091,237328,0.05,1,233,131.23,21.64,0.0988,75000,uniform,nan,nan,nan,nan,nan,-0.008732,0.248974,0.963966
1092,237628,0.05,,300,25.3,25.3,0.092542,75000,uniform,nan,nan,nan,nan,nan,-0.007908,0.237935,0.883977
1093,237928,0.05,,300,23.1,23.3,0.093994,75000,uniform,nan,nan,nan,nan,nan,-0.011699,0.236024,1.037627
1094,238217,0.05,1,289,130.95,21.36,0.120294,75000,uniform,nan,nan,nan,nan,nan,-0.026885,0.274011,1.416582
1095,238517,0.05,,300,25.9,27.5,0.095983,75000,uniform,nan,nan,nan,nan,nan,-0.009939,0.243431,0.905493
1096,238817,0.05,,300,26.1,27.5,0.10289,75000,uniform,nan,nan,nan,nan,nan,-0.016238,0.250225,1.141272
1097,239117,0.05,,300,27.3,25.5,0.11091,75000,uniform,nan,nan,nan,nan,nan,-0.003905,0.263233,1.165259
1098,239417,0.05,,300,25.3,25.1,0.095474,75000,uniform,nan,nan,nan,nan,nan,-0.003581,0.240702,0.979823
1099,239717,0.05,,300,26.5,27.5,0.087304,75000,uniform,nan,nan,nan,nan,nan,-0.007857,0.231723,0.84396
1100,240017,0.05,,300,27.5,27.5,0.088327,75000,uniform,nan,nan,nan,nan,nan,-0.00931,0.234258,0.980047
1101,240317,0.05,,300,25.3,25.5,0.117527,75000,uniform,nan,nan,nan,nan,nan,-0.024799,0.271958,1.225467
1102,240617,0.05,,300,25.5,23.3,0.09224,75000,uniform,nan,nan,nan,nan,nan,-0.008677,0.240498,1.007692
1103,240917,0.05,,300,25.5,25.5,0.08429,75000,uniform,nan,nan,nan,nan,nan,-0.018396,0.229479,0.842568
1104,241217,0.05,,300,25.5,27.3,0.106504,75000,uniform,nan,nan,nan,nan,nan,0.003623,0.258737,1.05722
1105,241517,0.05,,300,25.3,24.9,0.095063,75000,uniform,nan,nan,nan,nan,nan,-0.008313,0.24171,0.961744
1106,241626,0.05,1,109,131.85,25.26,0.087863,75000,uniform,nan,nan,nan,nan,nan,-0.014241,0.233704,0.863373
1107,241926,0.05,,300,25.5,25.5,0.081118,75000,uniform,nan,nan,nan,nan,nan,-0.003616,0.225049,0.760165
1108,242226,0.05,,300,25.5,25.5,0.090021,75000,uniform,nan,nan,nan,nan,nan,-0.012547,0.238966,0.935162
1109,242526,0.05,,300,25.5,25.5,0.100288,75000,uniform,nan,nan,nan,nan,nan,-0.009853,0.243444,1.089479
1110,242826,0.05,,300,27.5,26.3,0.084241,75000,uniform,nan,nan,nan,nan,nan,-0.012768,0.225295,0.878509
1111,243126,0.05,,300,27.5,25.5,0.095567,75000,uniform,nan,nan,nan,nan,nan,-0.005011,0.242321,1.025812
1112,243426,0.05,,300,25.3,27.5,0.083159,75000,uniform,nan,nan,nan,nan,nan,0.001645,0.226929,0.830602
1113,243726,0.05,,300,25.3,25.3,0.074918,75000,uniform,nan,nan,nan,nan,nan,-0.001533,0.214921,0.768892
1114,244026,0.05,,300,25.3,25.3,0.070261,75000,uniform,nan,nan,nan,nan,nan,-0.007765,0.210419,0.672745
1115,244259,0.05,1,233,131.23,22.04,0.088679,75000,uniform,nan,nan,nan,nan,nan,-0.004133,0.234945,0.775043
1116,244559,0.05,,300,25.1,25.1,0.085437,75000,uniform,nan,nan,nan,nan,nan,-0.002693,0.224927,0.9589
1117,244812,0.05,1,253,131.13,28.74,0.087722,75000,uniform,nan,nan,nan,nan,nan,-0.009189,0.225472,0.90772
1118,245112,0.05,,300,25.5,25.5,0.08152,75000,uniform,nan,nan,nan,nan,nan,-0.002333,0.225299,0.794749
1119,245331,0.05,1,219,131.3,29.11,0.086379,75000,uniform,nan,nan,nan,nan,nan,-0.00582,0.227611,0.94002
1120,245631,0.05,,300,25.3,27.5,0.091426,75000,uniform,nan,nan,nan,nan,nan,-0.017244,0.23011,1.102088
1121,245931,0.05,,300,25.3,27.5,0.075733,75000,uniform,nan,nan,nan,nan,nan,-0.011407,0.212881,0.812993
1122,246231,0.05,,300,25.5,25.3,0.08647,75000,uniform,nan,nan,nan,nan,nan,0.001892,0.234846,0.865875
1123,246531,0.05,,300,25.3,25.5,0.091273,75000,uniform,nan,nan,nan,nan,nan,-0.00894,0.233784,1.037772
1124,246831,0.05,,300,25.3,25.5,0.084921,75000,uniform,nan,nan,nan,nan,nan,-0.007161,0.224409,0.850792
1125,247131,0.05,,300,25.5,27.5,0.083193,75000,uniform,nan,nan,nan,nan,nan,-0.012938,0.224823,0.89319
1126,247431,0.05,,300,25.3,27.5,0.077083,75000,uniform,nan,nan,nan,nan,nan,-0.003868,0.218175,0.726205
1127,247731,0.05,,300,25.5,25.5,0.083056,75000,uniform,nan,nan,nan,nan,nan,-0.004944,0.222583,0.81487
1128,248031,0.05,,300,25.3,25.3,0.085756,75000,uniform,nan,nan,nan,nan,nan,-0.009039,0.22562,1.051363
1129,248273,0.05,-1,242,23.99,131.19,0.07808,75000,uniform,nan,nan,nan,nan,nan,-0.000139,0.222563,0.665677
1130,248573,0.05,,300,25.5,27.7,0.084136,75000,uniform,nan,nan,nan,nan,nan,-0.004247,0.223391,0.934914
1131,248873,0.05,,300,27.7,25.3,0.070659,75000,uniform,nan,nan,nan,nan,nan,0.001498,0.208501,0.642286
1132,249104,0.05,1,231,131.24,24.05,0.08564,75000,uniform,nan,nan,nan,nan,nan,-0.006,0.229098,0.813685
1133,249404,0.05,,300,25.5,25.5,0.083943,75000,uniform,nan,nan,nan,nan,nan,-0.012319,0.224502,0.802664
1134,249704,0.05,,300,25.1,25.3,0.077882,75000,uniform,nan,nan,nan,nan,nan,-0.004846,0.213473,1.010551
1135,250004,0.05,,300,28.7,22.5,0.085001,75000,uniform,nan,nan,nan,nan,nan,-0.011205,0.220347,0.973529
1136,250274,0.05,-1,270,26.25,131.05,0.079387,75000,uniform,nan,nan,nan,nan,nan,-0.006849,0.222417,0.718287
1137,250574,0.05,,300,23.7,27.5,0.08792,75000,uniform,nan,nan,nan,nan,nan,-0.016629,0.225134,1.021626
1138,250874,0.05,,300,25.5,23.1,0.071253,75000,uniform,nan,nan,nan,nan,nan,-0.007356,0.205697,0.723622
1139,251174,0.05,,300,28.1,27.5,0.08724,75000,uniform,nan,nan,nan,nan,nan,-0.008928,0.229223,1.100079
1140,251474,0.05,,300,25.3,25.3,0.076334,75000,uniform,nan,nan,nan,nan,nan,0.003705,0.212832,0.691237
1141,251774,0.05,,300,27.7,26.3,0.074171,75000,uniform,nan,nan,nan,nan,nan,-0.003938,0.211674,0.702555
1142,252074,0.05,,300,25.5,25.3,0.085981,75000,uniform,nan,nan,nan,nan,nan,-0.018771,0.223726,1.075858
1143,252327,0.05,1,253,131.13,25.54,0.078355,75000,uniform,nan,nan,nan,nan,nan,-0.008392,0.217879,0.737781
1144,252627,0.05,,300,22.7,22.9,0.082456,75000,uniform,nan,nan,nan,nan,nan,-0.000313,0.219111,0.749711
1145,252927,0.05,,300,23.7,27.7,0.077414,75000,uniform,nan,nan,nan,nan,nan,-0.004511,0.211758,0.73205
1146,253227,0.05,,300,25.3,27.5,0.077646,75000,uniform,nan,nan,nan,nan,nan,-0.003733,0.219853,0.710655
1147,253527,0.05,,300,27.5,25.5,0.075067,75000,uniform,nan,nan,nan,nan,nan,0.00011,0.212378,0.70382
1148,253827,0.05,,300,27.5,27.7,0.066454,75000,uniform,nan,nan,nan,nan,nan,-0.003999,0.199273,0.606235
1149,254012,0.05,1,185,131.47,28.28,0.071771,75000,uniform,nan,nan,nan,nan,nan,-0.010213,0.208607,0.728612
1150,254312,0.05,,300,25.1,23.3,0.09463,75000,uniform,nan,nan,nan,nan,nan,-0.016984,0.237154,1.157358
1151,254612,0.05,,300,25.5,25.3,0.058871,75000,uniform,nan,nan,nan,nan,nan,-0.006144,0.192548,0.56875
1152,254912,0.05,,300,25.3,25.3,0.06847,75000,uniform,nan,nan,nan,nan,nan,-0.007146,0.200872,0.762976
1153,255212,0.05,,300,25.9,27.7,0.081067,75000,uniform,nan,nan,nan,nan,nan,-0.002629,0.223377,0.911084
1154,255512,0.05,,300,25.5,25.3,0.089418,75000,uniform,nan,nan,nan,nan,nan,-0.007831,0.227527,1.060379
1155,255812,0.05,,300,25.5,25.5,0.079517,75000,uniform,nan,nan,nan,nan,nan,-0.0017,0.214212,0.860214
1156,256112,0.05,,300,25.5,25.5,0.078026,75000,uniform,nan,nan,nan,nan,nan,-0.007776,0.218849,0.841041
1157,256406,0.05,-1,294,27.93,130.93,0.091428,75000,uniform,nan,nan,nan,nan,nan,-0.017764,0.229231,1.168325
1158,256706,0.05,,300,28.7,25.3,0.082057,75000,uniform,nan,nan,nan,nan,nan,-0.011692,0.217786,0.925936
1159,257006,0.05,,300,25.5,25.5,0.074519,75000,uniform,nan,nan,nan,nan,nan,-0.005606,0.208934,0.808246
1160,257288,0.05,-1,282,27.79,130.99,0.091805,75000,uniform,nan,nan,nan,nan,nan,-0.010253,0.234188,1.077579
1161,257588,0.05,,300,25.5,21.3,0.074634,75000,uniform,nan,nan,nan,nan,nan,-0.002442,0.21014,0.80596
1162,257888,0.05,,300,25.5,25.1,0.073583,75000,uniform,nan,nan,nan,nan,nan,-0.003404,0.205182,0.787635
1163,258188,0.05,,300,23.3,23.1,0.075874,75000,uniform,nan,nan,nan,nan,nan,-0.005348,0.217032,0.797473
1164,258488,0.05,,300,25.7,27.7,0.06991,75000,uniform,nan,nan,nan,nan,nan,-0.006631,0.205346,0.693671
1165,258788,0.05,,300,25.3,22.9,0.062405,75000,uniform,nan,nan,nan,nan,nan,-0.00502,0.193127,0.647031
1166,259088,0.05,,300,23.1,25.5,0.081337,75000,uniform,nan,nan,nan,nan,nan,-0.008521,0.218014,0.895607
1167,259388,0.05,,300,25.3,23.3,0.071261,75000,uniform,nan,nan,nan,nan,nan,-0.002585,0.207898,0.738039
1168,259688,0.05,,300,25.7,25.3,0.071263,75000,uniform,nan,nan,nan,nan,nan,-0.007707,0.203246,0.740317
1169,259988,0.05,,300,24.3,25.5,0.069527,75000,uniform,nan,nan,nan,nan,nan,-0.002376,0.201432,0.778568
1170,260288,0.05,,300,27.7,25.7,0.073455,75000,uniform,nan,nan,nan,nan,nan,-0.008042,0.21208,0.837449
1171,260588,0.05,,300,25.5,27.7,0.069393,75000,uniform,nan,nan,nan,nan,nan,-0.00324,0.202036,0.745753
1172,260888,0.05,,300,25.5,22.9,0.071508,75000,uniform,nan,nan,nan,nan,nan,-0.002565,0.198436,0.83165
1173,261188,0.05,,300,27.7,27.3,0.071056,75000,uniform,nan,nan,nan,nan,nan,-0.003677,0.206481,0.663233
1174,261488,0.05,,300,25.5,25.5,0.068258,75000,uniform,nan,nan,nan,nan,nan,-0.002474,0.199788,0.654149
1175,261788,0.05,,300,25.5,25.5,0.061697,75000,uniform,nan,nan,nan,nan,nan,0.000563,0.190219,0.606625
1176,262088,0.05,,300,25.5,23.3,0.07165,75000,uniform,nan,nan,nan,nan,nan,-0.007753,0.204818,0.733386
1177,262388,0.05,,300,25.3,25.1,0.061118,75000,uniform,nan,nan,nan,nan,nan,-0.007159,0.1917,0.618385
1178,262688,0.05,,300,22.7,23.3,0.05477,75000,uniform,nan,nan,nan,nan,nan,-0.00431,0.181631,0.493895
1179,262988,0.05,,300,25.5,25.3,0.052473,75000,uniform,nan,nan,nan,nan,nan,-0.00247,0.177789,0.494143
1180,263288,0.05,,300,27.7,27.9,0.080265,75000,uniform,nan,nan,nan,nan,nan,0.002275,0.217678,0.787187
1181,263588,0.05,,300,22.1,23.3,0.06175,75000,uniform,nan,nan,nan,nan,nan,-0.002268,0.189755,0.606301
1182,263888,0.05,,300,25.5,25.5,0.054316,75000,uniform,nan,nan,nan,nan,nan,-0.003188,0.177584,0.573067
1183,264188,0.05,,300,26.5,27.7,0.064345,75000,uniform,nan,nan,nan,nan,nan,-0.006088,0.197533,0.599628
1184,264488,0.05,,300,27.7,25.5,0.058177,75000,uniform,nan,nan,nan,nan,nan,0.005416,0.183811,0.590611
1185,264743,0.05,1,255,131.12,19.13,0.05255,75000,uniform,nan,nan,nan,nan,nan,-0.004177,0.176495,0.527827
1186,264936,0.05,1,193,131.43,21.44,0.052157,75000,uniform,nan,nan,nan,nan,nan,-0.004449,0.173689,0.523537
1187,265187,0.05,1,251,131.14,23.75,0.06353,75000,uniform,nan,nan,nan,nan,nan,-0.002241,0.200697,0.570537
1188,265487,0.05,,300,25.3,25.3,0.058384,75000,uniform,nan,nan,nan,nan,nan,-0.007532,0.182237,0.702045
1189,265787,0.05,,300,25.5,25.5,0.06018,75000,uniform,nan,nan,nan,nan,nan,-0.001247,0.183206,0.768382
1190,266087,0.05,,300,25.1,25.5,0.063727,75000,uniform,nan,nan,nan,nan,nan,-0.011137,0.196507,0.671337
1191,266387,0.05,,300,25.1,22.1,0.056822,75000,uniform,nan,nan,nan,nan,nan,-0.005629,0.183109,0.519539
1192,266512,0.05,1,125,131.77,25.58,0.050337,75000,uniform,nan,nan,nan,nan,nan,-0.004655,0.177216,0.495085
1193,266812,0.05,,300,25.3,25.3,0.064985,75000,uniform,nan,nan,nan,nan,nan,-0.008889,0.190098,0.859757
1194,267112,0.05,,300,25.3,27.5,0.066101,75000,uniform,nan,nan,nan,nan,nan,-0.002921,0.197449,0.767769
1195,267412,0.05,,300,25.5,28.1,0.06294,75000,uniform,nan,nan,nan,nan,nan,-0.002131,0.186688,0.631006
1196,267712,0.05,,300,25.7,27.5,0.054455,75000,uniform,nan,nan,nan,nan,nan,-0.008718,0.174927,0.657465
1197,268012,0.05,,300,25.1,26.1,0.059836,75000,uniform,nan,nan,nan,nan,nan,0.000385,0.184469,0.604863
1198,268122,0.05,-1,110,24.65,131.85,0.068557,75000,uniform,nan,nan,nan,nan,nan,-0.015853,0.205644,0.934276
1199,268422,0.05,,300,27.5,25.5,0.072039,75000,uniform,nan,nan,nan,nan,nan,-0.010406,0.196296,0.916439
1200,268722,0.05,,300,27.5,25.5,0.056121,75000,uniform,nan,nan,nan,nan,nan,-0.003181,0.176866,0.608202
1201,269022,0.05,,300,25.3,25.5,0.054414,75000,uniform,nan,nan,nan,nan,nan,0.005884,0.180003,0.528169
1202,269245,0.05,1,223,131.28,23.89,0.074957,75000,uniform,nan,nan,nan,nan,nan,-0.00356,0.204031,0.994304
1203,269545,0.05,,300,25.3,27.7,0.060807,75000,uniform,nan,nan,nan,nan,nan,-0.005615,0.182608,0.667891
1204,269845,0.05,,300,25.3,25.5,0.060852,75000,uniform,nan,nan,nan,nan,nan,-0.005204,0.179612,0.813858
1205,270145,0.05,,300,27.5,27.7,0.06459,75000,uniform,nan,nan,nan,nan,nan,-0.014041,0.19401,0.808173
1206,270445,0.05,,300,24.1,25.7,0.056167,75000,uniform,nan,nan,nan,nan,nan,0.000238,0.181142,0.563087
1207,270745,0.05,,300,27.5,22.7,0.057928,75000,uniform,nan,nan,nan,nan,nan,-0.00945,0.179391,0.635092
1208,270899,0.05,-1,154,23.83,131.63,0.065386,75000,uniform,nan,nan,nan,nan,nan,-0.014793,0.186487,0.954726
1209,271199,0.05,,300,25.3,25.3,0.063042,75000,uniform,nan,nan,nan,nan,nan,0.003288,0.189399,0.854516
1210,271499,0.05,,300,25.5,25.3,0.053193,75000,uniform,nan,nan,nan,nan,nan,-0.008378,0.173846,0.584305
1211,271772,0.05,1,273,131.03,21.24,0.051632,75000,uniform,nan,nan,nan,nan,nan,-0.000524,0.172018,0.591994
1212,272072,0.05,,300,25.5,25.3,0.056281,75000,uniform,nan,nan,nan,nan,nan,-0.002745,0.182091,0.55299
1213,272372,0.05,,300,27.5,25.5,0.07211,75000,uniform,nan,nan,nan,nan,nan,-0.005078,0.196157,0.835539
1214,272641,0.05,1,269,131.05,21.66,0.055764,75000,uniform,nan,nan,nan,nan,nan,0.002241,0.17526,0.645615
1215,272941,0.05,,300,25.3,24.3,0.061835,75000,uniform,nan,nan,nan,nan,nan,-0.013249,0.1814,0.818154
1216,273241,0.05,,300,27.5,24.3,0.068606,75000,uniform,nan,nan,nan,nan,nan,-0.012857,0.195843,0.818821
1217,273541,0.05,,300,25.1,27.7,0.063775,75000,uniform,nan,nan,nan,nan,nan,-0.00599,0.186646,0.849586
1218,273794,0.05,1,253,131.13,23.74,0.060115,75000,uniform,nan,nan,nan,nan,nan,-0.010463,0.179428,0.891561
1219,274094,0.05,,300,25.5,25.5,0.056432,75000,uniform,nan,nan,nan,nan,nan,-0.00106,0.18123,0.538236
1220,274394,0.05,,300,25.3,25.3,0.07126,75000,uniform,nan,nan,nan,nan,nan,-0.015571,0.195884,0.936908
1221,274694,0.05,,300,25.3,25.5,0.056455,75000,uniform,nan,nan,nan,nan,nan,-0.005037,0.179658,0.657784
1222,274994,0.05,,300,25.5,25.3,0.056178,75000,uniform,nan,nan,nan,nan,nan,-0.010065,0.175199,0.820358
1223,275294,0.05,,300,25.1,27.7,0.07195,75000,uniform,nan,nan,nan,nan,nan,-0.005868,0.199602,0.867418
1224,275594,0.05,,300,25.1,25.3,0.053817,75000,uniform,nan,nan,nan,nan,nan,-0.002199,0.175424,0.514866
1225,275894,0.05,,300,25.1,27.7,0.051467,75000,uniform,nan,nan,nan,nan,nan,-0.002627,0.171675,0.657265
1226,276194,0.05,,300,25.3,25.5,0.064676,75000,uniform,nan,nan,nan,nan,nan,-0.00517,0.191051,0.696482
1227,276494,0.05,,300,25.7,27.9,0.061313,75000,uniform,nan,nan,nan,nan,nan,0.004228,0.183281,0.800166
1228,276787,0.05,1,293,130.93,23.34,0.053083,75000,uniform,nan,nan,nan,nan,nan,-0.002154,0.170845,0.535735
1229,277087,0.05,,300,27.5,25.3,0.053813,75000,uniform,nan,nan,nan,nan,nan,-0.006132,0.177154,0.664439
1230,277387,0.05,,300,27.9,25.5,0.055061,75000,uniform,nan,nan,nan,nan,nan,-0.001593,0.177506,0.547126
1231,277581,0.05,-1,194,23.83,131.43,0.056233,75000,uniform,nan,nan,nan,nan,nan,-0.001687,0.176977,0.510378
1232,277881,0.05,,300,25.1,25.5,0.055917,75000,uniform,nan,nan,nan,nan,nan,0.001696,0.176375,0.618056
1233,278146,0.05,1,265,131.07,28.88,0.066347,75000,uniform,nan,nan,nan,nan,nan,-0.010842,0.189359,0.861228
1234,278446,0.05,,300,23.5,25.1,0.059857,75000,uniform,nan,nan,nan,nan,nan,-0.000556,0.182153,0.651449
1235,278633,0.05,1,187,131.46,21.07,0.06208,75000,uniform,nan,nan,nan,nan,nan,-0.007133,0.18201,0.849508
1236,278933,0.05,,300,26.3,25.3,0.067456,75000,uniform,nan,nan,nan,nan,nan,-0.009697,0.189522,0.728248
1237,279233,0.05,,300,25.5,25.3,0.060914,75000,uniform,nan,nan,nan,nan,nan,-0.006891,0.188543,0.643173
1238,279533,0.05,,300,25.5,27.7,0.063511,75000,uniform,nan,nan,nan,nan,nan,-0.001432,0.186196,0.685436
1239,279833,0.05,,300,25.3,25.5,0.059648,75000,uniform,nan,nan,nan,nan,nan,-0.000671,0.178148,0.769835
1240,280133,0.05,,300,25.5,25.5,0.056944,75000,uniform,nan,nan,nan,nan,nan,-0.002888,0.180925,0.595407
1241,280433,0.05,,300,27.7,27.7,0.058089,75000,uniform,nan,nan,nan,nan,nan,-0.00627,0.177681,0.669943
1242,280718,0.05,1,285,130.97,28.78,0.067037,75000,uniform,nan,nan,nan,nan,nan,-0.007288,0.18603,1.047754
1243,281018,0.05,,300,25.5,24.9,0.054048,75000,uniform,nan,nan,nan,nan,nan,-0.002476,0.173386,0.526951
1244,281318,0.05,,300,25.5,24.3,0.056276,75000,uniform,nan,nan,nan,nan,nan,-0.005638,0.180356,0.569634
1245,281618,0.05,,300,25.5,24.3,0.062619,75000,uniform,nan,nan,nan,nan,nan,-0.002925,0.182964,0.611781
1246,281918,0.05,,300,27.7,28.7,0.072827,75000,uniform,nan,nan,nan,nan,nan,-0.001988,0.192128,1.069277
1247,282191,0.05,1,273,131.03,28.04,0.063962,75000,uniform,nan,nan,nan,nan,nan,-0.003035,0.188021,0.669296
1248,282491,0.05,,300,25.5,22.1,0.072536,75000,uniform,nan,nan,nan,nan,nan,-0.008118,0.192776,0.859122
1249,282791,0.05,,300,27.5,27.3,0.055398,75000,uniform,nan,nan,nan,nan,nan,0.001739,0.172537,0.613532
1250,283091,0.05,,300,27.3,21.7,0.06997,75000,uniform,nan,nan,nan,nan,nan,-0.003243,0.193836,0.815908
1251,283391,0.05,,300,25.5,25.3,0.070364,75000,uniform,nan,nan,nan,nan,nan,-0.012199,0.195458,0.670239
1252,283691,0.05,,300,25.3,27.5,0.074689,75000,uniform,nan,nan,nan,nan,nan,-0.007967,0.19838,0.784869
1253,283991,0.05,,300,28.1,27.7,0.063033,75000,uniform,nan,nan,nan,nan,nan,-0.015518,0.182529,0.670903
1254,284291,0.05,,300,25.3,25.3,0.085937,75000,uniform,nan,nan,nan,nan,nan,0.009355,0.216104,0.952457
1255,284591,0.05,,300,25.1,25.3,0.066989,75000,uniform,nan,nan,nan,nan,nan,0.003527,0.189345,0.70221
1256,284891,0.05,,300,24.9,25.3,0.065631,75000,uniform,nan,nan,nan,nan,nan,-0.001472,0.185485,0.679082
1257,285191,0.05,,300,25.3,27.5,0.086766,75000,uniform,nan,nan,nan,nan,nan,-0.006165,0.216361,1.008534
1258,285491,0.05,,300,25.5,27.5,0.066517,75000,uniform,nan,nan,nan,nan,nan,-0.009223,0.191416,0.597205
1259,285791,0.05,,300,25.5,24.1,0.062971,75000,uniform,nan,nan,nan,nan,nan,-0.004062,0.185547,0.64638
1260,286091,0.05,,300,25.3,25.5,0.065886,75000,uniform,nan,nan,nan,nan,nan,-0.002557,0.193409,0.823022
1261,286391,0.05,,300,25.3,24.3,0.070556,75000,uniform,nan,nan,nan,nan,nan,0.008245,0.193539,0.841395
1262,286691,0.05,,300,25.5,25.3,0.05509,75000,uniform,nan,nan,nan,nan,nan,0.002496,0.174843,0.569465
1263,286991,0.05,,300,27.7,25.5,0.057491,75000,uniform,nan,nan,nan,nan,nan,-0.000251,0.176785,0.572096
1264,287291,0.05,,300,25.5,25.5,0.06879,75000,uniform,nan,nan,nan,nan,nan,-0.011286,0.19583,0.728428
1265,287513,0.05,-1,222,23.69,131.29,0.056798,75000,uniform,nan,nan,nan,nan,nan,-0.001551,0.17728,0.590653
1266,287813,0.05,,300,23.3,25.3,0.068604,75000,uniform,nan,nan,nan,nan,nan,-0.004669,0.189503,0.776511
1267,288113,0.05,,300,25.5,27.5,0.05893,75000,uniform,nan,nan,nan,nan,nan,0.004082,0.180609,0.71323
1268,288413,0.05,,300,25.3,24.5,0.061598,75000,uniform,nan,nan,nan,nan,nan,0.008494,0.182791,0.76427
1269,288713,0.05,,300,25.3,25.5,0.057965,75000,uniform,nan,nan,nan,nan,nan,0.002103,0.175486,0.717236
1270,289013,0.05,,300,25.1,25.3,0.050472,75000,uniform,nan,nan,nan,nan,nan,-0.000967,0.166618,0.546789
1271,289122,0.05,1,109,131.85,24.66,0.061099,75000,uniform,nan,nan,nan,nan,nan,-0.017762,0.190321,0.533634
1272,289422,0.05,,300,25.1,23.9,0.062665,75000,uniform,nan,nan,nan,nan,nan,-0.005723,0.182643,0.672224
1273,289722,0.05,,300,25.1,25.3,0.060379,75000,uniform,nan,nan,nan,nan,nan,-0.007377,0.17942,0.742526
1274,290022,0.05,,300,27.5,27.5,0.062527,75000,uniform,nan,nan,nan,nan,nan,-0.00043,0.182441,0.774055
1275,290322,0.05,,300,25.3,27.7,0.054899,75000,uniform,nan,nan,nan,nan,nan,0.001207,0.176262,0.609019
1276,290622,0.05,,300,25.5,25.5,0.058494,75000,uniform,nan,nan,nan,nan,nan,0.00098,0.177133,0.668764
1277,290791,0.05,1,169,131.55,29.36,0.057554,75000,uniform,nan,nan,nan,nan,nan,0.000363,0.173903,0.726652
1278,291091,0.05,,300,25.3,22.9,0.060082,75000,uniform,nan,nan,nan,nan,nan,-0.00265,0.180858,0.663746
1279,291391,0.05,,300,26.3,27.1,0.064355,75000,uniform,nan,nan,nan,nan,nan,-0.002117,0.182818,0.847088
1280,291691,0.05,,300,28.1,27.7,0.063063,75000,uniform,nan,nan,nan,nan,nan,-0.004909,0.17991,0.923605
1281,291991,0.05,,300,28.5,27.5,0.049503,75000,uniform,nan,nan,nan,nan,nan,0.000442,0.165913,0.587371
1282,292291,0.05,,300,27.3,25.5,0.056748,75000,uniform,nan,nan,nan,nan,nan,-0.000807,0.179276,0.662406
1283,292508,0.05,1,217,131.31,23.32,0.058824,75000,uniform,nan,nan,nan,nan,nan,0.00405,0.176346,0.761424
1284,292674,0.05,-1,166,29.37,131.57,0.050436,75000,uniform,nan,nan,nan,nan,nan,-0.000578,0.165879,0.553717
1285,292974,0.05,,300,27.5,25.3,0.051029,75000,uniform,nan,nan,nan,nan,nan,-0.003003,0.164516,0.637234
1286,293274,0.05,,300,25.5,27.5,0.06914,75000,uniform,nan,nan,nan,nan,nan,-0.007462,0.192806,0.997701
1287,293574,0.05,,300,23.1,25.1,0.059703,75000,uniform,nan,nan,nan,nan,nan,-0.002164,0.176639,0.836278
1288,293874,0.05,,300,27.7,25.3,0.050665,75000,uniform,nan,nan,nan,nan,nan,0.001021,0.163611,0.555723
1289,294174,0.05,,300,25.5,25.3,0.059992,75000,uniform,nan,nan,nan,nan,nan,-0.007543,0.178512,0.794889
1290,294474,0.05,,300,27.3,25.3,0.048548,75000,uniform,nan,nan,nan,nan,nan,-0.002966,0.164596,0.501434
1291,294671,0.05,1,197,131.41,21.62,0.049832,75000,uniform,nan,nan,nan,nan,nan,0.00468,0.161877,0.503822
1292,294971,0.05,,300,25.3,25.1,0.055337,75000,uniform,nan,nan,nan,nan,nan,0.001939,0.169439,0.634437
1293,295271,0.05,,300,25.3,25.5,0.065573,75000,uniform,nan,nan,nan,nan,nan,-0.005929,0.188174,1.139796
1294,295571,0.05,,300,25.5,27.5,0.051933,75000,uniform,nan,nan,nan,nan,nan,5.6e-05,0.168708,0.571125
1295,295759,0.05,-1,188,29.26,131.46,0.051341,75000,uniform,nan,nan,nan,nan,nan,0.004755,0.165544,0.60882
1296,296059,0.05,,300,23.1,25.5,0.055503,75000,uniform,nan,nan,nan,nan,nan,-0.002012,0.174426,0.673317
1297,296178,0.05,1,119,131.8,19.61,0.065342,75000,uniform,nan,nan,nan,nan,nan,0.002369,0.184645,0.763802
1298,296307,0.05,1,129,131.75,24.96,0.06814,75000,uniform,nan,nan,nan,nan,nan,-0.005777,0.184805,1.050081
1299,296607,0.05,,300,25.3,27.5,0.055852,75000,uniform,nan,nan,nan,nan,nan,0.002478,0.169389,0.686147
1300,296907,0.05,,300,26.3,25.5,0.045612,75000,uniform,nan,nan,nan,nan,nan,-0.005022,0.15753,0.622799
1301,297011,0.05,-1,104,27.08,131.88,0.048948,75000,uniform,nan,nan,nan,nan,nan,0.005285,0.166051,0.577792
1302,297311,0.05,,300,27.7,25.5,0.067725,75000,uniform,nan,nan,nan,nan,nan,0.005657,0.191981,0.82897
1303,297611,0.05,,300,27.5,25.5,0.074613,75000,uniform,nan,nan,nan,nan,nan,-0.002233,0.190403,1.247791
1304,297804,0.05,1,193,131.43,21.84,0.045086,75000,uniform,nan,nan,nan,nan,nan,-0.001168,0.156395,0.521612
1305,298104,0.05,,300,27.5,25.3,0.066574,75000,uniform,nan,nan,nan,nan,nan,0.003632,0.184555,0.94692
1306,298404,0.05,,300,23.1,27.5,0.055385,75000,uniform,nan,nan,nan,nan,nan,4e-05,0.173049,0.646304
1307,298625,0.05,1,221,131.29,20.7,0.057798,75000,uniform,nan,nan,nan,nan,nan,-0.003139,0.170641,0.86431
1308,298842,0.05,1,217,131.31,25.92,0.063409,75000,uniform,nan,nan,nan,nan,nan,-0.001414,0.176057,0.832304
1309,299042,0.05,-1,200,29.2,131.4,0.06975,75000,uniform,nan,nan,nan,nan,nan,-0.001022,0.192702,0.949823
1310,299255,0.05,1,213,131.33,21.34,0.080617,75000,uniform,nan,nan,nan,nan,nan,-0.00582,0.203027,0.987966
1311,299555,0.05,,300,25.3,25.3,0.059137,75000,uniform,nan,nan,nan,nan,nan,-0.009811,0.173892,0.880286
1312,299855,0.05,,300,25.3,25.3,0.060543,75000,uniform,nan,nan,nan,nan,nan,-0.000813,0.174336,0.916917
1313,300155,0.05,,300,25.5,27.5,0.069296,75000,uniform,nan,nan,nan,nan,nan,-0.004576,0.190883,0.918599
1314,300316,0.05,1,161,131.59,24.0,0.06725,75000,uniform,nan,nan,nan,nan,nan,-0.005742,0.186175,1.03992
1315,300610,0.05,-1,294,27.93,130.93,0.059286,75000,uniform,nan,nan,nan,nan,nan,-0.002293,0.173368,0.928392
1316,300910,0.05,,300,25.5,25.3,0.070734,75000,uniform,nan,nan,nan,nan,nan,-0.00448,0.185548,0.944661
1317,301085,0.05,1,175,131.52,26.33,0.076044,75000,uniform,nan,nan,nan,nan,nan,-0.013726,0.199586,1.003367
1318,301385,0.05,,300,27.5,27.7,0.066006,75000,uniform,nan,nan,nan,nan,nan,-0.003367,0.184673,0.788121
1319,301525,0.05,-1,140,24.1,131.7,0.071297,75000,uniform,nan,nan,nan,nan,nan,0.002716,0.188059,0.833052
1320,301825,0.05,,300,25.5,27.5,0.067774,75000,uniform,nan,nan,nan,nan,nan,-0.010253,0.180219,0.936682
1321,302125,0.05,,300,27.3,27.5,0.069399,75000,uniform,nan,nan,nan,nan,nan,-0.001315,0.190931,0.990117
1322,302425,0.05,,300,28.3,26.3,0.06514,75000,uniform,nan,nan,nan,nan,nan,0.002022,0.181694,0.811159
1323,302725,0.05,,300,25.3,25.3,0.072774,75000,uniform,nan,nan,nan,nan,nan,-0.012157,0.187206,1.18518
1324,303025,0.05,,300,25.3,28.3,0.068881,75000,uniform,nan,nan,nan,nan,nan,-0.006428,0.185849,1.129753
1325,303325,0.05,,300,25.5,25.7,0.072211,75000,uniform,nan,nan,nan,nan,nan,-0.00279,0.192517,0.94631
1326,303625,0.05,,300,27.7,27.7,0.06619,75000,uniform,nan,nan,nan,nan,nan,0.008322,0.178833,0.975744
1327,303909,0.05,-1,284,25.78,130.98,0.062458,75000,uniform,nan,nan,nan,nan,nan,-0.004124,0.17453,0.866909
1328,304136,0.05,1,227,131.26,26.07,0.099264,75000,uniform,nan,nan,nan,nan,nan,-0.020424,0.227156,1.521255
1329,304436,0.05,,300,25.3,27.5,0.079995,75000,uniform,nan,nan,nan,nan,nan,-0.008628,0.1996,0.999504
1330,304715,0.05,1,279,131.0,23.41,0.079206,75000,uniform,nan,nan,nan,nan,nan,-0.006293,0.195956,1.04334
1331,305015,0.05,,300,27.3,27.5,0.073329,75000,uniform,nan,nan,nan,nan,nan,-0.021014,0.192197,1.031127
1332,305315,0.05,,300,25.5,25.5,0.062633,75000,uniform,nan,nan,nan,nan,nan,0.001141,0.18525,0.753109
1333,305615,0.05,,300,25.5,25.3,0.069855,75000,uniform,nan,nan,nan,nan,nan,0.001131,0.186471,0.96273
1334,305792,0.05,1,177,131.51,29.32,0.066987,75000,uniform,nan,nan,nan,nan,nan,-0.00928,0.183098,0.752934
1335,306092,0.05,,300,25.5,27.5,0.069357,75000,uniform,nan,nan,nan,nan,nan,-0.013504,0.192109,0.795865
1336,306392,0.05,,300,27.3,26.5,0.064671,75000,uniform,nan,nan,nan,nan,nan,-0.001414,0.181306,0.752756
1337,306692,0.05,,300,27.5,26.3,0.058795,75000,uniform,nan,nan,nan,nan,nan,-0.000287,0.174413,0.669661
1338,306992,0.05,,300,25.3,27.5,0.064912,75000,uniform,nan,nan,nan,nan,nan,-0.0174,0.179905,1.034678
1339,307292,0.05,,300,25.3,27.7,0.071624,75000,uniform,nan,nan,nan,nan,nan,0.007627,0.197986,0.67784
1340,307550,0.05,-1,258,23.91,131.11,0.0749,75000,uniform,nan,nan,nan,nan,nan,-0.005426,0.190303,0.95573
1341,307850,0.05,,300,25.5,25.5,0.059958,75000,uniform,nan,nan,nan,nan,nan,-0.001937,0.174028,0.791653
1342,308150,0.05,,300,27.5,25.3,0.080305,75000,uniform,nan,nan,nan,nan,nan,-0.015594,0.203122,1.058664
1343,308450,0.05,,300,27.5,25.3,0.078313,75000,uniform,nan,nan,nan,nan,nan,-0.02518,0.198066,1.077802
1344,308750,0.05,,300,25.5,25.1,0.068075,75000,uniform,nan,nan,nan,nan,nan,-0.012619,0.185362,0.743363
1345,309050,0.05,,300,27.3,22.5,0.069564,75000,uniform,nan,nan,nan,nan,nan,-0.007835,0.188291,1.067511
1346,309350,0.05,,300,28.7,27.3,0.067648,75000,uniform,nan,nan,nan,nan,nan,-0.002323,0.186892,0.941334
1347,309650,0.05,,300,25.3,25.5,0.06265,75000,uniform,nan,nan,nan,nan,nan,0.00186,0.178669,0.739602
1348,309950,0.05,,300,25.5,27.3,0.063762,75000,uniform,nan,nan,nan,nan,nan,-0.010048,0.175069,1.031175
1349,310250,0.05,,300,25.5,27.3,0.069753,75000,uniform,nan,nan,nan,nan,nan,-0.011974,0.194684,0.885363
1350,310550,0.05,,300,25.5,25.3,0.073299,75000,uniform,nan,nan,nan,nan,nan,-0.007384,0.189973,1.028551
1351,310850,0.05,,300,25.3,25.3,0.0625,75000,uniform,nan,nan,nan,nan,nan,-0.008013,0.176152,0.860043
1352,311150,0.05,,300,23.1,25.3,0.061981,75000,uniform,nan,nan,nan,nan,nan,-0.009273,0.183943,0.733362
1353,311450,0.05,,300,25.5,27.7,0.070528,75000,uniform,nan,nan,nan,nan,nan,-0.009493,0.188089,0.81853
1354,311633,0.05,1,183,131.48,23.69,0.06098,75000,uniform,nan,nan,nan,nan,nan,-0.00498,0.176351,0.660145
1355,311933,0.05,,300,25.3,25.3,0.066154,75000,uniform,nan,nan,nan,nan,nan,-0.011908,0.181778,1.060283
1356,312233,0.05,,300,25.3,25.3,0.083163,75000,uniform,nan,nan,nan,nan,nan,0.016934,0.208201,0.981784
1357,312533,0.05,,300,27.5,25.5,0.065222,75000,uniform,nan,nan,nan,nan,nan,-0.003442,0.180227,0.938017
1358,312833,0.05,,300,26.1,24.9,0.069203,75000,uniform,nan,nan,nan,nan,nan,-0.007159,0.183864,0.89134
1359,313133,0.05,,300,28.3,27.3,0.07611,75000,uniform,nan,nan,nan,nan,nan,0.007143,0.198833,1.01907
1360,313433,0.05,,300,25.3,25.5,0.062678,75000,uniform,nan,nan,nan,nan,nan,-0.008578,0.179037,0.728751
1361,313733,0.05,,300,25.3,25.1,0.065966,75000,uniform,nan,nan,nan,nan,nan,0.002457,0.181043,0.70974
1362,314033,0.05,,300,22.9,25.3,0.066878,75000,uniform,nan,nan,nan,nan,nan,-0.00565,0.186184,0.93277
1363,314333,0.05,,300,25.3,25.1,0.074638,75000,uniform,nan,nan,nan,nan,nan,-0.012313,0.194433,0.877765
1364,314633,0.05,,300,21.1,21.9,0.06458,75000,uniform,nan,nan,nan,nan,nan,-0.004525,0.180301,0.702167
1365,314933,0.05,,300,27.5,25.5,0.063752,75000,uniform,nan,nan,nan,nan,nan,-0.004963,0.178255,0.714922
1366,315233,0.05,,300,26.5,25.3,0.070305,75000,uniform,nan,nan,nan,nan,nan,-0.00503,0.195385,0.955915
1367,315533,0.05,,300,25.3,25.3,0.069046,75000,uniform,nan,nan,nan,nan,nan,-0.007786,0.184395,0.896706
1368,315657,0.05,-1,124,24.38,131.78,0.059864,75000,uniform,nan,nan,nan,nan,nan,0.004712,0.176321,0.680872
1369,315957,0.05,,300,27.5,27.7,0.061256,75000,uniform,nan,nan,nan,nan,nan,-0.000671,0.175795,0.711382
1370,316257,0.05,,300,25.3,27.7,0.071246,75000,uniform,nan,nan,nan,nan,nan,-0.012328,0.197056,0.788279
1371,316557,0.05,,300,25.3,28.1,0.063126,75000,uniform,nan,nan,nan,nan,nan,-0.000855,0.177913,0.803904
1372,316857,0.05,,300,25.9,27.7,0.069651,75000,uniform,nan,nan,nan,nan,nan,-0.010144,0.185346,0.822729
1373,317157,0.05,,300,27.7,26.3,0.05957,75000,uniform,nan,nan,nan,nan,nan,0.001215,0.182024,0.548121
1374,317264,0.05,1,107,131.86,29.47,0.071663,75000,uniform,nan,nan,nan,nan,nan,0.002155,0.191074,0.693898
1375,317564,0.05,,300,27.5,25.5,0.071845,75000,uniform,nan,nan,nan,nan,nan,-0.005375,0.184679,1.065792
1376,317864,0.05,,300,24.9,22.7,0.057837,75000,uniform,nan,nan,nan,nan,nan,-0.00322,0.170463,0.69083
1377,318164,0.05,,300,27.5,27.5,0.060326,75000,uniform,nan,nan,nan,nan,nan,-0.000337,0.182643,0.611733
1378,318464,0.05,,300,27.7,25.7,0.076779,75000,uniform,nan,nan,nan,nan,nan,-0.01482,0.194824,1.201023
1379,318764,0.05,,300,27.3,26.5,0.058085,75000,uniform,nan,nan,nan,nan,nan,-0.004508,0.171554,0.646843
1380,318927,0.05,1,163,131.58,21.79,0.062701,75000,uniform,nan,nan,nan,nan,nan,-0.001363,0.175517,0.78137
1381,319227,0.05,,300,25.5,25.3,0.069875,75000,uniform,nan,nan,nan,nan,nan,-0.004416,0.193223,0.804753
1382,319527,0.05,,300,27.5,27.5,0.056971,75000,uniform,nan,nan,nan,nan,nan,-0.001983,0.170591,0.623365
1383,319709,0.05,-1,182,24.09,131.49,0.06827,75000,uniform,nan,nan,nan,nan,nan,-0.017847,0.180324,1.172563
1384,319800,0.05,1,91,131.94,17.35,0.059262,75000,uniform,nan,nan,nan,nan,nan,-0.005867,0.169209,0.892246
1385,320100,0.05,,300,23.3,25.3,0.072064,75000,uniform,nan,nan,nan,nan,nan,-0.014427,0.192049,0.852021
1386,320350,0.05,-1,250,23.55,131.15,0.057658,75000,uniform,nan,nan,nan,nan,nan,-0.000572,0.174238,0.704142
1387,320496,0.05,-1,146,29.27,131.67,0.067288,75000,uniform,nan,nan,nan,nan,nan,-0.011676,0.182589,1.160817
1388,320796,0.05,,300,25.5,25.1,0.0785,75000,uniform,nan,nan,nan,nan,nan,-0.010382,0.193774,1.26568
1389,320899,0.05,1,103,131.88,29.69,0.064243,75000,uniform,nan,nan,nan,nan,nan,0.001091,0.176405,0.960315
1390,321199,0.05,,300,25.5,27.5,0.074457,75000,uniform,nan,nan,nan,nan,nan,-0.010697,0.196495,0.879923
1391,321499,0.05,,300,25.5,25.1,0.074944,75000,uniform,nan,nan,nan,nan,nan,-0.021237,0.192473,1.059693
1392,321799,0.05,,300,25.5,27.5,0.074,75000,uniform,nan,nan,nan,nan,nan,-0.007785,0.190272,0.932509
1393,322099,0.05,,300,27.5,25.3,0.068531,75000,uniform,nan,nan,nan,nan,nan,0.004335,0.187772,0.943367
1394,322399,0.05,,300,27.3,25.3,0.068241,75000,uniform,nan,nan,nan,nan,nan,-0.003245,0.186342,0.725497
1395,322699,0.05,,300,28.1,27.7,0.063832,75000,uniform,nan,nan,nan,nan,nan,-0.007172,0.179251,0.882139
1396,322812,0.05,1,113,131.83,26.44,0.062342,75000,uniform,nan,nan,nan,nan,nan,-0.002935,0.176783,0.662194
1397,323112,0.05,,300,23.1,25.3,0.071913,75000,uniform,nan,nan,nan,nan,nan,-0.012523,0.193233,0.808732
1398,323251,0.05,1,139,131.7,26.51,0.095685,75000,uniform,nan,nan,nan,nan,nan,-0.012238,0.214834,1.499897
1399,323551,0.05,,300,25.3,25.3,0.074438,75000,uniform,nan,nan,nan,nan,nan,-0.007002,0.193191,1.009638
1400,323851,0.05,,300,25.3,25.3,0.074274,75000,uniform,nan,nan,nan,nan,nan,-0.018577,0.188047,1.202869
1401,324151,0.05,,300,25.3,25.3,0.06034,75000,uniform,nan,nan,nan,nan,nan,-0.006318,0.178335,0.728685
1402,324451,0.05,,300,25.3,25.9,0.060551,75000,uniform,nan,nan,nan,nan,nan,-0.007093,0.1736,0.78669
1403,324751,0.05,,300,25.3,25.3,0.060308,75000,uniform,nan,nan,nan,nan,nan,-0.007254,0.172779,0.830046
1404,324895,0.05,-1,144,18.88,131.68,0.059195,75000,uniform,nan,nan,nan,nan,nan,-0.001009,0.170864,0.799923
1405,325195,0.05,,300,25.3,27.5,0.072467,75000,uniform,nan,nan,nan,nan,nan,-0.014395,0.188729,0.908121
1406,325495,0.05,,300,25.3,25.5,0.064867,75000,uniform,nan,nan,nan,nan,nan,-0.007661,0.177841,0.716525
1407,325795,0.05,,300,25.5,25.3,0.063232,75000,uniform,nan,nan,nan,nan,nan,-0.007252,0.174852,0.806114
1408,326095,0.05,,300,27.5,23.3,0.068466,75000,uniform,nan,nan,nan,nan,nan,-0.003812,0.182989,0.886147
1409,326395,0.05,,300,25.3,25.5,0.059448,75000,uniform,nan,nan,nan,nan,nan,-0.00502,0.175125,0.684497
1410,326695,0.05,,300,25.3,25.3,0.0574,75000,uniform,nan,nan,nan,nan,nan,0.00015,0.169619,0.631955
1411,326995,0.05,,300,22.9,27.7,0.052929,75000,uniform,nan,nan,nan,nan,nan,-0.003595,0.164579,0.539655
1412,327295,0.05,,300,28.1,27.7,0.071753,75000,uniform,nan,nan,nan,nan,nan,-0.003643,0.192038,0.834482
1413,327595,0.05,,300,23.3,25.3,0.061192,75000,uniform,nan,nan,nan,nan,nan,-0.003208,0.172416,0.787931
1414,327895,0.05,,300,25.3,25.3,0.055308,75000,uniform,nan,nan,nan,nan,nan,0.001096,0.166264,0.645489
1415,327992,0.05,1,97,131.91,21.72,0.051211,75000,uniform,nan,nan,nan,nan,nan,0.001644,0.161146,0.731623
1416,328292,0.05,,300,25.3,25.1,0.06518,75000,uniform,nan,nan,nan,nan,nan,-0.005929,0.184558,0.781939
1417,328592,0.05,,300,25.1,25.3,0.060527,75000,uniform,nan,nan,nan,nan,nan,-0.007348,0.171964,0.873047
1418,328892,0.05,,300,25.1,25.5,0.054604,75000,uniform,nan,nan,nan,nan,nan,-0.009798,0.166527,0.639637
1419,329155,0.05,1,263,131.08,23.09,0.075381,75000,uniform,nan,nan,nan,nan,nan,-0.008349,0.192717,1.07189
1420,329455,0.05,,300,25.3,25.3,0.061874,75000,uniform,nan,nan,nan,nan,nan,-0.010441,0.173802,0.814757
1421,329755,0.05,,300,25.3,25.5,0.066169,75000,uniform,nan,nan,nan,nan,nan,-0.005042,0.17757,0.820662
1422,329929,0.05,-1,174,26.13,131.53,0.041988,75000,uniform,nan,nan,nan,nan,nan,0.00421,0.14987,0.443928
1423,330229,0.05,,300,25.9,23.3,0.080896,75000,uniform,nan,nan,nan,nan,nan,-0.014126,0.199539,0.998012
1424,330529,0.05,,300,25.5,24.9,0.06162,75000,uniform,nan,nan,nan,nan,nan,-0.012003,0.175251,0.954277
1425,330829,0.05,,300,27.5,26.1,0.061787,75000,uniform,nan,nan,nan,nan,nan,-0.006976,0.175748,0.623502
1426,331129,0.05,,300,25.1,25.5,0.06823,75000,uniform,nan,nan,nan,nan,nan,-0.002017,0.187208,0.750508
1427,331247,0.05,-1,118,29.61,131.81,0.070174,75000,uniform,nan,nan,nan,nan,nan,-0.019969,0.187949,0.911458
1428,331459,0.05,-1,212,23.54,131.34,0.061432,75000,uniform,nan,nan,nan,nan,nan,-0.005172,0.175771,0.930386
1429,331740,0.05,1,281,130.99,25.6,0.061962,75000,uniform,nan,nan,nan,nan,nan,-0.005832,0.177175,0.774773
1430,332011,0.05,1,271,131.04,23.25,0.071952,75000,uniform,nan,nan,nan,nan,nan,-0.004608,0.186294,0.905856
1431,332182,0.05,1,171,131.54,20.75,0.087957,75000,uniform,nan,nan,nan,nan,nan,-0.021701,0.210461,1.124789
1432,332382,0.05,-1,200,20.8,131.4,0.073313,75000,uniform,nan,nan,nan,nan,nan,-0.004389,0.190351,0.935017
1433,332682,0.05,,300,25.5,25.3,0.080671,75000,uniform,nan,nan,nan,nan,nan,-0.007693,0.197665,1.066674
1434,332968,0.05,-1,286,21.57,130.97,0.060368,75000,uniform,nan,nan,nan,nan,nan,-0.00592,0.172946,0.889617
1435,333268,0.05,,300,25.5,26.5,0.073812,75000,uniform,nan,nan,nan,nan,nan,-0.002636,0.195714,0.832588
1436,333568,0.05,,300,27.7,25.5,0.068767,75000,uniform,nan,nan,nan,nan,nan,0.001182,0.186499,0.906187
1437,333868,0.05,,300,27.7,25.7,0.078932,75000,uniform,nan,nan,nan,nan,nan,-0.00144,0.192827,1.124209
1438,333955,0.05,1,87,131.96,19.77,0.068127,75000,uniform,nan,nan,nan,nan,nan,0.002501,0.182045,0.724682
1439,334255,0.05,,300,24.9,20.7,0.082104,75000,uniform,nan,nan,nan,nan,nan,-0.006845,0.205029,1.167071
1440,334555,0.05,,300,25.5,24.9,0.065756,75000,uniform,nan,nan,nan,nan,nan,-0.002207,0.179619,0.78503
1441,334855,0.05,,300,27.5,27.7,0.063218,75000,uniform,nan,nan,nan,nan,nan,-0.006696,0.174701,0.691814
1442,335155,0.05,,300,27.5,25.5,0.068409,75000,uniform,nan,nan,nan,nan,nan,-0.000543,0.188161,0.926256
1443,335280,0.05,1,125,131.77,26.98,0.06689,75000,uniform,nan,nan,nan,nan,nan,0.00581,0.185395,0.741593
1444,335580,0.05,,300,25.5,25.5,0.062609,75000,uniform,nan,nan,nan,nan,nan,-0.005262,0.176501,0.91166
1445,335880,0.05,,300,25.1,25.3,0.082388,75000,uniform,nan,nan,nan,nan,nan,-0.007951,0.194828,1.325283
1446,336180,0.05,,300,25.3,27.5,0.069644,75000,uniform,nan,nan,nan,nan,nan,-0.009884,0.188883,0.724529
1447,336480,0.05,,300,27.7,27.5,0.069288,75000,uniform,nan,nan,nan,nan,nan,-0.012312,0.185455,0.935299
1448,336780,0.05,,300,25.3,24.9,0.066222,75000,uniform,nan,nan,nan,nan,nan,-0.011365,0.180937,0.875657
1449,337028,0.05,-1,248,26.36,131.16,0.073791,75000,uniform,nan,nan,nan,nan,nan,-0.004504,0.192919,0.891517
1450,337328,0.05,,300,25.7,23.3,0.083396,75000,uniform,nan,nan,nan,nan,nan,0.000457,0.206962,1.077484
1451,337628,0.05,,300,28.1,27.7,0.087341,75000,uniform,nan,nan,nan,nan,nan,0.00447,0.20577,1.163172
1452,337928,0.05,,300,23.9,22.9,0.086381,75000,uniform,nan,nan,nan,nan,nan,-0.010889,0.203709,1.177608
1453,338228,0.05,,300,27.5,23.1,0.07468,75000,uniform,nan,nan,nan,nan,nan,-0.011858,0.198288,0.855042
1454,338446,0.05,-1,218,18.91,131.31,0.079198,75000,uniform,nan,nan,nan,nan,nan,-0.010222,0.201688,0.990983
1455,338746,0.05,,300,25.1,25.5,0.094381,75000,uniform,nan,nan,nan,nan,nan,-0.015047,0.213833,1.22181
1456,338899,0.05,1,153,131.63,23.44,0.0611,75000,uniform,nan,nan,nan,nan,nan,-0.014762,0.177717,0.590785
1457,339199,0.05,,300,25.5,25.5,0.088606,75000,uniform,nan,nan,nan,nan,nan,-0.005473,0.213543,1.015618
1458,339499,0.05,,300,23.9,27.9,0.080907,75000,uniform,nan,nan,nan,nan,nan,-0.003976,0.200012,0.93254
1459,339799,0.05,,300,26.5,24.9,0.069419,75000,uniform,nan,nan,nan,nan,nan,-0.003861,0.185944,0.831828
1460,340099,0.05,,300,25.3,27.5,0.089907,75000,uniform,nan,nan,nan,nan,nan,-0.019259,0.214062,1.429283
1461,340399,0.05,,300,25.7,22.7,0.084298,75000,uniform,nan,nan,nan,nan,nan,-0.008566,0.204838,1.102143
1462,340699,0.05,,300,23.1,28.1,0.077137,75000,uniform,nan,nan,nan,nan,nan,-0.01212,0.195733,1.099719
1463,340999,0.05,,300,25.3,25.1,0.081247,75000,uniform,nan,nan,nan,nan,nan,-0.008338,0.198033,1.213585
1464,341299,0.05,,300,25.5,25.5,0.082359,75000,uniform,nan,nan,nan,nan,nan,-0.002032,0.208446,0.814157
1465,341599,0.05,,300,25.1,25.5,0.079897,75000,uniform,nan,nan,nan,nan,nan,0.00914,0.198561,0.976364
1466,341899,0.05,,300,25.5,27.5,0.075734,75000,uniform,nan,nan,nan,nan,nan,-0.007786,0.191869,0.921797
1467,342199,0.05,,300,25.3,26.1,0.086759,75000,uniform,nan,nan,nan,nan,nan,-0.014787,0.211508,1.095035
1468,342499,0.05,,300,26.3,27.7,0.089684,75000,uniform,nan,nan,nan,nan,nan,-0.014777,0.209129,1.177201
1469,342620,0.05,1,121,131.79,27.0,0.067033,75000,uniform,nan,nan,nan,nan,nan,-0.001159,0.184263,0.742266
1470,342920,0.05,,300,25.5,26.3,0.069461,75000,uniform,nan,nan,nan,nan,nan,-0.004142,0.18769,0.776473
1471,343220,0.05,,300,24.9,28.7,0.093213,75000,uniform,nan,nan,nan,nan,nan,0.000101,0.22141,0.948959
1472,343520,0.05,,300,25.5,25.1,0.094111,75000,uniform,nan,nan,nan,nan,nan,-0.003848,0.214113,1.090844
1473,343625,0.05,1,105,131.87,28.68,0.080151,75000,uniform,nan,nan,nan,nan,nan,-0.011094,0.199958,1.087126
1474,343763,0.05,-1,138,26.51,131.71,0.09588,75000,uniform,nan,nan,nan,nan,nan,0.006032,0.215826,1.169855
1475,343908,0.05,1,145,131.67,27.28,0.093488,75000,uniform,nan,nan,nan,nan,nan,0.009299,0.211513,0.974328
1476,344070,0.05,-1,162,29.39,131.59,0.113839,75000,uniform,nan,nan,nan,nan,nan,-0.025049,0.243039,1.259632
1477,344370,0.05,,300,25.1,25.3,0.093093,75000,uniform,nan,nan,nan,nan,nan,-0.014487,0.21861,0.986419
1478,344670,0.05,,300,27.5,25.3,0.092769,75000,uniform,nan,nan,nan,nan,nan,-0.014974,0.213648,1.134713
1479,344970,0.05,,300,28.7,20.7,0.069393,75000,uniform,nan,nan,nan,nan,nan,-0.005226,0.187378,0.764004
1480,345270,0.05,,300,23.3,25.3,0.095584,75000,uniform,nan,nan,nan,nan,nan,0.007034,0.226741,0.993578
1481,345570,0.05,,300,27.3,26.1,0.08234,75000,uniform,nan,nan,nan,nan,nan,0.002613,0.203416,0.807598
1482,345680,0.05,-1,110,26.25,131.85,0.123003,75000,uniform,nan,nan,nan,nan,nan,0.015808,0.24426,1.663206
1483,345980,0.05,,300,24.9,25.3,0.093326,75000,uniform,nan,nan,nan,nan,nan,0.004064,0.213168,1.169991
1484,346280,0.05,,300,23.3,22.9,0.092685,75000,uniform,nan,nan,nan,nan,nan,-0.013667,0.224091,0.930818
1485,346580,0.05,,300,25.3,25.3,0.084878,75000,uniform,nan,nan,nan,nan,nan,0.004752,0.207391,1.043447
1486,346880,0.05,,300,27.7,23.5,0.086283,75000,uniform,nan,nan,nan,nan,nan,-0.020013,0.205382,1.154269
1487,347180,0.05,,300,26.1,27.7,0.096114,75000,uniform,nan,nan,nan,nan,nan,-0.002515,0.222017,1.081499
1488,347372,0.05,-1,192,23.44,131.44,0.074192,75000,uniform,nan,nan,nan,nan,nan,0.002264,0.193492,0.775693
1489,347672,0.05,,300,25.9,27.7,0.084875,75000,uniform,nan,nan,nan,nan,nan,-0.014478,0.204483,1.055631
1490,347972,0.05,,300,25.5,25.5,0.077116,75000,uniform,nan,nan,nan,nan,nan,-0.006929,0.194913,1.120033
1491,348229,0.05,1,257,131.11,28.72,0.067194,75000,uniform,nan,nan,nan,nan,nan,-0.004514,0.19351,0.658177
1492,348529,0.05,,300,25.1,27.7,0.080943,75000,uniform,nan,nan,nan,nan,nan,0.003894,0.201513,1.13259
1493,348829,0.05,,300,25.3,25.3,0.079655,75000,uniform,nan,nan,nan,nan,nan,-0.011811,0.197183,0.987302
1494,349083,0.05,-1,254,23.73,131.13,0.080604,75000,uniform,nan,nan,nan,nan,nan,-0.015673,0.206649,1.000186
1495,349383,0.05,,300,25.5,25.5,0.087086,75000,uniform,nan,nan,nan,nan,nan,-0.009395,0.210002,1.085952
1496,349569,0.05,-1,186,26.87,131.47,0.069531,75000,uniform,nan,nan,nan,nan,nan,-0.009934,0.189818,0.857167
1497,349869,0.05,,300,25.3,23.3,0.073845,75000,uniform,nan,nan,nan,nan,nan,-0.004647,0.191386,0.863452
1498,350169,0.05,,300,26.3,27.7,0.077524,75000,uniform,nan,nan,nan,nan,nan,0.005029,0.202889,0.822044
1499,350469,0.05,,300,25.3,24.7,0.097279,75000,uniform,nan,nan,nan,nan,nan,-0.008478,0.218473,1.223973
1500,350769,0.05,,300,27.7,26.3,0.06739,75000,uniform,nan,nan,nan,nan,nan,-0.007936,0.186187,0.718818
