replay_type,seed,episode,total_steps,epsilon,winner,moves,total_reward_player1,total_reward_player_minus1,loss_mean,buffer_size,per_alpha,per_beta,priority_mean,priority_max,priority_std,td_error_mean,td_error_abs_mean,td_error_std
uniform,1,1,300,0.9905,,300,7.7,12.7,2.645555,300,,,,,,-2.213679,3.019536,4.180001
uniform,1,2,600,0.981,,300,7.9,11.5,0.957928,600,,,,,,-0.277608,1.260772,2.242478
uniform,1,3,900,0.9715,,300,7.7,3.7,1.02802,900,,,,,,-0.235096,1.356733,2.339142
uniform,1,4,1200,0.962,,300,4.3,6.1,2.234679,1200,,,,,,0.342073,2.641129,3.763062
uniform,1,5,1500,0.9525,,300,8.7,5.9,2.03819,1500,,,,,,0.18253,2.432922,3.568269
uniform,1,6,1800,0.943,,300,18.1,5.5,1.582247,1800,,,,,,-0.019007,1.95245,3.117213
uniform,1,7,2100,0.9335,,300,18.7,6.3,1.336913,2100,,,,,,-0.20463,1.712327,2.687238
uniform,1,8,2400,0.924,,300,11.1,7.9,0.604766,2400,,,,,,-0.116172,0.955612,1.396888
uniform,1,9,2700,0.9145,,300,10.5,11.9,0.389861,2700,,,,,,-0.0407,0.691366,1.08304
uniform,1,10,3000,0.905,,300,11.9,10.1,0.315016,3000,,,,,,-0.053933,0.590258,0.987957
uniform,1,11,3300,0.8955,,300,11.9,14.3,0.463461,3300,,,,,,0.18786,0.824263,1.092555
uniform,1,12,3600,0.886,,300,7.7,10.1,0.248183,3600,,,,,,0.014667,0.544634,0.78387
uniform,1,13,3900,0.8765,,300,12.5,9.9,0.184279,3900,,,,,,-0.00251,0.444202,0.673669
uniform,1,14,4200,0.867,,300,15.5,5.9,0.243403,4200,,,,,,-0.135575,0.538929,0.743071
uniform,1,15,4500,0.8575,,300,9.9,13.5,0.121005,4500,,,,,,-0.028168,0.369098,0.509446
uniform,1,16,4800,0.848,,300,11.1,15.3,0.086324,4800,,,,,,-0.014628,0.300822,0.432829
uniform,1,17,5100,0.8385,,300,18.9,11.5,0.134725,5100,,,,,,0.067601,0.378323,0.536223
uniform,1,18,5400,0.829,,300,8.9,10.3,0.126546,5400,,,,,,0.046013,0.386915,0.512764
uniform,1,19,5700,0.8195,,300,13.7,14.9,0.081508,5700,,,,,,0.014421,0.299279,0.410418
uniform,1,20,6000,0.81,,300,17.3,18.7,0.064655,6000,,,,,,0.004536,0.252612,0.370707
uniform,1,21,6300,0.8005,,300,16.1,11.7,0.102703,6300,,,,,,-0.062333,0.335578,0.461431
uniform,1,22,6600,0.791,,300,15.7,20.7,0.055229,6600,,,,,,-0.00904,0.231343,0.341558
uniform,1,23,6900,0.7815,,300,19.9,20.7,0.041878,6900,,,,,,-0.005817,0.192465,0.302915
uniform,1,24,7200,0.772,,300,17.5,14.9,0.076509,7200,,,,,,0.041895,0.278504,0.397001
uniform,1,25,7500,0.7625,,300,20.1,11.9,0.053372,7500,,,,,,0.012422,0.229823,0.335153
uniform,1,26,7800,0.753,,300,19.7,12.9,0.039464,7800,,,,,,0.004099,0.18645,0.289095
uniform,1,27,8100,0.7435,,300,17.9,16.3,0.053809,8100,,,,,,-0.027739,0.21816,0.337133
uniform,1,28,8400,0.734,,300,13.7,13.7,0.041573,8400,,,,,,-0.01196,0.199721,0.294246
uniform,1,29,8700,0.7245,,300,17.7,20.5,0.032062,8700,,,,,,-0.007275,0.160866,0.267242
uniform,1,30,9000,0.715,,300,14.5,13.7,0.026023,9000,,,,,,-0.004871,0.137879,0.243949
uniform,1,31,9300,0.7055,,300,15.5,15.7,0.058063,9300,,,,,,0.029605,0.242345,0.346199
uniform,1,32,9600,0.696,,300,20.9,17.5,0.032746,9600,,,,,,0.005565,0.169135,0.261035
uniform,1,33,9900,0.6865,,300,17.5,16.5,0.026674,9900,,,,,,0.001423,0.144145,0.239192
uniform,1,34,10200,0.677,,300,20.3,20.3,0.043564,10200,,,,,,-0.026208,0.19932,0.30308
uniform,1,35,10500,0.6675,,300,25.7,23.7,0.030425,10500,,,,,,-0.009004,0.160331,0.259885
uniform,1,36,10800,0.658,,300,25.7,18.7,0.023217,10800,,,,,,-0.003913,0.131589,0.223538
uniform,1,37,11100,0.6485,,300,19.7,21.1,0.035861,11100,,,,,,0.015766,0.170199,0.276356
uniform,1,38,11400,0.639,,300,13.7,22.9,0.036498,11400,,,,,,0.008289,0.178293,0.281588
uniform,1,39,11700,0.6295,,300,19.9,19.9,0.028632,11700,,,,,,0.002012,0.147606,0.249937
uniform,1,40,12000,0.62,,300,25.9,16.7,0.022199,12000,,,,,,-0.000242,0.126525,0.21826
uniform,1,41,12300,0.6105,,300,18.9,21.3,0.041457,12300,,,,,,-0.024127,0.200163,0.293109
uniform,1,42,12600,0.601,,300,22.5,21.7,0.024353,12600,,,,,,-0.005904,0.140902,0.227438
uniform,1,43,12900,0.5915,,300,19.9,19.5,0.020059,12900,,,,,,-0.004215,0.121119,0.210365
uniform,1,44,13200,0.582,,300,22.1,23.5,0.037887,13200,,,,,,0.020538,0.185201,0.280005
uniform,1,45,13500,0.5725,,300,24.3,26.5,0.026399,13500,,,,,,0.005385,0.153216,0.235637
uniform,1,46,13800,0.563,,300,18.9,20.5,0.020212,13800,,,,,,0.002893,0.125939,0.206958
uniform,1,47,14100,0.5535,,300,25.9,23.9,0.031451,14100,,,,,,-0.01637,0.159037,0.257034
uniform,1,48,14319,0.546565,1.0,219,131.3,24.71,0.027259,14319,,,,,,-0.009552,0.161638,0.235869
uniform,1,49,14619,0.537065,,300,25.3,20.1,0.031663,14619,,,,,,0.006197,0.144384,1.066108
uniform,1,50,14919,0.527565,,300,22.1,21.5,0.027388,14919,,,,,,0.007803,0.125203,1.057429
uniform,1,51,15219,0.518065,,300,22.9,28.3,0.052077,15219,,,,,,0.033685,0.197744,1.291353
uniform,1,52,15512,0.508787,1.0,293,130.93,24.14,0.030366,15512,,,,,,0.010726,0.153753,0.768988
uniform,1,53,15812,0.499287,,300,26.1,28.1,0.02525,15812,,,,,,0.007872,0.131632,0.769782
uniform,1,54,16112,0.489787,,300,26.3,26.5,0.045144,16112,,,,,,0.000557,0.172736,1.288952
uniform,1,55,16412,0.480287,,300,23.3,20.3,0.037122,16412,,,,,,0.001506,0.166513,1.076826
uniform,1,56,16712,0.470787,,300,21.1,28.7,0.03022,16712,,,,,,0.006094,0.136601,1.065632
uniform,1,57,16971,0.462585,1.0,259,131.1,28.91,0.042622,16971,,,,,,0.020751,0.139637,1.594
uniform,1,58,17237,0.454162,-1.0,266,25.67,131.07,0.0653,17237,,,,,,0.048695,0.214568,1.75187
uniform,1,59,17537,0.444662,,300,22.7,28.5,0.064818,17537,,,,,,0.04757,0.185612,2.049266
uniform,1,60,17810,0.436017,1.0,273,131.03,26.24,0.046811,17810,,,,,,0.029603,0.150102,1.696192
uniform,1,61,18084,0.42734,-1.0,274,26.43,131.03,0.067265,18084,,,,,,0.027074,0.191433,2.03649
uniform,1,62,18366,0.41841,-1.0,282,28.59,130.99,0.053951,18366,,,,,,0.017689,0.18543,1.702928
uniform,1,63,18550,0.412583,-1.0,184,24.28,131.48,0.046445,18550,,,,,,0.021262,0.159473,1.636501
uniform,1,64,18769,0.405648,1.0,219,131.3,28.31,0.06149,18769,,,,,,0.038688,0.165398,2.100618
uniform,1,65,19049,0.396782,-1.0,280,28.4,131.0,0.065499,19049,,,,,,0.049922,0.183165,2.022919
uniform,1,66,19338,0.38763,1.0,289,130.95,27.96,0.053173,19338,,,,,,0.035097,0.188749,1.653447
uniform,1,67,19638,0.37813,,300,25.9,28.7,0.077349,19638,,,,,,0.061034,0.190489,2.408843
uniform,1,68,19859,0.371132,1.0,221,131.29,22.3,0.101586,19859,,,,,,0.08662,0.203664,2.924402
uniform,1,69,20066,0.364577,1.0,207,131.36,26.57,0.104602,20066,,,,,,0.058186,0.232956,2.764739
uniform,1,70,20304,0.35704,-1.0,238,26.41,131.21,0.079468,20304,,,,,,0.042112,0.215383,2.31358
uniform,1,71,20485,0.351308,1.0,181,131.49,26.5,0.072755,20485,,,,,,0.047105,0.190411,2.309654
uniform,1,72,20720,0.343867,1.0,235,131.22,29.03,0.085785,20720,,,,,,0.062766,0.193882,2.621833
uniform,1,73,20918,0.337597,-1.0,198,19.81,131.41,0.087477,20918,,,,,,0.068096,0.189122,2.681343
uniform,1,74,21112,0.331453,-1.0,194,28.43,131.43,0.146955,21112,,,,,,0.132931,0.291065,3.392411
uniform,1,75,21276,0.32626,-1.0,164,23.78,131.58,0.065521,21276,,,,,,0.0458,0.200537,1.968148
uniform,1,76,21446,0.320877,-1.0,170,28.55,131.55,0.113037,21446,,,,,,0.096285,0.234713,3.040645
uniform,1,77,21595,0.316158,1.0,149,131.65,29.06,0.103901,21595,,,,,,0.087413,0.215765,2.927371
uniform,1,78,21755,0.311092,-1.0,160,27.0,131.6,0.10621,21755,,,,,,0.090083,0.213737,2.969833
uniform,1,79,21927,0.305645,-1.0,172,24.74,131.54,0.134674,21927,,,,,,0.119261,0.236767,3.459559
uniform,1,80,22132,0.299153,1.0,205,131.37,25.98,0.127406,22132,,,,,,0.068293,0.276353,3.053723
uniform,1,81,22322,0.293137,-1.0,190,25.65,131.45,0.149033,22322,,,,,,0.116982,0.281901,3.572163
uniform,1,82,22529,0.286582,1.0,207,131.36,28.37,0.211329,22529,,,,,,0.182134,0.329633,4.390657
uniform,1,83,22735,0.280058,-1.0,206,29.17,131.37,0.103839,22735,,,,,,0.079021,0.214115,2.932671
uniform,1,84,22904,0.274707,1.0,169,131.55,22.96,0.157383,22904,,,,,,0.13406,0.260544,3.769868
uniform,1,85,23077,0.269228,1.0,173,131.53,28.74,0.22397,23077,,,,,,0.206902,0.365742,4.384414
uniform,1,86,23287,0.262578,-1.0,210,29.15,131.35,0.205877,23287,,,,,,0.185098,0.345255,4.232992
uniform,1,87,23440,0.257733,1.0,153,131.63,26.84,0.157168,23440,,,,,,0.139473,0.284915,3.664446
uniform,1,88,23612,0.252287,-1.0,172,29.34,131.54,0.120973,23612,,,,,,0.100656,0.23985,3.171911
uniform,1,89,23756,0.247727,-1.0,144,28.88,131.68,0.13714,23756,,,,,,0.120357,0.247698,3.454376
uniform,1,90,23980,0.240633,-1.0,224,29.08,131.28,0.238296,23980,,,,,,0.221099,0.34369,4.700547
uniform,1,91,24207,0.233445,1.0,227,131.26,21.67,0.17979,24207,,,,,,0.12249,0.333856,3.833627
uniform,1,92,24360,0.2286,1.0,153,131.63,25.84,0.249088,24360,,,,,,0.215801,0.377324,4.776757
uniform,1,93,24539,0.222932,1.0,179,131.5,26.71,0.161679,24539,,,,,,0.132514,0.281025,3.768185
uniform,1,94,24708,0.21758,1.0,169,131.55,28.96,0.204163,24708,,,,,,0.178708,0.316617,4.320055
uniform,1,95,24915,0.211025,1.0,207,131.36,26.97,0.152951,24915,,,,,,0.130771,0.258481,3.68699
uniform,1,96,25043,0.206972,-1.0,128,27.16,131.76,0.192817,25043,,,,,,0.17472,0.334557,3.983738
uniform,1,97,25169,0.202982,-1.0,126,23.77,131.77,0.216226,25169,,,,,,0.190951,0.367875,4.278566
uniform,1,98,25324,0.198073,1.0,155,131.62,28.63,0.186105,25324,,,,,,0.164447,0.320209,4.007569
uniform,1,99,25488,0.19288,-1.0,164,28.78,131.58,0.223371,25488,,,,,,0.200425,0.350188,4.453784
uniform,1,100,25627,0.188478,1.0,139,131.7,29.51,0.178104,25627,,,,,,0.154323,0.295798,3.927341
uniform,1,101,25794,0.18319,1.0,167,131.56,27.17,0.158987,25794,,,,,,0.138751,0.271908,3.710792
uniform,1,102,26077,0.174228,1.0,283,130.98,27.99,0.127429,26077,,,,,,0.087222,0.256271,3.170789
uniform,1,103,26240,0.169067,1.0,163,131.58,29.39,0.181072,26240,,,,,,0.143212,0.320971,3.950512
uniform,1,104,26368,0.165013,-1.0,128,22.76,131.76,0.158681,26368,,,,,,0.126056,0.287736,3.690306
uniform,1,105,26515,0.160358,1.0,147,131.66,29.47,0.139076,26515,,,,,,0.111363,0.258236,3.463125
uniform,1,106,26684,0.155007,1.0,169,131.55,26.36,0.178899,26684,,,,,,0.150072,0.29406,3.991595
uniform,1,107,26819,0.150732,1.0,135,131.72,24.33,0.226958,26819,,,,,,0.204048,0.338994,4.588411
uniform,1,108,26966,0.146077,1.0,147,131.66,26.47,0.200102,26966,,,,,,0.176511,0.306992,4.281027
uniform,1,109,27105,0.141675,1.0,139,131.7,25.51,0.182663,27105,,,,,,0.167631,0.338161,3.844888
uniform,1,110,27270,0.13645,1.0,165,131.57,29.38,0.269742,27270,,,,,,0.24712,0.404338,4.938818
uniform,1,111,27393,0.132555,1.0,123,131.78,25.99,0.211796,27393,,,,,,0.191019,0.336318,4.346035
uniform,1,112,27514,0.128723,1.0,121,131.79,29.6,0.290731,27514,,,,,,0.26873,0.411754,5.179699
uniform,1,113,27644,0.124607,-1.0,130,23.15,131.75,0.235164,27644,,,,,,0.213222,0.350691,4.620802
uniform,1,114,27805,0.119508,1.0,161,131.59,29.2,0.231822,27805,,,,,,0.210978,0.343064,4.613527
uniform,1,115,27924,0.11574,1.0,119,131.8,26.01,0.307583,27924,,,,,,0.285343,0.415379,5.38318
uniform,1,116,28064,0.111307,-1.0,140,29.5,131.7,0.30542,28064,,,,,,0.240702,0.455419,5.183482
uniform,1,117,28199,0.107032,1.0,135,131.72,28.73,0.237901,28199,,,,,,0.199366,0.381591,4.607795
uniform,1,118,28307,0.103612,-1.0,108,26.66,131.86,0.21503,28307,,,,,,0.17993,0.348803,4.376617
uniform,1,119,28414,0.100223,1.0,107,131.86,27.27,0.200544,28414,,,,,,0.16621,0.328239,4.223366
uniform,1,120,28518,0.09693,-1.0,104,28.68,131.88,0.185186,28518,,,,,,0.158573,0.304572,4.066133
uniform,1,121,28670,0.092117,-1.0,152,25.24,131.64,0.238505,28670,,,,,,0.208375,0.359024,4.670357
uniform,1,122,28800,0.088,-1.0,130,23.75,131.75,0.225022,28800,,,,,,0.201064,0.338354,4.559668
uniform,1,123,28928,0.083947,-1.0,128,29.56,131.76,0.239804,28928,,,,,,0.214118,0.349884,4.723221
uniform,1,124,29030,0.080717,-1.0,102,26.09,131.89,0.220762,29030,,,,,,0.195883,0.364416,4.271363
uniform,1,125,29188,0.075713,-1.0,158,29.41,131.61,0.189886,29188,,,,,,0.165051,0.341465,3.962865
uniform,1,126,29281,0.072768,1.0,93,131.93,24.54,0.243841,29281,,,,,,0.222464,0.379384,4.655244
uniform,1,127,29581,0.063268,,300,24.5,28.7,0.21341,29581,,,,,,0.192029,0.337196,4.35902
uniform,1,128,29687,0.059912,-1.0,106,29.47,131.87,0.11256,29687,,,,,,0.088525,0.229794,2.997153
uniform,1,129,29795,0.056492,-1.0,108,27.06,131.86,0.277697,29795,,,,,,0.255291,0.394089,5.038028
uniform,1,130,29878,0.053863,1.0,83,131.98,25.79,0.261294,29878,,,,,,0.241562,0.372196,4.939124
uniform,1,131,29990,0.050317,-1.0,112,26.44,131.84,0.188201,29990,,,,,,0.166386,0.29976,4.102775
uniform,1,132,30113,0.05,1.0,123,131.78,23.59,0.224244,30113,,,,,,0.146141,0.396444,4.258775
uniform,1,133,30232,0.05,1.0,119,131.8,23.41,0.31583,30232,,,,,,0.278964,0.457602,5.391724
uniform,1,134,30323,0.05,1.0,91,131.94,26.75,0.264307,30323,,,,,,0.2312,0.39547,4.924314
uniform,1,135,30417,0.05,-1.0,94,23.73,131.93,0.273904,30417,,,,,,0.237576,0.401674,4.981618
uniform,1,136,30563,0.05,-1.0,146,28.47,131.67,0.215817,30563,,,,,,0.186677,0.338087,4.424435
uniform,1,137,30838,0.05,1.0,275,131.02,28.83,0.254721,30838,,,,,,0.225935,0.370642,4.863318
uniform,1,138,30981,0.05,1.0,143,131.68,26.49,0.216801,30981,,,,,,0.191941,0.328414,4.463886
uniform,1,139,31121,0.05,-1.0,140,29.1,131.7,0.249958,31121,,,,,,0.229719,0.41238,4.579467
uniform,1,140,31230,0.05,1.0,109,131.85,26.06,0.338202,31230,,,,,,0.317004,0.476601,5.564624
uniform,1,141,31323,0.05,1.0,93,131.93,29.54,0.323199,31323,,,,,,0.302966,0.455813,5.449529
uniform,1,142,31427,0.05,-1.0,104,27.48,131.88,0.24537,31427,,,,,,0.223765,0.370228,4.718169
uniform,1,143,31530,0.05,1.0,103,131.88,28.69,0.440796,31530,,,,,,0.41923,0.563669,6.444729
uniform,1,144,31643,0.05,1.0,113,131.83,26.64,0.263547,31643,,,,,,0.243939,0.38179,4.895813
uniform,1,145,31760,0.05,1.0,117,131.81,25.82,0.415239,31760,,,,,,0.392375,0.531263,6.248106
uniform,1,146,31869,0.05,1.0,109,131.85,29.66,0.274253,31869,,,,,,0.253129,0.387879,5.013708
uniform,1,147,31964,0.05,1.0,95,131.92,23.93,0.312518,31964,,,,,,0.287444,0.426516,5.364622
uniform,1,148,32072,0.05,-1.0,108,26.86,131.86,0.221793,32072,,,,,,0.139587,0.390532,4.180901
uniform,1,149,32165,0.05,1.0,93,131.93,23.54,0.347752,32165,,,,,,0.298504,0.495687,5.590979
uniform,1,150,32301,0.05,-1.0,136,26.12,131.72,0.312803,32301,,,,,,0.274622,0.449755,5.336944
uniform,1,151,32413,0.05,-1.0,112,29.64,131.84,0.26014,32413,,,,,,0.224429,0.391008,4.835393
uniform,1,152,32511,0.05,-1.0,98,25.71,131.91,0.250092,32511,,,,,,0.211975,0.37625,4.740614
uniform,1,153,32618,0.05,1.0,107,131.86,29.67,0.287502,32618,,,,,,0.251519,0.412095,5.120727
uniform,1,154,32918,0.05,,300,26.5,26.9,0.31207,32918,,,,,,0.281967,0.430522,5.377661
uniform,1,155,33218,0.05,,300,26.3,26.9,0.307,33218,,,,,,0.280797,0.453109,5.223687
uniform,1,156,33518,0.05,,300,24.7,28.7,0.341465,33518,,,,,,0.316825,0.470582,5.588755
uniform,1,157,33621,0.05,1.0,103,131.88,29.49,0.274352,33621,,,,,,0.252206,0.395395,5.001914
uniform,1,158,33795,0.05,-1.0,174,29.33,131.53,0.328945,33795,,,,,,0.304804,0.44768,5.492686
uniform,1,159,33900,0.05,1.0,105,131.87,27.28,0.340224,33900,,,,,,0.319164,0.453582,5.630591
uniform,1,160,34012,0.05,-1.0,112,29.04,131.84,0.273657,34012,,,,,,0.210716,0.403248,4.866071
uniform,1,161,34159,0.05,1.0,147,131.66,29.27,0.288446,34159,,,,,,0.249301,0.443459,5.046157
uniform,1,162,34280,0.05,1.0,121,131.79,27.2,0.281347,34280,,,,,,0.241275,0.417786,4.99231
uniform,1,163,34372,0.05,-1.0,92,24.34,131.94,0.291662,34372,,,,,,0.256685,0.422694,5.12678
uniform,1,164,34476,0.05,-1.0,104,29.68,131.88,0.379685,34476,,,,,,0.341723,0.506336,5.907986
uniform,1,165,34588,0.05,-1.0,112,26.44,131.84,0.354674,34588,,,,,,0.321771,0.479193,5.713528
uniform,1,166,34737,0.05,1.0,149,131.65,26.06,0.333353,34737,,,,,,0.302027,0.45391,5.557077
uniform,1,167,34854,0.05,1.0,117,131.81,29.62,0.236009,34854,,,,,,0.203908,0.353592,4.602311
uniform,1,168,34987,0.05,1.0,133,131.73,26.34,0.435869,34987,,,,,,0.403547,0.550475,6.361515
uniform,1,169,35096,0.05,1.0,109,131.85,26.86,0.324124,35096,,,,,,0.297197,0.488808,5.25681
uniform,1,170,35224,0.05,-1.0,128,26.56,131.76,0.389904,35224,,,,,,0.357328,0.532901,5.934591
uniform,1,171,35518,0.05,-1.0,294,26.33,130.93,0.286253,35518,,,,,,0.253363,0.418225,4.997412
uniform,1,172,35643,0.05,1.0,125,131.77,20.58,0.357514,35643,,,,,,0.323272,0.482502,5.681055
uniform,1,173,35757,0.05,-1.0,114,28.83,131.83,0.213368,35757,,,,,,0.181356,0.336613,4.25844
uniform,1,174,35855,0.05,-1.0,98,26.91,131.91,0.369309,35855,,,,,,0.332582,0.490016,5.790109
uniform,1,175,35949,0.05,-1.0,94,26.73,131.93,0.367923,35949,,,,,,0.334526,0.485805,5.789685
uniform,1,176,36056,0.05,1.0,107,131.86,24.07,0.399295,36056,,,,,,0.32601,0.560779,5.886443
uniform,1,177,36180,0.05,-1.0,124,27.38,131.78,0.342052,36180,,,,,,0.290073,0.491332,5.476331
uniform,1,178,36278,0.05,-1.0,98,26.11,131.91,0.245239,36278,,,,,,0.187499,0.387951,4.515054
uniform,1,179,36376,0.05,-1.0,98,26.11,131.91,0.281217,36376,,,,,,0.234805,0.417674,4.936933
uniform,1,180,36486,0.05,-1.0,110,28.65,131.85,0.436012,36486,,,,,,0.389856,0.570704,6.297236
uniform,1,181,36628,0.05,-1.0,142,28.89,131.69,0.344396,36628,,,,,,0.30158,0.475115,5.5599
uniform,1,182,36906,0.05,-1.0,278,28.81,131.01,0.338996,36906,,,,,,0.296635,0.466104,5.517575
uniform,1,183,37035,0.05,1.0,129,131.75,29.36,0.441697,37035,,,,,,0.403422,0.591076,6.246459
uniform,1,184,37238,0.05,1.0,203,131.38,29.19,0.412199,37238,,,,,,0.371722,0.565071,6.036374
uniform,1,185,37381,0.05,1.0,143,131.68,29.09,0.353454,37381,,,,,,0.310093,0.495161,5.54951
uniform,1,186,37514,0.05,1.0,133,131.73,29.54,0.405525,37514,,,,,,0.368691,0.541966,6.016647
uniform,1,187,37616,0.05,-1.0,102,24.29,131.89,0.359953,37616,,,,,,0.319726,0.495799,5.628655
uniform,1,188,37736,0.05,-1.0,120,27.4,131.8,0.394999,37736,,,,,,0.33893,0.529878,5.895262
uniform,1,189,37840,0.05,-1.0,104,26.68,131.88,0.527872,37840,,,,,,0.483934,0.659619,6.923366
uniform,1,190,38136,0.05,-1.0,296,26.52,130.92,0.366133,38136,,,,,,0.304784,0.51646,5.61537
uniform,1,191,38247,0.05,1.0,111,131.84,24.25,0.475264,38247,,,,,,0.410978,0.62888,6.45485
uniform,1,192,38447,0.05,-1.0,200,26.6,131.4,0.346811,38447,,,,,,0.295759,0.491951,5.499014
uniform,1,193,38564,0.05,1.0,117,131.81,26.42,0.396959,38564,,,,,,0.346655,0.537259,5.915044
uniform,1,194,38682,0.05,-1.0,118,27.21,131.81,0.407139,38682,,,,,,0.357841,0.543564,6.011242
uniform,1,195,38825,0.05,1.0,143,131.68,26.29,0.287686,38825,,,,,,0.235592,0.420886,4.919175
uniform,1,196,38946,0.05,1.0,121,131.79,23.8,0.397982,38946,,,,,,0.352065,0.528436,5.986589
uniform,1,197,39059,0.05,1.0,113,131.83,29.64,0.452589,39059,,,,,,0.408211,0.615874,6.238314
uniform,1,198,39196,0.05,1.0,137,131.71,29.52,0.457685,39196,,,,,,0.406178,0.617942,6.29145
uniform,1,199,39311,0.05,1.0,115,131.82,27.43,0.335114,39311,,,,,,0.279048,0.487402,5.30813
uniform,1,200,39434,0.05,1.0,123,131.78,28.59,0.175803,39434,,,,,,0.127161,0.319865,3.636746
uniform,1,201,39734,0.05,,300,22.5,26.5,0.368579,39734,,,,,,0.316658,0.506672,5.626916
uniform,1,202,39942,0.05,-1.0,208,26.36,131.36,0.400566,39942,,,,,,0.350279,0.533476,5.871082
uniform,1,203,40090,0.05,-1.0,148,27.06,131.66,0.475164,40090,,,,,,0.386889,0.64228,6.339452
uniform,1,204,40194,0.05,-1.0,104,25.68,131.88,0.384047,40194,,,,,,0.298807,0.543304,5.601479
uniform,1,205,40334,0.05,-1.0,140,24.5,131.7,0.389617,40334,,,,,,0.324174,0.542485,5.779472
uniform,1,206,40429,0.05,1.0,95,131.92,26.13,0.472364,40429,,,,,,0.40047,0.621958,6.376778
uniform,1,207,40529,0.05,-1.0,100,20.9,131.9,0.342618,40529,,,,,,0.278386,0.489025,5.35484
uniform,1,208,40731,0.05,-1.0,202,23.59,131.39,0.320593,40731,,,,,,0.256895,0.460636,5.143111
uniform,1,209,40851,0.05,-1.0,120,26.4,131.8,0.317324,40851,,,,,,0.252977,0.455873,5.112154
uniform,1,210,40957,0.05,-1.0,106,23.67,131.87,0.41803,40957,,,,,,0.360057,0.555972,6.015753
uniform,1,211,41093,0.05,-1.0,136,29.32,131.72,0.409495,41093,,,,,,0.345962,0.577,5.801487
uniform,1,212,41393,0.05,,300,28.7,27.1,0.389527,41393,,,,,,0.324669,0.54469,5.666508
uniform,1,213,41499,0.05,-1.0,106,28.87,131.87,0.39157,41499,,,,,,0.307786,0.543147,5.610255
uniform,1,214,41767,0.05,-1.0,268,23.06,131.06,0.377965,41767,,,,,,0.314939,0.523249,5.574303
uniform,1,215,41899,0.05,-1.0,132,26.74,131.74,0.443286,41899,,,,,,0.38225,0.583834,6.12565
uniform,1,216,41994,0.05,1.0,95,131.92,23.53,0.498861,41994,,,,,,0.42491,0.639952,6.410116
uniform,1,217,42098,0.05,-1.0,104,26.48,131.88,0.371708,42098,,,,,,0.246224,0.560908,5.323335
uniform,1,218,42184,0.05,-1.0,86,21.37,131.97,0.431429,42184,,,,,,0.328854,0.598485,5.929242
uniform,1,219,42441,0.05,1.0,257,131.11,25.92,0.408675,42441,,,,,,0.322906,0.567885,5.755878
uniform,1,220,42572,0.05,1.0,131,131.74,29.15,0.416003,42572,,,,,,0.32238,0.568497,5.789219
uniform,1,221,42715,0.05,1.0,143,131.68,26.49,0.39304,42715,,,,,,0.305124,0.541176,5.63242
uniform,1,222,42888,0.05,1.0,173,131.53,26.94,0.427007,42888,,,,,,0.32059,0.574646,5.818801
uniform,1,223,43188,0.05,,300,25.5,26.5,0.426684,43188,,,,,,0.333827,0.594409,5.725051
uniform,1,224,43325,0.05,1.0,137,131.71,29.52,0.514649,43325,,,,,,0.420953,0.677448,6.428532
uniform,1,225,43492,0.05,1.0,167,131.56,27.17,0.415685,43492,,,,,,0.328915,0.573458,5.671979
uniform,1,226,43620,0.05,-1.0,128,27.36,131.76,0.423123,43620,,,,,,0.312902,0.580653,5.706478
uniform,1,227,43805,0.05,1.0,185,131.47,28.68,0.437515,43805,,,,,,0.327899,0.590083,5.794258
uniform,1,228,43911,0.05,-1.0,106,28.87,131.87,0.391172,43911,,,,,,0.310807,0.539743,5.544714
uniform,1,229,44068,0.05,1.0,157,131.61,24.62,0.391623,44068,,,,,,0.255538,0.563863,5.292172
uniform,1,230,44173,0.05,1.0,105,131.87,25.28,0.313356,44173,,,,,,0.169628,0.488938,4.6645
uniform,1,231,44311,0.05,-1.0,138,29.31,131.71,0.482221,44311,,,,,,0.35326,0.651259,6.022612
uniform,1,232,44489,0.05,-1.0,178,24.91,131.51,0.393904,44489,,,,,,0.280181,0.556179,5.406492
uniform,1,233,44659,0.05,-1.0,170,29.35,131.55,0.422415,44659,,,,,,0.30672,0.58059,5.6127
uniform,1,234,44820,0.05,1.0,161,131.59,29.4,0.320469,44820,,,,,,0.211971,0.473682,4.78804
uniform,1,235,44940,0.05,-1.0,120,29.6,131.8,0.344206,44940,,,,,,0.234296,0.495517,4.873833
uniform,1,236,45102,0.05,-1.0,162,26.99,131.59,0.44741,45102,,,,,,0.328309,0.625856,5.670347
uniform,1,237,45218,0.05,-1.0,116,29.62,131.82,0.457858,45218,,,,,,0.317978,0.630578,5.700798
uniform,1,238,45346,0.05,-1.0,128,24.16,131.76,0.385861,45346,,,,,,0.243588,0.556698,5.157959
uniform,1,239,45474,0.05,-1.0,128,27.36,131.76,0.52326,45474,,,,,,0.368095,0.693027,6.101209
uniform,1,240,45644,0.05,-1.0,170,29.35,131.55,0.420486,45644,,,,,,0.295785,0.582213,5.459682
uniform,1,241,45747,0.05,1.0,103,131.88,29.29,0.545911,45747,,,,,,0.392256,0.706153,6.314197
uniform,1,242,45876,0.05,1.0,129,131.75,24.36,0.534195,45876,,,,,,0.391204,0.693263,6.391603
uniform,1,243,46018,0.05,-1.0,142,23.89,131.69,0.472629,46018,,,,,,0.305028,0.64074,5.655602
uniform,1,244,46141,0.05,1.0,123,131.78,25.19,0.389024,46141,,,,,,0.164646,0.582101,4.659547
uniform,1,245,46272,0.05,1.0,131,131.74,26.15,0.443061,46272,,,,,,0.271668,0.623407,5.475623
uniform,1,246,46395,0.05,1.0,123,131.78,27.19,0.403905,46395,,,,,,0.231547,0.581961,5.207198
uniform,1,247,46489,0.05,-1.0,94,29.33,131.93,0.376915,46489,,,,,,0.202822,0.548697,4.938823
uniform,1,248,46614,0.05,1.0,125,131.77,24.58,0.432206,46614,,,,,,0.289642,0.600094,5.473855
uniform,1,249,46767,0.05,1.0,153,131.63,29.04,0.430116,46767,,,,,,0.260979,0.598523,5.31812
uniform,1,250,46961,0.05,-1.0,194,28.63,131.43,0.329024,46961,,,,,,0.162348,0.492976,4.371466
uniform,1,251,47096,0.05,1.0,135,131.72,28.53,0.458339,47096,,,,,,0.284848,0.647322,5.442537
uniform,1,252,47273,0.05,1.0,177,131.51,27.12,0.356593,47273,,,,,,0.183041,0.537666,4.545198
uniform,1,253,47445,0.05,-1.0,172,27.14,131.54,0.426445,47445,,,,,,0.203565,0.603355,5.059183
uniform,1,254,47563,0.05,-1.0,118,21.61,131.81,0.497203,47563,,,,,,0.308334,0.671184,5.550616
uniform,1,255,47704,0.05,1.0,141,131.69,28.9,0.489894,47704,,,,,,0.251308,0.661278,5.464511
uniform,1,256,47926,0.05,-1.0,222,29.09,131.29,0.379387,47926,,,,,,0.17108,0.550711,4.600188
uniform,1,257,48116,0.05,-1.0,190,27.05,131.45,0.486468,48116,,,,,,0.240318,0.677094,5.286604
uniform,1,258,48416,0.05,,300,26.5,28.5,0.458136,48416,,,,,,0.176435,0.644928,5.05277
uniform,1,259,48522,0.05,-1.0,106,24.27,131.87,0.358981,48522,,,,,,0.110538,0.540406,4.321671
uniform,1,260,48692,0.05,-1.0,170,29.35,131.55,0.425622,48692,,,,,,0.197672,0.602536,4.928047
uniform,1,261,48904,0.05,-1.0,212,26.94,131.34,0.438966,48904,,,,,,0.19948,0.616062,4.92242
uniform,1,262,49025,0.05,1.0,121,131.79,29.4,0.499726,49025,,,,,,0.262842,0.687085,5.430204
uniform,1,263,49233,0.05,-1.0,208,26.96,131.36,0.495772,49233,,,,,,0.113586,0.697544,4.885121
uniform,1,264,49446,0.05,1.0,213,131.33,29.14,0.443272,49446,,,,,,0.114921,0.638415,4.672868
uniform,1,265,49739,0.05,1.0,293,130.93,28.74,0.444278,49739,,,,,,0.158084,0.634598,4.6456
uniform,1,266,50039,0.05,,300,24.9,26.5,0.472565,50039,,,,,,0.133311,0.66365,4.911788
uniform,1,267,50156,0.05,1.0,117,131.81,21.62,0.547048,50156,,,,,,0.081396,0.756975,5.427148
uniform,1,268,50291,0.05,1.0,135,131.72,21.53,0.482798,50291,,,,,,0.105556,0.687159,4.930085
uniform,1,269,50437,0.05,-1.0,146,27.07,131.67,0.53623,50437,,,,,,0.079286,0.737849,5.254647
uniform,1,270,50737,0.05,,300,24.1,27.5,0.526286,50737,,,,,,0.007103,0.72231,5.245996
uniform,1,271,50893,0.05,-1.0,156,22.62,131.62,0.552962,50893,,,,,,0.012435,0.746081,5.362394
uniform,1,272,51193,0.05,,300,26.5,25.9,0.504859,51193,,,,,,-0.041674,0.71228,4.941995
uniform,1,273,51362,0.05,1.0,169,131.55,29.16,0.528932,51362,,,,,,-0.075536,0.735985,5.267341
uniform,1,274,51632,0.05,-1.0,270,26.45,131.05,0.490429,51632,,,,,,-0.050019,0.691677,5.044623
uniform,1,275,51872,0.05,-1.0,240,24.6,131.2,0.522193,51872,,,,,,-0.023758,0.721946,5.206912
uniform,1,276,52024,0.05,-1.0,152,27.24,131.64,0.415129,52024,,,,,,-0.095872,0.619175,4.42059
uniform,1,277,52175,0.05,1.0,151,131.64,28.85,0.45152,52175,,,,,,-0.095131,0.669925,4.867675
uniform,1,278,52288,0.05,1.0,113,131.83,23.84,0.49404,52288,,,,,,-0.098205,0.701585,5.224213
uniform,1,279,52573,0.05,1.0,285,130.97,28.38,0.463795,52573,,,,,,-0.054518,0.670391,4.82817
uniform,1,280,52754,0.05,1.0,181,131.49,26.3,0.574704,52754,,,,,,-0.129437,0.775456,5.71614
uniform,1,281,52988,0.05,-1.0,234,24.63,131.23,0.495287,52988,,,,,,-0.155649,0.695457,5.084307
uniform,1,282,53186,0.05,-1.0,198,26.21,131.41,0.472202,53186,,,,,,-0.043318,0.689059,5.042599
uniform,1,283,53328,0.05,-1.0,142,25.09,131.69,0.526183,53328,,,,,,-0.158659,0.735188,5.790401
uniform,1,284,53597,0.05,1.0,269,131.05,28.26,0.488898,53597,,,,,,-0.099416,0.693236,5.309218
uniform,1,285,53897,0.05,,300,25.3,22.9,0.435013,53897,,,,,,-0.122051,0.634678,4.789678
uniform,1,286,54020,0.05,1.0,123,131.78,20.59,0.573131,54020,,,,,,-0.198203,0.77235,6.085334
uniform,1,287,54148,0.05,-1.0,128,27.36,131.76,0.56823,54148,,,,,,-0.256256,0.782534,5.875812
uniform,1,288,54258,0.05,-1.0,110,21.65,131.85,0.532266,54258,,,,,,-0.163325,0.740083,5.489343
uniform,1,289,54462,0.05,-1.0,204,24.38,131.38,0.482432,54462,,,,,,-0.177364,0.686887,5.440042
uniform,1,290,54596,0.05,-1.0,134,26.93,131.73,0.448359,54596,,,,,,-0.138771,0.645448,4.966939
uniform,1,291,54751,0.05,1.0,155,131.62,23.03,0.569708,54751,,,,,,-0.257581,0.768619,6.09185
uniform,1,292,54906,0.05,1.0,155,131.62,27.23,0.564736,54906,,,,,,-0.220908,0.760407,6.058123
uniform,1,293,55041,0.05,1.0,135,131.72,29.33,0.431158,55041,,,,,,-0.145763,0.632024,5.018035
uniform,1,294,55281,0.05,-1.0,240,26.8,131.2,0.499858,55281,,,,,,-0.181228,0.707819,5.432495
uniform,1,295,55566,0.05,1.0,285,130.97,28.78,0.486612,55566,,,,,,-0.16552,0.690416,5.337934
uniform,1,296,55663,0.05,1.0,97,131.91,23.92,0.581211,55663,,,,,,-0.281168,0.783023,5.988328
uniform,1,297,55869,0.05,-1.0,206,26.77,131.37,0.523772,55869,,,,,,-0.221536,0.722608,5.628582
uniform,1,298,56169,0.05,,300,28.5,26.1,0.488906,56169,,,,,,-0.26284,0.694841,5.508087
uniform,1,299,56321,0.05,-1.0,152,28.24,131.64,0.520344,56321,,,,,,-0.153553,0.726262,5.566366
uniform,1,300,56555,0.05,-1.0,234,28.23,131.23,0.520763,56555,,,,,,-0.256034,0.727696,5.646313
uniform,1,301,56764,0.05,1.0,209,131.35,25.56,0.559835,56764,,,,,,-0.297161,0.762221,5.92428
uniform,1,302,57064,0.05,,300,22.9,28.7,0.44174,57064,,,,,,-0.187586,0.645209,5.085306
uniform,1,303,57188,0.05,-1.0,124,24.38,131.78,0.432544,57188,,,,,,-0.241143,0.643392,5.0383
uniform,1,304,57310,0.05,-1.0,122,24.79,131.79,0.483888,57310,,,,,,-0.267327,0.689005,5.346889
uniform,1,305,57414,0.05,-1.0,104,25.28,131.88,0.513361,57414,,,,,,-0.270206,0.718883,5.378855
uniform,1,306,57506,0.05,-1.0,92,21.14,131.94,0.523382,57506,,,,,,-0.261508,0.721994,5.516217
uniform,1,307,57719,0.05,1.0,213,131.33,22.14,0.568979,57719,,,,,,-0.286992,0.768796,5.961674
uniform,1,308,57958,0.05,1.0,239,131.2,26.81,0.54566,57958,,,,,,-0.33052,0.739138,5.986793
uniform,1,309,58131,0.05,1.0,173,131.53,26.54,0.478023,58131,,,,,,-0.304087,0.68453,5.533489
uniform,1,310,58218,0.05,1.0,87,131.96,25.17,0.521472,58218,,,,,,-0.334535,0.728269,5.953811
uniform,1,311,58354,0.05,-1.0,136,27.32,131.72,0.545598,58354,,,,,,-0.240729,0.748356,6.020852
uniform,1,312,58513,0.05,1.0,159,131.6,27.21,0.458012,58513,,,,,,-0.295933,0.658612,5.264774
uniform,1,313,58730,0.05,1.0,217,131.31,26.52,0.465252,58730,,,,,,-0.223311,0.662036,5.407277
uniform,1,314,58857,0.05,1.0,127,131.76,27.37,0.584397,58857,,,,,,-0.375267,0.780472,6.281211
uniform,1,315,58968,0.05,1.0,111,131.84,29.25,0.511914,58968,,,,,,-0.315738,0.704733,5.648614
uniform,1,316,59139,0.05,1.0,171,131.54,26.35,0.569285,59139,,,,,,-0.340799,0.782693,6.046127
uniform,1,317,59281,0.05,-1.0,142,29.49,131.69,0.56358,59281,,,,,,-0.349956,0.773993,6.188158
uniform,1,318,59581,0.05,,300,26.9,26.5,0.523069,59581,,,,,,-0.296374,0.727036,5.812906
uniform,1,319,59822,0.05,1.0,241,131.19,28.4,0.518075,59822,,,,,,-0.352644,0.718458,5.930551
uniform,1,320,60075,0.05,1.0,253,131.13,28.74,0.485629,60075,,,,,,-0.319255,0.690347,5.704281
uniform,1,321,60271,0.05,-1.0,196,29.02,131.42,0.676766,60271,,,,,,-0.468959,0.891472,7.099824
uniform,1,322,60425,0.05,-1.0,154,26.83,131.63,0.444423,60425,,,,,,-0.270351,0.652827,5.378861
uniform,1,323,60679,0.05,-1.0,254,26.33,131.13,0.533648,60679,,,,,,-0.338836,0.741634,6.039822
uniform,1,324,60802,0.05,1.0,123,131.78,29.19,0.653083,60802,,,,,,-0.522698,0.855403,7.025411
uniform,1,325,61102,0.05,,300,26.5,23.3,0.539673,61102,,,,,,-0.387768,0.745234,6.255651
uniform,1,326,61240,0.05,-1.0,138,26.71,131.71,0.637966,61240,,,,,,-0.445384,0.847447,6.904459
uniform,1,327,61380,0.05,-1.0,140,26.9,131.7,0.628188,61380,,,,,,-0.427219,0.836515,6.849873
uniform,1,328,61524,0.05,-1.0,144,29.48,131.68,0.477824,61524,,,,,,-0.314513,0.681734,5.850863
uniform,1,329,61684,0.05,-1.0,160,26.8,131.6,0.587651,61684,,,,,,-0.447537,0.789903,6.703218
uniform,1,330,61865,0.05,1.0,181,131.49,26.7,0.463065,61865,,,,,,-0.31976,0.660058,5.743531
uniform,1,331,62033,0.05,-1.0,168,24.96,131.56,0.559053,62033,,,,,,-0.424478,0.760584,6.42403
uniform,1,332,62254,0.05,1.0,221,131.29,26.5,0.538112,62254,,,,,,-0.37691,0.750024,6.075839
uniform,1,333,62524,0.05,-1.0,270,28.45,131.05,0.521574,62524,,,,,,-0.408927,0.724109,6.04558
uniform,1,334,62685,0.05,1.0,161,131.59,28.6,0.450473,62685,,,,,,-0.317744,0.650042,5.469786
uniform,1,335,62873,0.05,-1.0,188,23.46,131.46,0.485932,62873,,,,,,-0.350439,0.681704,5.757618
uniform,1,336,63080,0.05,1.0,207,131.36,28.77,0.39346,63080,,,,,,-0.220391,0.59454,5.100568
uniform,1,337,63237,0.05,1.0,157,131.61,24.62,0.592818,63237,,,,,,-0.427213,0.804409,6.760715
uniform,1,338,63400,0.05,1.0,163,131.58,28.79,0.54769,63400,,,,,,-0.383587,0.754403,6.396856
uniform,1,339,63554,0.05,-1.0,154,29.23,131.63,0.618885,63554,,,,,,-0.466646,0.822415,6.95612
uniform,1,340,63772,0.05,-1.0,218,26.11,131.31,0.55778,63772,,,,,,-0.410502,0.756499,6.413358
uniform,1,341,63969,0.05,1.0,197,131.41,24.02,0.487653,63969,,,,,,-0.309827,0.685498,5.901258
uniform,1,342,64149,0.05,-1.0,180,24.9,131.5,0.53602,64149,,,,,,-0.391645,0.746818,6.340382
uniform,1,343,64341,0.05,-1.0,192,26.84,131.44,0.484743,64341,,,,,,-0.354555,0.691531,5.983428
uniform,1,344,64520,0.05,1.0,179,131.5,26.31,0.552954,64520,,,,,,-0.425253,0.751954,6.433265
uniform,1,345,64706,0.05,-1.0,186,19.67,131.47,0.515571,64706,,,,,,-0.382468,0.713797,6.283921
uniform,1,346,64928,0.05,-1.0,222,26.69,131.29,0.457341,64928,,,,,,-0.346729,0.65351,5.855521
uniform,1,347,65228,0.05,,300,23.1,26.3,0.538905,65228,,,,,,-0.384426,0.748112,6.44824
uniform,1,348,65352,0.05,-1.0,124,29.38,131.78,0.562757,65352,,,,,,-0.433447,0.766351,6.645846
uniform,1,349,65461,0.05,1.0,109,131.85,27.06,0.419795,65461,,,,,,-0.266552,0.621285,5.428315
uniform,1,350,65593,0.05,-1.0,132,26.14,131.74,0.565811,65593,,,,,,-0.398057,0.766551,6.554267
uniform,1,351,65890,0.05,1.0,297,130.91,24.32,0.537036,65890,,,,,,-0.397683,0.732511,6.347585
uniform,1,352,66190,0.05,,300,25.3,28.7,0.505241,66190,,,,,,-0.37954,0.712463,6.083081
uniform,1,353,66417,0.05,1.0,227,131.26,28.27,0.576002,66417,,,,,,-0.435269,0.779705,6.488427
uniform,1,354,66554,0.05,1.0,137,131.71,29.12,0.527388,66554,,,,,,-0.379264,0.728411,6.15631
uniform,1,355,66740,0.05,-1.0,186,26.67,131.47,0.471626,66740,,,,,,-0.365848,0.67192,5.847298
uniform,1,356,67025,0.05,1.0,285,130.97,26.58,0.449978,67025,,,,,,-0.332664,0.647409,5.643989
uniform,1,357,67325,0.05,,300,26.5,25.3,0.546743,67325,,,,,,-0.419209,0.75413,6.359341
uniform,1,358,67491,0.05,-1.0,166,24.57,131.57,0.571743,67491,,,,,,-0.438887,0.771071,6.51731
uniform,1,359,67612,0.05,1.0,121,131.79,27.2,0.523569,67612,,,,,,-0.402602,0.719925,6.224899
uniform,1,360,67846,0.05,-1.0,234,25.83,131.23,0.443139,67846,,,,,,-0.358322,0.637082,5.656929
uniform,1,361,68146,0.05,,300,26.5,27.5,0.498602,68146,,,,,,-0.356262,0.697627,6.086707
uniform,1,362,68295,0.05,1.0,149,131.65,26.26,0.600034,68295,,,,,,-0.520872,0.80168,6.93702
uniform,1,363,68587,0.05,-1.0,292,23.74,130.94,0.474021,68587,,,,,,-0.378298,0.669408,6.1051
uniform,1,364,68734,0.05,1.0,147,131.66,29.47,0.520063,68734,,,,,,-0.415837,0.71092,6.403147
uniform,1,365,69034,0.05,,300,23.3,26.5,0.589211,69034,,,,,,-0.460452,0.784366,6.812308
uniform,1,366,69221,0.05,1.0,187,131.46,24.27,0.510653,69221,,,,,,-0.382867,0.719749,6.186396
uniform,1,367,69521,0.05,,300,26.5,24.7,0.574878,69521,,,,,,-0.468615,0.777309,6.878705
uniform,1,368,69732,0.05,1.0,211,131.34,26.95,0.645291,69732,,,,,,-0.538313,0.845111,7.259867
uniform,1,369,69847,0.05,1.0,115,131.82,26.43,0.509373,69847,,,,,,-0.386123,0.70856,6.245838
uniform,1,370,70147,0.05,,300,25.1,26.5,0.544628,70147,,,,,,-0.435807,0.747916,6.60408
uniform,1,371,70276,0.05,1.0,129,131.75,23.56,0.43971,70276,,,,,,-0.318036,0.644446,5.473058
uniform,1,372,70501,0.05,1.0,225,131.27,26.08,0.494448,70501,,,,,,-0.389566,0.69134,6.103583
uniform,1,373,70673,0.05,-1.0,172,29.34,131.54,0.467842,70673,,,,,,-0.367312,0.660239,5.949613
uniform,1,374,70761,0.05,-1.0,88,26.16,131.96,0.372079,70761,,,,,,-0.281801,0.566862,5.145231
uniform,1,375,70872,0.05,1.0,111,131.84,26.05,0.573877,70872,,,,,,-0.495674,0.764219,6.794659
uniform,1,376,70999,0.05,1.0,127,131.76,27.37,0.582684,70999,,,,,,-0.430906,0.774614,6.739977
uniform,1,377,71299,0.05,,300,24.3,21.1,0.499705,71299,,,,,,-0.381345,0.705052,6.073108
uniform,1,378,71401,0.05,-1.0,102,28.89,131.89,0.464539,71401,,,,,,-0.347569,0.660166,5.738069
uniform,1,379,71630,0.05,1.0,229,131.25,25.66,0.499848,71630,,,,,,-0.408508,0.693274,6.122169
uniform,1,380,71930,0.05,,300,26.5,25.3,0.46157,71930,,,,,,-0.367346,0.655659,5.753676
uniform,1,381,72044,0.05,-1.0,114,26.83,131.83,0.586394,72044,,,,,,-0.486602,0.786152,6.834387
uniform,1,382,72344,0.05,,300,27.5,24.1,0.457561,72344,,,,,,-0.355985,0.661215,5.933712
uniform,1,383,72484,0.05,-1.0,140,26.9,131.7,0.521377,72484,,,,,,-0.418189,0.719512,6.319334
uniform,1,384,72600,0.05,-1.0,116,20.02,131.82,0.614328,72600,,,,,,-0.532732,0.810108,7.047759
uniform,1,385,72729,0.05,1.0,129,131.75,29.16,0.515637,72729,,,,,,-0.404559,0.71142,6.397619
uniform,1,386,72854,0.05,1.0,125,131.77,29.38,0.581945,72854,,,,,,-0.488819,0.773973,6.91311
uniform,1,387,73013,0.05,1.0,159,131.6,28.41,0.607719,73013,,,,,,-0.506705,0.806298,7.013381
uniform,1,388,73135,0.05,-1.0,122,29.39,131.79,0.494262,73135,,,,,,-0.397602,0.701789,6.158116
uniform,1,389,73435,0.05,,300,26.5,27.5,0.490765,73435,,,,,,-0.396567,0.690576,6.124161
uniform,1,390,73549,0.05,-1.0,114,26.63,131.83,0.421716,73549,,,,,,-0.342347,0.617772,5.59811
uniform,1,391,73659,0.05,-1.0,110,27.25,131.85,0.504282,73659,,,,,,-0.411714,0.698372,6.2859
uniform,1,392,73959,0.05,,300,26.5,23.1,0.53232,73959,,,,,,-0.450667,0.723319,6.427129
uniform,1,393,74046,0.05,1.0,87,131.96,29.17,0.592463,74046,,,,,,-0.487999,0.796396,6.872511
uniform,1,394,74346,0.05,,300,25.3,26.5,0.506798,74346,,,,,,-0.422255,0.709103,6.237389
uniform,1,395,74437,0.05,1.0,91,131.94,26.95,0.412381,74437,,,,,,-0.331086,0.603865,5.478214
uniform,1,396,74608,0.05,1.0,171,131.54,26.55,0.513846,74608,,,,,,-0.430357,0.705335,6.275398
uniform,1,397,74908,0.05,,300,25.3,28.7,0.493395,74908,,,,,,-0.409478,0.683143,6.209846
uniform,1,398,75208,0.05,,300,24.3,25.3,0.429299,75000,,,,,,-0.327626,0.628927,5.624588
uniform,1,399,75410,0.05,-1.0,202,26.19,131.39,0.520047,75000,,,,,,-0.422335,0.719417,6.337965
uniform,1,400,75513,0.05,1.0,103,131.88,27.29,0.558825,75000,,,,,,-0.443697,0.757745,6.568366
uniform,1,401,75599,0.05,-1.0,86,29.77,131.97,0.392007,75000,,,,,,-0.313856,0.589244,5.270675
uniform,1,402,75782,0.05,1.0,183,131.48,26.29,0.593839,75000,,,,,,-0.48727,0.790287,6.742495
uniform,1,403,75925,0.05,1.0,143,131.68,29.29,0.49026,75000,,,,,,-0.405375,0.682073,6.035264
uniform,1,404,76133,0.05,-1.0,208,25.96,131.36,0.504632,75000,,,,,,-0.425066,0.707793,6.258205
uniform,1,405,76280,0.05,1.0,147,131.66,28.67,0.486357,75000,,,,,,-0.395201,0.687998,6.050028
uniform,1,406,76374,0.05,-1.0,94,27.33,131.93,0.694308,75000,,,,,,-0.621453,0.895061,7.629626
uniform,1,407,76660,0.05,-1.0,286,25.97,130.97,0.522679,75000,,,,,,-0.436794,0.718126,6.405329
uniform,1,408,76960,0.05,,300,28.5,23.3,0.545288,75000,,,,,,-0.466345,0.740512,6.617781
uniform,1,409,77260,0.05,,300,27.5,28.5,0.547342,75000,,,,,,-0.448563,0.753314,6.458278
uniform,1,410,77398,0.05,-1.0,138,28.91,131.71,0.360791,75000,,,,,,-0.268953,0.56062,5.007876
uniform,1,411,77516,0.05,-1.0,118,29.21,131.81,0.438206,75000,,,,,,-0.353792,0.63518,5.709057
uniform,1,412,77623,0.05,1.0,107,131.86,24.67,0.606103,75000,,,,,,-0.516481,0.800379,6.904021
uniform,1,413,77733,0.05,-1.0,110,28.85,131.85,0.518384,75000,,,,,,-0.430281,0.714612,6.326313
uniform,1,414,77840,0.05,1.0,107,131.86,27.07,0.468357,75000,,,,,,-0.376031,0.661664,5.849302
uniform,1,415,77950,0.05,-1.0,110,29.45,131.85,0.522315,75000,,,,,,-0.430141,0.714711,6.275554
uniform,1,416,78250,0.05,,300,23.3,28.7,0.51981,75000,,,,,,-0.433946,0.724816,6.355969
uniform,1,417,78349,0.05,1.0,99,131.9,21.51,0.568856,75000,,,,,,-0.481076,0.77126,6.67861
uniform,1,418,78649,0.05,,300,27.5,26.5,0.510996,75000,,,,,,-0.426793,0.709138,6.31114
uniform,1,419,78863,0.05,-1.0,214,23.53,131.33,0.506054,75000,,,,,,-0.422932,0.700648,6.21513
uniform,1,420,78953,0.05,-1.0,90,25.15,131.95,0.492395,75000,,,,,,-0.40789,0.68529,6.147673
uniform,1,421,79081,0.05,-1.0,128,29.36,131.76,0.473988,75000,,,,,,-0.38182,0.681239,5.946229
uniform,1,422,79307,0.05,-1.0,226,25.47,131.27,0.625139,75000,,,,,,-0.534517,0.83221,7.051588
uniform,1,423,79411,0.05,-1.0,104,27.48,131.88,0.582575,75000,,,,,,-0.506662,0.781053,6.840007
uniform,1,424,79507,0.05,-1.0,96,27.32,131.92,0.475433,75000,,,,,,-0.385443,0.672729,6.02531
uniform,1,425,79618,0.05,1.0,111,131.84,25.85,0.522112,75000,,,,,,-0.437171,0.721956,6.451011
uniform,1,426,79859,0.05,1.0,241,131.19,25.6,0.539164,75000,,,,,,-0.448473,0.733978,6.543033
uniform,1,427,79948,0.05,1.0,89,131.95,22.56,0.513013,75000,,,,,,-0.435468,0.705217,6.403995
uniform,1,428,80248,0.05,,300,26.5,27.7,0.552302,75000,,,,,,-0.457886,0.757628,6.499545
uniform,1,429,80392,0.05,-1.0,144,29.08,131.68,0.5194,75000,,,,,,-0.424152,0.72376,6.189348
uniform,1,430,80623,0.05,1.0,231,131.24,28.45,0.403038,75000,,,,,,-0.330656,0.599793,5.377486
uniform,1,431,80845,0.05,-1.0,222,26.29,131.29,0.532447,75000,,,,,,-0.458615,0.72443,6.274212
uniform,1,432,80940,0.05,1.0,95,131.92,27.33,0.488016,75000,,,,,,-0.415936,0.681886,5.971952
uniform,1,433,81023,0.05,1.0,83,131.98,24.99,0.428504,75000,,,,,,-0.347382,0.627931,5.593665
uniform,1,434,81140,0.05,1.0,117,131.81,29.62,0.569263,75000,,,,,,-0.47549,0.779488,6.6484
uniform,1,435,81409,0.05,1.0,269,131.05,23.66,0.625686,75000,,,,,,-0.539115,0.827039,7.021536
uniform,1,436,81630,0.05,1.0,221,131.29,26.5,0.52341,75000,,,,,,-0.446302,0.719802,6.40183
uniform,1,437,81774,0.05,-1.0,144,27.08,131.68,0.614621,75000,,,,,,-0.519999,0.808199,6.999923
uniform,1,438,81856,0.05,-1.0,82,27.39,131.99,0.495647,75000,,,,,,-0.388541,0.686694,6.070961
uniform,1,439,82088,0.05,-1.0,232,28.84,131.24,0.563657,75000,,,,,,-0.484054,0.764136,6.663742
uniform,1,440,82305,0.05,1.0,217,131.31,26.52,0.518263,75000,,,,,,-0.431664,0.723447,6.289586
uniform,1,441,82417,0.05,-1.0,112,26.64,131.84,0.540831,75000,,,,,,-0.437265,0.740756,6.546394
uniform,1,442,82569,0.05,-1.0,152,26.84,131.64,0.598212,75000,,,,,,-0.511788,0.799275,6.84668
uniform,1,443,82704,0.05,1.0,135,131.72,26.53,0.470913,75000,,,,,,-0.392324,0.665202,5.97768
uniform,1,444,82822,0.05,-1.0,118,26.81,131.81,0.597294,75000,,,,,,-0.520816,0.792143,6.831931
uniform,1,445,83045,0.05,1.0,223,131.28,26.89,0.525367,75000,,,,,,-0.432893,0.724334,6.31468
uniform,1,446,83345,0.05,,300,28.7,27.7,0.633005,75000,,,,,,-0.522527,0.841065,7.042356
uniform,1,447,83445,0.05,-1.0,100,24.3,131.9,0.539317,75000,,,,,,-0.452288,0.741644,6.410262
uniform,1,448,83563,0.05,-1.0,118,29.41,131.81,0.577103,75000,,,,,,-0.48021,0.776919,6.796446
uniform,1,449,83661,0.05,-1.0,98,29.71,131.91,0.782158,75000,,,,,,-0.701123,0.981243,8.095835
uniform,1,450,83961,0.05,,300,26.5,27.5,0.573555,75000,,,,,,-0.49252,0.771167,6.782722
uniform,1,451,84094,0.05,1.0,133,131.73,29.54,0.592778,75000,,,,,,-0.506828,0.803187,6.784926
uniform,1,452,84275,0.05,1.0,181,131.49,26.7,0.552087,75000,,,,,,-0.464667,0.76114,6.539681
uniform,1,453,84510,0.05,1.0,235,131.22,26.23,0.616873,75000,,,,,,-0.517328,0.819537,6.99622
uniform,1,454,84693,0.05,1.0,183,131.48,27.09,0.638147,75000,,,,,,-0.522021,0.838748,7.041286
uniform,1,455,84788,0.05,1.0,95,131.92,24.73,0.52168,75000,,,,,,-0.433567,0.722592,6.322382
uniform,1,456,84871,0.05,1.0,83,131.98,26.59,0.786994,75000,,,,,,-0.676227,0.989634,8.028304
uniform,1,457,85020,0.05,1.0,149,131.65,29.26,0.583576,75000,,,,,,-0.483143,0.786653,6.811831
uniform,1,458,85211,0.05,1.0,191,131.44,26.25,0.540863,75000,,,,,,-0.445684,0.753947,6.513523
uniform,1,459,85511,0.05,,300,25.3,24.3,0.622218,75000,,,,,,-0.528679,0.828014,7.138448
uniform,1,460,85811,0.05,,300,23.1,26.5,0.62887,75000,,,,,,-0.533108,0.829914,7.087221
uniform,1,461,85924,0.05,1.0,113,131.83,27.24,0.523444,75000,,,,,,-0.438956,0.718011,6.339459
uniform,1,462,86198,0.05,-1.0,274,26.03,131.03,0.662125,75000,,,,,,-0.554221,0.874412,7.150821
uniform,1,463,86321,0.05,1.0,123,131.78,24.99,0.528449,75000,,,,,,-0.437393,0.735822,6.196693
uniform,1,464,86544,0.05,1.0,223,131.28,26.09,0.495467,75000,,,,,,-0.408849,0.695929,6.126989
uniform,1,465,86669,0.05,1.0,125,131.77,29.58,0.562257,75000,,,,,,-0.460442,0.759372,6.506629
uniform,1,466,86969,0.05,,300,28.7,23.3,0.495647,75000,,,,,,-0.412486,0.692257,6.106029
uniform,1,467,87133,0.05,-1.0,164,27.18,131.58,0.484743,75000,,,,,,-0.383825,0.702028,5.896251
uniform,1,468,87283,0.05,-1.0,150,24.85,131.65,0.528403,75000,,,,,,-0.440167,0.73855,6.40237
uniform,1,469,87399,0.05,-1.0,116,26.62,131.82,0.614644,75000,,,,,,-0.529292,0.819675,7.052907
uniform,1,470,87507,0.05,-1.0,108,27.06,131.86,0.70971,75000,,,,,,-0.616452,0.915948,7.487875
uniform,1,471,87596,0.05,1.0,89,131.95,27.36,0.45353,75000,,,,,,-0.373069,0.655985,5.85367
uniform,1,472,87781,0.05,1.0,185,131.47,28.28,0.646419,75000,,,,,,-0.514481,0.849889,7.14518
uniform,1,473,87883,0.05,-1.0,102,26.89,131.89,0.592251,75000,,,,,,-0.486565,0.791444,6.788468
uniform,1,474,88183,0.05,,300,25.1,26.5,0.59524,75000,,,,,,-0.49798,0.806052,6.764586
uniform,1,475,88478,0.05,1.0,295,130.92,28.73,0.523194,75000,,,,,,-0.425661,0.728746,6.333524
uniform,1,476,88778,0.05,,300,26.5,27.5,0.533712,75000,,,,,,-0.440013,0.733842,6.264349
uniform,1,477,89078,0.05,,300,22.9,26.5,0.484249,75000,,,,,,-0.384347,0.688478,5.958762
uniform,1,478,89187,0.05,1.0,109,131.85,24.06,0.642385,75000,,,,,,-0.527683,0.855089,6.924084
uniform,1,479,89318,0.05,1.0,131,131.74,21.35,0.477751,75000,,,,,,-0.383774,0.683215,5.779283
uniform,1,480,89445,0.05,1.0,127,131.76,22.17,0.700575,75000,,,,,,-0.582637,0.909054,7.285469
uniform,1,481,89529,0.05,-1.0,84,23.18,131.98,0.47959,75000,,,,,,-0.389191,0.683708,5.810791
uniform,1,482,89675,0.05,-1.0,146,19.67,131.67,0.519103,75000,,,,,,-0.418432,0.723498,6.05382
uniform,1,483,89812,0.05,1.0,137,131.71,29.52,0.593907,75000,,,,,,-0.47663,0.792545,6.639476
uniform,1,484,89968,0.05,-1.0,156,28.82,131.62,0.555182,75000,,,,,,-0.452366,0.755537,6.339149
uniform,1,485,90268,0.05,,300,22.1,26.5,0.621792,75000,,,,,,-0.517347,0.838813,6.888211
uniform,1,486,90388,0.05,-1.0,120,29.2,131.8,0.545056,75000,,,,,,-0.437063,0.75286,6.260022
uniform,1,487,90498,0.05,-1.0,110,27.05,131.85,0.459929,75000,,,,,,-0.356445,0.662763,5.822653
uniform,1,488,90798,0.05,,300,25.3,28.7,0.471353,75000,,,,,,-0.385505,0.673017,5.862231
uniform,1,489,90965,0.05,1.0,167,131.56,28.97,0.444877,75000,,,,,,-0.339299,0.641884,5.588235
uniform,1,490,91135,0.05,-1.0,170,23.75,131.55,0.649955,75000,,,,,,-0.539694,0.869448,7.05354
uniform,1,491,91260,0.05,1.0,125,131.77,24.38,0.453983,75000,,,,,,-0.344555,0.666997,5.555927
uniform,1,492,91560,0.05,,300,28.7,25.5,0.596646,75000,,,,,,-0.492895,0.804282,6.74758
uniform,1,493,91782,0.05,-1.0,222,26.09,131.29,0.514549,75000,,,,,,-0.402538,0.717702,6.095888
uniform,1,494,91873,0.05,1.0,91,131.94,24.75,0.540919,75000,,,,,,-0.461202,0.744413,6.441576
uniform,1,495,92158,0.05,1.0,285,130.97,23.78,0.566633,75000,,,,,,-0.463022,0.779071,6.411341
uniform,1,496,92266,0.05,-1.0,108,29.46,131.86,0.557269,75000,,,,,,-0.467619,0.76799,6.351947
uniform,1,497,92462,0.05,-1.0,196,26.02,131.42,0.604688,75000,,,,,,-0.51319,0.81236,6.688953
uniform,1,498,92554,0.05,-1.0,92,21.94,131.94,0.576844,75000,,,,,,-0.472034,0.777415,6.631414
uniform,1,499,92645,0.05,1.0,91,131.94,23.95,0.66561,75000,,,,,,-0.539836,0.870768,7.056871
uniform,1,500,92870,0.05,1.0,225,131.27,26.88,0.504763,75000,,,,,,-0.412052,0.705705,6.052268
uniform,1,501,93170,0.05,,300,26.5,23.3,0.515306,75000,,,,,,-0.413166,0.724534,6.051938
uniform,1,502,93287,0.05,1.0,117,131.81,26.82,0.558809,75000,,,,,,-0.458163,0.769506,6.301085
uniform,1,503,93375,0.05,-1.0,88,26.56,131.96,0.632129,75000,,,,,,-0.516855,0.838357,6.867117
uniform,1,504,93491,0.05,-1.0,116,29.02,131.82,0.71566,75000,,,,,,-0.625385,0.92384,7.359715
uniform,1,505,93604,0.05,1.0,113,131.83,27.44,0.480873,75000,,,,,,-0.388188,0.680514,5.730346
uniform,1,506,93749,0.05,1.0,145,131.67,29.48,0.659066,75000,,,,,,-0.540576,0.863114,6.923883
uniform,1,507,93862,0.05,1.0,113,131.83,23.84,0.561375,75000,,,,,,-0.465801,0.763965,6.440632
uniform,1,508,94028,0.05,-1.0,166,24.37,131.57,0.613424,75000,,,,,,-0.493077,0.818752,6.825395
uniform,1,509,94249,0.05,1.0,221,131.29,24.5,0.628763,75000,,,,,,-0.525245,0.844101,6.880943
uniform,1,510,94363,0.05,-1.0,114,24.23,131.83,0.692056,75000,,,,,,-0.544088,0.897645,7.2912
uniform,1,511,94515,0.05,-1.0,152,29.04,131.64,0.628667,75000,,,,,,-0.522965,0.835089,6.901953
uniform,1,512,94614,0.05,1.0,99,131.9,25.11,0.751983,75000,,,,,,-0.651002,0.959833,7.677727
uniform,1,513,94722,0.05,-1.0,108,27.26,131.86,0.539724,75000,,,,,,-0.449473,0.744024,6.348324
uniform,1,514,94966,0.05,-1.0,244,27.98,131.18,0.536727,75000,,,,,,-0.420895,0.736952,6.345765
uniform,1,515,95076,0.05,-1.0,110,27.05,131.85,0.632877,75000,,,,,,-0.49084,0.850917,6.856401
uniform,1,516,95309,0.05,1.0,233,131.23,26.64,0.577173,75000,,,,,,-0.470968,0.791601,6.502379
uniform,1,517,95423,0.05,-1.0,114,29.63,131.83,0.483944,75000,,,,,,-0.389077,0.693874,5.892623
uniform,1,518,95512,0.05,1.0,89,131.95,29.56,0.602586,75000,,,,,,-0.492485,0.810524,6.662857
uniform,1,519,95676,0.05,-1.0,164,27.18,131.58,0.673068,75000,,,,,,-0.577204,0.878485,7.181182
uniform,1,520,95823,0.05,1.0,147,131.66,27.27,0.529254,75000,,,,,,-0.427842,0.733546,6.125985
uniform,1,521,95918,0.05,1.0,95,131.92,24.73,0.55688,75000,,,,,,-0.471335,0.760349,6.394231
uniform,1,522,96052,0.05,-1.0,134,21.53,131.73,0.586441,75000,,,,,,-0.47173,0.800522,6.495365
uniform,1,523,96352,0.05,,300,28.7,25.3,0.518888,75000,,,,,,-0.408447,0.732765,6.024388
uniform,1,524,96465,0.05,1.0,113,131.83,29.64,0.642138,75000,,,,,,-0.512907,0.85165,6.810863
uniform,1,525,96615,0.05,-1.0,150,24.25,131.65,0.528907,75000,,,,,,-0.438991,0.734823,6.133436
uniform,1,526,96915,0.05,,300,28.7,25.3,0.519941,75000,,,,,,-0.414051,0.723012,6.066794
uniform,1,527,97038,0.05,1.0,123,131.78,27.19,0.687331,75000,,,,,,-0.592476,0.900264,7.132473
uniform,1,528,97177,0.05,1.0,139,131.7,24.71,0.499014,75000,,,,,,-0.400236,0.714469,5.906304
uniform,1,529,97290,0.05,1.0,113,131.83,29.64,0.569254,75000,,,,,,-0.472942,0.783735,6.459377
uniform,1,530,97505,0.05,1.0,215,131.32,22.13,0.509153,75000,,,,,,-0.415512,0.716991,6.02426
uniform,1,531,97734,0.05,1.0,229,131.25,28.66,0.624328,75000,,,,,,-0.527394,0.832734,6.829516
uniform,1,532,97841,0.05,1.0,107,131.86,24.47,0.559252,75000,,,,,,-0.449917,0.763151,6.294593
uniform,1,533,97969,0.05,-1.0,128,26.56,131.76,0.632685,75000,,,,,,-0.538749,0.838424,6.842866
uniform,1,534,98269,0.05,,300,21.5,27.5,0.675068,75000,,,,,,-0.54324,0.895954,7.015008
uniform,1,535,98550,0.05,1.0,281,130.99,26.6,0.559022,75000,,,,,,-0.443737,0.771642,6.412069
uniform,1,536,98768,0.05,-1.0,218,28.11,131.31,0.535453,75000,,,,,,-0.423643,0.744039,6.256021
uniform,1,537,99068,0.05,,300,26.5,25.3,0.484071,75000,,,,,,-0.377817,0.693323,5.849102
uniform,1,538,99317,0.05,1.0,249,131.15,23.76,0.567574,75000,,,,,,-0.462869,0.786921,6.241503
uniform,1,539,99617,0.05,,300,23.1,26.5,0.578728,75000,,,,,,-0.477461,0.79301,6.302316
uniform,1,540,99717,0.05,-1.0,100,27.5,131.9,0.593246,75000,,,,,,-0.481689,0.805065,6.480937
uniform,1,541,99827,0.05,-1.0,110,24.45,131.85,0.597379,75000,,,,,,-0.486687,0.810423,6.447271
uniform,1,542,99947,0.05,-1.0,120,28.8,131.8,0.404483,75000,,,,,,-0.292868,0.615828,5.096482
uniform,1,543,100247,0.05,,300,26.5,25.3,0.508273,75000,,,,,,-0.383128,0.728109,5.939723
uniform,1,544,100444,0.05,1.0,197,131.41,26.62,0.573994,75000,,,,,,-0.456768,0.786121,6.413356
uniform,1,545,100595,0.05,1.0,151,131.64,27.05,0.530393,75000,,,,,,-0.413055,0.740261,6.026087
uniform,1,546,100895,0.05,,300,28.7,23.1,0.504464,75000,,,,,,-0.381534,0.71191,5.940835
uniform,1,547,101195,0.05,,300,27.5,28.7,0.488246,75000,,,,,,-0.379716,0.705618,5.631908
uniform,1,548,101495,0.05,,300,26.5,23.1,0.483861,75000,,,,,,-0.382976,0.69801,5.717028
uniform,1,549,101597,0.05,-1.0,102,16.09,131.89,0.547404,75000,,,,,,-0.439508,0.758202,6.028594
uniform,1,550,101897,0.05,,300,27.7,26.5,0.505251,75000,,,,,,-0.404264,0.714284,5.802011
uniform,1,551,102197,0.05,,300,26.5,27.3,0.625867,75000,,,,,,-0.508887,0.843812,6.741794
uniform,1,552,102497,0.05,,300,25.3,26.5,0.46334,75000,,,,,,-0.353978,0.677822,5.579039
uniform,1,553,102728,0.05,1.0,231,131.24,28.05,0.532974,75000,,,,,,-0.420213,0.741942,6.096397
uniform,1,554,102925,0.05,1.0,197,131.41,26.82,0.408866,75000,,,,,,-0.303831,0.618187,5.192245
uniform,1,555,103041,0.05,-1.0,116,24.82,131.82,0.55071,75000,,,,,,-0.444357,0.767831,6.201165
uniform,1,556,103341,0.05,,300,28.7,25.5,0.487379,75000,,,,,,-0.377311,0.708869,5.733554
uniform,1,557,103470,0.05,1.0,129,131.75,27.16,0.460279,75000,,,,,,-0.354097,0.674117,5.539706
uniform,1,558,103770,0.05,,300,25.1,26.5,0.479894,75000,,,,,,-0.36396,0.688924,5.633228
uniform,1,559,103860,0.05,-1.0,90,22.55,131.95,0.489663,75000,,,,,,-0.398051,0.698508,5.937015
uniform,1,560,103963,0.05,1.0,103,131.88,27.09,0.466402,75000,,,,,,-0.362292,0.67288,5.738112
uniform,1,561,104263,0.05,,300,24.3,25.1,0.52335,75000,,,,,,-0.394936,0.745139,5.876465
uniform,1,562,104384,0.05,1.0,121,131.79,28.6,0.538838,75000,,,,,,-0.429476,0.752977,6.00204
uniform,1,563,104684,0.05,,300,25.9,28.7,0.532199,75000,,,,,,-0.423874,0.742714,6.034934
uniform,1,564,104891,0.05,1.0,207,131.36,26.17,0.543507,75000,,,,,,-0.43841,0.752641,6.118316
uniform,1,565,105132,0.05,1.0,241,131.19,28.0,0.524306,75000,,,,,,-0.420196,0.742063,6.00357
uniform,1,566,105432,0.05,,300,27.5,26.5,0.433213,75000,,,,,,-0.318085,0.650843,5.261734
uniform,1,567,105732,0.05,,300,25.5,28.7,0.527323,75000,,,,,,-0.405075,0.738675,6.105891
uniform,1,568,105849,0.05,1.0,117,131.81,23.62,0.601383,75000,,,,,,-0.499967,0.811737,6.611572
uniform,1,569,106113,0.05,-1.0,264,24.08,131.08,0.529244,75000,,,,,,-0.406343,0.747292,5.980169
uniform,1,570,106204,0.05,1.0,91,131.94,22.15,0.544761,75000,,,,,,-0.433923,0.764443,6.080458
uniform,1,571,106475,0.05,1.0,271,131.04,24.25,0.577754,75000,,,,,,-0.452239,0.796448,6.204202
uniform,1,572,106694,0.05,1.0,219,131.3,26.11,0.460942,75000,,,,,,-0.33172,0.674218,5.362006
uniform,1,573,106916,0.05,-1.0,222,28.49,131.29,0.490596,75000,,,,,,-0.380206,0.702323,5.668571
uniform,1,574,107216,0.05,,300,27.5,28.7,0.536549,75000,,,,,,-0.398525,0.761606,5.863891
uniform,1,575,107375,0.05,1.0,159,131.6,24.61,0.543748,75000,,,,,,-0.401541,0.765291,6.077305
uniform,1,576,107508,0.05,1.0,133,131.73,21.94,0.476069,75000,,,,,,-0.359943,0.693337,5.505035
uniform,1,577,107745,0.05,1.0,237,131.21,26.22,0.533194,75000,,,,,,-0.404217,0.746055,5.964526
uniform,1,578,107990,0.05,1.0,245,131.17,28.78,0.473929,75000,,,,,,-0.357741,0.685458,5.427977
uniform,1,579,108067,0.05,1.0,77,132.01,24.02,0.588311,75000,,,,,,-0.453473,0.825807,6.201794
uniform,1,580,108367,0.05,,300,27.5,26.5,0.509443,75000,,,,,,-0.380657,0.732815,5.731943
uniform,1,581,108592,0.05,1.0,225,131.27,28.08,0.525223,75000,,,,,,-0.395773,0.743492,5.915906
uniform,1,582,108803,0.05,1.0,211,131.34,26.55,0.581573,75000,,,,,,-0.455926,0.799928,6.347731
uniform,1,583,109103,0.05,,300,26.3,27.7,0.552206,75000,,,,,,-0.418386,0.77515,6.027913
uniform,1,584,109354,0.05,1.0,251,131.14,28.35,0.447801,75000,,,,,,-0.317547,0.671914,5.267207
uniform,1,585,109483,0.05,1.0,129,131.75,24.36,0.474086,75000,,,,,,-0.36262,0.69319,5.59037
uniform,1,586,109783,0.05,,300,27.5,24.9,0.483047,75000,,,,,,-0.354765,0.701358,5.566945
uniform,1,587,109873,0.05,-1.0,90,21.35,131.95,0.427966,75000,,,,,,-0.303557,0.644553,5.162802
uniform,1,588,109993,0.05,-1.0,120,24.0,131.8,0.561648,75000,,,,,,-0.455284,0.773688,6.206695
uniform,1,589,110266,0.05,1.0,273,131.03,26.04,0.611419,75000,,,,,,-0.456538,0.844332,6.211228
uniform,1,590,110566,0.05,,300,25.3,26.5,0.561896,75000,,,,,,-0.429161,0.786667,5.992477
uniform,1,591,110808,0.05,-1.0,242,28.19,131.19,0.472643,75000,,,,,,-0.336338,0.692352,5.268452
uniform,1,592,111108,0.05,,300,26.5,28.1,0.50925,75000,,,,,,-0.374232,0.736609,5.489752
uniform,1,593,111210,0.05,-1.0,102,25.09,131.89,0.512589,75000,,,,,,-0.379019,0.743432,5.5642
uniform,1,594,111510,0.05,,300,27.5,26.5,0.529523,75000,,,,,,-0.392111,0.757023,5.60088
uniform,1,595,111810,0.05,,300,26.3,21.1,0.497036,75000,,,,,,-0.356852,0.717961,5.389903
uniform,1,596,112110,0.05,,300,25.3,26.3,0.459945,75000,,,,,,-0.312663,0.687512,5.07243
uniform,1,597,112331,0.05,1.0,221,131.29,23.7,0.507107,75000,,,,,,-0.366932,0.738784,5.468396
uniform,1,598,112631,0.05,,300,28.5,27.7,0.495966,75000,,,,,,-0.358459,0.721809,5.493837
uniform,1,599,112785,0.05,-1.0,154,24.03,131.63,0.464609,75000,,,,,,-0.335583,0.684928,5.242435
uniform,1,600,113085,0.05,,300,26.5,25.3,0.394991,75000,,,,,,-0.250042,0.620226,4.588265
uniform,1,601,113385,0.05,,300,28.7,25.3,0.45132,75000,,,,,,-0.297061,0.680184,4.90554
uniform,1,602,113486,0.05,1.0,101,131.89,21.1,0.488173,75000,,,,,,-0.326273,0.711852,5.150705
uniform,1,603,113584,0.05,-1.0,98,20.51,131.91,0.419999,75000,,,,,,-0.268472,0.641241,4.586522
uniform,1,604,113835,0.05,1.0,251,131.14,23.55,0.471687,75000,,,,,,-0.316365,0.694285,5.094452
uniform,1,605,114011,0.05,-1.0,176,25.92,131.52,0.510317,75000,,,,,,-0.378216,0.728619,5.585203
uniform,1,606,114311,0.05,,300,25.5,24.1,0.504136,75000,,,,,,-0.35938,0.734285,5.289863
uniform,1,607,114494,0.05,1.0,183,131.48,26.29,0.432722,75000,,,,,,-0.27246,0.659053,4.567246
uniform,1,608,114698,0.05,-1.0,204,26.78,131.38,0.428601,75000,,,,,,-0.291462,0.650139,4.661087
uniform,1,609,114826,0.05,-1.0,128,26.96,131.76,0.472389,75000,,,,,,-0.314838,0.693172,4.996187
uniform,1,610,115041,0.05,1.0,215,131.32,26.53,0.460165,75000,,,,,,-0.311119,0.685147,4.868621
uniform,1,611,115341,0.05,,300,27.7,26.5,0.478362,75000,,,,,,-0.321991,0.709615,5.089891
uniform,1,612,115641,0.05,,300,24.3,27.7,0.500086,75000,,,,,,-0.339998,0.726006,5.281989
uniform,1,613,115757,0.05,-1.0,116,27.02,131.82,0.478207,75000,,,,,,-0.347988,0.702781,5.040856
uniform,1,614,116057,0.05,,300,28.7,25.5,0.456226,75000,,,,,,-0.288551,0.684399,4.838707
uniform,1,615,116357,0.05,,300,25.3,26.5,0.418321,75000,,,,,,-0.261919,0.651784,4.436643
uniform,1,616,116657,0.05,,300,28.7,25.3,0.455794,75000,,,,,,-0.296539,0.680277,4.719815
uniform,1,617,116878,0.05,1.0,221,131.29,22.1,0.434505,75000,,,,,,-0.282669,0.657953,4.67021
uniform,1,618,117054,0.05,-1.0,176,26.52,131.52,0.484138,75000,,,,,,-0.328079,0.714914,4.929847
uniform,1,619,117150,0.05,-1.0,96,24.92,131.92,0.465171,75000,,,,,,-0.315617,0.70255,4.860884
uniform,1,620,117329,0.05,1.0,179,131.5,24.11,0.418859,75000,,,,,,-0.26641,0.651644,4.374725
uniform,1,621,117400,0.05,1.0,71,132.04,25.25,0.464942,75000,,,,,,-0.308976,0.693183,4.865243
uniform,1,622,117700,0.05,,300,28.7,22.9,0.424819,75000,,,,,,-0.28206,0.650025,4.604777
uniform,1,623,117851,0.05,1.0,151,131.64,29.45,0.448731,75000,,,,,,-0.301061,0.674099,4.739729
uniform,1,624,118151,0.05,,300,26.5,24.9,0.438315,75000,,,,,,-0.268607,0.671692,4.447026
uniform,1,625,118451,0.05,,300,27.3,24.1,0.370432,75000,,,,,,-0.197136,0.603412,3.952353
uniform,1,626,118751,0.05,,300,27.7,24.1,0.441058,75000,,,,,,-0.284808,0.669778,4.624663
uniform,1,627,119027,0.05,-1.0,276,28.82,131.02,0.368516,75000,,,,,,-0.214884,0.595407,3.995292
uniform,1,628,119327,0.05,,300,26.5,27.5,0.407091,75000,,,,,,-0.225883,0.641981,4.142536
uniform,1,629,119627,0.05,,300,25.5,25.1,0.39812,75000,,,,,,-0.233592,0.629024,4.085911
uniform,1,630,119735,0.05,-1.0,108,24.86,131.86,0.401105,75000,,,,,,-0.234111,0.628854,4.176645
uniform,1,631,120035,0.05,,300,28.7,20.1,0.36928,75000,,,,,,-0.205883,0.596848,3.896868
uniform,1,632,120335,0.05,,300,27.5,26.5,0.4446,75000,,,,,,-0.254942,0.680236,4.529731
uniform,1,633,120635,0.05,,300,26.5,25.3,0.392318,75000,,,,,,-0.238874,0.620711,4.102647
uniform,1,634,120728,0.05,1.0,93,131.93,19.54,0.316022,75000,,,,,,-0.156399,0.541369,3.128047
uniform,1,635,120844,0.05,-1.0,116,25.02,131.82,0.397657,75000,,,,,,-0.244991,0.62192,4.067338
uniform,1,636,121144,0.05,,300,26.5,25.5,0.383048,75000,,,,,,-0.211271,0.618733,3.883105
uniform,1,637,121335,0.05,1.0,191,131.44,26.65,0.412778,75000,,,,,,-0.230823,0.647912,4.081075
uniform,1,638,121635,0.05,,300,26.5,22.9,0.373087,75000,,,,,,-0.179107,0.601924,3.836202
uniform,1,639,121869,0.05,-1.0,234,28.83,131.23,0.373949,75000,,,,,,-0.196983,0.600832,3.870653
uniform,1,640,122169,0.05,,300,28.7,27.5,0.402155,75000,,,,,,-0.217752,0.638112,4.037169
uniform,1,641,122469,0.05,,300,27.7,26.3,0.362399,75000,,,,,,-0.161175,0.597179,3.503357
uniform,1,642,122718,0.05,1.0,249,131.15,24.36,0.390458,75000,,,,,,-0.216409,0.622303,3.920165
uniform,1,643,122799,0.05,1.0,81,131.99,23.4,0.284321,75000,,,,,,-0.096551,0.512131,3.016374
uniform,1,644,123018,0.05,1.0,219,131.3,28.71,0.36067,75000,,,,,,-0.203079,0.583909,3.809215
uniform,1,645,123318,0.05,,300,27.9,24.3,0.355867,75000,,,,,,-0.168359,0.590715,3.595515
uniform,1,646,123618,0.05,,300,23.1,25.5,0.340155,75000,,,,,,-0.152666,0.567162,3.393463
uniform,1,647,123918,0.05,,300,28.7,25.3,0.320844,75000,,,,,,-0.140424,0.546005,3.362934
uniform,1,648,124218,0.05,,300,24.3,27.5,0.316747,75000,,,,,,-0.13173,0.553964,2.961408
uniform,1,649,124308,0.05,-1.0,90,26.95,131.95,0.304436,75000,,,,,,-0.134957,0.53503,3.11868
uniform,1,650,124552,0.05,-1.0,244,27.98,131.18,0.281235,75000,,,,,,-0.113969,0.508723,2.859873
uniform,1,651,124852,0.05,,300,23.1,28.5,0.326884,75000,,,,,,-0.134582,0.555113,3.253325
uniform,1,652,125152,0.05,,300,25.3,26.5,0.338847,75000,,,,,,-0.164707,0.571148,3.291823
uniform,1,653,125285,0.05,1.0,133,131.73,20.34,0.29472,75000,,,,,,-0.118625,0.526057,2.992648
uniform,1,654,125585,0.05,,300,28.7,27.5,0.308842,75000,,,,,,-0.13694,0.536481,3.163203
uniform,1,655,125885,0.05,-1.0,300,26.5,130.9,0.32504,75000,,,,,,-0.157502,0.549631,3.28819
uniform,1,656,126085,0.05,-1.0,200,21.6,131.4,0.336114,75000,,,,,,-0.161869,0.566934,3.416337
uniform,1,657,126203,0.05,-1.0,118,24.81,131.81,0.394799,75000,,,,,,-0.190638,0.631104,4.176807
uniform,1,658,126387,0.05,-1.0,184,26.88,131.48,0.327914,75000,,,,,,-0.145987,0.560687,3.168763
uniform,1,659,126492,0.05,1.0,105,131.87,25.08,0.349846,75000,,,,,,-0.175187,0.581061,3.682894
uniform,1,660,126767,0.05,1.0,275,131.02,27.83,0.344467,75000,,,,,,-0.160713,0.573166,3.41297
uniform,1,661,126998,0.05,1.0,231,131.24,23.45,0.272971,75000,,,,,,-0.096362,0.501355,2.647189
uniform,1,662,127298,0.05,,300,24.3,23.3,0.33558,75000,,,,,,-0.140493,0.574169,3.217905
uniform,1,663,127598,0.05,,300,27.5,28.7,0.293896,75000,,,,,,-0.130312,0.52214,3.032231
uniform,1,664,127898,0.05,,300,25.5,28.7,0.329554,75000,,,,,,-0.148002,0.558003,3.355449
uniform,1,665,128198,0.05,,300,26.5,25.3,0.315454,75000,,,,,,-0.122038,0.555156,2.963138
uniform,1,666,128292,0.05,-1.0,94,27.33,131.93,0.222767,75000,,,,,,-0.051404,0.457163,2.003435
uniform,1,667,128592,0.05,,300,25.5,24.1,0.31009,75000,,,,,,-0.137035,0.538409,3.250574
uniform,1,668,128892,0.05,,300,27.5,24.1,0.272909,75000,,,,,,-0.101545,0.499829,2.786043
uniform,1,669,129192,0.05,,300,28.7,27.7,0.315484,75000,,,,,,-0.125076,0.551545,3.013719
uniform,1,670,129307,0.05,1.0,115,131.82,21.63,0.285601,75000,,,,,,-0.091405,0.522426,2.662916
uniform,1,671,129402,0.05,1.0,95,131.92,27.33,0.306578,75000,,,,,,-0.146717,0.534939,3.255776
uniform,1,672,129664,0.05,-1.0,262,26.69,131.09,0.32812,75000,,,,,,-0.139683,0.557458,3.248003
uniform,1,673,129964,0.05,,300,26.3,27.5,0.297723,75000,,,,,,-0.117696,0.523191,3.041357
uniform,1,674,130264,0.05,,300,26.5,27.5,0.342335,75000,,,,,,-0.142449,0.584906,3.20157
uniform,1,675,130564,0.05,,300,28.7,25.1,0.326882,75000,,,,,,-0.114727,0.564405,3.040092
uniform,1,676,130864,0.05,,300,27.5,28.7,0.279005,75000,,,,,,-0.076706,0.508462,2.743786
uniform,1,677,131164,0.05,,300,26.3,23.1,0.309042,75000,,,,,,-0.122227,0.544194,3.011557
uniform,1,678,131464,0.05,,300,25.1,24.3,0.297775,75000,,,,,,-0.097654,0.533539,2.711094
uniform,1,679,131563,0.05,1.0,99,131.9,29.71,0.272457,75000,,,,,,-0.099632,0.503049,2.625731
uniform,1,680,131863,0.05,,300,27.7,27.5,0.272502,75000,,,,,,-0.094337,0.500685,2.544757
uniform,1,681,132163,0.05,,300,27.5,26.5,0.250239,75000,,,,,,-0.048792,0.486271,2.198079
uniform,1,682,132463,0.05,,300,25.5,28.7,0.306518,75000,,,,,,-0.093572,0.540204,2.790625
uniform,1,683,132763,0.05,,300,27.5,26.5,0.2556,75000,,,,,,-0.066504,0.48355,2.364864
uniform,1,684,133063,0.05,,300,28.7,27.5,0.330438,75000,,,,,,-0.127697,0.563877,3.357108
uniform,1,685,133363,0.05,,300,27.5,28.7,0.247823,75000,,,,,,-0.073109,0.47929,2.339566
uniform,1,686,133663,0.05,,300,26.5,21.1,0.242156,75000,,,,,,-0.066925,0.468159,2.306804
uniform,1,687,133963,0.05,,300,25.3,26.5,0.289733,75000,,,,,,-0.097508,0.512804,2.813928
uniform,1,688,134263,0.05,,300,27.5,26.5,0.260741,75000,,,,,,-0.058366,0.495603,2.488024
uniform,1,689,134362,0.05,1.0,99,131.9,24.71,0.244936,75000,,,,,,-0.075549,0.472042,2.312077
uniform,1,690,134662,0.05,,300,26.5,25.3,0.238006,75000,,,,,,-0.05524,0.461887,2.245545
uniform,1,691,134810,0.05,-1.0,148,22.46,131.66,0.275998,75000,,,,,,-0.095925,0.499303,2.754803
uniform,1,692,135110,0.05,,300,26.5,25.1,0.274166,75000,,,,,,-0.088847,0.502327,2.602324
uniform,1,693,135410,0.05,,300,24.1,27.5,0.245841,75000,,,,,,-0.078206,0.474639,2.435482
uniform,1,694,135710,0.05,,300,26.5,23.1,0.21951,75000,,,,,,-0.069611,0.441278,2.163998
uniform,1,695,136010,0.05,,300,27.7,26.3,0.237908,75000,,,,,,-0.066414,0.458106,2.363241
uniform,1,696,136219,0.05,1.0,209,131.35,28.76,0.26844,75000,,,,,,-0.08109,0.499383,2.479765
uniform,1,697,136368,0.05,1.0,149,131.65,24.46,0.278864,75000,,,,,,-0.100017,0.504366,2.798678
uniform,1,698,136668,0.05,,300,26.3,25.1,0.230489,75000,,,,,,-0.043136,0.450703,2.25506
uniform,1,699,136767,0.05,1.0,99,131.9,24.71,0.212029,75000,,,,,,-0.045488,0.43074,2.208613
uniform,1,700,137067,0.05,,300,21.9,26.3,0.245933,75000,,,,,,-0.073109,0.470635,2.367058
uniform,1,701,137213,0.05,-1.0,146,23.47,131.67,0.238044,75000,,,,,,-0.087421,0.468704,2.204671
uniform,1,702,137513,0.05,,300,27.5,26.5,0.255342,75000,,,,,,-0.09315,0.479782,2.643354
uniform,1,703,137610,0.05,1.0,97,131.91,21.72,0.226461,75000,,,,,,-0.044287,0.444602,2.396317
uniform,1,704,137910,0.05,,300,25.5,25.3,0.222569,75000,,,,,,-0.062385,0.440379,2.246776
uniform,1,705,138004,0.05,-1.0,94,24.93,131.93,0.242687,75000,,,,,,-0.049949,0.466786,2.522428
uniform,1,706,138110,0.05,-1.0,106,24.47,131.87,0.262179,75000,,,,,,-0.093198,0.49923,2.664444
uniform,1,707,138219,0.05,1.0,109,131.85,25.26,0.297033,75000,,,,,,-0.115771,0.524762,3.065777
uniform,1,708,138460,0.05,1.0,241,131.19,22.4,0.277837,75000,,,,,,-0.097043,0.503786,2.890365
uniform,1,709,138564,0.05,-1.0,104,24.48,131.88,0.257771,75000,,,,,,-0.091722,0.479816,2.736785
uniform,1,710,138864,0.05,,300,24.3,25.3,0.233523,75000,,,,,,-0.072458,0.452993,2.512402
uniform,1,711,139017,0.05,1.0,153,131.63,26.84,0.225686,75000,,,,,,-0.055462,0.451521,2.077277
uniform,1,712,139317,0.05,,300,25.3,28.7,0.226384,75000,,,,,,-0.066089,0.45269,2.090141
uniform,1,713,139614,0.05,1.0,297,130.91,25.72,0.21983,75000,,,,,,-0.051392,0.4401,2.101251
uniform,1,714,139914,0.05,,300,28.7,25.5,0.233118,75000,,,,,,-0.052439,0.453529,2.167282
uniform,1,715,140214,0.05,,300,25.1,24.3,0.221555,75000,,,,,,-0.04753,0.448303,2.093736
uniform,1,716,140514,0.05,,300,28.7,27.5,0.248247,75000,,,,,,-0.067596,0.46896,2.476524
uniform,1,717,140814,0.05,,300,27.5,26.3,0.225258,75000,,,,,,-0.062175,0.442227,2.342538
uniform,1,718,141114,0.05,,300,28.7,23.1,0.232394,75000,,,,,,-0.074087,0.45797,2.361209
uniform,1,719,141414,0.05,,300,23.7,27.3,0.254012,75000,,,,,,-0.095765,0.480362,2.464431
uniform,1,720,141714,0.05,,300,28.7,25.5,0.240141,75000,,,,,,-0.080796,0.465362,2.422803
uniform,1,721,142014,0.05,,300,25.5,28.5,0.226784,75000,,,,,,-0.058735,0.448932,2.151279
uniform,1,722,142314,0.05,,300,26.3,25.3,0.221374,75000,,,,,,-0.043123,0.449708,1.958657
uniform,1,723,142459,0.05,1.0,145,131.67,19.88,0.219402,75000,,,,,,-0.055891,0.44237,2.044857
uniform,1,724,142538,0.05,1.0,79,132.0,21.41,0.233155,75000,,,,,,-0.046628,0.452474,2.21141
uniform,1,725,142838,0.05,,300,23.1,23.1,0.20825,75000,,,,,,-0.039232,0.425731,1.962204
uniform,1,726,143138,0.05,,300,25.3,26.5,0.208678,75000,,,,,,-0.06477,0.432045,2.167871
uniform,1,727,143317,0.05,1.0,179,131.5,24.31,0.238816,75000,,,,,,-0.063478,0.459972,2.508397
uniform,1,728,143514,0.05,1.0,197,131.41,27.02,0.227851,75000,,,,,,-0.095641,0.442744,2.42338
uniform,1,729,143622,0.05,-1.0,108,27.46,131.86,0.210397,75000,,,,,,-0.034093,0.428033,1.923144
uniform,1,730,143922,0.05,,300,24.3,27.3,0.228924,75000,,,,,,-0.064717,0.445198,2.177413
uniform,1,731,144222,0.05,,300,24.3,27.5,0.218284,75000,,,,,,-0.049545,0.447793,2.052941
uniform,1,732,144522,0.05,,300,25.3,26.5,0.18901,75000,,,,,,-0.024922,0.407503,1.592516
uniform,1,733,144822,0.05,,300,26.5,22.7,0.201401,75000,,,,,,-0.012817,0.418144,1.876431
uniform,1,734,145122,0.05,,300,25.3,25.5,0.219438,75000,,,,,,-0.068223,0.442419,2.101007
uniform,1,735,145422,0.05,,300,23.1,28.7,0.220405,75000,,,,,,-0.062277,0.438683,2.14609
uniform,1,736,145669,0.05,1.0,247,131.16,23.77,0.200446,75000,,,,,,-0.070481,0.414596,2.165783
uniform,1,737,145969,0.05,,300,27.7,24.3,0.183891,75000,,,,,,-0.034267,0.394122,1.707735
uniform,1,738,146269,0.05,,300,22.9,25.3,0.217846,75000,,,,,,-0.047676,0.441715,2.074305
uniform,1,739,146355,0.05,-1.0,86,27.17,131.97,0.227352,75000,,,,,,-0.05846,0.441723,2.066642
uniform,1,740,146655,0.05,,300,25.1,25.3,0.220838,75000,,,,,,-0.046157,0.435015,2.144903
uniform,1,741,146955,0.05,,300,25.3,26.5,0.195032,75000,,,,,,-0.057559,0.403102,1.990002
uniform,1,742,147034,0.05,1.0,79,132.0,22.41,0.187413,75000,,,,,,-0.057382,0.413615,1.626139
uniform,1,743,147334,0.05,,300,26.5,25.5,0.221281,75000,,,,,,-0.066965,0.439631,2.100931
uniform,1,744,147634,0.05,,300,27.7,25.5,0.184272,75000,,,,,,-0.041289,0.395623,1.822746
uniform,1,745,147934,0.05,,300,25.5,25.3,0.173779,75000,,,,,,-0.033413,0.377807,1.648104
uniform,1,746,148021,0.05,1.0,87,131.96,24.37,0.167815,75000,,,,,,-0.025594,0.382638,1.458586
uniform,1,747,148220,0.05,1.0,199,131.4,22.41,0.196734,75000,,,,,,-0.059574,0.416606,2.060023
uniform,1,748,148452,0.05,-1.0,232,28.04,131.24,0.212696,75000,,,,,,-0.059557,0.426535,2.120543
uniform,1,749,148752,0.05,,300,28.7,27.5,0.175003,75000,,,,,,-0.031462,0.383389,1.663132
uniform,1,750,149052,0.05,,300,24.3,27.5,0.168068,75000,,,,,,-0.024609,0.380306,1.278852
uniform,1,751,149352,0.05,,300,26.5,25.3,0.192117,75000,,,,,,-0.050505,0.408126,1.973749
uniform,1,752,149652,0.05,,300,25.3,26.5,0.18166,75000,,,,,,-0.031062,0.391407,1.674183
uniform,1,753,149937,0.05,1.0,285,130.97,25.38,0.185526,75000,,,,,,-0.048169,0.390586,2.004195
uniform,1,754,150237,0.05,,300,25.5,24.1,0.181978,75000,,,,,,-0.025986,0.400182,1.570296
uniform,1,755,150537,0.05,,300,25.9,25.5,0.174803,75000,,,,,,-0.036671,0.386611,1.614745
uniform,1,756,150837,0.05,,300,25.3,24.1,0.161408,75000,,,,,,-0.022871,0.36824,1.545599
uniform,1,757,151137,0.05,,300,26.5,21.9,0.174404,75000,,,,,,-0.027442,0.389055,1.602728
uniform,1,758,151437,0.05,,300,26.5,25.3,0.188869,75000,,,,,,-0.05526,0.395811,2.084049
uniform,1,759,151555,0.05,-1.0,118,19.81,131.81,0.15438,75000,,,,,,-0.027275,0.364235,1.250357
uniform,1,760,151770,0.05,1.0,215,131.32,20.13,0.168576,75000,,,,,,-0.033965,0.368757,1.854526
uniform,1,761,152070,0.05,,300,26.3,25.5,0.183134,75000,,,,,,-0.04028,0.391968,1.797211
uniform,1,762,152365,0.05,1.0,295,130.92,22.33,0.204516,75000,,,,,,-0.060733,0.413824,2.229281
uniform,1,763,152526,0.05,1.0,161,131.59,21.8,0.201119,75000,,,,,,-0.054107,0.407077,2.142297
uniform,1,764,152826,0.05,,300,26.5,27.3,0.173634,75000,,,,,,-0.046477,0.378003,1.949296
uniform,1,765,153126,0.05,,300,28.7,23.1,0.184789,75000,,,,,,-0.047199,0.392755,1.876127
uniform,1,766,153426,0.05,,300,25.3,24.3,0.157468,75000,,,,,,-0.034654,0.362245,1.279476
uniform,1,767,153726,0.05,,300,25.3,26.5,0.158358,75000,,,,,,-0.037929,0.358549,1.753833
uniform,1,768,154026,0.05,,300,25.3,24.1,0.161205,75000,,,,,,-0.046,0.361165,1.891566
uniform,1,769,154152,0.05,-1.0,126,26.17,131.77,0.207234,75000,,,,,,-0.045579,0.418086,2.086262
uniform,1,770,154452,0.05,,300,26.5,27.5,0.16679,75000,,,,,,-0.028835,0.37281,1.572259
uniform,1,771,154752,0.05,,300,28.5,25.3,0.173968,75000,,,,,,-0.038967,0.37375,1.969861
uniform,1,772,155052,0.05,,300,21.1,28.3,0.154203,75000,,,,,,-0.039494,0.355619,1.57076
uniform,1,773,155352,0.05,,300,25.3,28.5,0.17773,75000,,,,,,-0.036062,0.382985,1.687536
uniform,1,774,155652,0.05,,300,27.7,26.3,0.165461,75000,,,,,,-0.030222,0.367165,1.688213
uniform,1,775,155770,0.05,-1.0,118,16.41,131.81,0.156394,75000,,,,,,-0.016134,0.354374,1.43653
uniform,1,776,156070,0.05,,300,28.7,27.7,0.17341,75000,,,,,,-0.035189,0.378086,1.870549
uniform,1,777,156370,0.05,,300,28.7,25.1,0.179869,75000,,,,,,-0.041207,0.388684,1.853455
uniform,1,778,156553,0.05,1.0,183,131.48,26.09,0.174851,75000,,,,,,-0.042608,0.376001,1.960327
uniform,1,779,156853,0.05,,300,27.5,28.7,0.178301,75000,,,,,,-0.035633,0.38063,2.097387
uniform,1,780,157153,0.05,,300,25.3,25.5,0.157801,75000,,,,,,-0.026532,0.364866,1.441337
uniform,1,781,157453,0.05,,300,25.5,25.5,0.143351,75000,,,,,,-0.025797,0.347176,1.25865
uniform,1,782,157753,0.05,,300,26.5,27.5,0.152032,75000,,,,,,-0.031652,0.349093,1.444509
uniform,1,783,157910,0.05,1.0,157,131.61,28.62,0.142358,75000,,,,,,-0.019504,0.338129,1.555808
uniform,1,784,158167,0.05,1.0,257,131.11,28.12,0.141837,75000,,,,,,0.008214,0.344182,1.25081
uniform,1,785,158467,0.05,,300,25.1,26.5,0.170761,75000,,,,,,-0.009554,0.373007,1.600587
uniform,1,786,158574,0.05,1.0,107,131.86,24.67,0.166098,75000,,,,,,-0.040333,0.362048,2.045128
uniform,1,787,158874,0.05,,300,27.5,21.9,0.172815,75000,,,,,,-0.025699,0.367554,1.91853
uniform,1,788,159054,0.05,-1.0,180,29.3,131.5,0.184773,75000,,,,,,-0.060194,0.386896,1.95908
uniform,1,789,159170,0.05,-1.0,116,24.62,131.82,0.150013,75000,,,,,,-0.020345,0.357261,1.183209
uniform,1,790,159439,0.05,1.0,269,131.05,28.86,0.155401,75000,,,,,,-0.031752,0.354428,1.554442
uniform,1,791,159562,0.05,1.0,123,131.78,24.59,0.145689,75000,,,,,,-0.017612,0.340027,1.484017
uniform,1,792,159862,0.05,,300,25.5,25.3,0.14123,75000,,,,,,-0.014727,0.33606,1.342953
uniform,1,793,160162,0.05,,300,26.5,27.7,0.158015,75000,,,,,,-0.028165,0.356821,1.732783
uniform,1,794,160460,0.05,-1.0,298,24.11,130.91,0.163212,75000,,,,,,-0.028902,0.359315,1.806431
uniform,1,795,160760,0.05,,300,21.7,27.3,0.134109,75000,,,,,,-0.015043,0.324398,1.44363
uniform,1,796,161060,0.05,,300,28.7,23.3,0.16117,75000,,,,,,-0.04627,0.355528,1.844024
uniform,1,797,161260,0.05,-1.0,200,28.4,131.4,0.162422,75000,,,,,,-0.056111,0.363146,1.777309
uniform,1,798,161555,0.05,1.0,295,130.92,28.13,0.156832,75000,,,,,,-0.042312,0.353241,1.582666
uniform,1,799,161855,0.05,,300,27.5,28.7,0.170768,75000,,,,,,-0.043632,0.363407,1.950922
uniform,1,800,162155,0.05,,300,24.3,24.3,0.160153,75000,,,,,,-0.028083,0.356115,1.767998
uniform,1,801,162455,0.05,,300,25.3,26.5,0.148472,75000,,,,,,-0.019296,0.342774,1.313896
uniform,1,802,162628,0.05,1.0,173,131.53,26.54,0.146018,75000,,,,,,-0.012671,0.335019,1.584578
uniform,1,803,162745,0.05,1.0,117,131.81,22.02,0.131182,75000,,,,,,-0.020608,0.320271,1.24837
uniform,1,804,163019,0.05,-1.0,274,23.43,131.03,0.143924,75000,,,,,,-0.02562,0.334613,1.513433
uniform,1,805,163319,0.05,,300,23.1,20.5,0.154478,75000,,,,,,-0.021702,0.349547,1.626852
uniform,1,806,163619,0.05,,300,28.7,25.5,0.144497,75000,,,,,,-0.026074,0.33152,1.633865
uniform,1,807,163919,0.05,,300,27.7,26.5,0.142265,75000,,,,,,-0.024411,0.330823,1.589386
uniform,1,808,164219,0.05,,300,25.3,23.3,0.142365,75000,,,,,,-0.013684,0.335112,1.480447
uniform,1,809,164465,0.05,-1.0,246,23.97,131.17,0.130634,75000,,,,,,-0.019429,0.318448,1.461169
uniform,1,810,164765,0.05,,300,25.3,20.7,0.133145,75000,,,,,,-0.016422,0.317157,1.472129
uniform,1,811,165065,0.05,,300,27.5,26.5,0.165003,75000,,,,,,-0.04862,0.351408,2.034199
uniform,1,812,165365,0.05,,300,23.1,26.5,0.150118,75000,,,,,,-0.030827,0.341389,1.658019
uniform,1,813,165665,0.05,,300,27.9,24.1,0.139726,75000,,,,,,-0.016813,0.323567,1.533203
uniform,1,814,165965,0.05,,300,26.5,24.3,0.155997,75000,,,,,,-0.037976,0.340335,1.898954
uniform,1,815,166265,0.05,,300,27.5,24.3,0.135862,75000,,,,,,-0.014311,0.325354,1.334132
uniform,1,816,166393,0.05,-1.0,128,26.56,131.76,0.111464,75000,,,,,,0.007673,0.293775,0.986027
uniform,1,817,166616,0.05,1.0,223,131.28,22.29,0.15926,75000,,,,,,-0.004068,0.346033,1.843744
uniform,1,818,166892,0.05,-1.0,276,27.62,131.02,0.125946,75000,,,,,,-0.017886,0.307823,1.38512
uniform,1,819,167192,0.05,,300,26.5,27.5,0.130861,75000,,,,,,-0.013367,0.317836,1.327987
uniform,1,820,167291,0.05,1.0,99,131.9,22.31,0.134494,75000,,,,,,-0.006179,0.323056,1.078213
uniform,1,821,167591,0.05,,300,25.3,25.3,0.134886,75000,,,,,,-0.029983,0.317097,1.453996
uniform,1,822,167891,0.05,,300,26.5,27.5,0.124112,75000,,,,,,-0.018913,0.302358,1.461806
uniform,1,823,168191,0.05,,300,27.7,28.7,0.135503,75000,,,,,,-0.020162,0.320293,1.551209
uniform,1,824,168317,0.05,-1.0,126,24.57,131.77,0.117039,75000,,,,,,-0.014068,0.300847,1.240988
uniform,1,825,168495,0.05,-1.0,178,26.91,131.51,0.114008,75000,,,,,,-0.021107,0.293352,1.119968
uniform,1,826,168690,0.05,1.0,195,131.42,26.43,0.155005,75000,,,,,,-0.030445,0.334636,2.038438
uniform,1,827,168990,0.05,,300,25.3,25.3,0.123762,75000,,,,,,-0.033388,0.30159,1.412119
uniform,1,828,169290,0.05,,300,25.1,28.7,0.153868,75000,,,,,,-0.033666,0.339306,1.807226
uniform,1,829,169590,0.05,,300,27.5,26.3,0.135528,75000,,,,,,-0.019836,0.315693,1.444147
uniform,1,830,169711,0.05,1.0,121,131.79,24.4,0.122859,75000,,,,,,-0.016713,0.29603,1.529887
uniform,1,831,169889,0.05,-1.0,178,23.71,131.51,0.14044,75000,,,,,,-0.022209,0.313488,1.56276
uniform,1,832,170189,0.05,,300,26.3,25.3,0.140453,75000,,,,,,-0.026562,0.325302,1.584353
uniform,1,833,170489,0.05,,300,25.3,26.5,0.1318,75000,,,,,,-0.021035,0.316598,1.397552
uniform,1,834,170789,0.05,,300,27.5,26.5,0.12374,75000,,,,,,-0.014481,0.302662,1.147378
uniform,1,835,170900,0.05,1.0,111,131.84,27.05,0.108537,75000,,,,,,-0.011918,0.287202,0.987633
uniform,1,836,171200,0.05,,300,25.7,25.1,0.141852,75000,,,,,,-0.024564,0.328314,1.67507
uniform,1,837,171500,0.05,,300,25.3,23.1,0.121494,75000,,,,,,-0.009467,0.30257,1.120606
uniform,1,838,171763,0.05,1.0,263,131.08,23.89,0.126674,75000,,,,,,-0.009043,0.306067,1.366402
uniform,1,839,172063,0.05,,300,25.1,28.7,0.129453,75000,,,,,,-0.007131,0.308832,1.25323
uniform,1,840,172363,0.05,,300,24.1,25.3,0.146191,75000,,,,,,-0.022294,0.328429,1.646199
uniform,1,841,172518,0.05,1.0,155,131.62,24.03,0.127103,75000,,,,,,0.003554,0.303935,1.21006
uniform,1,842,172786,0.05,-1.0,268,22.86,131.06,0.127217,75000,,,,,,-0.018582,0.301486,1.540742
uniform,1,843,173086,0.05,,300,27.3,24.1,0.129164,75000,,,,,,-0.02304,0.307336,1.590981
uniform,1,844,173245,0.05,1.0,159,131.6,24.41,0.129749,75000,,,,,,-0.028708,0.313066,1.136299
uniform,1,845,173349,0.05,-1.0,104,24.88,131.88,0.116791,75000,,,,,,-0.011849,0.294744,1.321197
uniform,1,846,173519,0.05,-1.0,170,28.55,131.55,0.138327,75000,,,,,,-0.035894,0.315364,1.654555
uniform,1,847,173609,0.05,-1.0,90,22.75,131.95,0.113939,75000,,,,,,-0.025281,0.288965,1.761484
uniform,1,848,173909,0.05,,300,28.5,19.1,0.115334,75000,,,,,,-0.024213,0.289389,1.457014
uniform,1,849,174055,0.05,-1.0,146,24.67,131.67,0.125594,75000,,,,,,-0.017987,0.30668,1.198466
uniform,1,850,174242,0.05,1.0,187,131.46,26.27,0.159089,75000,,,,,,-0.034006,0.343511,1.74803
uniform,1,851,174542,0.05,,300,21.7,27.5,0.110276,75000,,,,,,-0.015401,0.287181,1.114033
uniform,1,852,174842,0.05,,300,25.3,24.1,0.113903,75000,,,,,,-0.011145,0.289867,1.065929
uniform,1,853,175142,0.05,,300,28.5,27.7,0.107812,75000,,,,,,-0.005361,0.284281,0.999793
uniform,1,854,175238,0.05,-1.0,96,22.52,131.92,0.12508,75000,,,,,,-0.032649,0.305879,1.368049
uniform,1,855,175538,0.05,,300,26.5,27.7,0.123767,75000,,,,,,-0.017315,0.298348,1.271998
uniform,1,856,175838,0.05,,300,26.5,27.5,0.115085,75000,,,,,,-0.0092,0.285205,1.281548
uniform,1,857,176138,0.05,,300,27.7,26.3,0.115564,75000,,,,,,-0.017655,0.293425,1.229216
uniform,1,858,176438,0.05,,300,25.3,24.1,0.129284,75000,,,,,,-0.021188,0.307233,1.473977
uniform,1,859,176738,0.05,,300,26.3,27.5,0.112177,75000,,,,,,-0.026317,0.284883,1.280324
uniform,1,860,177038,0.05,,300,27.5,26.3,0.130969,75000,,,,,,-0.025574,0.308798,1.499789
uniform,1,861,177338,0.05,,300,27.5,28.7,0.1354,75000,,,,,,-0.025905,0.317274,1.526566
uniform,1,862,177552,0.05,-1.0,214,28.93,131.33,0.139255,75000,,,,,,-0.016664,0.314999,1.498113
uniform,1,863,177711,0.05,1.0,159,131.6,20.41,0.136372,75000,,,,,,-0.042125,0.309328,1.800309
uniform,1,864,177865,0.05,-1.0,154,29.43,131.63,0.125114,75000,,,,,,-0.015804,0.296066,1.603368
uniform,1,865,178165,0.05,,300,23.7,25.3,0.138556,75000,,,,,,-0.016483,0.318666,1.355175
uniform,1,866,178275,0.05,-1.0,110,26.65,131.85,0.12481,75000,,,,,,-0.006972,0.30457,1.205531
uniform,1,867,178575,0.05,,300,26.3,23.3,0.130989,75000,,,,,,-0.018528,0.307537,1.534355
uniform,1,868,178875,0.05,,300,25.3,25.3,0.112323,75000,,,,,,-0.013486,0.286494,1.21246
uniform,1,869,179163,0.05,-1.0,288,24.16,130.96,0.112189,75000,,,,,,-0.008099,0.292683,1.076761
uniform,1,870,179463,0.05,,300,27.5,26.5,0.132333,75000,,,,,,-0.018854,0.307562,1.497514
uniform,1,871,179560,0.05,1.0,97,131.91,20.32,0.115917,75000,,,,,,-0.032436,0.28647,1.347893
uniform,1,872,179661,0.05,1.0,101,131.89,24.5,0.107806,75000,,,,,,-0.005907,0.277277,0.977307
uniform,1,873,179961,0.05,,300,27.5,26.5,0.132908,75000,,,,,,-0.019286,0.303725,1.409867
uniform,1,874,180261,0.05,,300,25.1,21.1,0.137377,75000,,,,,,-0.009709,0.320444,1.251812
uniform,1,875,180361,0.05,-1.0,100,26.9,131.9,0.152226,75000,,,,,,-0.008521,0.330461,1.579248
uniform,1,876,180661,0.05,,300,25.1,26.3,0.127346,75000,,,,,,-0.013549,0.300062,1.324199
uniform,1,877,180762,0.05,1.0,101,131.89,29.7,0.107637,75000,,,,,,-0.008542,0.281604,0.847446
uniform,1,878,181018,0.05,-1.0,256,23.72,131.12,0.121735,75000,,,,,,-0.025641,0.295757,1.463773
uniform,1,879,181318,0.05,,300,26.5,27.5,0.135796,75000,,,,,,-0.00929,0.317677,1.256152
uniform,1,880,181396,0.05,-1.0,78,26.61,132.01,0.201228,75000,,,,,,-0.059257,0.3788,2.324771
uniform,1,881,181696,0.05,,300,26.5,27.5,0.131561,75000,,,,,,-0.014787,0.305287,1.429013
uniform,1,882,181808,0.05,-1.0,112,17.24,131.84,0.143861,75000,,,,,,-0.023058,0.314358,1.814699
uniform,1,883,182108,0.05,,300,24.3,25.1,0.116373,75000,,,,,,-0.010185,0.292039,1.257261
uniform,1,884,182203,0.05,1.0,95,131.92,20.13,0.128087,75000,,,,,,-0.033618,0.301291,1.766464
uniform,1,885,182410,0.05,1.0,207,131.36,26.57,0.10622,75000,,,,,,-0.022154,0.27758,1.109832
uniform,1,886,182710,0.05,,300,26.3,27.7,0.105566,75000,,,,,,-0.0022,0.27314,0.986945
uniform,1,887,182842,0.05,-1.0,132,26.34,131.74,0.132805,75000,,,,,,-0.052602,0.298054,1.921114
uniform,1,888,183142,0.05,,300,27.5,26.3,0.122491,75000,,,,,,-0.013162,0.299919,1.279329
uniform,1,889,183246,0.05,-1.0,104,24.68,131.88,0.122031,75000,,,,,,-0.012549,0.29992,1.00589
uniform,1,890,183546,0.05,,300,27.5,28.7,0.120019,75000,,,,,,-0.010325,0.294091,1.155417
uniform,1,891,183846,0.05,,300,27.5,24.1,0.117185,75000,,,,,,-0.021448,0.288067,1.444045
uniform,1,892,183938,0.05,-1.0,92,27.54,131.94,0.122152,75000,,,,,,-0.011241,0.293021,1.4513
uniform,1,893,184238,0.05,,300,26.3,27.5,0.15076,75000,,,,,,-0.029274,0.331816,1.650842
uniform,1,894,184357,0.05,1.0,119,131.8,29.61,0.149052,75000,,,,,,-0.044877,0.323633,2.003777
uniform,1,895,184657,0.05,,300,27.5,26.5,0.144124,75000,,,,,,-0.03102,0.320227,1.615362
uniform,1,896,184804,0.05,1.0,147,131.66,24.07,0.153646,75000,,,,,,-0.012877,0.326082,1.62119
uniform,1,897,184948,0.05,-1.0,144,22.08,131.68,0.128633,75000,,,,,,-0.047153,0.29985,1.466765
uniform,1,898,185248,0.05,,300,26.5,25.1,0.14194,75000,,,,,,-0.008528,0.32286,1.43947
uniform,1,899,185397,0.05,1.0,149,131.65,24.86,0.111232,75000,,,,,,-0.019861,0.284242,1.286695
uniform,1,900,185697,0.05,,300,26.5,27.5,0.150809,75000,,,,,,-0.002938,0.324588,1.626693
uniform,1,901,185997,0.05,,300,26.5,24.9,0.123,75000,,,,,,-0.000736,0.294026,1.252214
uniform,1,902,186140,0.05,1.0,143,131.68,24.09,0.159922,75000,,,,,,-0.051487,0.34713,1.885781
uniform,1,903,186440,0.05,,300,26.5,27.5,0.135645,75000,,,,,,-0.032976,0.312036,1.518875
uniform,1,904,186740,0.05,,300,26.5,27.5,0.121188,75000,,,,,,-0.023836,0.29401,1.224586
uniform,1,905,186831,0.05,1.0,91,131.94,26.55,0.1418,75000,,,,,,-0.049923,0.31707,1.715654
uniform,1,906,187131,0.05,,300,27.5,26.5,0.140746,75000,,,,,,-0.020843,0.315327,1.584134
uniform,1,907,187431,0.05,,300,24.1,27.5,0.144371,75000,,,,,,-0.021495,0.318061,1.560825
uniform,1,908,187535,0.05,-1.0,104,29.68,131.88,0.160528,75000,,,,,,-0.047304,0.333863,1.761652
uniform,1,909,187835,0.05,,300,27.3,26.5,0.148635,75000,,,,,,-0.036224,0.320795,1.825461
uniform,1,910,187987,0.05,-1.0,152,24.64,131.64,0.143753,75000,,,,,,-0.013288,0.314014,1.667444
uniform,1,911,188149,0.05,-1.0,162,26.19,131.59,0.176688,75000,,,,,,-0.040287,0.364728,1.705045
uniform,1,912,188449,0.05,,300,27.5,26.5,0.133271,75000,,,,,,-0.019817,0.307207,1.301387
uniform,1,913,188739,0.05,-1.0,290,18.95,130.95,0.159636,75000,,,,,,-0.029677,0.335215,1.697393
uniform,1,914,189039,0.05,,300,26.3,27.5,0.161191,75000,,,,,,-0.035406,0.337834,1.872295
uniform,1,915,189339,0.05,,300,27.5,26.5,0.146182,75000,,,,,,-0.025145,0.325293,1.466817
uniform,1,916,189639,0.05,,300,26.5,25.5,0.150577,75000,,,,,,-0.014053,0.322977,1.623941
uniform,1,917,189939,0.05,,300,27.5,26.3,0.145931,75000,,,,,,-0.018506,0.319289,1.424442
uniform,1,918,190037,0.05,-1.0,98,22.51,131.91,0.118131,75000,,,,,,-0.005407,0.295528,1.109598
uniform,1,919,190286,0.05,1.0,249,131.15,18.56,0.164514,75000,,,,,,-0.025541,0.342101,1.743426
uniform,1,920,190440,0.05,-1.0,154,26.63,131.63,0.138838,75000,,,,,,-0.034004,0.311389,1.469275
uniform,1,921,190740,0.05,,300,25.9,21.9,0.134327,75000,,,,,,-0.012581,0.303757,1.286065
uniform,1,922,191040,0.05,,300,25.5,24.1,0.136183,75000,,,,,,-0.024422,0.308604,1.574037
uniform,1,923,191153,0.05,1.0,113,131.83,18.24,0.179331,75000,,,,,,-0.025384,0.361992,1.850907
uniform,1,924,191453,0.05,,300,27.7,26.1,0.13029,75000,,,,,,-0.013715,0.304102,1.172718
uniform,1,925,191753,0.05,,300,28.5,27.7,0.121947,75000,,,,,,-0.008457,0.291641,1.110186
uniform,1,926,192053,0.05,,300,27.5,26.5,0.13854,75000,,,,,,-0.021657,0.310274,1.553686
uniform,1,927,192353,0.05,,300,26.3,27.5,0.121567,75000,,,,,,-0.011407,0.293119,1.172526
uniform,1,928,192653,0.05,,300,27.5,24.1,0.115777,75000,,,,,,-0.01328,0.2831,1.30197
uniform,1,929,192953,0.05,,300,26.3,27.7,0.133178,75000,,,,,,-0.024958,0.300096,1.488842
uniform,1,930,193078,0.05,1.0,125,131.77,27.18,0.151065,75000,,,,,,-0.029641,0.328428,1.637901
uniform,1,931,193378,0.05,,300,25.3,25.3,0.139687,75000,,,,,,-0.023556,0.316162,1.431728
uniform,1,932,193678,0.05,,300,25.3,25.3,0.137805,75000,,,,,,-0.032876,0.3103,1.481645
uniform,1,933,193978,0.05,,300,26.5,27.5,0.128343,75000,,,,,,-0.033165,0.29683,1.506493
uniform,1,934,194278,0.05,,300,27.7,27.5,0.154681,75000,,,,,,-0.044862,0.334932,2.004125
uniform,1,935,194450,0.05,-1.0,172,26.14,131.54,0.138691,75000,,,,,,-0.032164,0.310071,1.588732
uniform,1,936,194661,0.05,1.0,211,131.34,24.15,0.15343,75000,,,,,,-0.026278,0.321982,1.869538
uniform,1,937,194877,0.05,-1.0,216,24.52,131.32,0.122688,75000,,,,,,-0.020098,0.292016,1.195559
uniform,1,938,195177,0.05,,300,28.1,25.3,0.138599,75000,,,,,,-0.012553,0.316865,1.416638
uniform,1,939,195477,0.05,,300,25.5,25.3,0.147881,75000,,,,,,-0.031843,0.324423,1.731833
uniform,1,940,195777,0.05,,300,25.1,25.3,0.130276,75000,,,,,,-0.018604,0.302965,1.275618
uniform,1,941,196077,0.05,,300,28.7,27.5,0.151675,75000,,,,,,-0.028314,0.328355,1.748077
uniform,1,942,196377,0.05,,300,25.3,22.9,0.145835,75000,,,,,,-0.039063,0.319995,1.507913
uniform,1,943,196677,0.05,,300,26.3,27.5,0.130751,75000,,,,,,-0.020707,0.301473,1.228639
uniform,1,944,196805,0.05,-1.0,128,26.96,131.76,0.127435,75000,,,,,,-0.033919,0.293735,1.462656
uniform,1,945,197105,0.05,,300,26.5,27.5,0.140985,75000,,,,,,-0.023677,0.312898,1.647931
uniform,1,946,197397,0.05,-1.0,292,21.94,130.94,0.113974,75000,,,,,,-0.002486,0.283467,1.015361
uniform,1,947,197697,0.05,,300,25.3,25.3,0.103353,75000,,,,,,-0.00552,0.268669,0.975809
uniform,1,948,197963,0.05,-1.0,266,23.47,131.07,0.098989,75000,,,,,,-0.004575,0.262399,0.792694
uniform,1,949,198263,0.05,,300,25.5,25.3,0.135435,75000,,,,,,-0.036999,0.306412,1.530187
uniform,1,950,198563,0.05,,300,25.1,26.5,0.149792,75000,,,,,,-0.035239,0.317003,1.725855
uniform,1,951,198863,0.05,,300,26.5,27.3,0.115844,75000,,,,,,-0.01513,0.279315,1.176148
uniform,1,952,199025,0.05,-1.0,162,26.39,131.59,0.123716,75000,,,,,,-0.018972,0.290751,1.224435
uniform,1,953,199325,0.05,,300,24.3,27.9,0.117137,75000,,,,,,-0.00148,0.28378,1.123465
uniform,1,954,199625,0.05,,300,25.3,25.3,0.107854,75000,,,,,,-0.012921,0.267112,1.275052
uniform,1,955,199925,0.05,,300,24.1,25.5,0.0996,75000,,,,,,-0.010019,0.255785,0.99497
uniform,1,956,200225,0.05,,300,27.5,24.1,0.131512,75000,,,,,,-0.027187,0.295898,1.511488
uniform,1,957,200525,0.05,,300,25.1,25.5,0.113724,75000,,,,,,-0.020949,0.274251,1.108338
uniform,1,958,200825,0.05,,300,25.3,25.3,0.097179,75000,,,,,,-0.010901,0.256669,0.87228
uniform,1,959,201125,0.05,,300,25.1,26.3,0.121128,75000,,,,,,-0.023009,0.285912,1.440856
uniform,1,960,201425,0.05,,300,25.3,25.3,0.11281,75000,,,,,,-0.016433,0.276129,1.331944
uniform,1,961,201725,0.05,,300,25.5,25.3,0.106297,75000,,,,,,-0.002273,0.267424,1.053136
uniform,1,962,202025,0.05,,300,25.3,25.3,0.093727,75000,,,,,,-0.007451,0.255078,0.815228
uniform,1,963,202299,0.05,-1.0,274,27.83,131.03,0.110685,75000,,,,,,-0.020876,0.277051,1.156606
uniform,1,964,202599,0.05,,300,25.3,25.1,0.115753,75000,,,,,,-0.018459,0.280033,1.263212
uniform,1,965,202899,0.05,,300,26.5,25.3,0.128764,75000,,,,,,-0.028946,0.290936,1.72757
uniform,1,966,203199,0.05,,300,28.5,25.5,0.107891,75000,,,,,,-0.010121,0.275172,1.143986
uniform,1,967,203499,0.05,,300,28.7,27.7,0.131427,75000,,,,,,-0.019798,0.292975,1.495806
uniform,1,968,203799,0.05,,300,25.5,25.1,0.107333,75000,,,,,,-0.004111,0.264998,0.973853
uniform,1,969,204099,0.05,,300,28.1,25.7,0.10952,75000,,,,,,-0.020525,0.271466,1.335709
uniform,1,970,204399,0.05,,300,27.5,26.5,0.124381,75000,,,,,,-0.019776,0.288007,1.46239
uniform,1,971,204636,0.05,1.0,237,131.21,25.62,0.094127,75000,,,,,,-0.017979,0.253469,1.008689
uniform,1,972,204936,0.05,,300,26.5,25.3,0.103214,75000,,,,,,-0.010145,0.259996,1.028542
uniform,1,973,205220,0.05,-1.0,284,23.38,130.98,0.122796,75000,,,,,,-0.028831,0.288458,1.375078
uniform,1,974,205520,0.05,,300,25.3,23.3,0.11551,75000,,,,,,-0.016029,0.276,1.32433
uniform,1,975,205663,0.05,1.0,143,131.68,26.49,0.103954,75000,,,,,,-0.000855,0.261484,0.997356
uniform,1,976,205963,0.05,,300,26.3,25.3,0.105543,75000,,,,,,-0.019202,0.260949,1.168493
uniform,1,977,206263,0.05,,300,25.5,26.5,0.098329,75000,,,,,,-0.004848,0.262196,0.791429
uniform,1,978,206563,0.05,,300,26.5,27.7,0.100929,75000,,,,,,-0.009083,0.257862,0.966376
uniform,1,979,206863,0.05,,300,25.3,25.3,0.102453,75000,,,,,,-0.012162,0.260404,1.042307
uniform,1,980,207068,0.05,1.0,205,131.37,26.78,0.109504,75000,,,,,,-0.014019,0.273749,1.109034
uniform,1,981,207368,0.05,,300,27.7,24.1,0.123304,75000,,,,,,-0.022176,0.291285,1.305963
uniform,1,982,207668,0.05,,300,25.3,25.3,0.107225,75000,,,,,,-0.017857,0.27079,1.065381
uniform,1,983,207968,0.05,,300,25.3,25.5,0.115586,75000,,,,,,-0.023791,0.277004,1.288538
uniform,1,984,208222,0.05,-1.0,254,20.73,131.13,0.123644,75000,,,,,,-0.034339,0.291279,1.479207
uniform,1,985,208394,0.05,-1.0,172,26.34,131.54,0.143474,75000,,,,,,-0.029244,0.309572,1.535031
uniform,1,986,208694,0.05,,300,25.5,25.1,0.118137,75000,,,,,,-0.031986,0.276278,1.547312
uniform,1,987,208994,0.05,,300,28.5,27.7,0.116291,75000,,,,,,-0.028181,0.272894,1.412921
uniform,1,988,209294,0.05,,300,26.5,25.3,0.124851,75000,,,,,,-0.02064,0.293039,1.552385
uniform,1,989,209529,0.05,1.0,235,131.22,26.23,0.128915,75000,,,,,,-0.02215,0.289388,1.625426
uniform,1,990,209829,0.05,,300,25.3,26.5,0.104745,75000,,,,,,-0.020781,0.259439,1.22824
uniform,1,991,210129,0.05,,300,25.5,25.5,0.111807,75000,,,,,,-0.019417,0.275071,1.115598
uniform,1,992,210429,0.05,,300,25.3,27.5,0.114089,75000,,,,,,-0.011637,0.276325,1.309744
uniform,1,993,210729,0.05,,300,27.5,25.3,0.112391,75000,,,,,,-0.022001,0.269337,1.4094
uniform,1,994,211029,0.05,,300,27.5,26.3,0.101396,75000,,,,,,-0.017677,0.258405,1.393473
uniform,1,995,211136,0.05,1.0,107,131.86,22.47,0.112861,75000,,,,,,-0.000853,0.277534,1.10806
uniform,1,996,211436,0.05,,300,26.5,25.5,0.115134,75000,,,,,,-0.01281,0.273817,1.38869
uniform,1,997,211736,0.05,,300,23.1,23.1,0.107102,75000,,,,,,-0.012628,0.264103,1.234058
uniform,1,998,212036,0.05,,300,27.5,26.5,0.118235,75000,,,,,,-0.011547,0.277756,1.338617
uniform,1,999,212336,0.05,,300,25.5,23.1,0.10365,75000,,,,,,-0.022253,0.262631,1.22529
uniform,1,1000,212636,0.05,,300,25.3,25.1,0.094378,75000,,,,,,-0.014746,0.249461,0.904873
uniform,1,1001,212927,0.05,1.0,291,130.94,27.95,0.094463,75000,,,,,,-0.018161,0.246953,1.152035
uniform,1,1002,213227,0.05,,300,25.3,25.3,0.103717,75000,,,,,,-0.021633,0.263192,1.195962
uniform,1,1003,213374,0.05,1.0,147,131.66,28.87,0.102561,75000,,,,,,-0.007472,0.255187,1.08069
uniform,1,1004,213508,0.05,-1.0,134,22.33,131.73,0.108429,75000,,,,,,-0.029453,0.260657,1.458252
uniform,1,1005,213808,0.05,,300,27.5,26.3,0.092327,75000,,,,,,-0.01498,0.243075,1.063823
uniform,1,1006,214108,0.05,,300,22.7,25.5,0.102961,75000,,,,,,-0.023751,0.25862,1.446987
uniform,1,1007,214408,0.05,,300,25.5,25.5,0.10893,75000,,,,,,-0.025815,0.26655,1.372825
uniform,1,1008,214570,0.05,-1.0,162,23.59,131.59,0.106436,75000,,,,,,-0.005144,0.264655,0.985048
uniform,1,1009,214870,0.05,,300,25.1,25.1,0.096645,75000,,,,,,-0.024003,0.248821,1.274754
uniform,1,1010,215170,0.05,,300,25.5,26.5,0.096097,75000,,,,,,-0.008221,0.252464,1.106902
uniform,1,1011,215470,0.05,,300,25.3,23.1,0.101179,75000,,,,,,-0.022273,0.254698,1.322721
uniform,1,1012,215770,0.05,,300,24.3,28.7,0.088751,75000,,,,,,-0.012853,0.240265,1.101271
uniform,1,1013,215896,0.05,-1.0,126,22.17,131.77,0.100891,75000,,,,,,-0.003461,0.251471,1.123806
uniform,1,1014,216138,0.05,-1.0,242,23.39,131.19,0.098359,75000,,,,,,-0.020605,0.255605,1.00139
uniform,1,1015,216438,0.05,,300,22.9,21.7,0.111743,75000,,,,,,-0.017408,0.265168,1.348746
uniform,1,1016,216738,0.05,,300,27.5,25.3,0.099949,75000,,,,,,-0.014154,0.250437,1.157349
uniform,1,1017,217038,0.05,,300,25.3,25.5,0.124192,75000,,,,,,-0.034764,0.277244,1.571062
uniform,1,1018,217338,0.05,,300,25.3,27.5,0.112201,75000,,,,,,-0.015847,0.269969,1.2934
uniform,1,1019,217638,0.05,,300,24.9,25.5,0.110187,75000,,,,,,-0.029939,0.263822,1.444026
uniform,1,1020,217938,0.05,,300,25.5,26.3,0.115202,75000,,,,,,-0.019007,0.26838,1.386808
uniform,1,1021,218238,0.05,,300,25.5,27.5,0.112274,75000,,,,,,-0.016455,0.268908,1.383429
uniform,1,1022,218523,0.05,1.0,285,130.97,28.78,0.10083,75000,,,,,,-0.014809,0.250491,1.262199
uniform,1,1023,218823,0.05,,300,27.5,23.1,0.094361,75000,,,,,,-0.015134,0.24441,1.148717
uniform,1,1024,219123,0.05,,300,27.7,25.3,0.103415,75000,,,,,,-0.017145,0.257939,1.100981
uniform,1,1025,219423,0.05,,300,28.7,27.7,0.118792,75000,,,,,,-0.035565,0.275396,1.478989
uniform,1,1026,219672,0.05,1.0,249,131.15,20.36,0.111119,75000,,,,,,-0.036906,0.265095,1.382374
uniform,1,1027,219972,0.05,,300,25.1,25.3,0.095604,75000,,,,,,-0.013545,0.245407,1.036281
uniform,1,1028,220272,0.05,,300,27.3,25.7,0.104367,75000,,,,,,-0.020882,0.263118,1.128976
uniform,1,1029,220572,0.05,,300,25.5,25.1,0.099307,75000,,,,,,-0.023311,0.249156,1.167163
uniform,1,1030,220714,0.05,-1.0,142,25.89,131.69,0.099274,75000,,,,,,-0.012395,0.249135,0.986719
uniform,1,1031,220965,0.05,1.0,251,131.14,20.55,0.087113,75000,,,,,,-0.012774,0.23608,0.977358
uniform,1,1032,221265,0.05,,300,25.5,24.9,0.107875,75000,,,,,,-0.014445,0.26048,1.246838
uniform,1,1033,221565,0.05,,300,28.7,25.5,0.098891,75000,,,,,,-0.027185,0.245687,1.224872
uniform,1,1034,221865,0.05,,300,27.5,27.3,0.084485,75000,,,,,,-0.0059,0.231259,0.924157
uniform,1,1035,221993,0.05,-1.0,128,21.56,131.76,0.116177,75000,,,,,,-0.021877,0.260741,1.552227
uniform,1,1036,222293,0.05,,300,27.5,25.3,0.117745,75000,,,,,,-0.020698,0.274964,1.175978
uniform,1,1037,222491,0.05,-1.0,198,26.81,131.41,0.114402,75000,,,,,,-0.022543,0.26299,1.480251
uniform,1,1038,222791,0.05,,300,25.5,25.5,0.107417,75000,,,,,,-0.02615,0.256442,1.348604
uniform,1,1039,223091,0.05,,300,25.3,25.3,0.119927,75000,,,,,,-0.031239,0.272396,1.512376
uniform,1,1040,223391,0.05,,300,25.1,25.3,0.117208,75000,,,,,,-0.019502,0.271049,1.316928
uniform,1,1041,223654,0.05,1.0,263,131.08,26.09,0.106305,75000,,,,,,-0.02373,0.253337,1.326427
uniform,1,1042,223954,0.05,,300,25.9,24.9,0.116083,75000,,,,,,-0.029349,0.265959,1.458837
uniform,1,1043,224254,0.05,,300,25.3,25.3,0.114452,75000,,,,,,-0.03507,0.272085,1.441819
uniform,1,1044,224354,0.05,-1.0,100,29.1,131.9,0.104961,75000,,,,,,0.005037,0.252176,0.983032
uniform,1,1045,224493,0.05,1.0,139,131.7,24.31,0.10551,75000,,,,,,-0.016905,0.256017,1.265132
uniform,1,1046,224793,0.05,,300,25.3,23.3,0.115512,75000,,,,,,-0.027086,0.265014,1.410789
uniform,1,1047,225093,0.05,,300,27.5,26.3,0.10817,75000,,,,,,-0.017223,0.26156,1.189061
uniform,1,1048,225393,0.05,,300,27.7,27.5,0.108848,75000,,,,,,-0.021499,0.262363,1.177243
uniform,1,1049,225693,0.05,,300,25.5,25.1,0.110826,75000,,,,,,-0.020003,0.260467,1.325846
uniform,1,1050,225993,0.05,,300,26.3,27.7,0.09427,75000,,,,,,-0.017804,0.238901,1.170238
uniform,1,1051,226293,0.05,,300,25.3,27.7,0.095142,75000,,,,,,0.002017,0.24575,0.906246
uniform,1,1052,226593,0.05,,300,27.5,25.3,0.087361,75000,,,,,,-0.010677,0.234297,0.828114
uniform,1,1053,226893,0.05,,300,25.3,25.3,0.102502,75000,,,,,,-0.008444,0.245206,1.215127
uniform,1,1054,227193,0.05,,300,23.3,27.7,0.092894,75000,,,,,,-0.00351,0.242837,0.847796
uniform,1,1055,227281,0.05,-1.0,88,22.56,131.96,0.096582,75000,,,,,,-0.021487,0.246719,0.895537
uniform,1,1056,227581,0.05,,300,26.5,25.5,0.084996,75000,,,,,,-0.004397,0.230137,0.848872
uniform,1,1057,227881,0.05,,300,25.5,25.5,0.083861,75000,,,,,,-0.003146,0.227736,0.845941
uniform,1,1058,228181,0.05,,300,25.3,25.3,0.103662,75000,,,,,,-0.018455,0.255664,1.210146
uniform,1,1059,228481,0.05,,300,21.5,27.7,0.092872,75000,,,,,,-0.01922,0.238681,1.337671
uniform,1,1060,228781,0.05,,300,23.3,21.7,0.085015,75000,,,,,,-0.005758,0.22845,0.976477
uniform,1,1061,229081,0.05,,300,25.5,25.5,0.082224,75000,,,,,,-0.011982,0.2298,0.843901
uniform,1,1062,229381,0.05,,300,28.1,27.7,0.095377,75000,,,,,,-0.010854,0.243273,0.971289
uniform,1,1063,229681,0.05,,300,27.5,25.5,0.091403,75000,,,,,,-0.013284,0.232353,1.123138
uniform,1,1064,229825,0.05,-1.0,144,23.88,131.68,0.074529,75000,,,,,,0.002674,0.215258,0.647183
uniform,1,1065,230125,0.05,,300,25.5,25.5,0.092044,75000,,,,,,-0.01061,0.236871,0.981699
uniform,1,1066,230313,0.05,-1.0,188,24.26,131.46,0.103025,75000,,,,,,-0.025377,0.249438,1.25246
uniform,1,1067,230613,0.05,,300,27.3,23.5,0.093275,75000,,,,,,-0.013511,0.236428,1.095162
uniform,1,1068,230913,0.05,,300,25.5,25.3,0.090257,75000,,,,,,-0.015773,0.234829,1.085275
uniform,1,1069,231170,0.05,1.0,257,131.11,28.92,0.106193,75000,,,,,,-0.015337,0.255773,1.332873
uniform,1,1070,231404,0.05,-1.0,234,21.63,131.23,0.090865,75000,,,,,,-0.010532,0.235577,0.944484
uniform,1,1071,231704,0.05,,300,27.5,25.5,0.100625,75000,,,,,,-0.011513,0.241978,1.348017
uniform,1,1072,232004,0.05,,300,25.3,25.3,0.094921,75000,,,,,,-0.020914,0.237699,1.110243
uniform,1,1073,232304,0.05,,300,24.1,23.1,0.106966,75000,,,,,,-0.015812,0.262118,1.116595
uniform,1,1074,232604,0.05,,300,25.3,25.5,0.101774,75000,,,,,,-0.021912,0.249101,1.284701
uniform,1,1075,232904,0.05,,300,22.9,21.9,0.108734,75000,,,,,,-0.019021,0.251105,1.355181
uniform,1,1076,233204,0.05,,300,25.3,25.5,0.113363,75000,,,,,,-0.013947,0.268246,1.218743
uniform,1,1077,233504,0.05,,300,25.1,23.3,0.096945,75000,,,,,,-0.011648,0.244201,1.159014
uniform,1,1078,233804,0.05,,300,23.3,25.3,0.091372,75000,,,,,,0.000396,0.235787,1.018508
uniform,1,1079,233930,0.05,-1.0,126,26.77,131.77,0.083043,75000,,,,,,-0.019001,0.225736,0.930434
uniform,1,1080,234230,0.05,,300,27.5,27.5,0.093201,75000,,,,,,-0.0159,0.24637,0.958935
uniform,1,1081,234530,0.05,,300,27.7,27.5,0.097511,75000,,,,,,-0.007783,0.241777,1.13381
uniform,1,1082,234830,0.05,,300,26.5,27.7,0.069092,75000,,,,,,-0.003546,0.210029,0.633984
uniform,1,1083,235130,0.05,,300,25.3,25.3,0.095098,75000,,,,,,-0.017322,0.244134,1.174509
uniform,1,1084,235430,0.05,,300,25.3,25.3,0.093972,75000,,,,,,-0.013726,0.243088,1.070619
uniform,1,1085,235730,0.05,,300,25.1,25.3,0.099367,75000,,,,,,-0.021186,0.244569,1.334129
uniform,1,1086,236030,0.05,,300,27.9,26.1,0.080097,75000,,,,,,-0.003338,0.227085,0.765839
uniform,1,1087,236330,0.05,,300,25.5,25.5,0.106064,75000,,,,,,-0.016738,0.256006,1.191117
uniform,1,1088,236511,0.05,1.0,181,131.49,23.9,0.084028,75000,,,,,,0.002506,0.229319,0.74127
uniform,1,1089,236811,0.05,,300,25.5,27.7,0.082684,75000,,,,,,-0.006488,0.227686,0.881651
uniform,1,1090,237095,0.05,-1.0,284,24.18,130.98,0.107051,75000,,,,,,-0.012156,0.258204,1.361209
uniform,1,1091,237328,0.05,1.0,233,131.23,21.64,0.0988,75000,,,,,,-0.008732,0.248974,0.963966
uniform,1,1092,237628,0.05,,300,25.3,25.3,0.092542,75000,,,,,,-0.007908,0.237935,0.883977
uniform,1,1093,237928,0.05,,300,23.1,23.3,0.093994,75000,,,,,,-0.011699,0.236024,1.037627
uniform,1,1094,238217,0.05,1.0,289,130.95,21.36,0.120294,75000,,,,,,-0.026885,0.274011,1.416582
uniform,1,1095,238517,0.05,,300,25.9,27.5,0.095983,75000,,,,,,-0.009939,0.243431,0.905493
uniform,1,1096,238817,0.05,,300,26.1,27.5,0.10289,75000,,,,,,-0.016238,0.250225,1.141272
uniform,1,1097,239117,0.05,,300,27.3,25.5,0.11091,75000,,,,,,-0.003905,0.263233,1.165259
uniform,1,1098,239417,0.05,,300,25.3,25.1,0.095474,75000,,,,,,-0.003581,0.240702,0.979823
uniform,1,1099,239717,0.05,,300,26.5,27.5,0.087304,75000,,,,,,-0.007857,0.231723,0.84396
uniform,1,1100,240017,0.05,,300,27.5,27.5,0.088327,75000,,,,,,-0.00931,0.234258,0.980047
uniform,1,1101,240317,0.05,,300,25.3,25.5,0.117527,75000,,,,,,-0.024799,0.271958,1.225467
uniform,1,1102,240617,0.05,,300,25.5,23.3,0.09224,75000,,,,,,-0.008677,0.240498,1.007692
uniform,1,1103,240917,0.05,,300,25.5,25.5,0.08429,75000,,,,,,-0.018396,0.229479,0.842568
uniform,1,1104,241217,0.05,,300,25.5,27.3,0.106504,75000,,,,,,0.003623,0.258737,1.05722
uniform,1,1105,241517,0.05,,300,25.3,24.9,0.095063,75000,,,,,,-0.008313,0.24171,0.961744
uniform,1,1106,241626,0.05,1.0,109,131.85,25.26,0.087863,75000,,,,,,-0.014241,0.233704,0.863373
uniform,1,1107,241926,0.05,,300,25.5,25.5,0.081118,75000,,,,,,-0.003616,0.225049,0.760165
uniform,1,1108,242226,0.05,,300,25.5,25.5,0.090021,75000,,,,,,-0.012547,0.238966,0.935162
uniform,1,1109,242526,0.05,,300,25.5,25.5,0.100288,75000,,,,,,-0.009853,0.243444,1.089479
uniform,1,1110,242826,0.05,,300,27.5,26.3,0.084241,75000,,,,,,-0.012768,0.225295,0.878509
uniform,1,1111,243126,0.05,,300,27.5,25.5,0.095567,75000,,,,,,-0.005011,0.242321,1.025812
uniform,1,1112,243426,0.05,,300,25.3,27.5,0.083159,75000,,,,,,0.001645,0.226929,0.830602
uniform,1,1113,243726,0.05,,300,25.3,25.3,0.074918,75000,,,,,,-0.001533,0.214921,0.768892
uniform,1,1114,244026,0.05,,300,25.3,25.3,0.070261,75000,,,,,,-0.007765,0.210419,0.672745
uniform,1,1115,244259,0.05,1.0,233,131.23,22.04,0.088679,75000,,,,,,-0.004133,0.234945,0.775043
uniform,1,1116,244559,0.05,,300,25.1,25.1,0.085437,75000,,,,,,-0.002693,0.224927,0.9589
uniform,1,1117,244812,0.05,1.0,253,131.13,28.74,0.087722,75000,,,,,,-0.009189,0.225472,0.90772
uniform,1,1118,245112,0.05,,300,25.5,25.5,0.08152,75000,,,,,,-0.002333,0.225299,0.794749
uniform,1,1119,245331,0.05,1.0,219,131.3,29.11,0.086379,75000,,,,,,-0.00582,0.227611,0.94002
uniform,1,1120,245631,0.05,,300,25.3,27.5,0.091426,75000,,,,,,-0.017244,0.23011,1.102088
uniform,1,1121,245931,0.05,,300,25.3,27.5,0.075733,75000,,,,,,-0.011407,0.212881,0.812993
uniform,1,1122,246231,0.05,,300,25.5,25.3,0.08647,75000,,,,,,0.001892,0.234846,0.865875
uniform,1,1123,246531,0.05,,300,25.3,25.5,0.091273,75000,,,,,,-0.00894,0.233784,1.037772
uniform,1,1124,246831,0.05,,300,25.3,25.5,0.084921,75000,,,,,,-0.007161,0.224409,0.850792
uniform,1,1125,247131,0.05,,300,25.5,27.5,0.083193,75000,,,,,,-0.012938,0.224823,0.89319
uniform,1,1126,247431,0.05,,300,25.3,27.5,0.077083,75000,,,,,,-0.003868,0.218175,0.726205
uniform,1,1127,247731,0.05,,300,25.5,25.5,0.083056,75000,,,,,,-0.004944,0.222583,0.81487
uniform,1,1128,248031,0.05,,300,25.3,25.3,0.085756,75000,,,,,,-0.009039,0.22562,1.051363
uniform,1,1129,248273,0.05,-1.0,242,23.99,131.19,0.07808,75000,,,,,,-0.000139,0.222563,0.665677
uniform,1,1130,248573,0.05,,300,25.5,27.7,0.084136,75000,,,,,,-0.004247,0.223391,0.934914
uniform,1,1131,248873,0.05,,300,27.7,25.3,0.070659,75000,,,,,,0.001498,0.208501,0.642286
uniform,1,1132,249104,0.05,1.0,231,131.24,24.05,0.08564,75000,,,,,,-0.006,0.229098,0.813685
uniform,1,1133,249404,0.05,,300,25.5,25.5,0.083943,75000,,,,,,-0.012319,0.224502,0.802664
uniform,1,1134,249704,0.05,,300,25.1,25.3,0.077882,75000,,,,,,-0.004846,0.213473,1.010551
uniform,1,1135,250004,0.05,,300,28.7,22.5,0.085001,75000,,,,,,-0.011205,0.220347,0.973529
uniform,1,1136,250274,0.05,-1.0,270,26.25,131.05,0.079387,75000,,,,,,-0.006849,0.222417,0.718287
uniform,1,1137,250574,0.05,,300,23.7,27.5,0.08792,75000,,,,,,-0.016629,0.225134,1.021626
uniform,1,1138,250874,0.05,,300,25.5,23.1,0.071253,75000,,,,,,-0.007356,0.205697,0.723622
uniform,1,1139,251174,0.05,,300,28.1,27.5,0.08724,75000,,,,,,-0.008928,0.229223,1.100079
uniform,1,1140,251474,0.05,,300,25.3,25.3,0.076334,75000,,,,,,0.003705,0.212832,0.691237
uniform,1,1141,251774,0.05,,300,27.7,26.3,0.074171,75000,,,,,,-0.003938,0.211674,0.702555
uniform,1,1142,252074,0.05,,300,25.5,25.3,0.085981,75000,,,,,,-0.018771,0.223726,1.075858
uniform,1,1143,252327,0.05,1.0,253,131.13,25.54,0.078355,75000,,,,,,-0.008392,0.217879,0.737781
uniform,1,1144,252627,0.05,,300,22.7,22.9,0.082456,75000,,,,,,-0.000313,0.219111,0.749711
uniform,1,1145,252927,0.05,,300,23.7,27.7,0.077414,75000,,,,,,-0.004511,0.211758,0.73205
uniform,1,1146,253227,0.05,,300,25.3,27.5,0.077646,75000,,,,,,-0.003733,0.219853,0.710655
uniform,1,1147,253527,0.05,,300,27.5,25.5,0.075067,75000,,,,,,0.00011,0.212378,0.70382
uniform,1,1148,253827,0.05,,300,27.5,27.7,0.066454,75000,,,,,,-0.003999,0.199273,0.606235
uniform,1,1149,254012,0.05,1.0,185,131.47,28.28,0.071771,75000,,,,,,-0.010213,0.208607,0.728612
uniform,1,1150,254312,0.05,,300,25.1,23.3,0.09463,75000,,,,,,-0.016984,0.237154,1.157358
uniform,1,1151,254612,0.05,,300,25.5,25.3,0.058871,75000,,,,,,-0.006144,0.192548,0.56875
uniform,1,1152,254912,0.05,,300,25.3,25.3,0.06847,75000,,,,,,-0.007146,0.200872,0.762976
uniform,1,1153,255212,0.05,,300,25.9,27.7,0.081067,75000,,,,,,-0.002629,0.223377,0.911084
uniform,1,1154,255512,0.05,,300,25.5,25.3,0.089418,75000,,,,,,-0.007831,0.227527,1.060379
uniform,1,1155,255812,0.05,,300,25.5,25.5,0.079517,75000,,,,,,-0.0017,0.214212,0.860214
uniform,1,1156,256112,0.05,,300,25.5,25.5,0.078026,75000,,,,,,-0.007776,0.218849,0.841041
uniform,1,1157,256406,0.05,-1.0,294,27.93,130.93,0.091428,75000,,,,,,-0.017764,0.229231,1.168325
uniform,1,1158,256706,0.05,,300,28.7,25.3,0.082057,75000,,,,,,-0.011692,0.217786,0.925936
uniform,1,1159,257006,0.05,,300,25.5,25.5,0.074519,75000,,,,,,-0.005606,0.208934,0.808246
uniform,1,1160,257288,0.05,-1.0,282,27.79,130.99,0.091805,75000,,,,,,-0.010253,0.234188,1.077579
uniform,1,1161,257588,0.05,,300,25.5,21.3,0.074634,75000,,,,,,-0.002442,0.21014,0.80596
uniform,1,1162,257888,0.05,,300,25.5,25.1,0.073583,75000,,,,,,-0.003404,0.205182,0.787635
uniform,1,1163,258188,0.05,,300,23.3,23.1,0.075874,75000,,,,,,-0.005348,0.217032,0.797473
uniform,1,1164,258488,0.05,,300,25.7,27.7,0.06991,75000,,,,,,-0.006631,0.205346,0.693671
uniform,1,1165,258788,0.05,,300,25.3,22.9,0.062405,75000,,,,,,-0.00502,0.193127,0.647031
uniform,1,1166,259088,0.05,,300,23.1,25.5,0.081337,75000,,,,,,-0.008521,0.218014,0.895607
uniform,1,1167,259388,0.05,,300,25.3,23.3,0.071261,75000,,,,,,-0.002585,0.207898,0.738039
uniform,1,1168,259688,0.05,,300,25.7,25.3,0.071263,75000,,,,,,-0.007707,0.203246,0.740317
uniform,1,1169,259988,0.05,,300,24.3,25.5,0.069527,75000,,,,,,-0.002376,0.201432,0.778568
uniform,1,1170,260288,0.05,,300,27.7,25.7,0.073455,75000,,,,,,-0.008042,0.21208,0.837449
uniform,1,1171,260588,0.05,,300,25.5,27.7,0.069393,75000,,,,,,-0.00324,0.202036,0.745753
uniform,1,1172,260888,0.05,,300,25.5,22.9,0.071508,75000,,,,,,-0.002565,0.198436,0.83165
uniform,1,1173,261188,0.05,,300,27.7,27.3,0.071056,75000,,,,,,-0.003677,0.206481,0.663233
uniform,1,1174,261488,0.05,,300,25.5,25.5,0.068258,75000,,,,,,-0.002474,0.199788,0.654149
uniform,1,1175,261788,0.05,,300,25.5,25.5,0.061697,75000,,,,,,0.000563,0.190219,0.606625
uniform,1,1176,262088,0.05,,300,25.5,23.3,0.07165,75000,,,,,,-0.007753,0.204818,0.733386
uniform,1,1177,262388,0.05,,300,25.3,25.1,0.061118,75000,,,,,,-0.007159,0.1917,0.618385
uniform,1,1178,262688,0.05,,300,22.7,23.3,0.05477,75000,,,,,,-0.00431,0.181631,0.493895
uniform,1,1179,262988,0.05,,300,25.5,25.3,0.052473,75000,,,,,,-0.00247,0.177789,0.494143
uniform,1,1180,263288,0.05,,300,27.7,27.9,0.080265,75000,,,,,,0.002275,0.217678,0.787187
uniform,1,1181,263588,0.05,,300,22.1,23.3,0.06175,75000,,,,,,-0.002268,0.189755,0.606301
uniform,1,1182,263888,0.05,,300,25.5,25.5,0.054316,75000,,,,,,-0.003188,0.177584,0.573067
uniform,1,1183,264188,0.05,,300,26.5,27.7,0.064345,75000,,,,,,-0.006088,0.197533,0.599628
uniform,1,1184,264488,0.05,,300,27.7,25.5,0.058177,75000,,,,,,0.005416,0.183811,0.590611
uniform,1,1185,264743,0.05,1.0,255,131.12,19.13,0.05255,75000,,,,,,-0.004177,0.176495,0.527827
uniform,1,1186,264936,0.05,1.0,193,131.43,21.44,0.052157,75000,,,,,,-0.004449,0.173689,0.523537
uniform,1,1187,265187,0.05,1.0,251,131.14,23.75,0.06353,75000,,,,,,-0.002241,0.200697,0.570537
uniform,1,1188,265487,0.05,,300,25.3,25.3,0.058384,75000,,,,,,-0.007532,0.182237,0.702045
uniform,1,1189,265787,0.05,,300,25.5,25.5,0.06018,75000,,,,,,-0.001247,0.183206,0.768382
uniform,1,1190,266087,0.05,,300,25.1,25.5,0.063727,75000,,,,,,-0.011137,0.196507,0.671337
uniform,1,1191,266387,0.05,,300,25.1,22.1,0.056822,75000,,,,,,-0.005629,0.183109,0.519539
uniform,1,1192,266512,0.05,1.0,125,131.77,25.58,0.050337,75000,,,,,,-0.004655,0.177216,0.495085
uniform,1,1193,266812,0.05,,300,25.3,25.3,0.064985,75000,,,,,,-0.008889,0.190098,0.859757
uniform,1,1194,267112,0.05,,300,25.3,27.5,0.066101,75000,,,,,,-0.002921,0.197449,0.767769
uniform,1,1195,267412,0.05,,300,25.5,28.1,0.06294,75000,,,,,,-0.002131,0.186688,0.631006
uniform,1,1196,267712,0.05,,300,25.7,27.5,0.054455,75000,,,,,,-0.008718,0.174927,0.657465
uniform,1,1197,268012,0.05,,300,25.1,26.1,0.059836,75000,,,,,,0.000385,0.184469,0.604863
uniform,1,1198,268122,0.05,-1.0,110,24.65,131.85,0.068557,75000,,,,,,-0.015853,0.205644,0.934276
uniform,1,1199,268422,0.05,,300,27.5,25.5,0.072039,75000,,,,,,-0.010406,0.196296,0.916439
uniform,1,1200,268722,0.05,,300,27.5,25.5,0.056121,75000,,,,,,-0.003181,0.176866,0.608202
uniform,1,1201,269022,0.05,,300,25.3,25.5,0.054414,75000,,,,,,0.005884,0.180003,0.528169
uniform,1,1202,269245,0.05,1.0,223,131.28,23.89,0.074957,75000,,,,,,-0.00356,0.204031,0.994304
uniform,1,1203,269545,0.05,,300,25.3,27.7,0.060807,75000,,,,,,-0.005615,0.182608,0.667891
uniform,1,1204,269845,0.05,,300,25.3,25.5,0.060852,75000,,,,,,-0.005204,0.179612,0.813858
uniform,1,1205,270145,0.05,,300,27.5,27.7,0.06459,75000,,,,,,-0.014041,0.19401,0.808173
uniform,1,1206,270445,0.05,,300,24.1,25.7,0.056167,75000,,,,,,0.000238,0.181142,0.563087
uniform,1,1207,270745,0.05,,300,27.5,22.7,0.057928,75000,,,,,,-0.00945,0.179391,0.635092
uniform,1,1208,270899,0.05,-1.0,154,23.83,131.63,0.065386,75000,,,,,,-0.014793,0.186487,0.954726
uniform,1,1209,271199,0.05,,300,25.3,25.3,0.063042,75000,,,,,,0.003288,0.189399,0.854516
uniform,1,1210,271499,0.05,,300,25.5,25.3,0.053193,75000,,,,,,-0.008378,0.173846,0.584305
uniform,1,1211,271772,0.05,1.0,273,131.03,21.24,0.051632,75000,,,,,,-0.000524,0.172018,0.591994
uniform,1,1212,272072,0.05,,300,25.5,25.3,0.056281,75000,,,,,,-0.002745,0.182091,0.55299
uniform,1,1213,272372,0.05,,300,27.5,25.5,0.07211,75000,,,,,,-0.005078,0.196157,0.835539
uniform,1,1214,272641,0.05,1.0,269,131.05,21.66,0.055764,75000,,,,,,0.002241,0.17526,0.645615
uniform,1,1215,272941,0.05,,300,25.3,24.3,0.061835,75000,,,,,,-0.013249,0.1814,0.818154
uniform,1,1216,273241,0.05,,300,27.5,24.3,0.068606,75000,,,,,,-0.012857,0.195843,0.818821
uniform,1,1217,273541,0.05,,300,25.1,27.7,0.063775,75000,,,,,,-0.00599,0.186646,0.849586
uniform,1,1218,273794,0.05,1.0,253,131.13,23.74,0.060115,75000,,,,,,-0.010463,0.179428,0.891561
uniform,1,1219,274094,0.05,,300,25.5,25.5,0.056432,75000,,,,,,-0.00106,0.18123,0.538236
uniform,1,1220,274394,0.05,,300,25.3,25.3,0.07126,75000,,,,,,-0.015571,0.195884,0.936908
uniform,1,1221,274694,0.05,,300,25.3,25.5,0.056455,75000,,,,,,-0.005037,0.179658,0.657784
uniform,1,1222,274994,0.05,,300,25.5,25.3,0.056178,75000,,,,,,-0.010065,0.175199,0.820358
uniform,1,1223,275294,0.05,,300,25.1,27.7,0.07195,75000,,,,,,-0.005868,0.199602,0.867418
uniform,1,1224,275594,0.05,,300,25.1,25.3,0.053817,75000,,,,,,-0.002199,0.175424,0.514866
uniform,1,1225,275894,0.05,,300,25.1,27.7,0.051467,75000,,,,,,-0.002627,0.171675,0.657265
uniform,1,1226,276194,0.05,,300,25.3,25.5,0.064676,75000,,,,,,-0.00517,0.191051,0.696482
uniform,1,1227,276494,0.05,,300,25.7,27.9,0.061313,75000,,,,,,0.004228,0.183281,0.800166
uniform,1,1228,276787,0.05,1.0,293,130.93,23.34,0.053083,75000,,,,,,-0.002154,0.170845,0.535735
uniform,1,1229,277087,0.05,,300,27.5,25.3,0.053813,75000,,,,,,-0.006132,0.177154,0.664439
uniform,1,1230,277387,0.05,,300,27.9,25.5,0.055061,75000,,,,,,-0.001593,0.177506,0.547126
uniform,1,1231,277581,0.05,-1.0,194,23.83,131.43,0.056233,75000,,,,,,-0.001687,0.176977,0.510378
uniform,1,1232,277881,0.05,,300,25.1,25.5,0.055917,75000,,,,,,0.001696,0.176375,0.618056
uniform,1,1233,278146,0.05,1.0,265,131.07,28.88,0.066347,75000,,,,,,-0.010842,0.189359,0.861228
uniform,1,1234,278446,0.05,,300,23.5,25.1,0.059857,75000,,,,,,-0.000556,0.182153,0.651449
uniform,1,1235,278633,0.05,1.0,187,131.46,21.07,0.06208,75000,,,,,,-0.007133,0.18201,0.849508
uniform,1,1236,278933,0.05,,300,26.3,25.3,0.067456,75000,,,,,,-0.009697,0.189522,0.728248
uniform,1,1237,279233,0.05,,300,25.5,25.3,0.060914,75000,,,,,,-0.006891,0.188543,0.643173
uniform,1,1238,279533,0.05,,300,25.5,27.7,0.063511,75000,,,,,,-0.001432,0.186196,0.685436
uniform,1,1239,279833,0.05,,300,25.3,25.5,0.059648,75000,,,,,,-0.000671,0.178148,0.769835
uniform,1,1240,280133,0.05,,300,25.5,25.5,0.056944,75000,,,,,,-0.002888,0.180925,0.595407
uniform,1,1241,280433,0.05,,300,27.7,27.7,0.058089,75000,,,,,,-0.00627,0.177681,0.669943
uniform,1,1242,280718,0.05,1.0,285,130.97,28.78,0.067037,75000,,,,,,-0.007288,0.18603,1.047754
uniform,1,1243,281018,0.05,,300,25.5,24.9,0.054048,75000,,,,,,-0.002476,0.173386,0.526951
uniform,1,1244,281318,0.05,,300,25.5,24.3,0.056276,75000,,,,,,-0.005638,0.180356,0.569634
uniform,1,1245,281618,0.05,,300,25.5,24.3,0.062619,75000,,,,,,-0.002925,0.182964,0.611781
uniform,1,1246,281918,0.05,,300,27.7,28.7,0.072827,75000,,,,,,-0.001988,0.192128,1.069277
uniform,1,1247,282191,0.05,1.0,273,131.03,28.04,0.063962,75000,,,,,,-0.003035,0.188021,0.669296
uniform,1,1248,282491,0.05,,300,25.5,22.1,0.072536,75000,,,,,,-0.008118,0.192776,0.859122
uniform,1,1249,282791,0.05,,300,27.5,27.3,0.055398,75000,,,,,,0.001739,0.172537,0.613532
uniform,1,1250,283091,0.05,,300,27.3,21.7,0.06997,75000,,,,,,-0.003243,0.193836,0.815908
uniform,1,1251,283391,0.05,,300,25.5,25.3,0.070364,75000,,,,,,-0.012199,0.195458,0.670239
uniform,1,1252,283691,0.05,,300,25.3,27.5,0.074689,75000,,,,,,-0.007967,0.19838,0.784869
uniform,1,1253,283991,0.05,,300,28.1,27.7,0.063033,75000,,,,,,-0.015518,0.182529,0.670903
uniform,1,1254,284291,0.05,,300,25.3,25.3,0.085937,75000,,,,,,0.009355,0.216104,0.952457
uniform,1,1255,284591,0.05,,300,25.1,25.3,0.066989,75000,,,,,,0.003527,0.189345,0.70221
uniform,1,1256,284891,0.05,,300,24.9,25.3,0.065631,75000,,,,,,-0.001472,0.185485,0.679082
uniform,1,1257,285191,0.05,,300,25.3,27.5,0.086766,75000,,,,,,-0.006165,0.216361,1.008534
uniform,1,1258,285491,0.05,,300,25.5,27.5,0.066517,75000,,,,,,-0.009223,0.191416,0.597205
uniform,1,1259,285791,0.05,,300,25.5,24.1,0.062971,75000,,,,,,-0.004062,0.185547,0.64638
uniform,1,1260,286091,0.05,,300,25.3,25.5,0.065886,75000,,,,,,-0.002557,0.193409,0.823022
uniform,1,1261,286391,0.05,,300,25.3,24.3,0.070556,75000,,,,,,0.008245,0.193539,0.841395
uniform,1,1262,286691,0.05,,300,25.5,25.3,0.05509,75000,,,,,,0.002496,0.174843,0.569465
uniform,1,1263,286991,0.05,,300,27.7,25.5,0.057491,75000,,,,,,-0.000251,0.176785,0.572096
uniform,1,1264,287291,0.05,,300,25.5,25.5,0.06879,75000,,,,,,-0.011286,0.19583,0.728428
uniform,1,1265,287513,0.05,-1.0,222,23.69,131.29,0.056798,75000,,,,,,-0.001551,0.17728,0.590653
uniform,1,1266,287813,0.05,,300,23.3,25.3,0.068604,75000,,,,,,-0.004669,0.189503,0.776511
uniform,1,1267,288113,0.05,,300,25.5,27.5,0.05893,75000,,,,,,0.004082,0.180609,0.71323
uniform,1,1268,288413,0.05,,300,25.3,24.5,0.061598,75000,,,,,,0.008494,0.182791,0.76427
uniform,1,1269,288713,0.05,,300,25.3,25.5,0.057965,75000,,,,,,0.002103,0.175486,0.717236
uniform,1,1270,289013,0.05,,300,25.1,25.3,0.050472,75000,,,,,,-0.000967,0.166618,0.546789
uniform,1,1271,289122,0.05,1.0,109,131.85,24.66,0.061099,75000,,,,,,-0.017762,0.190321,0.533634
uniform,1,1272,289422,0.05,,300,25.1,23.9,0.062665,75000,,,,,,-0.005723,0.182643,0.672224
uniform,1,1273,289722,0.05,,300,25.1,25.3,0.060379,75000,,,,,,-0.007377,0.17942,0.742526
uniform,1,1274,290022,0.05,,300,27.5,27.5,0.062527,75000,,,,,,-0.00043,0.182441,0.774055
uniform,1,1275,290322,0.05,,300,25.3,27.7,0.054899,75000,,,,,,0.001207,0.176262,0.609019
uniform,1,1276,290622,0.05,,300,25.5,25.5,0.058494,75000,,,,,,0.00098,0.177133,0.668764
uniform,1,1277,290791,0.05,1.0,169,131.55,29.36,0.057554,75000,,,,,,0.000363,0.173903,0.726652
uniform,1,1278,291091,0.05,,300,25.3,22.9,0.060082,75000,,,,,,-0.00265,0.180858,0.663746
uniform,1,1279,291391,0.05,,300,26.3,27.1,0.064355,75000,,,,,,-0.002117,0.182818,0.847088
uniform,1,1280,291691,0.05,,300,28.1,27.7,0.063063,75000,,,,,,-0.004909,0.17991,0.923605
uniform,1,1281,291991,0.05,,300,28.5,27.5,0.049503,75000,,,,,,0.000442,0.165913,0.587371
uniform,1,1282,292291,0.05,,300,27.3,25.5,0.056748,75000,,,,,,-0.000807,0.179276,0.662406
uniform,1,1283,292508,0.05,1.0,217,131.31,23.32,0.058824,75000,,,,,,0.00405,0.176346,0.761424
uniform,1,1284,292674,0.05,-1.0,166,29.37,131.57,0.050436,75000,,,,,,-0.000578,0.165879,0.553717
uniform,1,1285,292974,0.05,,300,27.5,25.3,0.051029,75000,,,,,,-0.003003,0.164516,0.637234
uniform,1,1286,293274,0.05,,300,25.5,27.5,0.06914,75000,,,,,,-0.007462,0.192806,0.997701
uniform,1,1287,293574,0.05,,300,23.1,25.1,0.059703,75000,,,,,,-0.002164,0.176639,0.836278
uniform,1,1288,293874,0.05,,300,27.7,25.3,0.050665,75000,,,,,,0.001021,0.163611,0.555723
uniform,1,1289,294174,0.05,,300,25.5,25.3,0.059992,75000,,,,,,-0.007543,0.178512,0.794889
uniform,1,1290,294474,0.05,,300,27.3,25.3,0.048548,75000,,,,,,-0.002966,0.164596,0.501434
uniform,1,1291,294671,0.05,1.0,197,131.41,21.62,0.049832,75000,,,,,,0.00468,0.161877,0.503822
uniform,1,1292,294971,0.05,,300,25.3,25.1,0.055337,75000,,,,,,0.001939,0.169439,0.634437
uniform,1,1293,295271,0.05,,300,25.3,25.5,0.065573,75000,,,,,,-0.005929,0.188174,1.139796
uniform,1,1294,295571,0.05,,300,25.5,27.5,0.051933,75000,,,,,,5.6e-05,0.168708,0.571125
uniform,1,1295,295759,0.05,-1.0,188,29.26,131.46,0.051341,75000,,,,,,0.004755,0.165544,0.60882
uniform,1,1296,296059,0.05,,300,23.1,25.5,0.055503,75000,,,,,,-0.002012,0.174426,0.673317
uniform,1,1297,296178,0.05,1.0,119,131.8,19.61,0.065342,75000,,,,,,0.002369,0.184645,0.763802
uniform,1,1298,296307,0.05,1.0,129,131.75,24.96,0.06814,75000,,,,,,-0.005777,0.184805,1.050081
uniform,1,1299,296607,0.05,,300,25.3,27.5,0.055852,75000,,,,,,0.002478,0.169389,0.686147
uniform,1,1300,296907,0.05,,300,26.3,25.5,0.045612,75000,,,,,,-0.005022,0.15753,0.622799
uniform,1,1301,297011,0.05,-1.0,104,27.08,131.88,0.048948,75000,,,,,,0.005285,0.166051,0.577792
uniform,1,1302,297311,0.05,,300,27.7,25.5,0.067725,75000,,,,,,0.005657,0.191981,0.82897
uniform,1,1303,297611,0.05,,300,27.5,25.5,0.074613,75000,,,,,,-0.002233,0.190403,1.247791
uniform,1,1304,297804,0.05,1.0,193,131.43,21.84,0.045086,75000,,,,,,-0.001168,0.156395,0.521612
uniform,1,1305,298104,0.05,,300,27.5,25.3,0.066574,75000,,,,,,0.003632,0.184555,0.94692
uniform,1,1306,298404,0.05,,300,23.1,27.5,0.055385,75000,,,,,,4e-05,0.173049,0.646304
uniform,1,1307,298625,0.05,1.0,221,131.29,20.7,0.057798,75000,,,,,,-0.003139,0.170641,0.86431
uniform,1,1308,298842,0.05,1.0,217,131.31,25.92,0.063409,75000,,,,,,-0.001414,0.176057,0.832304
uniform,1,1309,299042,0.05,-1.0,200,29.2,131.4,0.06975,75000,,,,,,-0.001022,0.192702,0.949823
uniform,1,1310,299255,0.05,1.0,213,131.33,21.34,0.080617,75000,,,,,,-0.00582,0.203027,0.987966
uniform,1,1311,299555,0.05,,300,25.3,25.3,0.059137,75000,,,,,,-0.009811,0.173892,0.880286
uniform,1,1312,299855,0.05,,300,25.3,25.3,0.060543,75000,,,,,,-0.000813,0.174336,0.916917
uniform,1,1313,300155,0.05,,300,25.5,27.5,0.069296,75000,,,,,,-0.004576,0.190883,0.918599
uniform,1,1314,300316,0.05,1.0,161,131.59,24.0,0.06725,75000,,,,,,-0.005742,0.186175,1.03992
uniform,1,1315,300610,0.05,-1.0,294,27.93,130.93,0.059286,75000,,,,,,-0.002293,0.173368,0.928392
uniform,1,1316,300910,0.05,,300,25.5,25.3,0.070734,75000,,,,,,-0.00448,0.185548,0.944661
uniform,1,1317,301085,0.05,1.0,175,131.52,26.33,0.076044,75000,,,,,,-0.013726,0.199586,1.003367
uniform,1,1318,301385,0.05,,300,27.5,27.7,0.066006,75000,,,,,,-0.003367,0.184673,0.788121
uniform,1,1319,301525,0.05,-1.0,140,24.1,131.7,0.071297,75000,,,,,,0.002716,0.188059,0.833052
uniform,1,1320,301825,0.05,,300,25.5,27.5,0.067774,75000,,,,,,-0.010253,0.180219,0.936682
uniform,1,1321,302125,0.05,,300,27.3,27.5,0.069399,75000,,,,,,-0.001315,0.190931,0.990117
uniform,1,1322,302425,0.05,,300,28.3,26.3,0.06514,75000,,,,,,0.002022,0.181694,0.811159
uniform,1,1323,302725,0.05,,300,25.3,25.3,0.072774,75000,,,,,,-0.012157,0.187206,1.18518
uniform,1,1324,303025,0.05,,300,25.3,28.3,0.068881,75000,,,,,,-0.006428,0.185849,1.129753
uniform,1,1325,303325,0.05,,300,25.5,25.7,0.072211,75000,,,,,,-0.00279,0.192517,0.94631
uniform,1,1326,303625,0.05,,300,27.7,27.7,0.06619,75000,,,,,,0.008322,0.178833,0.975744
uniform,1,1327,303909,0.05,-1.0,284,25.78,130.98,0.062458,75000,,,,,,-0.004124,0.17453,0.866909
uniform,1,1328,304136,0.05,1.0,227,131.26,26.07,0.099264,75000,,,,,,-0.020424,0.227156,1.521255
uniform,1,1329,304436,0.05,,300,25.3,27.5,0.079995,75000,,,,,,-0.008628,0.1996,0.999504
uniform,1,1330,304715,0.05,1.0,279,131.0,23.41,0.079206,75000,,,,,,-0.006293,0.195956,1.04334
uniform,1,1331,305015,0.05,,300,27.3,27.5,0.073329,75000,,,,,,-0.021014,0.192197,1.031127
uniform,1,1332,305315,0.05,,300,25.5,25.5,0.062633,75000,,,,,,0.001141,0.18525,0.753109
uniform,1,1333,305615,0.05,,300,25.5,25.3,0.069855,75000,,,,,,0.001131,0.186471,0.96273
uniform,1,1334,305792,0.05,1.0,177,131.51,29.32,0.066987,75000,,,,,,-0.00928,0.183098,0.752934
uniform,1,1335,306092,0.05,,300,25.5,27.5,0.069357,75000,,,,,,-0.013504,0.192109,0.795865
uniform,1,1336,306392,0.05,,300,27.3,26.5,0.064671,75000,,,,,,-0.001414,0.181306,0.752756
uniform,1,1337,306692,0.05,,300,27.5,26.3,0.058795,75000,,,,,,-0.000287,0.174413,0.669661
uniform,1,1338,306992,0.05,,300,25.3,27.5,0.064912,75000,,,,,,-0.0174,0.179905,1.034678
uniform,1,1339,307292,0.05,,300,25.3,27.7,0.071624,75000,,,,,,0.007627,0.197986,0.67784
uniform,1,1340,307550,0.05,-1.0,258,23.91,131.11,0.0749,75000,,,,,,-0.005426,0.190303,0.95573
uniform,1,1341,307850,0.05,,300,25.5,25.5,0.059958,75000,,,,,,-0.001937,0.174028,0.791653
uniform,1,1342,308150,0.05,,300,27.5,25.3,0.080305,75000,,,,,,-0.015594,0.203122,1.058664
uniform,1,1343,308450,0.05,,300,27.5,25.3,0.078313,75000,,,,,,-0.02518,0.198066,1.077802
uniform,1,1344,308750,0.05,,300,25.5,25.1,0.068075,75000,,,,,,-0.012619,0.185362,0.743363
uniform,1,1345,309050,0.05,,300,27.3,22.5,0.069564,75000,,,,,,-0.007835,0.188291,1.067511
uniform,1,1346,309350,0.05,,300,28.7,27.3,0.067648,75000,,,,,,-0.002323,0.186892,0.941334
uniform,1,1347,309650,0.05,,300,25.3,25.5,0.06265,75000,,,,,,0.00186,0.178669,0.739602
uniform,1,1348,309950,0.05,,300,25.5,27.3,0.063762,75000,,,,,,-0.010048,0.175069,1.031175
uniform,1,1349,310250,0.05,,300,25.5,27.3,0.069753,75000,,,,,,-0.011974,0.194684,0.885363
uniform,1,1350,310550,0.05,,300,25.5,25.3,0.073299,75000,,,,,,-0.007384,0.189973,1.028551
uniform,1,1351,310850,0.05,,300,25.3,25.3,0.0625,75000,,,,,,-0.008013,0.176152,0.860043
uniform,1,1352,311150,0.05,,300,23.1,25.3,0.061981,75000,,,,,,-0.009273,0.183943,0.733362
uniform,1,1353,311450,0.05,,300,25.5,27.7,0.070528,75000,,,,,,-0.009493,0.188089,0.81853
uniform,1,1354,311633,0.05,1.0,183,131.48,23.69,0.06098,75000,,,,,,-0.00498,0.176351,0.660145
uniform,1,1355,311933,0.05,,300,25.3,25.3,0.066154,75000,,,,,,-0.011908,0.181778,1.060283
uniform,1,1356,312233,0.05,,300,25.3,25.3,0.083163,75000,,,,,,0.016934,0.208201,0.981784
uniform,1,1357,312533,0.05,,300,27.5,25.5,0.065222,75000,,,,,,-0.003442,0.180227,0.938017
uniform,1,1358,312833,0.05,,300,26.1,24.9,0.069203,75000,,,,,,-0.007159,0.183864,0.89134
uniform,1,1359,313133,0.05,,300,28.3,27.3,0.07611,75000,,,,,,0.007143,0.198833,1.01907
uniform,1,1360,313433,0.05,,300,25.3,25.5,0.062678,75000,,,,,,-0.008578,0.179037,0.728751
uniform,1,1361,313733,0.05,,300,25.3,25.1,0.065966,75000,,,,,,0.002457,0.181043,0.70974
uniform,1,1362,314033,0.05,,300,22.9,25.3,0.066878,75000,,,,,,-0.00565,0.186184,0.93277
uniform,1,1363,314333,0.05,,300,25.3,25.1,0.074638,75000,,,,,,-0.012313,0.194433,0.877765
uniform,1,1364,314633,0.05,,300,21.1,21.9,0.06458,75000,,,,,,-0.004525,0.180301,0.702167
uniform,1,1365,314933,0.05,,300,27.5,25.5,0.063752,75000,,,,,,-0.004963,0.178255,0.714922
uniform,1,1366,315233,0.05,,300,26.5,25.3,0.070305,75000,,,,,,-0.00503,0.195385,0.955915
uniform,1,1367,315533,0.05,,300,25.3,25.3,0.069046,75000,,,,,,-0.007786,0.184395,0.896706
uniform,1,1368,315657,0.05,-1.0,124,24.38,131.78,0.059864,75000,,,,,,0.004712,0.176321,0.680872
uniform,1,1369,315957,0.05,,300,27.5,27.7,0.061256,75000,,,,,,-0.000671,0.175795,0.711382
uniform,1,1370,316257,0.05,,300,25.3,27.7,0.071246,75000,,,,,,-0.012328,0.197056,0.788279
uniform,1,1371,316557,0.05,,300,25.3,28.1,0.063126,75000,,,,,,-0.000855,0.177913,0.803904
uniform,1,1372,316857,0.05,,300,25.9,27.7,0.069651,75000,,,,,,-0.010144,0.185346,0.822729
uniform,1,1373,317157,0.05,,300,27.7,26.3,0.05957,75000,,,,,,0.001215,0.182024,0.548121
uniform,1,1374,317264,0.05,1.0,107,131.86,29.47,0.071663,75000,,,,,,0.002155,0.191074,0.693898
uniform,1,1375,317564,0.05,,300,27.5,25.5,0.071845,75000,,,,,,-0.005375,0.184679,1.065792
uniform,1,1376,317864,0.05,,300,24.9,22.7,0.057837,75000,,,,,,-0.00322,0.170463,0.69083
uniform,1,1377,318164,0.05,,300,27.5,27.5,0.060326,75000,,,,,,-0.000337,0.182643,0.611733
uniform,1,1378,318464,0.05,,300,27.7,25.7,0.076779,75000,,,,,,-0.01482,0.194824,1.201023
uniform,1,1379,318764,0.05,,300,27.3,26.5,0.058085,75000,,,,,,-0.004508,0.171554,0.646843
uniform,1,1380,318927,0.05,1.0,163,131.58,21.79,0.062701,75000,,,,,,-0.001363,0.175517,0.78137
uniform,1,1381,319227,0.05,,300,25.5,25.3,0.069875,75000,,,,,,-0.004416,0.193223,0.804753
uniform,1,1382,319527,0.05,,300,27.5,27.5,0.056971,75000,,,,,,-0.001983,0.170591,0.623365
uniform,1,1383,319709,0.05,-1.0,182,24.09,131.49,0.06827,75000,,,,,,-0.017847,0.180324,1.172563
uniform,1,1384,319800,0.05,1.0,91,131.94,17.35,0.059262,75000,,,,,,-0.005867,0.169209,0.892246
uniform,1,1385,320100,0.05,,300,23.3,25.3,0.072064,75000,,,,,,-0.014427,0.192049,0.852021
uniform,1,1386,320350,0.05,-1.0,250,23.55,131.15,0.057658,75000,,,,,,-0.000572,0.174238,0.704142
uniform,1,1387,320496,0.05,-1.0,146,29.27,131.67,0.067288,75000,,,,,,-0.011676,0.182589,1.160817
uniform,1,1388,320796,0.05,,300,25.5,25.1,0.0785,75000,,,,,,-0.010382,0.193774,1.26568
uniform,1,1389,320899,0.05,1.0,103,131.88,29.69,0.064243,75000,,,,,,0.001091,0.176405,0.960315
uniform,1,1390,321199,0.05,,300,25.5,27.5,0.074457,75000,,,,,,-0.010697,0.196495,0.879923
uniform,1,1391,321499,0.05,,300,25.5,25.1,0.074944,75000,,,,,,-0.021237,0.192473,1.059693
uniform,1,1392,321799,0.05,,300,25.5,27.5,0.074,75000,,,,,,-0.007785,0.190272,0.932509
uniform,1,1393,322099,0.05,,300,27.5,25.3,0.068531,75000,,,,,,0.004335,0.187772,0.943367
uniform,1,1394,322399,0.05,,300,27.3,25.3,0.068241,75000,,,,,,-0.003245,0.186342,0.725497
uniform,1,1395,322699,0.05,,300,28.1,27.7,0.063832,75000,,,,,,-0.007172,0.179251,0.882139
uniform,1,1396,322812,0.05,1.0,113,131.83,26.44,0.062342,75000,,,,,,-0.002935,0.176783,0.662194
uniform,1,1397,323112,0.05,,300,23.1,25.3,0.071913,75000,,,,,,-0.012523,0.193233,0.808732
uniform,1,1398,323251,0.05,1.0,139,131.7,26.51,0.095685,75000,,,,,,-0.012238,0.214834,1.499897
uniform,1,1399,323551,0.05,,300,25.3,25.3,0.074438,75000,,,,,,-0.007002,0.193191,1.009638
uniform,1,1400,323851,0.05,,300,25.3,25.3,0.074274,75000,,,,,,-0.018577,0.188047,1.202869
uniform,1,1401,324151,0.05,,300,25.3,25.3,0.06034,75000,,,,,,-0.006318,0.178335,0.728685
uniform,1,1402,324451,0.05,,300,25.3,25.9,0.060551,75000,,,,,,-0.007093,0.1736,0.78669
uniform,1,1403,324751,0.05,,300,25.3,25.3,0.060308,75000,,,,,,-0.007254,0.172779,0.830046
uniform,1,1404,324895,0.05,-1.0,144,18.88,131.68,0.059195,75000,,,,,,-0.001009,0.170864,0.799923
uniform,1,1405,325195,0.05,,300,25.3,27.5,0.072467,75000,,,,,,-0.014395,0.188729,0.908121
uniform,1,1406,325495,0.05,,300,25.3,25.5,0.064867,75000,,,,,,-0.007661,0.177841,0.716525
uniform,1,1407,325795,0.05,,300,25.5,25.3,0.063232,75000,,,,,,-0.007252,0.174852,0.806114
uniform,1,1408,326095,0.05,,300,27.5,23.3,0.068466,75000,,,,,,-0.003812,0.182989,0.886147
uniform,1,1409,326395,0.05,,300,25.3,25.5,0.059448,75000,,,,,,-0.00502,0.175125,0.684497
uniform,1,1410,326695,0.05,,300,25.3,25.3,0.0574,75000,,,,,,0.00015,0.169619,0.631955
uniform,1,1411,326995,0.05,,300,22.9,27.7,0.052929,75000,,,,,,-0.003595,0.164579,0.539655
uniform,1,1412,327295,0.05,,300,28.1,27.7,0.071753,75000,,,,,,-0.003643,0.192038,0.834482
uniform,1,1413,327595,0.05,,300,23.3,25.3,0.061192,75000,,,,,,-0.003208,0.172416,0.787931
uniform,1,1414,327895,0.05,,300,25.3,25.3,0.055308,75000,,,,,,0.001096,0.166264,0.645489
uniform,1,1415,327992,0.05,1.0,97,131.91,21.72,0.051211,75000,,,,,,0.001644,0.161146,0.731623
uniform,1,1416,328292,0.05,,300,25.3,25.1,0.06518,75000,,,,,,-0.005929,0.184558,0.781939
uniform,1,1417,328592,0.05,,300,25.1,25.3,0.060527,75000,,,,,,-0.007348,0.171964,0.873047
uniform,1,1418,328892,0.05,,300,25.1,25.5,0.054604,75000,,,,,,-0.009798,0.166527,0.639637
uniform,1,1419,329155,0.05,1.0,263,131.08,23.09,0.075381,75000,,,,,,-0.008349,0.192717,1.07189
uniform,1,1420,329455,0.05,,300,25.3,25.3,0.061874,75000,,,,,,-0.010441,0.173802,0.814757
uniform,1,1421,329755,0.05,,300,25.3,25.5,0.066169,75000,,,,,,-0.005042,0.17757,0.820662
uniform,1,1422,329929,0.05,-1.0,174,26.13,131.53,0.041988,75000,,,,,,0.00421,0.14987,0.443928
uniform,1,1423,330229,0.05,,300,25.9,23.3,0.080896,75000,,,,,,-0.014126,0.199539,0.998012
uniform,1,1424,330529,0.05,,300,25.5,24.9,0.06162,75000,,,,,,-0.012003,0.175251,0.954277
uniform,1,1425,330829,0.05,,300,27.5,26.1,0.061787,75000,,,,,,-0.006976,0.175748,0.623502
uniform,1,1426,331129,0.05,,300,25.1,25.5,0.06823,75000,,,,,,-0.002017,0.187208,0.750508
uniform,1,1427,331247,0.05,-1.0,118,29.61,131.81,0.070174,75000,,,,,,-0.019969,0.187949,0.911458
uniform,1,1428,331459,0.05,-1.0,212,23.54,131.34,0.061432,75000,,,,,,-0.005172,0.175771,0.930386
uniform,1,1429,331740,0.05,1.0,281,130.99,25.6,0.061962,75000,,,,,,-0.005832,0.177175,0.774773
uniform,1,1430,332011,0.05,1.0,271,131.04,23.25,0.071952,75000,,,,,,-0.004608,0.186294,0.905856
uniform,1,1431,332182,0.05,1.0,171,131.54,20.75,0.087957,75000,,,,,,-0.021701,0.210461,1.124789
uniform,1,1432,332382,0.05,-1.0,200,20.8,131.4,0.073313,75000,,,,,,-0.004389,0.190351,0.935017
uniform,1,1433,332682,0.05,,300,25.5,25.3,0.080671,75000,,,,,,-0.007693,0.197665,1.066674
uniform,1,1434,332968,0.05,-1.0,286,21.57,130.97,0.060368,75000,,,,,,-0.00592,0.172946,0.889617
uniform,1,1435,333268,0.05,,300,25.5,26.5,0.073812,75000,,,,,,-0.002636,0.195714,0.832588
uniform,1,1436,333568,0.05,,300,27.7,25.5,0.068767,75000,,,,,,0.001182,0.186499,0.906187
uniform,1,1437,333868,0.05,,300,27.7,25.7,0.078932,75000,,,,,,-0.00144,0.192827,1.124209
uniform,1,1438,333955,0.05,1.0,87,131.96,19.77,0.068127,75000,,,,,,0.002501,0.182045,0.724682
uniform,1,1439,334255,0.05,,300,24.9,20.7,0.082104,75000,,,,,,-0.006845,0.205029,1.167071
uniform,1,1440,334555,0.05,,300,25.5,24.9,0.065756,75000,,,,,,-0.002207,0.179619,0.78503
uniform,1,1441,334855,0.05,,300,27.5,27.7,0.063218,75000,,,,,,-0.006696,0.174701,0.691814
uniform,1,1442,335155,0.05,,300,27.5,25.5,0.068409,75000,,,,,,-0.000543,0.188161,0.926256
uniform,1,1443,335280,0.05,1.0,125,131.77,26.98,0.06689,75000,,,,,,0.00581,0.185395,0.741593
uniform,1,1444,335580,0.05,,300,25.5,25.5,0.062609,75000,,,,,,-0.005262,0.176501,0.91166
uniform,1,1445,335880,0.05,,300,25.1,25.3,0.082388,75000,,,,,,-0.007951,0.194828,1.325283
uniform,1,1446,336180,0.05,,300,25.3,27.5,0.069644,75000,,,,,,-0.009884,0.188883,0.724529
uniform,1,1447,336480,0.05,,300,27.7,27.5,0.069288,75000,,,,,,-0.012312,0.185455,0.935299
uniform,1,1448,336780,0.05,,300,25.3,24.9,0.066222,75000,,,,,,-0.011365,0.180937,0.875657
uniform,1,1449,337028,0.05,-1.0,248,26.36,131.16,0.073791,75000,,,,,,-0.004504,0.192919,0.891517
uniform,1,1450,337328,0.05,,300,25.7,23.3,0.083396,75000,,,,,,0.000457,0.206962,1.077484
uniform,1,1451,337628,0.05,,300,28.1,27.7,0.087341,75000,,,,,,0.00447,0.20577,1.163172
uniform,1,1452,337928,0.05,,300,23.9,22.9,0.086381,75000,,,,,,-0.010889,0.203709,1.177608
uniform,1,1453,338228,0.05,,300,27.5,23.1,0.07468,75000,,,,,,-0.011858,0.198288,0.855042
uniform,1,1454,338446,0.05,-1.0,218,18.91,131.31,0.079198,75000,,,,,,-0.010222,0.201688,0.990983
uniform,1,1455,338746,0.05,,300,25.1,25.5,0.094381,75000,,,,,,-0.015047,0.213833,1.22181
uniform,1,1456,338899,0.05,1.0,153,131.63,23.44,0.0611,75000,,,,,,-0.014762,0.177717,0.590785
uniform,1,1457,339199,0.05,,300,25.5,25.5,0.088606,75000,,,,,,-0.005473,0.213543,1.015618
uniform,1,1458,339499,0.05,,300,23.9,27.9,0.080907,75000,,,,,,-0.003976,0.200012,0.93254
uniform,1,1459,339799,0.05,,300,26.5,24.9,0.069419,75000,,,,,,-0.003861,0.185944,0.831828
uniform,1,1460,340099,0.05,,300,25.3,27.5,0.089907,75000,,,,,,-0.019259,0.214062,1.429283
uniform,1,1461,340399,0.05,,300,25.7,22.7,0.084298,75000,,,,,,-0.008566,0.204838,1.102143
uniform,1,1462,340699,0.05,,300,23.1,28.1,0.077137,75000,,,,,,-0.01212,0.195733,1.099719
uniform,1,1463,340999,0.05,,300,25.3,25.1,0.081247,75000,,,,,,-0.008338,0.198033,1.213585
uniform,1,1464,341299,0.05,,300,25.5,25.5,0.082359,75000,,,,,,-0.002032,0.208446,0.814157
uniform,1,1465,341599,0.05,,300,25.1,25.5,0.079897,75000,,,,,,0.00914,0.198561,0.976364
uniform,1,1466,341899,0.05,,300,25.5,27.5,0.075734,75000,,,,,,-0.007786,0.191869,0.921797
uniform,1,1467,342199,0.05,,300,25.3,26.1,0.086759,75000,,,,,,-0.014787,0.211508,1.095035
uniform,1,1468,342499,0.05,,300,26.3,27.7,0.089684,75000,,,,,,-0.014777,0.209129,1.177201
uniform,1,1469,342620,0.05,1.0,121,131.79,27.0,0.067033,75000,,,,,,-0.001159,0.184263,0.742266
uniform,1,1470,342920,0.05,,300,25.5,26.3,0.069461,75000,,,,,,-0.004142,0.18769,0.776473
uniform,1,1471,343220,0.05,,300,24.9,28.7,0.093213,75000,,,,,,0.000101,0.22141,0.948959
uniform,1,1472,343520,0.05,,300,25.5,25.1,0.094111,75000,,,,,,-0.003848,0.214113,1.090844
uniform,1,1473,343625,0.05,1.0,105,131.87,28.68,0.080151,75000,,,,,,-0.011094,0.199958,1.087126
uniform,1,1474,343763,0.05,-1.0,138,26.51,131.71,0.09588,75000,,,,,,0.006032,0.215826,1.169855
uniform,1,1475,343908,0.05,1.0,145,131.67,27.28,0.093488,75000,,,,,,0.009299,0.211513,0.974328
uniform,1,1476,344070,0.05,-1.0,162,29.39,131.59,0.113839,75000,,,,,,-0.025049,0.243039,1.259632
uniform,1,1477,344370,0.05,,300,25.1,25.3,0.093093,75000,,,,,,-0.014487,0.21861,0.986419
uniform,1,1478,344670,0.05,,300,27.5,25.3,0.092769,75000,,,,,,-0.014974,0.213648,1.134713
uniform,1,1479,344970,0.05,,300,28.7,20.7,0.069393,75000,,,,,,-0.005226,0.187378,0.764004
uniform,1,1480,345270,0.05,,300,23.3,25.3,0.095584,75000,,,,,,0.007034,0.226741,0.993578
uniform,1,1481,345570,0.05,,300,27.3,26.1,0.08234,75000,,,,,,0.002613,0.203416,0.807598
uniform,1,1482,345680,0.05,-1.0,110,26.25,131.85,0.123003,75000,,,,,,0.015808,0.24426,1.663206
uniform,1,1483,345980,0.05,,300,24.9,25.3,0.093326,75000,,,,,,0.004064,0.213168,1.169991
uniform,1,1484,346280,0.05,,300,23.3,22.9,0.092685,75000,,,,,,-0.013667,0.224091,0.930818
uniform,1,1485,346580,0.05,,300,25.3,25.3,0.084878,75000,,,,,,0.004752,0.207391,1.043447
uniform,1,1486,346880,0.05,,300,27.7,23.5,0.086283,75000,,,,,,-0.020013,0.205382,1.154269
uniform,1,1487,347180,0.05,,300,26.1,27.7,0.096114,75000,,,,,,-0.002515,0.222017,1.081499
uniform,1,1488,347372,0.05,-1.0,192,23.44,131.44,0.074192,75000,,,,,,0.002264,0.193492,0.775693
uniform,1,1489,347672,0.05,,300,25.9,27.7,0.084875,75000,,,,,,-0.014478,0.204483,1.055631
uniform,1,1490,347972,0.05,,300,25.5,25.5,0.077116,75000,,,,,,-0.006929,0.194913,1.120033
uniform,1,1491,348229,0.05,1.0,257,131.11,28.72,0.067194,75000,,,,,,-0.004514,0.19351,0.658177
uniform,1,1492,348529,0.05,,300,25.1,27.7,0.080943,75000,,,,,,0.003894,0.201513,1.13259
uniform,1,1493,348829,0.05,,300,25.3,25.3,0.079655,75000,,,,,,-0.011811,0.197183,0.987302
uniform,1,1494,349083,0.05,-1.0,254,23.73,131.13,0.080604,75000,,,,,,-0.015673,0.206649,1.000186
uniform,1,1495,349383,0.05,,300,25.5,25.5,0.087086,75000,,,,,,-0.009395,0.210002,1.085952
uniform,1,1496,349569,0.05,-1.0,186,26.87,131.47,0.069531,75000,,,,,,-0.009934,0.189818,0.857167
uniform,1,1497,349869,0.05,,300,25.3,23.3,0.073845,75000,,,,,,-0.004647,0.191386,0.863452
uniform,1,1498,350169,0.05,,300,26.3,27.7,0.077524,75000,,,,,,0.005029,0.202889,0.822044
uniform,1,1499,350469,0.05,,300,25.3,24.7,0.097279,75000,,,,,,-0.008478,0.218473,1.223973
uniform,1,1500,350769,0.05,,300,27.7,26.3,0.06739,75000,,,,,,-0.007936,0.186187,0.718818
uniform,2,1,300,0.9905,,300,5.7,12.9,2.354229,300,,,,,,-1.656396,2.716823,4.18819
uniform,2,2,600,0.981,,300,6.1,12.7,1.150159,600,,,,,,-0.213969,1.48798,2.565898
uniform,2,3,900,0.9715,,300,11.3,14.9,0.893826,900,,,,,,-0.166555,1.22035,2.116494
uniform,2,4,1200,0.962,,300,2.3,2.9,2.189053,1200,,,,,,0.15192,2.598952,3.703315
uniform,2,5,1500,0.9525,,300,4.1,6.1,2.012102,1500,,,,,,0.275329,2.408785,3.555511
uniform,2,6,1800,0.943,,300,7.5,11.5,1.701018,1800,,,,,,0.145525,2.076979,3.272564
uniform,2,7,2100,0.9335,,300,7.9,7.5,1.409849,2100,,,,,,-0.092559,1.790391,2.768258
uniform,2,8,2400,0.924,,300,6.5,9.5,0.636773,2400,,,,,,-0.158965,0.992815,1.446008
uniform,2,9,2700,0.9145,,300,16.5,5.9,0.466752,2700,,,,,,-0.060819,0.78771,1.204235
uniform,2,10,3000,0.905,,300,14.3,6.7,0.390055,3000,,,,,,-0.040707,0.688733,1.091123
uniform,2,11,3300,0.8955,,300,7.7,13.3,0.526962,3300,,,,,,0.200888,0.898872,1.193329
uniform,2,12,3600,0.886,,300,8.3,10.7,0.275502,3600,,,,,,0.016106,0.582901,0.820414
uniform,2,13,3900,0.8765,,300,9.3,9.3,0.202782,3900,,,,,,-0.006633,0.470347,0.704064
uniform,2,14,4200,0.867,,300,11.7,23.5,0.276135,4200,,,,,,-0.112539,0.578228,0.816479
uniform,2,15,4500,0.8575,,300,12.9,11.7,0.132746,4500,,,,,,-0.012186,0.393223,0.530062
uniform,2,16,4800,0.848,,300,11.5,12.7,0.086716,4800,,,,,,-0.007563,0.309072,0.423149
uniform,2,17,5100,0.8385,,300,11.7,5.9,0.162791,5100,,,,,,0.084359,0.413891,0.601798
uniform,2,18,5400,0.829,,300,10.1,19.7,0.160734,5400,,,,,,0.038667,0.434936,0.592863
uniform,2,19,5700,0.8195,,300,13.9,12.7,0.109006,5700,,,,,,0.006971,0.338452,0.491913
uniform,2,20,6000,0.81,,300,17.7,18.7,0.087611,6000,,,,,,0.002962,0.290352,0.43934
uniform,2,21,6300,0.8005,,300,6.3,16.5,0.131794,6300,,,,,,-0.066863,0.379411,0.532061
uniform,2,22,6600,0.791,,300,13.9,14.5,0.057906,6600,,,,,,-0.005414,0.244419,0.349537
uniform,2,23,6900,0.7815,,300,10.7,12.9,0.042691,6900,,,,,,-0.003155,0.199402,0.300709
uniform,2,24,7200,0.772,,300,17.7,16.9,0.114666,7200,,,,,,0.049879,0.339212,0.500102
uniform,2,25,7500,0.7625,,300,19.5,22.7,0.078495,7500,,,,,,0.008848,0.281105,0.40979
uniform,2,26,7800,0.753,,300,25.5,20.7,0.056935,7800,,,,,,0.001737,0.226814,0.349789
uniform,2,27,8100,0.7435,,300,15.7,20.1,0.079494,8100,,,,,,-0.035122,0.267177,0.412474
uniform,2,28,8400,0.734,,300,19.1,19.7,0.05911,8400,,,,,,-0.013853,0.243831,0.353908
uniform,2,29,8700,0.7245,,300,20.1,14.3,0.039752,8700,,,,,,-0.006417,0.184833,0.297018
uniform,2,30,9000,0.715,,300,14.5,19.1,0.030628,9000,,,,,,-0.005663,0.154894,0.264594
uniform,2,31,9300,0.7055,,300,17.9,16.1,0.081864,9300,,,,,,0.039145,0.287631,0.416702
uniform,2,32,9600,0.696,,300,20.7,21.3,0.042764,9600,,,,,,0.00437,0.195015,0.30222
uniform,2,33,9900,0.6865,,300,25.7,19.9,0.032407,9900,,,,,,0.002416,0.160687,0.263841
uniform,2,34,10200,0.677,,300,25.1,23.5,0.060674,10200,,,,,,-0.034547,0.234679,0.356315
uniform,2,35,10500,0.6675,,300,19.7,19.9,0.036379,10500,,,,,,-0.009001,0.177565,0.282891
uniform,2,36,10800,0.658,,300,20.5,17.1,0.0279,10800,,,,,,-0.007358,0.142875,0.252029
uniform,2,37,11100,0.6485,,300,28.3,24.5,0.047645,11100,,,,,,0.021545,0.192938,0.317988
uniform,2,38,11400,0.639,,300,22.7,23.5,0.047219,11400,,,,,,0.005793,0.205977,0.31634
uniform,2,39,11700,0.6295,,300,16.5,19.7,0.031153,11700,,,,,,0.004099,0.161106,0.253669
uniform,2,40,12000,0.62,,300,19.3,25.9,0.024537,12000,,,,,,0.001936,0.135152,0.228858
uniform,2,41,12283,0.611038,1.0,283,130.98,19.39,0.05627,12283,,,,,,-0.032166,0.235065,0.341534
uniform,2,42,12583,0.601538,,300,16.7,15.3,0.033439,12583,,,,,,-0.000161,0.162132,0.786759
uniform,2,43,12883,0.592038,,300,24.5,14.9,0.027772,12883,,,,,,0.001326,0.136376,0.778911
uniform,2,44,13183,0.582538,,300,20.3,21.3,0.062085,13183,,,,,,0.038973,0.216726,1.325206
uniform,2,45,13483,0.573038,,300,25.5,23.1,0.038986,13483,,,,,,0.009713,0.177665,0.788101
uniform,2,46,13783,0.563538,,300,15.5,21.1,0.031978,13783,,,,,,0.006416,0.148173,0.778591
uniform,2,47,14083,0.554038,,300,12.9,26.3,0.035481,14083,,,,,,-0.018332,0.168792,0.271289
uniform,2,48,14383,0.544538,,300,17.5,24.7,0.03108,14383,,,,,,-0.009902,0.171968,0.253763
uniform,2,49,14683,0.535038,,300,28.7,20.5,0.022858,14683,,,,,,-0.006354,0.13672,0.224595
uniform,2,50,14959,0.526298,-1.0,276,26.02,131.02,0.02509,14959,,,,,,0.00169,0.124005,0.802244
uniform,2,51,15259,0.516798,,300,23.3,28.1,0.072831,15259,,,,,,0.054997,0.229574,1.821908
uniform,2,52,15559,0.507298,,300,21.9,24.9,0.041219,15559,,,,,,0.020839,0.165067,1.283596
uniform,2,53,15859,0.497798,,300,26.3,22.7,0.031075,15859,,,,,,0.012077,0.137647,1.049104
uniform,2,54,16159,0.488298,,300,28.5,21.3,0.039156,16159,,,,,,-0.013378,0.176994,0.782459
uniform,2,55,16459,0.478798,,300,24.1,22.9,0.036784,16459,,,,,,0.002099,0.162209,1.066025
uniform,2,56,16759,0.469298,,300,19.9,22.9,0.046256,16759,,,,,,0.021295,0.151486,1.651069
uniform,2,57,16998,0.46173,1.0,239,131.2,25.81,0.031385,16998,,,,,,0.009457,0.127058,1.174299
uniform,2,58,17255,0.453592,1.0,257,131.11,20.12,0.050077,17255,,,,,,0.033013,0.207335,1.137145
uniform,2,59,17555,0.444092,,300,28.3,28.1,0.038544,17555,,,,,,0.018775,0.155771,1.267016
uniform,2,60,17855,0.434592,,300,28.7,25.5,0.028071,17855,,,,,,0.012272,0.129326,1.047098
uniform,2,61,18073,0.427688,-1.0,218,17.91,131.31,0.0563,18073,,,,,,0.012729,0.181736,1.717315
uniform,2,62,18373,0.418188,,300,28.7,28.7,0.046435,18373,,,,,,0.011016,0.17625,1.473523
uniform,2,63,18673,0.408688,,300,28.1,21.5,0.045042,18673,,,,,,0.022429,0.151589,1.644467
uniform,2,64,18973,0.399188,,300,28.3,26.1,0.047164,18973,,,,,,0.028968,0.143032,1.803546
uniform,2,65,19193,0.392222,-1.0,220,29.1,131.3,0.05538,19193,,,,,,0.040154,0.205407,1.479749
uniform,2,66,19493,0.382722,,300,25.7,28.1,0.074458,19493,,,,,,0.055606,0.194825,2.305246
uniform,2,67,19698,0.37623,1.0,205,131.37,25.98,0.0261,19698,,,,,,0.010909,0.131204,0.909149
uniform,2,68,19925,0.369042,1.0,227,131.26,26.07,0.056881,19925,,,,,,0.042601,0.154862,2.045158
uniform,2,69,20162,0.361537,1.0,237,131.21,26.02,0.058098,20162,,,,,,0.006557,0.19771,1.658629
uniform,2,70,20322,0.35647,-1.0,160,20.8,131.6,0.082065,20322,,,,,,0.050813,0.209141,2.440615
uniform,2,71,20520,0.3502,-1.0,198,28.61,131.41,0.084292,20520,,,,,,0.058944,0.197086,2.561858
uniform,2,72,20708,0.344247,-1.0,188,28.86,131.46,0.085072,20708,,,,,,0.064167,0.190329,2.621839
uniform,2,73,20883,0.338705,1.0,175,131.52,23.13,0.033347,20883,,,,,,0.01493,0.131439,1.365856
uniform,2,74,21026,0.334177,1.0,143,131.68,23.89,0.115199,21026,,,,,,0.098399,0.236581,2.994289
uniform,2,75,21176,0.329427,-1.0,150,24.25,131.65,0.082436,21176,,,,,,0.062649,0.229126,2.2897
uniform,2,76,21390,0.32265,-1.0,214,28.33,131.33,0.044976,21390,,,,,,0.027526,0.168728,1.491077
uniform,2,77,21564,0.31714,-1.0,174,28.93,131.53,0.100416,21564,,,,,,0.082446,0.212935,2.843892
uniform,2,78,21776,0.310427,-1.0,212,29.14,131.34,0.084506,21776,,,,,,0.067808,0.191063,2.594811
uniform,2,79,21959,0.304632,1.0,183,131.48,24.69,0.118126,21959,,,,,,0.10455,0.21567,3.226907
uniform,2,80,22132,0.299153,1.0,173,131.53,26.34,0.140192,22132,,,,,,0.088299,0.285733,3.327562
uniform,2,81,22295,0.293992,1.0,163,131.58,28.79,0.118351,22295,,,,,,0.087648,0.244,3.123535
uniform,2,82,22463,0.288672,-1.0,168,28.16,131.56,0.140298,22463,,,,,,0.116158,0.256712,3.503981
uniform,2,83,22693,0.281388,-1.0,230,28.65,131.25,0.133366,22693,,,,,,0.112134,0.239156,3.442863
uniform,2,84,22831,0.277018,-1.0,138,26.51,131.71,0.105744,22831,,,,,,0.087828,0.204427,3.02682
uniform,2,85,22972,0.272553,1.0,141,131.69,26.1,0.147912,22972,,,,,,0.129488,0.242573,3.682293
uniform,2,86,23121,0.267835,1.0,149,131.65,28.86,0.160757,23121,,,,,,0.145729,0.313099,3.562693
uniform,2,87,23287,0.262578,-1.0,166,26.57,131.57,0.109319,23287,,,,,,0.088599,0.240909,2.907998
uniform,2,88,23489,0.256182,-1.0,202,28.39,131.39,0.181445,23489,,,,,,0.164315,0.299357,4.026474
uniform,2,89,23688,0.24988,1.0,199,131.4,21.41,0.119117,23688,,,,,,0.103417,0.226205,3.194719
uniform,2,90,23860,0.244433,-1.0,172,29.34,131.54,0.150951,23860,,,,,,0.133992,0.253096,3.668869
uniform,2,91,24089,0.237182,1.0,229,131.25,28.46,0.127836,24089,,,,,,0.088746,0.2563,3.208223
uniform,2,92,24214,0.233223,1.0,125,131.77,25.98,0.125291,24214,,,,,,0.089363,0.257948,3.195891
uniform,2,93,24383,0.227872,1.0,169,131.55,28.76,0.151423,24383,,,,,,0.122149,0.275233,3.61959
uniform,2,94,24532,0.223153,1.0,149,131.65,23.06,0.112805,24532,,,,,,0.090618,0.226323,3.084701
uniform,2,95,24679,0.218498,1.0,147,131.66,22.67,0.166275,24679,,,,,,0.141756,0.273775,3.857458
uniform,2,96,24789,0.215015,-1.0,110,23.65,131.85,0.100887,24789,,,,,,0.081228,0.202385,2.925388
uniform,2,97,24942,0.21017,1.0,153,131.63,29.24,0.148164,24942,,,,,,0.130203,0.24721,3.670866
uniform,2,98,25088,0.205547,-1.0,146,26.27,131.67,0.117447,25088,,,,,,0.102511,0.26049,2.946764
uniform,2,99,25246,0.200543,-1.0,158,28.81,131.61,0.161444,25246,,,,,,0.145242,0.295066,3.71836
uniform,2,100,25380,0.1963,-1.0,134,23.93,131.73,0.171103,25380,,,,,,0.153302,0.290563,3.890034
uniform,2,101,25561,0.190568,1.0,181,131.49,26.3,0.197717,25561,,,,,,0.181511,0.3109,4.239633
uniform,2,102,25704,0.18604,1.0,143,131.68,26.09,0.200612,25704,,,,,,0.184518,0.306969,4.279741
uniform,2,103,25879,0.180498,1.0,175,131.52,26.93,0.148794,25879,,,,,,0.133651,0.250901,3.656495
uniform,2,104,26002,0.176603,1.0,123,131.78,28.99,0.183523,26002,,,,,,0.15395,0.287316,4.051295
uniform,2,105,26159,0.171632,1.0,157,131.61,28.22,0.200616,26159,,,,,,0.150414,0.355339,4.111192
uniform,2,106,26280,0.1678,1.0,121,131.79,28.8,0.115206,26280,,,,,,0.079102,0.244095,3.003728
uniform,2,107,26474,0.161657,-1.0,194,25.63,131.43,0.286813,26474,,,,,,0.256963,0.407412,5.161787
uniform,2,108,26661,0.155735,1.0,187,131.46,26.67,0.168056,26661,,,,,,0.14545,0.279472,3.883434
uniform,2,109,26851,0.149718,-1.0,190,24.25,131.45,0.155891,26851,,,,,,0.134755,0.259614,3.73812
uniform,2,110,27074,0.142657,1.0,223,131.28,29.09,0.181498,27074,,,,,,0.161442,0.309944,3.934948
uniform,2,111,27374,0.133157,,300,27.9,25.7,0.163416,27374,,,,,,0.143879,0.293616,3.720638
uniform,2,112,27592,0.126253,-1.0,218,26.11,131.31,0.217486,27592,,,,,,0.200145,0.331148,4.448035
uniform,2,113,27698,0.122897,-1.0,106,25.87,131.87,0.163655,27698,,,,,,0.147405,0.272344,3.808609
uniform,2,114,27841,0.118368,1.0,143,131.68,25.29,0.253406,27841,,,,,,0.235784,0.358115,4.844559
uniform,2,115,27958,0.114663,1.0,117,131.81,29.22,0.174574,27958,,,,,,0.157932,0.277542,3.95038
uniform,2,116,28141,0.108868,1.0,183,131.48,26.29,0.193723,28141,,,,,,0.138287,0.342033,4.003419
uniform,2,117,28315,0.103358,-1.0,174,23.33,131.53,0.25578,28315,,,,,,0.222555,0.386333,4.828731
uniform,2,118,28451,0.099052,-1.0,136,26.12,131.72,0.261652,28451,,,,,,0.230592,0.381772,4.909782
uniform,2,119,28559,0.095632,-1.0,108,28.86,131.86,0.238048,28559,,,,,,0.211354,0.354667,4.680576
uniform,2,120,28737,0.089995,-1.0,178,28.91,131.51,0.210659,28737,,,,,,0.185951,0.321907,4.388
uniform,2,121,28850,0.086417,1.0,113,131.83,29.04,0.26746,28850,,,,,,0.242123,0.376336,4.972333
uniform,2,122,28945,0.083408,1.0,95,131.92,29.13,0.280617,28945,,,,,,0.257029,0.387304,5.125706
uniform,2,123,29099,0.078532,-1.0,154,26.43,131.63,0.238387,29099,,,,,,0.216718,0.389812,4.477625
uniform,2,124,29219,0.074732,-1.0,120,28.6,131.8,0.190108,29219,,,,,,0.172227,0.325856,4.061285
uniform,2,125,29322,0.07147,1.0,103,131.88,23.49,0.321131,29322,,,,,,0.300097,0.450603,5.437031
uniform,2,126,29472,0.06672,-1.0,150,28.65,131.65,0.216559,29472,,,,,,0.197614,0.336576,4.412039
uniform,2,127,29602,0.062603,-1.0,130,23.35,131.75,0.303045,29602,,,,,,0.28353,0.420306,5.271301
uniform,2,128,29719,0.058898,1.0,117,131.81,26.42,0.163197,29719,,,,,,0.144955,0.273317,3.789082
uniform,2,129,29834,0.055257,1.0,115,131.82,23.03,0.300698,29834,,,,,,0.278207,0.411382,5.271768
uniform,2,130,29961,0.051235,1.0,127,131.76,29.57,0.247868,29961,,,,,,0.228542,0.352793,4.771293
uniform,2,131,30132,0.05,1.0,171,131.54,28.55,0.254082,30132,,,,,,0.190609,0.408249,4.649559
uniform,2,132,30256,0.05,-1.0,124,28.98,131.78,0.291929,30256,,,,,,0.249926,0.429168,5.131915
uniform,2,133,30370,0.05,-1.0,114,29.63,131.83,0.28244,30370,,,,,,0.248067,0.410928,5.068566
uniform,2,134,30640,0.05,-1.0,270,28.85,131.05,0.239723,30640,,,,,,0.208058,0.359661,4.637756
uniform,2,135,30767,0.05,1.0,127,131.76,28.97,0.278786,30767,,,,,,0.247625,0.392126,5.069949
uniform,2,136,30956,0.05,1.0,189,131.45,27.06,0.26612,30956,,,,,,0.236501,0.375525,4.933951
uniform,2,137,31074,0.05,-1.0,118,24.41,131.81,0.353062,31074,,,,,,0.325579,0.509023,5.561578
uniform,2,138,31206,0.05,-1.0,132,28.74,131.74,0.27354,31206,,,,,,0.250971,0.414832,4.915194
uniform,2,139,31360,0.05,-1.0,154,26.03,131.63,0.285557,31360,,,,,,0.258357,0.418082,5.039128
uniform,2,140,31475,0.05,1.0,115,131.82,29.63,0.315819,31475,,,,,,0.292714,0.440193,5.368745
uniform,2,141,31625,0.05,-1.0,150,28.65,131.65,0.289412,31625,,,,,,0.26398,0.40988,5.096674
uniform,2,142,31847,0.05,-1.0,222,29.09,131.29,0.302761,31847,,,,,,0.278532,0.417507,5.258363
uniform,2,143,32017,0.05,-1.0,170,26.35,131.55,0.288482,32017,,,,,,0.244272,0.412001,5.06828
uniform,2,144,32140,0.05,1.0,123,131.78,25.39,0.299357,32140,,,,,,0.248515,0.453959,5.117527
uniform,2,145,32291,0.05,1.0,151,131.64,28.25,0.315635,32291,,,,,,0.272736,0.454364,5.332241
uniform,2,146,32424,0.05,1.0,133,131.73,25.14,0.339668,32424,,,,,,0.300999,0.471181,5.566379
uniform,2,147,32527,0.05,1.0,103,131.88,29.49,0.267236,32527,,,,,,0.230699,0.392515,4.9018
uniform,2,148,32782,0.05,1.0,255,131.12,26.73,0.288655,32782,,,,,,0.257774,0.406813,5.132273
uniform,2,149,32921,0.05,1.0,139,131.7,29.11,0.26722,32921,,,,,,0.235321,0.380234,4.935967
uniform,2,150,33030,0.05,1.0,109,131.85,28.86,0.277422,33030,,,,,,0.249565,0.41989,4.921402
uniform,2,151,33131,0.05,1.0,101,131.89,29.3,0.246999,33131,,,,,,0.220767,0.398827,4.573719
uniform,2,152,33243,0.05,-1.0,112,28.64,131.84,0.316993,33243,,,,,,0.288431,0.456458,5.321943
uniform,2,153,33353,0.05,-1.0,110,27.25,131.85,0.387092,33353,,,,,,0.362796,0.518952,5.964152
uniform,2,154,33551,0.05,-1.0,198,29.01,131.41,0.248325,33551,,,,,,0.219705,0.372266,4.667197
uniform,2,155,33666,0.05,1.0,115,131.82,29.43,0.310823,33666,,,,,,0.29141,0.425621,5.339085
uniform,2,156,33761,0.05,1.0,95,131.92,29.73,0.280837,33761,,,,,,0.253684,0.394657,5.056133
uniform,2,157,33855,0.05,-1.0,94,26.33,131.93,0.234839,33855,,,,,,0.207075,0.347505,4.554617
uniform,2,158,33976,0.05,1.0,121,131.79,24.0,0.222191,33976,,,,,,0.200092,0.32903,4.448964
uniform,2,159,34125,0.05,1.0,149,131.65,26.46,0.360223,34125,,,,,,0.291107,0.520857,5.61952
uniform,2,160,34247,0.05,-1.0,122,28.79,131.79,0.295367,34247,,,,,,0.248205,0.437525,5.082837
uniform,2,161,34357,0.05,-1.0,110,26.85,131.85,0.351946,34357,,,,,,0.309276,0.488151,5.65038
uniform,2,162,34476,0.05,1.0,119,131.8,27.41,0.285131,34476,,,,,,0.246044,0.41401,5.032008
uniform,2,163,34614,0.05,-1.0,138,29.31,131.71,0.282453,34614,,,,,,0.243944,0.406416,5.019123
uniform,2,164,34712,0.05,-1.0,98,24.11,131.91,0.322533,34712,,,,,,0.288591,0.444669,5.418093
uniform,2,165,34822,0.05,-1.0,110,26.25,131.85,0.262488,34822,,,,,,0.225794,0.381025,4.845849
uniform,2,166,34924,0.05,-1.0,102,27.49,131.89,0.365664,34924,,,,,,0.338033,0.482381,5.793063
uniform,2,167,35104,0.05,-1.0,180,28.3,131.5,0.31878,35104,,,,,,0.289924,0.469162,5.272032
uniform,2,168,35204,0.05,-1.0,100,29.5,131.9,0.280011,35204,,,,,,0.244551,0.422872,4.938305
uniform,2,169,35301,0.05,1.0,97,131.91,29.72,0.314259,35301,,,,,,0.280131,0.451252,5.263876
uniform,2,170,35407,0.05,-1.0,106,28.47,131.87,0.310755,35407,,,,,,0.285104,0.444264,5.253232
uniform,2,171,35587,0.05,-1.0,180,28.7,131.5,0.357538,35587,,,,,,0.327049,0.4861,5.677918
uniform,2,172,35706,0.05,1.0,119,131.8,29.61,0.217446,35706,,,,,,0.189868,0.340401,4.345203
uniform,2,173,35833,0.05,1.0,127,131.76,28.37,0.302196,35833,,,,,,0.271443,0.420782,5.214587
uniform,2,174,36068,0.05,1.0,235,131.22,28.83,0.327577,36068,,,,,,0.272167,0.468441,5.315761
uniform,2,175,36153,0.05,1.0,85,131.97,26.98,0.367408,36153,,,,,,0.304348,0.52029,5.682025
uniform,2,176,36266,0.05,1.0,113,131.83,23.84,0.335072,36266,,,,,,0.277356,0.477749,5.40695
uniform,2,177,36375,0.05,1.0,109,131.85,28.66,0.41969,36375,,,,,,0.370055,0.557518,6.134381
uniform,2,178,36675,0.05,,300,27.3,26.5,0.288081,36675,,,,,,0.244795,0.417785,5.014978
uniform,2,179,36832,0.05,1.0,157,131.61,26.82,0.263628,36832,,,,,,0.222671,0.385038,4.820481
uniform,2,180,37132,0.05,,300,22.3,26.5,0.37625,37132,,,,,,0.336659,0.518199,5.748216
uniform,2,181,37376,0.05,-1.0,244,28.38,131.18,0.274533,37376,,,,,,0.237774,0.411859,4.835091
uniform,2,182,37473,0.05,1.0,97,131.91,28.72,0.42396,37473,,,,,,0.379798,0.556914,6.148417
uniform,2,183,37595,0.05,-1.0,122,29.59,131.79,0.354361,37595,,,,,,0.314291,0.483826,5.582126
uniform,2,184,37730,0.05,1.0,135,131.72,28.53,0.375043,37730,,,,,,0.331925,0.501202,5.722363
uniform,2,185,37994,0.05,-1.0,264,28.08,131.08,0.358513,37994,,,,,,0.323961,0.481803,5.646516
uniform,2,186,38121,0.05,1.0,127,131.76,29.17,0.374811,38121,,,,,,0.287797,0.549184,5.600544
uniform,2,187,38214,0.05,1.0,93,131.93,24.94,0.401639,38214,,,,,,0.338709,0.550725,5.957014
uniform,2,188,38318,0.05,-1.0,104,27.28,131.88,0.287239,38318,,,,,,0.225323,0.433426,4.869228
uniform,2,189,38420,0.05,-1.0,102,26.69,131.89,0.34654,38420,,,,,,0.2911,0.486086,5.46606
uniform,2,190,38518,0.05,-1.0,98,24.11,131.91,0.436594,38518,,,,,,0.384881,0.574669,6.243139
uniform,2,191,38638,0.05,-1.0,120,29.4,131.8,0.285096,38638,,,,,,0.236892,0.415738,4.971937
uniform,2,192,38757,0.05,1.0,119,131.8,29.61,0.4543,38757,,,,,,0.401022,0.584056,6.376526
uniform,2,193,38888,0.05,1.0,131,131.74,24.35,0.342992,38888,,,,,,0.289255,0.471584,5.416323
uniform,2,194,38998,0.05,-1.0,110,26.25,131.85,0.291941,38998,,,,,,0.249012,0.416413,5.0321
uniform,2,195,39108,0.05,-1.0,110,27.25,131.85,0.244654,39108,,,,,,0.202075,0.423212,4.262688
uniform,2,196,39210,0.05,-1.0,102,27.09,131.89,0.33521,39210,,,,,,0.283374,0.483761,5.28408
uniform,2,197,39344,0.05,-1.0,134,28.73,131.73,0.282716,39344,,,,,,0.237673,0.425615,4.824979
uniform,2,198,39476,0.05,-1.0,132,29.54,131.74,0.368653,39476,,,,,,0.327675,0.505959,5.615703
uniform,2,199,39616,0.05,-1.0,140,26.5,131.7,0.405075,39616,,,,,,0.358006,0.540169,5.913763
uniform,2,200,39763,0.05,1.0,147,131.66,26.87,0.326431,39763,,,,,,0.285105,0.456176,5.305536
uniform,2,201,39927,0.05,-1.0,164,26.38,131.58,0.465472,39927,,,,,,0.418862,0.594928,6.375257
uniform,2,202,40034,0.05,1.0,107,131.86,29.07,0.455474,40034,,,,,,0.36329,0.615389,6.185462
uniform,2,203,40131,0.05,1.0,97,131.91,27.52,0.328832,40131,,,,,,0.248691,0.49539,5.137787
uniform,2,204,40298,0.05,1.0,167,131.56,29.37,0.415506,40298,,,,,,0.336294,0.568995,5.909094
uniform,2,205,40407,0.05,1.0,109,131.85,29.26,0.354666,40407,,,,,,0.290111,0.501112,5.435961
uniform,2,206,40556,0.05,1.0,149,131.65,23.86,0.35422,40556,,,,,,0.292688,0.495634,5.425896
uniform,2,207,40782,0.05,-1.0,226,26.07,131.27,0.360602,40782,,,,,,0.292804,0.49758,5.498185
uniform,2,208,40961,0.05,1.0,179,131.5,26.51,0.336174,40961,,,,,,0.272361,0.468314,5.270778
uniform,2,209,41077,0.05,-1.0,116,26.02,131.82,0.486149,41077,,,,,,0.417839,0.661613,6.296506
uniform,2,210,41218,0.05,1.0,141,131.69,29.1,0.441979,41218,,,,,,0.374642,0.598575,6.033145
uniform,2,211,41360,0.05,-1.0,142,28.49,131.69,0.356312,41360,,,,,,0.27267,0.506976,5.274502
uniform,2,212,41470,0.05,-1.0,110,29.65,131.85,0.319066,41470,,,,,,0.240144,0.467508,4.924749
uniform,2,213,41598,0.05,-1.0,128,26.36,131.76,0.44069,41598,,,,,,0.370216,0.582417,5.999601
uniform,2,214,41746,0.05,-1.0,148,26.26,131.66,0.392597,41746,,,,,,0.324583,0.532663,5.611414
uniform,2,215,41883,0.05,1.0,137,131.71,27.32,0.333441,41883,,,,,,0.268774,0.468402,5.110791
uniform,2,216,42003,0.05,-1.0,120,26.8,131.8,0.274611,42003,,,,,,0.195692,0.417313,4.563707
uniform,2,217,42150,0.05,1.0,147,131.66,25.07,0.366635,42150,,,,,,0.247831,0.546201,5.191338
uniform,2,218,42262,0.05,-1.0,112,24.24,131.84,0.39179,42262,,,,,,0.313937,0.549432,5.602059
uniform,2,219,42364,0.05,-1.0,102,21.69,131.89,0.432083,42364,,,,,,0.351502,0.585789,5.951397
uniform,2,220,42510,0.05,-1.0,146,29.47,131.67,0.384646,42510,,,,,,0.28593,0.532615,5.498777
uniform,2,221,42648,0.05,-1.0,138,29.11,131.71,0.46272,42648,,,,,,0.370046,0.608894,6.126577
uniform,2,222,42780,0.05,-1.0,132,26.74,131.74,0.399597,42780,,,,,,0.309223,0.543969,5.604039
uniform,2,223,42882,0.05,-1.0,102,29.09,131.89,0.398393,42882,,,,,,0.288706,0.541465,5.520805
uniform,2,224,43025,0.05,1.0,143,131.68,26.29,0.468599,43025,,,,,,0.381669,0.627661,6.107963
uniform,2,225,43178,0.05,1.0,153,131.63,28.44,0.37376,43178,,,,,,0.267204,0.549357,5.175508
uniform,2,226,43385,0.05,1.0,207,131.36,29.17,0.432888,43385,,,,,,0.333481,0.593688,5.731212
uniform,2,227,43500,0.05,1.0,115,131.82,29.03,0.404874,43500,,,,,,0.294325,0.557662,5.437191
uniform,2,228,43800,0.05,,300,26.5,26.9,0.377185,43800,,,,,,0.276219,0.526454,5.257738
uniform,2,229,44028,0.05,-1.0,228,28.66,131.26,0.367629,44028,,,,,,0.254859,0.525056,5.150711
uniform,2,230,44128,0.05,-1.0,100,23.1,131.9,0.506418,44128,,,,,,0.329558,0.694673,6.096225
uniform,2,231,44237,0.05,1.0,109,131.85,26.26,0.509218,44237,,,,,,0.362348,0.6857,6.199811
uniform,2,232,44428,0.05,1.0,191,131.44,29.25,0.438829,44428,,,,,,0.296863,0.606438,5.644796
uniform,2,233,44562,0.05,-1.0,134,26.73,131.73,0.372236,44562,,,,,,0.249956,0.533129,5.115474
uniform,2,234,44720,0.05,-1.0,158,23.81,131.61,0.320432,44720,,,,,,0.215785,0.476166,4.66483
uniform,2,235,44827,0.05,1.0,107,131.86,26.87,0.382953,44827,,,,,,0.239069,0.536661,5.196826
uniform,2,236,45003,0.05,-1.0,176,26.72,131.52,0.410712,45003,,,,,,0.246427,0.568362,5.328825
uniform,2,237,45129,0.05,-1.0,126,28.77,131.77,0.397264,45129,,,,,,0.22961,0.597187,4.993186
uniform,2,238,45256,0.05,1.0,127,131.76,29.57,0.450361,45256,,,,,,0.299347,0.627564,5.481377
uniform,2,239,45418,0.05,-1.0,162,26.39,131.59,0.437332,45418,,,,,,0.277246,0.606407,5.369562
uniform,2,240,45565,0.05,1.0,147,131.66,29.47,0.454963,45565,,,,,,0.290843,0.620275,5.655749
uniform,2,241,45865,0.05,,300,28.7,25.7,0.391163,45865,,,,,,0.237689,0.551364,4.992671
uniform,2,242,45991,0.05,-1.0,126,29.57,131.77,0.480953,45991,,,,,,0.324235,0.640368,5.710287
uniform,2,243,46109,0.05,-1.0,118,26.81,131.81,0.480773,46109,,,,,,0.240805,0.681859,5.4728
uniform,2,244,46238,0.05,1.0,129,131.75,24.56,0.404499,46238,,,,,,0.199745,0.588726,5.104823
uniform,2,245,46331,0.05,1.0,93,131.93,23.94,0.463373,46331,,,,,,0.2037,0.644247,5.083313
uniform,2,246,46499,0.05,-1.0,168,24.96,131.56,0.433896,46499,,,,,,0.203224,0.609162,5.102942
uniform,2,247,46700,0.05,1.0,201,131.39,24.6,0.476131,46700,,,,,,0.297306,0.644635,5.573209
uniform,2,248,46838,0.05,-1.0,138,26.11,131.71,0.47339,46838,,,,,,0.287014,0.641944,5.628726
uniform,2,249,46984,0.05,-1.0,146,26.47,131.67,0.348376,46984,,,,,,0.13881,0.513294,4.389061
uniform,2,250,47190,0.05,-1.0,206,27.97,131.37,0.47942,47190,,,,,,0.235252,0.674763,5.359658
uniform,2,251,47341,0.05,1.0,151,131.64,23.65,0.468361,47341,,,,,,0.207704,0.651168,5.179315
uniform,2,252,47436,0.05,1.0,95,131.92,23.93,0.313601,47436,,,,,,0.146709,0.492029,4.081928
uniform,2,253,47567,0.05,1.0,131,131.74,23.15,0.516459,47567,,,,,,0.282035,0.694192,5.480761
uniform,2,254,47736,0.05,1.0,169,131.55,25.96,0.414497,47736,,,,,,0.137559,0.586446,4.660807
uniform,2,255,47919,0.05,1.0,183,131.48,29.29,0.432725,47919,,,,,,0.18738,0.604153,4.861664
uniform,2,256,48219,0.05,-1.0,300,25.7,130.9,0.397941,48219,,,,,,0.076326,0.593136,4.498412
uniform,2,257,48437,0.05,-1.0,218,28.31,131.31,0.481692,48437,,,,,,0.142435,0.67021,5.067204
uniform,2,258,48539,0.05,-1.0,102,29.69,131.89,0.420585,48539,,,,,,0.010573,0.60052,4.573927
uniform,2,259,48839,0.05,,300,23.1,28.7,0.408861,48839,,,,,,0.130602,0.589209,4.501207
uniform,2,260,49098,0.05,1.0,259,131.1,23.31,0.456451,49098,,,,,,0.100368,0.649944,4.827456
uniform,2,261,49225,0.05,1.0,127,131.76,29.57,0.651495,49225,,,,,,0.081051,0.855094,5.91539
uniform,2,262,49454,0.05,1.0,229,131.25,26.66,0.464866,49454,,,,,,0.084784,0.659393,4.76134
uniform,2,263,49754,0.05,,300,25.7,26.1,0.469871,49754,,,,,,0.01012,0.662521,4.913751
uniform,2,264,49861,0.05,1.0,107,131.86,23.67,0.459843,49861,,,,,,0.048128,0.648106,4.698368
uniform,2,265,49968,0.05,1.0,107,131.86,27.27,0.489409,49968,,,,,,-0.061587,0.674983,5.080054
uniform,2,266,50198,0.05,-1.0,230,25.65,131.25,0.551213,50198,,,,,,-0.021838,0.764921,5.314074
uniform,2,267,50353,0.05,1.0,155,131.62,29.43,0.515906,50353,,,,,,0.013736,0.721993,5.164279
uniform,2,268,50591,0.05,-1.0,238,26.21,131.21,0.521246,50591,,,,,,0.069737,0.721486,5.196975
uniform,2,269,50748,0.05,1.0,157,131.61,26.82,0.461926,50748,,,,,,-0.128734,0.65815,4.588485
uniform,2,270,50925,0.05,1.0,177,131.51,23.92,0.552982,50925,,,,,,-0.012188,0.7478,5.414285
uniform,2,271,51225,0.05,,300,26.5,27.3,0.533154,51225,,,,,,-0.131731,0.746747,5.197236
uniform,2,272,51339,0.05,-1.0,114,23.43,131.83,0.563477,51339,,,,,,-0.127224,0.771133,5.584115
uniform,2,273,51453,0.05,-1.0,114,29.43,131.83,0.462545,51453,,,,,,-0.038911,0.670433,4.943745
uniform,2,274,51627,0.05,-1.0,174,26.53,131.53,0.505473,51627,,,,,,-0.012545,0.705558,5.110859
uniform,2,275,51762,0.05,1.0,135,131.72,27.33,0.488139,51762,,,,,,-0.140169,0.68724,5.108134
uniform,2,276,51911,0.05,1.0,149,131.65,23.26,0.482137,51911,,,,,,-0.054558,0.679137,4.767274
uniform,2,277,52111,0.05,-1.0,200,23.8,131.4,0.490235,52111,,,,,,-0.146203,0.701238,4.966004
uniform,2,278,52265,0.05,-1.0,154,28.63,131.63,0.471577,52265,,,,,,-0.161093,0.680028,5.027001
uniform,2,279,52400,0.05,1.0,135,131.72,23.13,0.483324,52400,,,,,,-0.109103,0.686067,5.144482
uniform,2,280,52533,0.05,1.0,133,131.73,27.34,0.437599,52533,,,,,,-0.064146,0.638598,4.641541
uniform,2,281,52633,0.05,-1.0,100,22.1,131.9,0.586974,52633,,,,,,-0.205211,0.790643,5.552645
uniform,2,282,52888,0.05,1.0,255,131.12,26.73,0.5414,52888,,,,,,-0.164435,0.738399,5.483675
uniform,2,283,52974,0.05,-1.0,86,22.77,131.97,0.460523,52974,,,,,,-0.117175,0.652018,5.049469
uniform,2,284,53189,0.05,1.0,215,131.32,25.73,0.461113,53189,,,,,,-0.161642,0.676615,4.995397
uniform,2,285,53298,0.05,1.0,109,131.85,27.46,0.491781,53298,,,,,,-0.213789,0.700886,5.186195
uniform,2,286,53527,0.05,1.0,229,131.25,28.66,0.535405,53527,,,,,,-0.251711,0.738796,5.62922
uniform,2,287,53738,0.05,1.0,211,131.34,24.15,0.504685,53738,,,,,,-0.225991,0.701698,5.319341
uniform,2,288,53893,0.05,1.0,155,131.62,29.03,0.538068,53893,,,,,,-0.203798,0.734172,5.526584
uniform,2,289,54135,0.05,-1.0,242,28.99,131.19,0.554832,54135,,,,,,-0.226711,0.76735,5.677295
uniform,2,290,54281,0.05,-1.0,146,28.87,131.67,0.577056,54281,,,,,,-0.219855,0.785826,5.785378
uniform,2,291,54497,0.05,-1.0,216,26.12,131.32,0.489531,54497,,,,,,-0.222531,0.698112,5.232012
uniform,2,292,54683,0.05,-1.0,186,28.27,131.47,0.477094,54683,,,,,,-0.177586,0.678484,5.040282
uniform,2,293,54901,0.05,-1.0,218,29.11,131.31,0.405896,54901,,,,,,-0.134829,0.602949,4.663625
uniform,2,294,55201,0.05,,300,28.7,23.9,0.559099,55201,,,,,,-0.294983,0.774393,5.757155
uniform,2,295,55464,0.05,1.0,263,131.08,28.29,0.5054,55464,,,,,,-0.273672,0.715502,5.341785
uniform,2,296,55581,0.05,1.0,117,131.81,23.82,0.60445,55581,,,,,,-0.394373,0.808845,6.164164
uniform,2,297,55881,0.05,,300,22.9,26.5,0.502756,55881,,,,,,-0.275137,0.703253,5.448959
uniform,2,298,56128,0.05,1.0,247,131.16,24.37,0.545393,56128,,,,,,-0.310079,0.7593,5.64236
uniform,2,299,56424,0.05,-1.0,296,26.52,130.92,0.517037,56424,,,,,,-0.271321,0.732745,5.384293
uniform,2,300,56614,0.05,-1.0,190,28.85,131.45,0.551831,56614,,,,,,-0.312814,0.763656,5.651063
uniform,2,301,56763,0.05,1.0,149,131.65,29.26,0.411561,56763,,,,,,-0.207672,0.61656,4.764167
uniform,2,302,56908,0.05,1.0,145,131.67,28.28,0.465638,56908,,,,,,-0.267472,0.664826,5.226519
uniform,2,303,57098,0.05,-1.0,190,29.05,131.45,0.462697,57098,,,,,,-0.266155,0.681671,5.326378
uniform,2,304,57269,0.05,1.0,171,131.54,26.35,0.513088,57269,,,,,,-0.346476,0.730339,5.862704
uniform,2,305,57364,0.05,1.0,95,131.92,21.93,0.503118,57364,,,,,,-0.31993,0.715232,5.589781
uniform,2,306,57482,0.05,-1.0,118,22.41,131.81,0.623263,57482,,,,,,-0.42244,0.836837,6.430894
uniform,2,307,57620,0.05,-1.0,138,27.11,131.71,0.480499,57620,,,,,,-0.292367,0.686245,5.564831
uniform,2,308,57787,0.05,1.0,167,131.56,26.77,0.525974,57787,,,,,,-0.353413,0.728418,5.815649
uniform,2,309,58031,0.05,-1.0,244,25.98,131.18,0.514712,58031,,,,,,-0.372214,0.718256,5.925432
uniform,2,310,58171,0.05,-1.0,140,26.5,131.7,0.475894,58171,,,,,,-0.327325,0.693707,5.517169
uniform,2,311,58439,0.05,-1.0,268,26.26,131.06,0.549914,58439,,,,,,-0.400611,0.759032,6.127833
uniform,2,312,58689,0.05,-1.0,250,26.35,131.15,0.505131,58689,,,,,,-0.32603,0.708944,5.864606
uniform,2,313,58827,0.05,-1.0,138,27.11,131.71,0.608452,58827,,,,,,-0.458433,0.807165,6.659138
uniform,2,314,58946,0.05,1.0,119,131.8,27.01,0.377352,58946,,,,,,-0.229561,0.574347,4.722061
uniform,2,315,59099,0.05,1.0,153,131.63,26.44,0.577156,59099,,,,,,-0.388798,0.789122,6.288396
uniform,2,316,59237,0.05,-1.0,138,29.11,131.71,0.502194,59237,,,,,,-0.355218,0.714361,5.823102
uniform,2,317,59405,0.05,-1.0,168,26.96,131.56,0.432066,59405,,,,,,-0.313106,0.638391,5.38678
uniform,2,318,59528,0.05,1.0,123,131.78,24.59,0.611477,59528,,,,,,-0.459332,0.816176,6.606447
uniform,2,319,59685,0.05,1.0,157,131.61,26.82,0.504034,59685,,,,,,-0.385428,0.706401,6.012169
uniform,2,320,59780,0.05,1.0,95,131.92,29.53,0.608065,59780,,,,,,-0.472388,0.806154,6.531965
uniform,2,321,59978,0.05,-1.0,198,24.01,131.41,0.501973,59978,,,,,,-0.377393,0.700568,6.004761
uniform,2,322,60101,0.05,1.0,123,131.78,29.19,0.485861,60101,,,,,,-0.343178,0.708571,5.716404
uniform,2,323,60401,0.05,,300,24.7,28.7,0.543259,60401,,,,,,-0.421009,0.751638,6.222599
uniform,2,324,60498,0.05,1.0,97,131.91,26.92,0.570021,60498,,,,,,-0.3901,0.773045,6.333017
uniform,2,325,60798,0.05,,300,22.9,24.3,0.525879,60798,,,,,,-0.394516,0.724153,6.191442
uniform,2,326,60965,0.05,1.0,167,131.56,26.57,0.532671,60965,,,,,,-0.434457,0.727247,6.417915
uniform,2,327,61157,0.05,-1.0,192,23.44,131.44,0.604096,61157,,,,,,-0.455763,0.819712,6.672954
uniform,2,328,61347,0.05,-1.0,190,26.45,131.45,0.559505,61347,,,,,,-0.423856,0.768162,6.504106
uniform,2,329,61505,0.05,-1.0,158,29.41,131.61,0.606869,61505,,,,,,-0.456548,0.808822,6.777353
uniform,2,330,61624,0.05,1.0,119,131.8,27.01,0.523878,61624,,,,,,-0.426333,0.725875,6.278254
uniform,2,331,61742,0.05,-1.0,118,24.61,131.81,0.545888,61742,,,,,,-0.42501,0.742371,6.432544
uniform,2,332,61870,0.05,-1.0,128,28.76,131.76,0.558755,61870,,,,,,-0.449144,0.750896,6.49179
uniform,2,333,61984,0.05,-1.0,114,27.23,131.83,0.558094,61984,,,,,,-0.461297,0.748265,6.647909
uniform,2,334,62135,0.05,1.0,151,131.64,25.05,0.471414,62135,,,,,,-0.36824,0.688594,5.675541
uniform,2,335,62435,0.05,,300,22.5,26.5,0.552496,62435,,,,,,-0.436751,0.762341,6.353222
uniform,2,336,62735,0.05,,300,27.9,26.1,0.49079,62735,,,,,,-0.389523,0.690213,5.960614
uniform,2,337,62897,0.05,-1.0,162,23.59,131.59,0.484897,62897,,,,,,-0.370286,0.679831,5.932138
uniform,2,338,63095,0.05,-1.0,198,28.61,131.41,0.581024,63095,,,,,,-0.458784,0.786974,6.525665
uniform,2,339,63213,0.05,-1.0,118,23.81,131.81,0.495076,63213,,,,,,-0.361523,0.703236,6.020646
uniform,2,340,63339,0.05,-1.0,126,26.77,131.77,0.523922,63339,,,,,,-0.391743,0.7276,6.221365
uniform,2,341,63520,0.05,1.0,181,131.49,28.5,0.568848,63520,,,,,,-0.472016,0.766407,6.611416
uniform,2,342,63658,0.05,-1.0,138,29.51,131.71,0.583005,63658,,,,,,-0.495195,0.779493,6.701183
uniform,2,343,63769,0.05,1.0,111,131.84,26.85,0.581921,63769,,,,,,-0.442169,0.774919,6.676096
uniform,2,344,63856,0.05,1.0,87,131.96,29.77,0.699156,63856,,,,,,-0.58454,0.892064,7.328246
uniform,2,345,64073,0.05,1.0,217,131.31,26.32,0.547639,64073,,,,,,-0.437701,0.748219,6.407129
uniform,2,346,64373,0.05,,300,26.5,25.1,0.590938,64373,,,,,,-0.484728,0.79731,6.69351
uniform,2,347,64511,0.05,-1.0,138,26.71,131.71,0.482054,64511,,,,,,-0.407563,0.680309,5.98729
uniform,2,348,64649,0.05,-1.0,138,26.71,131.71,0.61678,64649,,,,,,-0.527507,0.810871,6.94664
uniform,2,349,64826,0.05,1.0,177,131.51,26.52,0.482926,64826,,,,,,-0.391692,0.676815,6.077788
uniform,2,350,65126,0.05,,300,23.5,26.5,0.54747,65126,,,,,,-0.430691,0.749994,6.448099
uniform,2,351,65299,0.05,1.0,173,131.53,27.14,0.466508,65299,,,,,,-0.356284,0.668171,5.997364
uniform,2,352,65457,0.05,-1.0,158,27.01,131.61,0.642768,65457,,,,,,-0.54349,0.843907,7.183529
uniform,2,353,65656,0.05,1.0,199,131.4,24.61,0.538617,65656,,,,,,-0.425211,0.735931,6.422852
uniform,2,354,65761,0.05,1.0,105,131.87,29.68,0.625835,65761,,,,,,-0.546234,0.81819,7.212764
uniform,2,355,65971,0.05,-1.0,210,23.75,131.35,0.622956,65971,,,,,,-0.533549,0.815895,7.065737
uniform,2,356,66271,0.05,,300,28.7,27.7,0.527944,66271,,,,,,-0.438079,0.739252,6.327278
uniform,2,357,66495,0.05,-1.0,224,25.88,131.28,0.430557,66495,,,,,,-0.349852,0.629367,5.663265
uniform,2,358,66795,0.05,,300,28.5,28.7,0.539557,66795,,,,,,-0.449059,0.735896,6.520016
uniform,2,359,66961,0.05,-1.0,166,28.97,131.57,0.442536,66961,,,,,,-0.356417,0.631828,5.779073
uniform,2,360,67098,0.05,1.0,137,131.71,26.32,0.54488,67098,,,,,,-0.422679,0.752254,6.521372
uniform,2,361,67305,0.05,1.0,207,131.36,21.17,0.631885,67305,,,,,,-0.53093,0.836213,7.149423
uniform,2,362,67451,0.05,-1.0,146,29.47,131.67,0.434782,67451,,,,,,-0.35339,0.626976,5.763066
uniform,2,363,67589,0.05,-1.0,138,28.31,131.71,0.447319,67589,,,,,,-0.36572,0.642048,5.832644
uniform,2,364,67689,0.05,-1.0,100,21.1,131.9,0.487879,67689,,,,,,-0.390666,0.680256,6.300019
uniform,2,365,67806,0.05,1.0,117,131.81,26.82,0.475475,67806,,,,,,-0.386797,0.66508,6.137416
uniform,2,366,67956,0.05,-1.0,150,28.65,131.65,0.566383,67956,,,,,,-0.440556,0.753733,6.855528
uniform,2,367,68101,0.05,1.0,145,131.67,24.48,0.525804,68101,,,,,,-0.430072,0.73077,6.257369
uniform,2,368,68357,0.05,-1.0,256,26.72,131.12,0.428969,68357,,,,,,-0.333972,0.62917,5.568839
uniform,2,369,68549,0.05,-1.0,192,26.84,131.44,0.463127,68549,,,,,,-0.384092,0.658788,5.879752
uniform,2,370,68670,0.05,1.0,121,131.79,27.4,0.644578,68670,,,,,,-0.5689,0.837283,7.144225
uniform,2,371,68792,0.05,-1.0,122,27.39,131.79,0.460028,68792,,,,,,-0.345307,0.648735,5.910461
uniform,2,372,69092,0.05,,300,26.1,24.1,0.522239,69092,,,,,,-0.412597,0.718075,6.27685
uniform,2,373,69240,0.05,-1.0,148,27.06,131.66,0.46834,69240,,,,,,-0.349305,0.671054,6.019718
uniform,2,374,69540,0.05,,300,25.3,26.3,0.497963,69540,,,,,,-0.406321,0.692868,6.208477
uniform,2,375,69840,0.05,,300,27.5,26.5,0.537262,69840,,,,,,-0.443603,0.725892,6.561447
uniform,2,376,69926,0.05,-1.0,86,24.17,131.97,0.583033,69926,,,,,,-0.473069,0.771298,6.86338
uniform,2,377,70082,0.05,-1.0,156,29.42,131.62,0.652113,70082,,,,,,-0.559443,0.85479,7.230738
uniform,2,378,70266,0.05,-1.0,184,27.08,131.48,0.492868,70266,,,,,,-0.416107,0.693372,6.031688
uniform,2,379,70375,0.05,1.0,109,131.85,26.86,0.502758,70375,,,,,,-0.349871,0.698327,6.118116
uniform,2,380,70548,0.05,1.0,173,131.53,24.14,0.5227,70548,,,,,,-0.440949,0.716233,6.386405
uniform,2,381,70848,0.05,,300,28.3,25.9,0.458301,70848,,,,,,-0.372743,0.64669,5.831892
uniform,2,382,71032,0.05,-1.0,184,26.48,131.48,0.412332,71032,,,,,,-0.300367,0.606851,5.384741
uniform,2,383,71170,0.05,-1.0,138,26.91,131.71,0.418426,71170,,,,,,-0.326485,0.621257,5.542709
uniform,2,384,71330,0.05,-1.0,160,29.4,131.6,0.573727,71330,,,,,,-0.457617,0.772228,6.705851
uniform,2,385,71457,0.05,1.0,127,131.76,26.57,0.533305,71457,,,,,,-0.458159,0.724252,6.43241
uniform,2,386,71757,0.05,,300,23.1,28.7,0.538834,71757,,,,,,-0.440293,0.731326,6.415648
uniform,2,387,71930,0.05,1.0,173,131.53,29.34,0.563183,71930,,,,,,-0.464645,0.750634,6.574813
uniform,2,388,72055,0.05,1.0,125,131.77,27.18,0.489106,72055,,,,,,-0.416798,0.688146,6.139441
uniform,2,389,72272,0.05,1.0,217,131.31,28.52,0.470552,72272,,,,,,-0.390441,0.675015,5.928963
uniform,2,390,72381,0.05,1.0,109,131.85,25.26,0.485369,72381,,,,,,-0.397726,0.685324,5.958392
uniform,2,391,72494,0.05,1.0,113,131.83,27.44,0.458357,72494,,,,,,-0.390417,0.655077,5.955521
uniform,2,392,72794,0.05,,300,23.3,26.5,0.490071,72794,,,,,,-0.411082,0.681979,6.159494
uniform,2,393,73006,0.05,-1.0,212,26.34,131.34,0.423185,73006,,,,,,-0.330581,0.614464,5.546056
uniform,2,394,73134,0.05,-1.0,128,24.16,131.76,0.504019,73134,,,,,,-0.39552,0.712776,6.118869
uniform,2,395,73238,0.05,-1.0,104,27.08,131.88,0.481383,73238,,,,,,-0.400998,0.679915,5.967861
uniform,2,396,73447,0.05,1.0,209,131.35,25.96,0.48318,73447,,,,,,-0.390538,0.67656,5.994321
uniform,2,397,73570,0.05,1.0,123,131.78,24.19,0.632008,73570,,,,,,-0.529066,0.821408,7.016853
uniform,2,398,73681,0.05,1.0,111,131.84,29.25,0.491511,73681,,,,,,-0.397357,0.679602,6.050785
uniform,2,399,73882,0.05,1.0,201,131.39,26.8,0.583944,73882,,,,,,-0.492028,0.774051,6.757597
uniform,2,400,74048,0.05,-1.0,166,26.77,131.57,0.41247,74048,,,,,,-0.323327,0.606332,5.443834
uniform,2,401,74182,0.05,-1.0,134,21.33,131.73,0.519651,74182,,,,,,-0.404997,0.723483,6.090064
uniform,2,402,74332,0.05,-1.0,150,27.05,131.65,0.508373,74332,,,,,,-0.437123,0.706063,6.162576
uniform,2,403,74632,0.05,,300,24.3,23.5,0.441973,74632,,,,,,-0.357712,0.635236,5.674879
uniform,2,404,74837,0.05,1.0,205,131.37,26.78,0.428582,74837,,,,,,-0.356672,0.617748,5.578348
uniform,2,405,74930,0.05,1.0,93,131.93,24.34,0.437941,74930,,,,,,-0.338863,0.623673,5.696878
uniform,2,406,75045,0.05,1.0,115,131.82,27.43,0.549254,75000,,,,,,-0.40982,0.746623,6.443541
uniform,2,407,75160,0.05,1.0,115,131.82,26.83,0.562165,75000,,,,,,-0.446748,0.766387,6.571346
uniform,2,408,75346,0.05,-1.0,186,27.07,131.47,0.430919,75000,,,,,,-0.336329,0.627303,5.715427
uniform,2,409,75646,0.05,,300,27.5,26.5,0.532499,75000,,,,,,-0.44558,0.724329,6.454046
uniform,2,410,75946,0.05,,300,23.1,26.1,0.472506,75000,,,,,,-0.384178,0.657965,6.111195
uniform,2,411,76042,0.05,-1.0,96,29.32,131.92,0.416559,75000,,,,,,-0.33364,0.620291,5.384287
uniform,2,412,76342,0.05,,300,28.7,25.3,0.52204,75000,,,,,,-0.438737,0.722761,6.179255
uniform,2,413,76500,0.05,-1.0,158,27.01,131.61,0.455186,75000,,,,,,-0.366494,0.647471,5.686363
uniform,2,414,76619,0.05,1.0,119,131.8,29.41,0.488114,75000,,,,,,-0.413259,0.681289,5.992707
uniform,2,415,76919,0.05,,300,26.5,22.5,0.49424,75000,,,,,,-0.418172,0.681673,6.068661
uniform,2,416,77083,0.05,-1.0,164,26.38,131.58,0.430474,75000,,,,,,-0.299732,0.631029,5.475744
uniform,2,417,77313,0.05,-1.0,230,28.85,131.25,0.496863,75000,,,,,,-0.415324,0.695987,5.983401
uniform,2,418,77613,0.05,,300,28.5,25.3,0.473342,75000,,,,,,-0.358064,0.667117,5.783436
uniform,2,419,77728,0.05,1.0,115,131.82,24.43,0.553383,75000,,,,,,-0.472038,0.741607,6.472511
uniform,2,420,77904,0.05,-1.0,176,26.92,131.52,0.502846,75000,,,,,,-0.417704,0.689842,6.063138
uniform,2,421,78011,0.05,1.0,107,131.86,26.87,0.501842,75000,,,,,,-0.41619,0.695337,6.039327
uniform,2,422,78099,0.05,-1.0,88,24.16,131.96,0.36373,75000,,,,,,-0.269746,0.57747,4.921472
uniform,2,423,78399,0.05,,300,25.9,28.1,0.542188,75000,,,,,,-0.454738,0.74356,6.317803
uniform,2,424,78695,0.05,-1.0,296,27.72,130.92,0.481606,75000,,,,,,-0.397544,0.674997,5.884185
uniform,2,425,78829,0.05,-1.0,134,27.13,131.73,0.579266,75000,,,,,,-0.492579,0.773535,6.504819
uniform,2,426,78997,0.05,-1.0,168,29.36,131.56,0.427483,75000,,,,,,-0.342857,0.619564,5.588386
uniform,2,427,79151,0.05,-1.0,154,29.03,131.63,0.556917,75000,,,,,,-0.45103,0.774396,6.508191
uniform,2,428,79310,0.05,1.0,159,131.6,26.81,0.499857,75000,,,,,,-0.412115,0.702978,6.189836
uniform,2,429,79425,0.05,1.0,115,131.82,24.03,0.697712,75000,,,,,,-0.552205,0.902134,7.402643
uniform,2,430,79586,0.05,1.0,161,131.59,26.8,0.48017,75000,,,,,,-0.384651,0.676071,5.9813
uniform,2,431,79685,0.05,1.0,99,131.9,29.71,0.55241,75000,,,,,,-0.442413,0.74704,6.539513
uniform,2,432,79985,0.05,,300,25.3,26.5,0.539169,75000,,,,,,-0.451756,0.729552,6.510182
uniform,2,433,80159,0.05,-1.0,174,26.93,131.53,0.424226,75000,,,,,,-0.332554,0.63682,5.507053
uniform,2,434,80291,0.05,-1.0,132,29.14,131.74,0.372402,75000,,,,,,-0.292932,0.57463,5.103658
uniform,2,435,80591,0.05,,300,24.3,25.3,0.57042,75000,,,,,,-0.483346,0.770244,6.546941
uniform,2,436,80833,0.05,-1.0,242,28.99,131.19,0.561682,75000,,,,,,-0.482675,0.757191,6.611483
uniform,2,437,80994,0.05,1.0,161,131.59,26.0,0.522034,75000,,,,,,-0.434019,0.715827,6.158294
uniform,2,438,81291,0.05,1.0,297,130.91,28.32,0.59035,75000,,,,,,-0.488161,0.800309,6.74225
uniform,2,439,81510,0.05,1.0,219,131.3,26.91,0.535993,75000,,,,,,-0.443244,0.735116,6.42709
uniform,2,440,81652,0.05,-1.0,142,24.69,131.69,0.462537,75000,,,,,,-0.345153,0.657248,5.797135
uniform,2,441,81940,0.05,-1.0,288,25.76,130.96,0.55779,75000,,,,,,-0.449668,0.750354,6.541441
uniform,2,442,82176,0.05,-1.0,236,26.22,131.22,0.54509,75000,,,,,,-0.450883,0.753713,6.315376
uniform,2,443,82345,0.05,1.0,169,131.55,24.36,0.498559,75000,,,,,,-0.391934,0.701152,5.985291
uniform,2,444,82462,0.05,1.0,117,131.81,29.22,0.489555,75000,,,,,,-0.411576,0.686693,5.867663
uniform,2,445,82762,0.05,,300,26.3,25.3,0.523745,75000,,,,,,-0.444475,0.718086,6.257651
uniform,2,446,83062,0.05,,300,26.5,20.9,0.537032,75000,,,,,,-0.445564,0.737767,6.268427
uniform,2,447,83214,0.05,-1.0,152,26.84,131.64,0.550283,75000,,,,,,-0.450321,0.760427,6.431691
uniform,2,448,83311,0.05,1.0,97,131.91,24.52,0.647275,75000,,,,,,-0.547235,0.850113,7.112213
uniform,2,449,83405,0.05,-1.0,94,21.93,131.93,0.481198,75000,,,,,,-0.383618,0.68137,6.033029
uniform,2,450,83612,0.05,1.0,207,131.36,24.57,0.486972,75000,,,,,,-0.399606,0.684914,6.018789
uniform,2,451,83717,0.05,1.0,105,131.87,27.08,0.626718,75000,,,,,,-0.518059,0.821293,6.945641
uniform,2,452,84017,0.05,,300,28.7,27.5,0.51798,75000,,,,,,-0.429543,0.717035,6.195058
uniform,2,453,84182,0.05,1.0,165,131.57,24.18,0.500504,75000,,,,,,-0.3874,0.714627,5.916889
uniform,2,454,84385,0.05,1.0,203,131.38,24.19,0.458759,75000,,,,,,-0.332327,0.664412,5.609813
uniform,2,455,84558,0.05,1.0,173,131.53,23.54,0.601573,75000,,,,,,-0.515609,0.804345,6.77678
uniform,2,456,84858,0.05,,300,26.5,27.7,0.555156,75000,,,,,,-0.475814,0.753258,6.565271
uniform,2,457,84991,0.05,1.0,133,131.73,26.94,0.558679,75000,,,,,,-0.483211,0.754879,6.544632
uniform,2,458,85219,0.05,-1.0,228,26.86,131.26,0.466641,75000,,,,,,-0.362596,0.677375,5.738649
uniform,2,459,85519,0.05,,300,28.7,25.3,0.646819,75000,,,,,,-0.534347,0.84786,6.976246
uniform,2,460,85617,0.05,-1.0,98,25.11,131.91,0.535411,75000,,,,,,-0.442723,0.731483,6.313602
uniform,2,461,85917,0.05,,300,21.9,24.3,0.502685,75000,,,,,,-0.40979,0.698194,6.055299
uniform,2,462,86053,0.05,-1.0,136,26.32,131.72,0.396652,75000,,,,,,-0.292618,0.602871,5.078076
uniform,2,463,86263,0.05,-1.0,210,28.95,131.35,0.479164,75000,,,,,,-0.38104,0.689225,5.802382
uniform,2,464,86451,0.05,-1.0,188,24.06,131.46,0.626607,75000,,,,,,-0.543491,0.829294,6.974986
uniform,2,465,86735,0.05,-1.0,284,26.18,130.98,0.498257,75000,,,,,,-0.414156,0.697601,6.1717
uniform,2,466,87035,0.05,,300,24.7,26.5,0.610094,75000,,,,,,-0.515767,0.810858,6.892508
uniform,2,467,87308,0.05,1.0,273,131.03,25.84,0.514904,75000,,,,,,-0.416732,0.723883,6.203533
uniform,2,468,87436,0.05,-1.0,128,27.16,131.76,0.528683,75000,,,,,,-0.423356,0.731393,6.279313
uniform,2,469,87531,0.05,1.0,95,131.92,22.93,0.450388,75000,,,,,,-0.353323,0.652544,5.69465
uniform,2,470,87656,0.05,1.0,125,131.77,24.18,0.512251,75000,,,,,,-0.41859,0.713452,6.074824
uniform,2,471,87956,0.05,,300,26.5,27.7,0.501694,75000,,,,,,-0.412802,0.701934,6.067364
uniform,2,472,88108,0.05,-1.0,152,24.44,131.64,0.636304,75000,,,,,,-0.538116,0.855862,6.94391
uniform,2,473,88408,0.05,,300,28.7,25.3,0.558765,75000,,,,,,-0.462776,0.767007,6.52365
uniform,2,474,88576,0.05,-1.0,168,27.16,131.56,0.515221,75000,,,,,,-0.430847,0.716394,6.240818
uniform,2,475,88698,0.05,-1.0,122,21.79,131.79,0.578182,75000,,,,,,-0.484621,0.779653,6.597274
uniform,2,476,88800,0.05,-1.0,102,24.49,131.89,0.489547,75000,,,,,,-0.397716,0.688094,6.10702
uniform,2,477,88933,0.05,1.0,133,131.73,24.34,0.524078,75000,,,,,,-0.441295,0.723957,6.3375
uniform,2,478,89082,0.05,1.0,149,131.65,24.66,0.580841,75000,,,,,,-0.470446,0.798469,6.56805
uniform,2,479,89204,0.05,-1.0,122,23.99,131.79,0.527507,75000,,,,,,-0.421492,0.742446,6.331066
uniform,2,480,89335,0.05,1.0,131,131.74,26.95,0.563082,75000,,,,,,-0.461694,0.772742,6.510179
uniform,2,481,89461,0.05,-1.0,126,21.77,131.77,0.530723,75000,,,,,,-0.434965,0.737454,6.284802
uniform,2,482,89608,0.05,1.0,147,131.66,21.67,0.517947,75000,,,,,,-0.412882,0.718685,6.038028
uniform,2,483,89908,0.05,,300,25.3,25.1,0.57215,75000,,,,,,-0.464405,0.774436,6.636505
uniform,2,484,90078,0.05,-1.0,170,29.35,131.55,0.598863,75000,,,,,,-0.503165,0.812766,6.789216
uniform,2,485,90378,0.05,,300,25.1,28.7,0.587605,75000,,,,,,-0.47873,0.801335,6.580187
uniform,2,486,90546,0.05,-1.0,168,24.96,131.56,0.612735,75000,,,,,,-0.514836,0.819189,6.778416
uniform,2,487,90696,0.05,-1.0,150,25.85,131.65,0.642475,75000,,,,,,-0.559277,0.845601,7.008921
uniform,2,488,90774,0.05,-1.0,78,24.61,132.01,0.542262,75000,,,,,,-0.450087,0.745251,6.360247
uniform,2,489,90893,0.05,1.0,119,131.8,26.81,0.742966,75000,,,,,,-0.650501,0.947435,7.590375
uniform,2,490,91125,0.05,-1.0,232,23.24,131.24,0.616137,75000,,,,,,-0.499655,0.833275,6.719718
uniform,2,491,91292,0.05,1.0,167,131.56,28.77,0.622839,75000,,,,,,-0.507117,0.838402,6.750911
uniform,2,492,91592,0.05,,300,25.5,28.7,0.570772,75000,,,,,,-0.471354,0.776715,6.536861
uniform,2,493,91700,0.05,-1.0,108,19.06,131.86,0.579357,75000,,,,,,-0.478115,0.783056,6.536405
uniform,2,494,91846,0.05,-1.0,146,24.47,131.67,0.559543,75000,,,,,,-0.465315,0.761027,6.410099
uniform,2,495,91932,0.05,-1.0,86,22.17,131.97,0.634691,75000,,,,,,-0.533846,0.833808,6.982486
uniform,2,496,92074,0.05,-1.0,142,24.89,131.69,0.541711,75000,,,,,,-0.434775,0.760808,6.129788
uniform,2,497,92374,0.05,,300,27.5,26.3,0.473431,75000,,,,,,-0.379024,0.685741,5.648541
uniform,2,498,92674,0.05,,300,26.5,27.5,0.531198,75000,,,,,,-0.427722,0.73897,6.054096
uniform,2,499,92912,0.05,-1.0,238,28.61,131.21,0.594802,75000,,,,,,-0.493715,0.79937,6.51647
uniform,2,500,92980,0.05,-1.0,68,19.66,132.06,0.517181,75000,,,,,,-0.425091,0.716743,5.818776
uniform,2,501,93089,0.05,1.0,109,131.85,29.06,0.692316,75000,,,,,,-0.545246,0.919069,7.202871
uniform,2,502,93389,0.05,,300,24.3,25.1,0.566504,75000,,,,,,-0.445587,0.782292,6.424883
uniform,2,503,93654,0.05,1.0,265,131.07,26.68,0.597192,75000,,,,,,-0.485484,0.807036,6.666823
uniform,2,504,93866,0.05,-1.0,212,22.54,131.34,0.629401,75000,,,,,,-0.523729,0.835433,6.911593
uniform,2,505,94166,0.05,,300,25.3,26.5,0.556537,75000,,,,,,-0.450503,0.773919,6.229997
uniform,2,506,94252,0.05,-1.0,86,19.77,131.97,0.591822,75000,,,,,,-0.490328,0.806697,6.508029
uniform,2,507,94408,0.05,-1.0,156,26.62,131.62,0.522326,75000,,,,,,-0.413285,0.738118,6.002272
uniform,2,508,94708,0.05,,300,23.1,28.5,0.549928,75000,,,,,,-0.442243,0.759296,6.180069
uniform,2,509,94967,0.05,1.0,259,131.1,22.11,0.530838,75000,,,,,,-0.437518,0.737842,6.107119
uniform,2,510,95267,0.05,,300,26.5,23.1,0.597942,75000,,,,,,-0.47149,0.821954,6.387642
uniform,2,511,95362,0.05,1.0,95,131.92,24.53,0.712359,75000,,,,,,-0.605351,0.927329,7.318843
uniform,2,512,95634,0.05,-1.0,272,26.04,131.04,0.552287,75000,,,,,,-0.446503,0.760824,6.181574
uniform,2,513,95819,0.05,1.0,185,131.47,26.48,0.501757,75000,,,,,,-0.393917,0.708853,5.878586
uniform,2,514,95925,0.05,-1.0,106,26.87,131.87,0.522035,75000,,,,,,-0.417245,0.727019,6.158395
uniform,2,515,96225,0.05,,300,26.5,21.1,0.547737,75000,,,,,,-0.441425,0.769464,6.177234
uniform,2,516,96371,0.05,-1.0,146,26.87,131.67,0.461906,75000,,,,,,-0.357717,0.673808,5.638449
uniform,2,517,96526,0.05,1.0,155,131.62,23.83,0.532187,75000,,,,,,-0.432735,0.744294,6.042115
uniform,2,518,96629,0.05,1.0,103,131.88,24.49,0.478985,75000,,,,,,-0.374371,0.689662,5.778789
uniform,2,519,96819,0.05,-1.0,190,26.45,131.45,0.515351,75000,,,,,,-0.411701,0.72354,5.861967
uniform,2,520,96952,0.05,1.0,133,131.73,29.14,0.659912,75000,,,,,,-0.568978,0.865581,6.99845
uniform,2,521,97076,0.05,-1.0,124,21.78,131.78,0.576741,75000,,,,,,-0.427721,0.805669,6.195689
uniform,2,522,97376,0.05,,300,26.3,27.3,0.465593,75000,,,,,,-0.354872,0.681618,5.520885
uniform,2,523,97534,0.05,-1.0,158,26.41,131.61,0.494732,75000,,,,,,-0.38017,0.703647,5.679564
uniform,2,524,97645,0.05,1.0,111,131.84,27.25,0.494265,75000,,,,,,-0.385602,0.703033,5.78745
uniform,2,525,97945,0.05,,300,28.5,23.3,0.441071,75000,,,,,,-0.341351,0.644016,5.421024
uniform,2,526,98092,0.05,1.0,147,131.66,28.67,0.551655,75000,,,,,,-0.444109,0.778014,6.136289
uniform,2,527,98392,0.05,,300,27.5,28.7,0.506661,75000,,,,,,-0.40494,0.723138,5.933252
uniform,2,528,98692,0.05,,300,25.3,28.7,0.569338,75000,,,,,,-0.474434,0.778366,6.386858
uniform,2,529,98952,0.05,-1.0,260,26.5,131.1,0.573221,75000,,,,,,-0.472874,0.77994,6.394545
uniform,2,530,99209,0.05,1.0,257,131.11,24.12,0.539828,75000,,,,,,-0.402683,0.763834,6.026702
uniform,2,531,99509,0.05,,300,23.9,24.7,0.566137,75000,,,,,,-0.451904,0.781772,6.298531
uniform,2,532,99636,0.05,1.0,127,131.76,24.37,0.470726,75000,,,,,,-0.370032,0.678191,5.628079
uniform,2,533,99936,0.05,,300,27.5,26.5,0.551204,75000,,,,,,-0.441143,0.75945,6.17942
uniform,2,534,100165,0.05,1.0,229,131.25,29.06,0.484389,75000,,,,,,-0.373164,0.70489,5.564572
uniform,2,535,100465,0.05,,300,24.3,24.5,0.487809,75000,,,,,,-0.382593,0.700772,5.675121
uniform,2,536,100740,0.05,1.0,275,131.02,25.83,0.535908,75000,,,,,,-0.432246,0.745041,5.98221
uniform,2,537,100948,0.05,-1.0,208,26.56,131.36,0.475198,75000,,,,,,-0.368715,0.678858,5.539078
uniform,2,538,101179,0.05,1.0,231,131.24,25.65,0.541351,75000,,,,,,-0.4101,0.767322,5.920065
uniform,2,539,101337,0.05,-1.0,158,29.41,131.61,0.532492,75000,,,,,,-0.406523,0.75057,5.882659
uniform,2,540,101556,0.05,1.0,219,131.3,26.31,0.552272,75000,,,,,,-0.435843,0.764231,6.174788
uniform,2,541,101684,0.05,-1.0,128,26.56,131.76,0.440979,75000,,,,,,-0.31324,0.651104,5.318016
uniform,2,542,101864,0.05,-1.0,180,27.1,131.5,0.538518,75000,,,,,,-0.431699,0.746431,6.134824
uniform,2,543,102164,0.05,,300,28.7,25.3,0.584718,75000,,,,,,-0.466602,0.808169,6.168234
uniform,2,544,102464,0.05,,300,26.5,25.3,0.567279,75000,,,,,,-0.445573,0.788354,5.949025
uniform,2,545,102764,0.05,,300,28.7,25.5,0.52673,75000,,,,,,-0.407335,0.743103,5.782578
uniform,2,546,102882,0.05,-1.0,118,21.41,131.81,0.473245,75000,,,,,,-0.358414,0.685426,5.421028
uniform,2,547,103033,0.05,1.0,151,131.64,24.85,0.52037,75000,,,,,,-0.375008,0.744126,5.692159
uniform,2,548,103173,0.05,-1.0,140,21.7,131.7,0.568844,75000,,,,,,-0.434764,0.799055,6.212761
uniform,2,549,103259,0.05,-1.0,86,23.77,131.97,0.527359,75000,,,,,,-0.40502,0.747057,5.985909
uniform,2,550,103559,0.05,,300,23.3,26.5,0.506057,75000,,,,,,-0.372457,0.723537,5.817057
uniform,2,551,103713,0.05,-1.0,154,28.83,131.63,0.448568,75000,,,,,,-0.327567,0.663465,5.298834
uniform,2,552,104002,0.05,1.0,289,130.95,25.76,0.530585,75000,,,,,,-0.415119,0.743178,5.98935
uniform,2,553,104302,0.05,,300,26.3,22.9,0.484811,75000,,,,,,-0.360044,0.715926,5.458977
uniform,2,554,104602,0.05,,300,25.1,28.5,0.501126,75000,,,,,,-0.375825,0.719116,5.610319
uniform,2,555,104722,0.05,-1.0,120,17.0,131.8,0.560594,75000,,,,,,-0.449478,0.775662,6.080871
uniform,2,556,104996,0.05,-1.0,274,23.63,131.03,0.449582,75000,,,,,,-0.339189,0.661873,5.221793
uniform,2,557,105112,0.05,-1.0,116,24.42,131.82,0.554176,75000,,,,,,-0.393556,0.796355,5.900711
uniform,2,558,105211,0.05,1.0,99,131.9,25.11,0.327954,75000,,,,,,-0.20008,0.554272,4.159732
uniform,2,559,105473,0.05,-1.0,262,28.29,131.09,0.44053,75000,,,,,,-0.312013,0.659256,5.140548
uniform,2,560,105572,0.05,1.0,99,131.9,27.31,0.457006,75000,,,,,,-0.319975,0.676237,5.228762
uniform,2,561,105739,0.05,1.0,167,131.56,29.17,0.527818,75000,,,,,,-0.403284,0.742772,5.721246
uniform,2,562,106039,0.05,,300,25.1,28.7,0.504034,75000,,,,,,-0.382261,0.724181,5.682784
uniform,2,563,106177,0.05,-1.0,138,24.31,131.71,0.476619,75000,,,,,,-0.347577,0.705458,5.270094
uniform,2,564,106317,0.05,-1.0,140,26.3,131.7,0.477904,75000,,,,,,-0.317584,0.703747,5.335159
uniform,2,565,106617,0.05,,300,26.5,25.3,0.456713,75000,,,,,,-0.345314,0.672757,5.141496
uniform,2,566,106747,0.05,-1.0,130,24.95,131.75,0.349566,75000,,,,,,-0.210729,0.565327,4.348959
uniform,2,567,106978,0.05,1.0,231,131.24,23.45,0.459408,75000,,,,,,-0.335803,0.672205,5.175837
uniform,2,568,107251,0.05,1.0,273,131.03,25.64,0.518506,75000,,,,,,-0.360776,0.75019,5.570191
uniform,2,569,107458,0.05,1.0,207,131.36,26.17,0.481785,75000,,,,,,-0.362701,0.70176,5.290216
uniform,2,570,107613,0.05,1.0,155,131.62,22.03,0.475071,75000,,,,,,-0.357553,0.687572,5.331162
uniform,2,571,107781,0.05,-1.0,168,26.56,131.56,0.47199,75000,,,,,,-0.348347,0.683753,5.135888
uniform,2,572,107884,0.05,1.0,103,131.88,24.49,0.436851,75000,,,,,,-0.314686,0.652781,5.039373
uniform,2,573,108184,0.05,,300,27.5,26.3,0.458813,75000,,,,,,-0.303029,0.689966,5.017779
uniform,2,574,108484,0.05,,300,25.3,26.5,0.470036,75000,,,,,,-0.342217,0.692322,5.275362
uniform,2,575,108647,0.05,1.0,163,131.58,26.99,0.464438,75000,,,,,,-0.308276,0.681376,5.133172
uniform,2,576,108947,0.05,,300,28.7,27.5,0.426191,75000,,,,,,-0.298538,0.640288,4.935269
uniform,2,577,109247,0.05,,300,25.3,26.3,0.438201,75000,,,,,,-0.275783,0.670054,4.847802
uniform,2,578,109358,0.05,1.0,111,131.84,22.25,0.591782,75000,,,,,,-0.460933,0.815548,6.14483
uniform,2,579,109439,0.05,1.0,81,131.99,24.4,0.465656,75000,,,,,,-0.321364,0.689854,5.001696
uniform,2,580,109681,0.05,-1.0,242,26.39,131.19,0.459327,75000,,,,,,-0.323494,0.67547,5.19266
uniform,2,581,109981,0.05,,300,21.9,25.3,0.431895,75000,,,,,,-0.285505,0.643872,5.117749
uniform,2,582,110108,0.05,1.0,127,131.76,27.17,0.473247,75000,,,,,,-0.327098,0.714368,5.067982
uniform,2,583,110324,0.05,-1.0,216,23.72,131.32,0.439107,75000,,,,,,-0.321563,0.662436,5.168481
uniform,2,584,110624,0.05,,300,26.5,25.3,0.430299,75000,,,,,,-0.317516,0.646658,4.993902
uniform,2,585,110761,0.05,1.0,137,131.71,24.12,0.398789,75000,,,,,,-0.28045,0.614317,4.751525
uniform,2,586,110942,0.05,1.0,181,131.49,23.5,0.47344,75000,,,,,,-0.354119,0.688277,5.259356
uniform,2,587,111242,0.05,,300,25.7,26.5,0.546587,75000,,,,,,-0.382047,0.779431,5.628248
uniform,2,588,111367,0.05,1.0,125,131.77,24.58,0.409106,75000,,,,,,-0.261041,0.629796,4.819344
uniform,2,589,111667,0.05,,300,28.7,24.7,0.479818,75000,,,,,,-0.346098,0.697335,5.381267
uniform,2,590,111781,0.05,-1.0,114,29.63,131.83,0.37368,75000,,,,,,-0.251539,0.587538,4.679447
uniform,2,591,112081,0.05,,300,20.7,26.5,0.42161,75000,,,,,,-0.277568,0.643397,4.701797
uniform,2,592,112288,0.05,1.0,207,131.36,26.37,0.454559,75000,,,,,,-0.332563,0.679631,4.999051
uniform,2,593,112529,0.05,1.0,241,131.19,26.4,0.390296,75000,,,,,,-0.248211,0.608369,4.33224
uniform,2,594,112644,0.05,1.0,115,131.82,24.03,0.360092,75000,,,,,,-0.224709,0.577179,4.061117
uniform,2,595,112901,0.05,1.0,257,131.11,26.32,0.45678,75000,,,,,,-0.317763,0.671636,5.042397
uniform,2,596,113062,0.05,1.0,161,131.59,24.2,0.465232,75000,,,,,,-0.318126,0.695251,5.129091
uniform,2,597,113152,0.05,-1.0,90,22.15,131.95,0.509708,75000,,,,,,-0.361625,0.740244,5.423826
uniform,2,598,113452,0.05,,300,24.3,25.3,0.498674,75000,,,,,,-0.350545,0.725284,5.419424
uniform,2,599,113632,0.05,-1.0,180,26.3,131.5,0.439008,75000,,,,,,-0.291611,0.662181,4.978009
uniform,2,600,113791,0.05,1.0,159,131.6,24.81,0.374606,75000,,,,,,-0.237797,0.590784,4.519172
uniform,2,601,114057,0.05,-1.0,266,21.27,131.07,0.439132,75000,,,,,,-0.283286,0.666015,4.815413
uniform,2,602,114357,0.05,,300,24.3,27.5,0.472302,75000,,,,,,-0.319509,0.704601,4.853995
uniform,2,603,114454,0.05,1.0,97,131.91,29.52,0.49067,75000,,,,,,-0.346253,0.716002,5.183571
uniform,2,604,114754,0.05,,300,26.5,27.5,0.377723,75000,,,,,,-0.237406,0.598602,4.133545
uniform,2,605,115054,0.05,,300,20.3,26.5,0.376394,75000,,,,,,-0.231852,0.600675,4.220333
uniform,2,606,115354,0.05,,300,24.3,27.7,0.429468,75000,,,,,,-0.268319,0.661217,4.59682
uniform,2,607,115440,0.05,-1.0,86,22.37,131.97,0.390983,75000,,,,,,-0.258756,0.614263,4.457108
uniform,2,608,115619,0.05,1.0,179,131.5,23.71,0.498317,75000,,,,,,-0.33787,0.723515,5.133795
uniform,2,609,115763,0.05,-1.0,144,22.48,131.68,0.449286,75000,,,,,,-0.311761,0.671313,4.9454
uniform,2,610,116063,0.05,,300,26.5,25.3,0.434987,75000,,,,,,-0.287745,0.659124,4.766822
uniform,2,611,116142,0.05,1.0,79,132.0,23.81,0.454236,75000,,,,,,-0.286798,0.691284,4.885562
uniform,2,612,116367,0.05,1.0,225,131.27,24.28,0.435894,75000,,,,,,-0.246193,0.668187,4.691943
uniform,2,613,116483,0.05,-1.0,116,24.62,131.82,0.444552,75000,,,,,,-0.281778,0.670211,4.679836
uniform,2,614,116726,0.05,1.0,243,131.18,24.19,0.35192,75000,,,,,,-0.211373,0.577354,4.063243
uniform,2,615,116854,0.05,-1.0,128,22.16,131.76,0.396529,75000,,,,,,-0.232787,0.620705,4.304234
uniform,2,616,117071,0.05,1.0,217,131.31,24.12,0.43269,75000,,,,,,-0.261545,0.662919,4.680429
uniform,2,617,117371,0.05,,300,23.1,26.5,0.402369,75000,,,,,,-0.226563,0.634636,4.171842
uniform,2,618,117488,0.05,1.0,117,131.81,21.62,0.422494,75000,,,,,,-0.238925,0.650953,4.492341
uniform,2,619,117788,0.05,,300,25.3,24.3,0.426121,75000,,,,,,-0.262085,0.651265,4.503076
uniform,2,620,118023,0.05,1.0,235,131.22,22.03,0.339947,75000,,,,,,-0.204409,0.56253,3.911402
uniform,2,621,118241,0.05,-1.0,218,25.91,131.31,0.467474,75000,,,,,,-0.307203,0.699679,4.657251
uniform,2,622,118366,0.05,1.0,125,131.77,21.98,0.359417,75000,,,,,,-0.208994,0.586209,3.946742
uniform,2,623,118666,0.05,,300,26.5,23.1,0.382585,75000,,,,,,-0.226726,0.608774,4.031691
uniform,2,624,118868,0.05,-1.0,202,21.79,131.39,0.36515,75000,,,,,,-0.211575,0.587531,3.832407
uniform,2,625,119168,0.05,,300,26.3,23.7,0.381651,75000,,,,,,-0.18941,0.615299,3.874816
uniform,2,626,119468,0.05,,300,28.7,25.1,0.401725,75000,,,,,,-0.229709,0.635079,4.147814
uniform,2,627,119631,0.05,1.0,163,131.58,22.39,0.374772,75000,,,,,,-0.187298,0.604461,3.786841
uniform,2,628,119758,0.05,1.0,127,131.76,29.57,0.43623,75000,,,,,,-0.287118,0.662372,4.594295
uniform,2,629,120058,0.05,,300,26.5,22.9,0.377761,75000,,,,,,-0.215433,0.608738,3.931339
uniform,2,630,120358,0.05,,300,22.9,24.1,0.359868,75000,,,,,,-0.19982,0.593515,3.820929
uniform,2,631,120658,0.05,,300,23.1,26.5,0.362808,75000,,,,,,-0.206473,0.592772,3.824557
uniform,2,632,120958,0.05,,300,26.5,27.5,0.36316,75000,,,,,,-0.208113,0.586558,3.877894
uniform,2,633,121235,0.05,1.0,277,131.01,21.62,0.33844,75000,,,,,,-0.15951,0.571993,3.509751
uniform,2,634,121535,0.05,,300,23.3,28.7,0.3783,75000,,,,,,-0.203633,0.60725,3.962046
uniform,2,635,121835,0.05,,300,28.7,25.5,0.319963,75000,,,,,,-0.158013,0.542978,3.520114
uniform,2,636,121952,0.05,1.0,117,131.81,29.62,0.337753,75000,,,,,,-0.199855,0.555631,3.780902
uniform,2,637,122252,0.05,,300,26.5,25.1,0.362202,75000,,,,,,-0.19957,0.597559,3.62604
uniform,2,638,122363,0.05,1.0,111,131.84,22.25,0.326886,75000,,,,,,-0.14585,0.558809,3.313259
uniform,2,639,122663,0.05,,300,27.7,24.3,0.321387,75000,,,,,,-0.162182,0.548238,3.395741
uniform,2,640,122761,0.05,-1.0,98,20.11,131.91,0.343146,75000,,,,,,-0.199229,0.567117,3.620267
uniform,2,641,123061,0.05,,300,25.3,26.3,0.359196,75000,,,,,,-0.191836,0.588865,3.726349
uniform,2,642,123361,0.05,,300,23.3,28.7,0.348434,75000,,,,,,-0.166891,0.580431,3.593858
uniform,2,643,123661,0.05,,300,25.5,24.1,0.323373,75000,,,,,,-0.151472,0.548948,3.453017
uniform,2,644,123948,0.05,1.0,287,130.96,23.77,0.3745,75000,,,,,,-0.199534,0.59815,3.842598
uniform,2,645,124047,0.05,1.0,99,131.9,25.31,0.418603,75000,,,,,,-0.21514,0.661996,3.901846
uniform,2,646,124218,0.05,1.0,171,131.54,23.95,0.34511,75000,,,,,,-0.16702,0.585403,3.453789
uniform,2,647,124518,0.05,,300,26.5,25.3,0.334963,75000,,,,,,-0.151322,0.568921,3.388803
uniform,2,648,124641,0.05,1.0,123,131.78,24.79,0.278797,75000,,,,,,-0.117844,0.503513,2.978595
uniform,2,649,124761,0.05,-1.0,120,27.2,131.8,0.30635,75000,,,,,,-0.140695,0.532495,3.155447
uniform,2,650,124959,0.05,-1.0,198,22.41,131.41,0.32165,75000,,,,,,-0.139492,0.54878,3.214026
uniform,2,651,125118,0.05,1.0,159,131.6,22.01,0.284696,75000,,,,,,-0.089146,0.527835,2.696023
uniform,2,652,125418,0.05,,300,28.5,22.9,0.349174,75000,,,,,,-0.163723,0.582756,3.404401
uniform,2,653,125717,0.05,1.0,299,130.9,25.91,0.341356,75000,,,,,,-0.157782,0.570297,3.439308
uniform,2,654,126001,0.05,-1.0,284,26.38,130.98,0.341148,75000,,,,,,-0.173843,0.568254,3.509062
uniform,2,655,126114,0.05,1.0,113,131.83,18.64,0.33674,75000,,,,,,-0.127327,0.581672,3.171999
uniform,2,656,126226,0.05,-1.0,112,21.64,131.84,0.30527,75000,,,,,,-0.123501,0.543774,3.133515
uniform,2,657,126333,0.05,1.0,107,131.86,24.47,0.309197,75000,,,,,,-0.10296,0.545592,3.051691
uniform,2,658,126511,0.05,-1.0,178,19.91,131.51,0.303852,75000,,,,,,-0.125054,0.535109,3.143521
uniform,2,659,126606,0.05,1.0,95,131.92,25.13,0.310689,75000,,,,,,-0.121174,0.543175,3.16666
uniform,2,660,126906,0.05,,300,26.3,27.5,0.303288,75000,,,,,,-0.117854,0.529751,3.077711
uniform,2,661,127206,0.05,,300,25.3,26.5,0.28724,75000,,,,,,-0.080228,0.521687,2.691767
uniform,2,662,127506,0.05,,300,26.5,27.5,0.312042,75000,,,,,,-0.104795,0.543973,2.995994
uniform,2,663,127615,0.05,1.0,109,131.85,19.86,0.276326,75000,,,,,,-0.074198,0.507989,2.537186
uniform,2,664,127915,0.05,,300,24.9,24.3,0.279482,75000,,,,,,-0.11391,0.502443,2.91521
uniform,2,665,128022,0.05,1.0,107,131.86,17.27,0.369141,75000,,,,,,-0.183067,0.606408,3.587685
uniform,2,666,128152,0.05,-1.0,130,24.95,131.75,0.282622,75000,,,,,,-0.090619,0.52231,2.245851
uniform,2,667,128452,0.05,,300,25.3,28.7,0.306575,75000,,,,,,-0.117911,0.537342,3.090953
uniform,2,668,128752,0.05,,300,26.5,27.5,0.308361,75000,,,,,,-0.118948,0.536482,3.032061
uniform,2,669,129052,0.05,,300,25.1,26.5,0.287689,75000,,,,,,-0.103073,0.515833,2.786848
uniform,2,670,129352,0.05,,300,23.1,26.3,0.304939,75000,,,,,,-0.108881,0.537508,2.966297
uniform,2,671,129652,0.05,,300,24.3,24.9,0.321059,75000,,,,,,-0.137233,0.549527,3.175786
uniform,2,672,129777,0.05,1.0,125,131.77,21.18,0.271998,75000,,,,,,-0.090474,0.498891,2.454778
uniform,2,673,130077,0.05,,300,26.5,25.3,0.281123,75000,,,,,,-0.106714,0.51167,2.885635
uniform,2,674,130377,0.05,,300,28.7,23.1,0.33145,75000,,,,,,-0.135109,0.568841,3.203652
uniform,2,675,130595,0.05,-1.0,218,22.31,131.31,0.259962,75000,,,,,,-0.066977,0.488692,2.355279
uniform,2,676,130895,0.05,,300,26.5,23.1,0.295094,75000,,,,,,-0.1249,0.519905,3.115356
uniform,2,677,131175,0.05,-1.0,280,19.6,131.0,0.259579,75000,,,,,,-0.057386,0.494134,2.309558
uniform,2,678,131301,0.05,-1.0,126,26.37,131.77,0.327678,75000,,,,,,-0.126143,0.558309,3.230041
uniform,2,679,131515,0.05,-1.0,214,23.93,131.33,0.292255,75000,,,,,,-0.09091,0.521359,2.819636
uniform,2,680,131815,0.05,,300,25.3,26.5,0.246326,75000,,,,,,-0.059442,0.472112,2.308872
uniform,2,681,132115,0.05,,300,27.5,26.5,0.299051,75000,,,,,,-0.103459,0.531119,2.807486
uniform,2,682,132415,0.05,,300,25.1,26.5,0.270507,75000,,,,,,-0.081837,0.502464,2.469005
uniform,2,683,132715,0.05,,300,27.5,24.3,0.275343,75000,,,,,,-0.096749,0.499869,2.799768
uniform,2,684,132843,0.05,-1.0,128,21.36,131.76,0.277186,75000,,,,,,-0.105862,0.503368,2.764409
uniform,2,685,133054,0.05,1.0,211,131.34,25.95,0.274077,75000,,,,,,-0.066695,0.505302,2.639422
uniform,2,686,133354,0.05,,300,27.5,26.3,0.286829,75000,,,,,,-0.102381,0.519514,2.771137
uniform,2,687,133654,0.05,,300,28.5,23.1,0.272662,75000,,,,,,-0.076131,0.500324,2.497925
uniform,2,688,133954,0.05,,300,25.3,28.7,0.269048,75000,,,,,,-0.067534,0.491602,2.592405
uniform,2,689,134246,0.05,-1.0,292,23.34,130.94,0.305007,75000,,,,,,-0.110703,0.544869,2.847195
uniform,2,690,134546,0.05,,300,27.5,24.1,0.29708,75000,,,,,,-0.130146,0.529105,2.883672
uniform,2,691,134846,0.05,,300,25.5,26.5,0.26072,75000,,,,,,-0.089752,0.490084,2.52682
uniform,2,692,135146,0.05,,300,25.5,21.9,0.249411,75000,,,,,,-0.049694,0.481919,2.212816
uniform,2,693,135446,0.05,,300,26.3,27.5,0.251744,75000,,,,,,-0.063539,0.484284,2.311725
uniform,2,694,135746,0.05,,300,22.9,23.7,0.21794,75000,,,,,,-0.021391,0.444497,1.895519
uniform,2,695,135849,0.05,1.0,103,131.88,22.49,0.239686,75000,,,,,,-0.064991,0.462403,2.279493
uniform,2,696,136149,0.05,,300,27.5,26.3,0.24129,75000,,,,,,-0.069183,0.473659,2.168268
uniform,2,697,136449,0.05,,300,26.5,25.5,0.248373,75000,,,,,,-0.075496,0.474615,2.247429
uniform,2,698,136749,0.05,,300,27.5,26.5,0.256364,75000,,,,,,-0.092457,0.480062,2.482058
uniform,2,699,137041,0.05,-1.0,292,20.74,130.94,0.22157,75000,,,,,,-0.072286,0.445064,2.189993
uniform,2,700,137151,0.05,-1.0,110,27.45,131.85,0.304901,75000,,,,,,-0.076806,0.539087,2.779696
uniform,2,701,137347,0.05,-1.0,196,22.02,131.42,0.246697,75000,,,,,,-0.060764,0.473842,2.149948
uniform,2,702,137507,0.05,-1.0,160,23.8,131.6,0.228768,75000,,,,,,-0.039083,0.451669,2.028615
uniform,2,703,137807,0.05,,300,26.5,25.3,0.234214,75000,,,,,,-0.05482,0.454152,2.159979
uniform,2,704,138107,0.05,,300,25.3,28.5,0.256451,75000,,,,,,-0.070209,0.484388,2.323344
uniform,2,705,138407,0.05,,300,27.7,24.3,0.256791,75000,,,,,,-0.072481,0.48724,2.306368
uniform,2,706,138707,0.05,-1.0,300,26.3,130.9,0.252893,75000,,,,,,-0.060766,0.479483,2.303041
uniform,2,707,139007,0.05,,300,26.5,27.9,0.257177,75000,,,,,,-0.071208,0.481226,2.582584
uniform,2,708,139307,0.05,,300,24.1,25.7,0.263702,75000,,,,,,-0.068718,0.498522,2.248427
uniform,2,709,139402,0.05,1.0,95,131.92,19.73,0.242967,75000,,,,,,-0.046329,0.473642,2.167121
uniform,2,710,139702,0.05,,300,27.5,26.5,0.221997,75000,,,,,,-0.048905,0.44794,2.121659
uniform,2,711,140002,0.05,,300,28.3,24.3,0.226442,75000,,,,,,-0.060834,0.448631,2.124302
uniform,2,712,140302,0.05,,300,21.9,25.3,0.217103,75000,,,,,,-0.030884,0.445471,1.816727
uniform,2,713,140602,0.05,,300,24.3,27.7,0.222415,75000,,,,,,-0.057832,0.443462,2.209961
uniform,2,714,140902,0.05,,300,28.7,25.5,0.216889,75000,,,,,,-0.066044,0.435168,2.134073
uniform,2,715,141077,0.05,1.0,175,131.52,24.93,0.229723,75000,,,,,,-0.071448,0.454733,2.162259
uniform,2,716,141377,0.05,,300,23.3,26.5,0.230302,75000,,,,,,-0.077119,0.456004,2.413061
uniform,2,717,141677,0.05,,300,26.5,25.3,0.212351,75000,,,,,,-0.059775,0.433273,2.032854
uniform,2,718,141977,0.05,,300,26.5,25.3,0.206694,75000,,,,,,-0.061367,0.423959,2.04385
uniform,2,719,142194,0.05,1.0,217,131.31,21.52,0.223578,75000,,,,,,-0.033923,0.458441,2.044041
uniform,2,720,142364,0.05,-1.0,170,24.55,131.55,0.20687,75000,,,,,,-0.057571,0.429728,2.078293
uniform,2,721,142664,0.05,,300,24.3,25.5,0.213648,75000,,,,,,-0.047082,0.434281,2.132668
uniform,2,722,142964,0.05,,300,26.5,27.5,0.208627,75000,,,,,,-0.058703,0.42593,2.213756
uniform,2,723,143264,0.05,,300,25.1,26.3,0.210918,75000,,,,,,-0.041748,0.434734,1.927455
uniform,2,724,143367,0.05,1.0,103,131.88,22.29,0.168125,75000,,,,,,-0.035164,0.383936,1.452338
uniform,2,725,143667,0.05,,300,28.7,23.3,0.205199,75000,,,,,,-0.056565,0.418648,2.124952
uniform,2,726,143967,0.05,,300,26.3,25.3,0.217991,75000,,,,,,-0.066285,0.4312,2.101479
uniform,2,727,144208,0.05,1.0,241,131.19,19.4,0.189318,75000,,,,,,-0.050379,0.412257,1.735854
uniform,2,728,144317,0.05,1.0,109,131.85,24.66,0.234465,75000,,,,,,-0.069856,0.45165,2.340288
uniform,2,729,144617,0.05,,300,26.5,25.1,0.196041,75000,,,,,,-0.059331,0.412591,1.860187
uniform,2,730,144917,0.05,,300,26.3,25.3,0.187905,75000,,,,,,-0.044848,0.399605,1.905435
uniform,2,731,145197,0.05,-1.0,280,28.4,131.0,0.232458,75000,,,,,,-0.067658,0.452401,2.277276
uniform,2,732,145342,0.05,1.0,145,131.67,21.68,0.205803,75000,,,,,,-0.04574,0.422282,1.847294
uniform,2,733,145642,0.05,,300,26.5,25.3,0.171261,75000,,,,,,-0.025582,0.385474,1.580928
uniform,2,734,145793,0.05,1.0,151,131.64,24.05,0.216505,75000,,,,,,-0.061334,0.427497,2.027126
uniform,2,735,146093,0.05,,300,26.5,27.7,0.187742,75000,,,,,,-0.036726,0.404757,1.845737
uniform,2,736,146393,0.05,,300,27.5,24.3,0.198048,75000,,,,,,-0.042592,0.414341,1.83844
uniform,2,737,146491,0.05,-1.0,98,21.31,131.91,0.172568,75000,,,,,,-0.024055,0.382303,1.386506
uniform,2,738,146597,0.05,-1.0,106,19.47,131.87,0.226311,75000,,,,,,-0.077816,0.434481,2.426074
uniform,2,739,146897,0.05,,300,27.5,24.3,0.196931,75000,,,,,,-0.046275,0.407739,1.898188
uniform,2,740,147197,0.05,,300,22.9,26.5,0.188228,75000,,,,,,-0.019074,0.407275,1.617953
uniform,2,741,147497,0.05,,300,27.5,26.5,0.194927,75000,,,,,,-0.035571,0.4083,1.893551
uniform,2,742,147630,0.05,1.0,133,131.73,22.14,0.176642,75000,,,,,,-0.05493,0.38872,1.776625
uniform,2,743,147774,0.05,-1.0,144,24.28,131.68,0.200602,75000,,,,,,-0.016709,0.412762,1.75612
uniform,2,744,148025,0.05,1.0,251,131.14,21.75,0.211132,75000,,,,,,-0.046527,0.42573,2.127218
uniform,2,745,148232,0.05,1.0,207,131.36,27.97,0.231846,75000,,,,,,-0.070034,0.453381,2.18572
uniform,2,746,148525,0.05,1.0,293,130.93,20.74,0.2118,75000,,,,,,-0.064897,0.427583,2.052973
uniform,2,747,148682,0.05,1.0,157,131.61,27.22,0.201583,75000,,,,,,-0.046537,0.418848,1.792955
uniform,2,748,148982,0.05,,300,28.7,25.3,0.211984,75000,,,,,,-0.053953,0.422796,1.919843
uniform,2,749,149282,0.05,,300,25.3,26.5,0.182195,75000,,,,,,-0.018989,0.404285,1.37793
uniform,2,750,149582,0.05,,300,25.3,24.1,0.209057,75000,,,,,,-0.033381,0.420633,1.95422
uniform,2,751,149678,0.05,-1.0,96,23.92,131.92,0.166938,75000,,,,,,0.002411,0.379355,1.139559
uniform,2,752,149978,0.05,,300,25.3,28.7,0.192034,75000,,,,,,-0.047959,0.402258,1.850733
uniform,2,753,150197,0.05,1.0,219,131.3,25.51,0.18064,75000,,,,,,-0.035084,0.399715,1.419167
uniform,2,754,150497,0.05,,300,25.3,24.1,0.179839,75000,,,,,,-0.015073,0.394482,1.44106
uniform,2,755,150795,0.05,-1.0,298,23.71,130.91,0.168295,75000,,,,,,-0.027992,0.377487,1.451744
uniform,2,756,151095,0.05,,300,25.3,26.5,0.180225,75000,,,,,,-0.009757,0.394829,1.675569
uniform,2,757,151395,0.05,,300,25.1,28.7,0.194867,75000,,,,,,-0.039452,0.412166,1.749836
uniform,2,758,151695,0.05,,300,25.3,28.7,0.17205,75000,,,,,,-0.032381,0.381998,1.423987
uniform,2,759,151917,0.05,-1.0,222,21.09,131.29,0.209357,75000,,,,,,-0.057771,0.418199,2.135584
uniform,2,760,152217,0.05,,300,25.3,21.9,0.202689,75000,,,,,,-0.020907,0.422652,1.964567
uniform,2,761,152396,0.05,1.0,179,131.5,26.71,0.205033,75000,,,,,,-0.039977,0.419988,1.624997
uniform,2,762,152696,0.05,,300,26.3,25.5,0.168301,75000,,,,,,-0.018586,0.376649,1.546984
uniform,2,763,152996,0.05,,300,26.5,25.3,0.166847,75000,,,,,,-0.011039,0.373359,1.564164
uniform,2,764,153099,0.05,1.0,103,131.88,23.49,0.229869,75000,,,,,,-0.043635,0.460216,1.729779
uniform,2,765,153342,0.05,1.0,243,131.18,25.99,0.190207,75000,,,,,,-0.027617,0.405074,1.570845
uniform,2,766,153642,0.05,,300,28.5,25.3,0.177675,75000,,,,,,-0.019153,0.387206,1.61935
uniform,2,767,153792,0.05,-1.0,150,26.05,131.65,0.164623,75000,,,,,,0.012575,0.374835,1.407635
uniform,2,768,154092,0.05,,300,25.3,28.7,0.179871,75000,,,,,,-0.017913,0.393913,1.625858
uniform,2,769,154392,0.05,,300,28.7,25.3,0.187098,75000,,,,,,-0.038899,0.397928,1.658561
uniform,2,770,154480,0.05,-1.0,88,21.16,131.96,0.17646,75000,,,,,,-0.021802,0.382331,1.702004
uniform,2,771,154711,0.05,1.0,231,131.24,21.65,0.161656,75000,,,,,,-0.015389,0.365383,1.492143
uniform,2,772,155011,0.05,,300,24.3,27.5,0.166753,75000,,,,,,-0.038041,0.372045,1.446979
uniform,2,773,155311,0.05,,300,26.3,27.5,0.173041,75000,,,,,,-0.028083,0.384164,1.485664
uniform,2,774,155611,0.05,,300,26.5,27.5,0.172791,75000,,,,,,-0.021188,0.377675,1.559823
uniform,2,775,155911,0.05,,300,25.3,23.9,0.165657,75000,,,,,,-0.020117,0.366488,1.597651
uniform,2,776,156207,0.05,-1.0,296,25.32,130.92,0.20896,75000,,,,,,-0.026016,0.426139,1.774448
uniform,2,777,156507,0.05,,300,24.3,25.3,0.17807,75000,,,,,,-0.017255,0.387449,1.614126
uniform,2,778,156807,0.05,,300,23.3,24.1,0.158879,75000,,,,,,-0.015231,0.363645,1.288705
uniform,2,779,157107,0.05,,300,22.9,24.1,0.194252,75000,,,,,,-0.021404,0.408834,1.724323
uniform,2,780,157256,0.05,1.0,149,131.65,19.66,0.189093,75000,,,,,,0.005352,0.405598,1.500545
uniform,2,781,157556,0.05,,300,26.5,25.3,0.170834,75000,,,,,,-0.010894,0.37893,1.317099
uniform,2,782,157856,0.05,,300,27.7,24.3,0.179352,75000,,,,,,-0.026148,0.38645,1.57422
uniform,2,783,158156,0.05,,300,25.3,25.9,0.197654,75000,,,,,,-0.040075,0.41176,1.804824
uniform,2,784,158456,0.05,,300,27.3,26.5,0.169151,75000,,,,,,-0.01574,0.377483,1.368947
uniform,2,785,158756,0.05,,300,27.5,26.5,0.172296,75000,,,,,,-0.027076,0.376482,1.606621
uniform,2,786,158979,0.05,1.0,223,131.28,28.29,0.171742,75000,,,,,,-0.041991,0.374951,1.549712
uniform,2,787,159279,0.05,,300,22.7,26.5,0.176398,75000,,,,,,-0.004021,0.389789,1.446477
uniform,2,788,159513,0.05,-1.0,234,26.03,131.23,0.171476,75000,,,,,,-0.024473,0.375304,1.515872
uniform,2,789,159813,0.05,,300,25.3,25.3,0.143246,75000,,,,,,-0.006623,0.343311,1.161268
uniform,2,790,160113,0.05,,300,28.7,27.5,0.165836,75000,,,,,,-0.015289,0.374437,1.503426
uniform,2,791,160322,0.05,1.0,209,131.35,25.76,0.181615,75000,,,,,,-0.024082,0.38818,1.49994
uniform,2,792,160622,0.05,,300,26.5,27.5,0.162976,75000,,,,,,-0.018751,0.364968,1.40746
uniform,2,793,160922,0.05,,300,25.3,26.5,0.162789,75000,,,,,,-0.027332,0.362622,1.628479
uniform,2,794,161222,0.05,,300,25.3,24.3,0.177561,75000,,,,,,-0.010215,0.387816,1.502173
uniform,2,795,161321,0.05,1.0,99,131.9,24.31,0.180435,75000,,,,,,-0.007436,0.387276,1.499203
uniform,2,796,161621,0.05,,300,24.1,25.3,0.17028,75000,,,,,,-0.00991,0.375248,1.546224
uniform,2,797,161921,0.05,,300,26.3,27.5,0.135637,75000,,,,,,-0.004314,0.335501,1.012286
uniform,2,798,162174,0.05,1.0,253,131.13,21.34,0.17588,75000,,,,,,-0.003304,0.387138,1.539523
uniform,2,799,162367,0.05,1.0,193,131.43,24.44,0.162293,75000,,,,,,-0.020035,0.369279,1.328281
uniform,2,800,162667,0.05,,300,25.3,21.9,0.172869,75000,,,,,,-0.008224,0.375704,1.554142
uniform,2,801,162967,0.05,,300,24.3,27.3,0.148732,75000,,,,,,-0.0138,0.350808,1.206256
uniform,2,802,163183,0.05,-1.0,216,25.92,131.32,0.154963,75000,,,,,,0.004176,0.370132,0.996703
uniform,2,803,163382,0.05,1.0,199,131.4,28.21,0.166303,75000,,,,,,0.012139,0.375392,1.199548
uniform,2,804,163682,0.05,,300,25.3,24.1,0.159221,75000,,,,,,-0.004263,0.363019,1.363581
uniform,2,805,163838,0.05,-1.0,156,19.42,131.62,0.134766,75000,,,,,,0.002571,0.332253,1.109611
uniform,2,806,164138,0.05,,300,25.3,23.9,0.164455,75000,,,,,,-0.004837,0.372933,1.448135
uniform,2,807,164254,0.05,-1.0,116,23.62,131.82,0.150188,75000,,,,,,-0.009325,0.358007,1.054721
uniform,2,808,164554,0.05,,300,24.1,27.5,0.172575,75000,,,,,,-0.026958,0.375664,1.69209
uniform,2,809,164854,0.05,,300,23.9,27.5,0.155306,75000,,,,,,-0.011937,0.354914,1.503631
uniform,2,810,165154,0.05,,300,26.3,25.5,0.183072,75000,,,,,,-0.026453,0.396692,1.522959
uniform,2,811,165454,0.05,,300,27.5,21.9,0.161401,75000,,,,,,-0.013396,0.36544,1.437884
uniform,2,812,165653,0.05,1.0,199,131.4,24.01,0.140202,75000,,,,,,-0.023424,0.33859,1.416669
uniform,2,813,165837,0.05,-1.0,184,23.88,131.48,0.130284,75000,,,,,,-0.003911,0.326937,0.955272
uniform,2,814,165962,0.05,1.0,125,131.77,22.78,0.160403,75000,,,,,,-0.030149,0.352914,1.894325
uniform,2,815,166058,0.05,-1.0,96,22.32,131.92,0.19457,75000,,,,,,-0.045173,0.422105,1.620347
uniform,2,816,166358,0.05,,300,27.3,26.1,0.170605,75000,,,,,,-0.015492,0.373674,1.584385
uniform,2,817,166526,0.05,-1.0,168,27.16,131.56,0.141446,75000,,,,,,-0.010708,0.339075,1.235169
uniform,2,818,166826,0.05,,300,26.5,24.9,0.168359,75000,,,,,,-0.035627,0.365218,1.765029
uniform,2,819,166962,0.05,-1.0,136,26.72,131.72,0.152844,75000,,,,,,-0.023136,0.350237,1.408645
uniform,2,820,167262,0.05,,300,23.1,28.5,0.185155,75000,,,,,,-0.008391,0.398489,1.653656
uniform,2,821,167562,0.05,,300,24.1,27.7,0.150086,75000,,,,,,-0.007446,0.348686,1.216713
uniform,2,822,167679,0.05,1.0,117,131.81,26.62,0.171914,75000,,,,,,-0.029865,0.376079,1.591643
uniform,2,823,167979,0.05,,300,28.5,27.5,0.141486,75000,,,,,,-0.004375,0.342145,1.145327
uniform,2,824,168279,0.05,,300,26.3,25.3,0.178961,75000,,,,,,-0.028258,0.389184,1.787612
uniform,2,825,168579,0.05,,300,23.3,21.5,0.155487,75000,,,,,,-0.011942,0.352698,1.328061
uniform,2,826,168820,0.05,1.0,241,131.19,29.0,0.145626,75000,,,,,,-0.01245,0.336961,1.450047
uniform,2,827,169120,0.05,,300,24.9,24.1,0.152817,75000,,,,,,-0.000963,0.356629,1.580924
uniform,2,828,169420,0.05,,300,25.3,26.5,0.154569,75000,,,,,,-0.019978,0.352397,1.566651
uniform,2,829,169686,0.05,-1.0,266,26.47,131.07,0.132401,75000,,,,,,-0.003348,0.324149,1.232801
uniform,2,830,169986,0.05,,300,26.5,25.3,0.150133,75000,,,,,,-0.003724,0.339225,1.383438
uniform,2,831,170285,0.05,1.0,299,130.9,28.71,0.154841,75000,,,,,,-0.023537,0.360128,1.414908
uniform,2,832,170440,0.05,1.0,155,131.62,21.63,0.174933,75000,,,,,,-0.028741,0.367134,1.899712
uniform,2,833,170740,0.05,,300,25.5,26.5,0.146354,75000,,,,,,-0.008345,0.336322,1.467749
uniform,2,834,171040,0.05,,300,26.3,25.5,0.164938,75000,,,,,,-0.014847,0.361155,1.642723
uniform,2,835,171193,0.05,1.0,153,131.63,24.44,0.178867,75000,,,,,,-0.012418,0.388082,1.448223
uniform,2,836,171399,0.05,-1.0,206,23.77,131.37,0.164274,75000,,,,,,-0.003955,0.3615,1.567748
uniform,2,837,171699,0.05,,300,21.9,25.3,0.162427,75000,,,,,,-0.022982,0.358172,1.692236
uniform,2,838,171999,0.05,,300,24.1,25.3,0.159817,75000,,,,,,-0.019251,0.351494,1.807353
uniform,2,839,172299,0.05,,300,25.5,25.5,0.193894,75000,,,,,,-0.030051,0.403265,1.794007
uniform,2,840,172409,0.05,-1.0,110,25.05,131.85,0.160853,75000,,,,,,-0.017871,0.354465,1.292094
uniform,2,841,172709,0.05,,300,27.5,26.5,0.149825,75000,,,,,,-0.009378,0.342823,1.368804
uniform,2,842,172916,0.05,1.0,207,131.36,26.37,0.150049,75000,,,,,,0.011988,0.3406,1.359573
uniform,2,843,173216,0.05,,300,24.1,27.5,0.174999,75000,,,,,,-0.02849,0.380219,1.665812
uniform,2,844,173516,0.05,,300,24.1,27.5,0.143057,75000,,,,,,-0.008736,0.335467,1.271402
uniform,2,845,173816,0.05,,300,27.5,21.9,0.13622,75000,,,,,,-0.020168,0.325202,1.245693
uniform,2,846,174116,0.05,,300,25.3,24.3,0.175642,75000,,,,,,-0.035543,0.372936,1.814022
uniform,2,847,174416,0.05,,300,25.3,26.5,0.161478,75000,,,,,,-0.016764,0.352718,1.747939
uniform,2,848,174665,0.05,1.0,249,131.15,24.36,0.142478,75000,,,,,,-0.003584,0.330612,1.447017
uniform,2,849,174873,0.05,-1.0,208,28.16,131.36,0.149744,75000,,,,,,-0.014192,0.336784,1.361762
uniform,2,850,174999,0.05,-1.0,126,23.77,131.77,0.136035,75000,,,,,,0.007261,0.322703,1.0457
uniform,2,851,175267,0.05,-1.0,268,21.26,131.06,0.169642,75000,,,,,,-0.013314,0.373864,1.426392
uniform,2,852,175567,0.05,,300,26.5,23.1,0.154926,75000,,,,,,-0.017746,0.345391,1.266337
uniform,2,853,175867,0.05,,300,23.1,24.1,0.158011,75000,,,,,,-0.03551,0.344132,1.485214
uniform,2,854,176167,0.05,,300,19.5,27.3,0.178944,75000,,,,,,-0.01659,0.38086,1.716059
uniform,2,855,176467,0.05,,300,21.7,24.3,0.162761,75000,,,,,,-0.008274,0.35563,1.532945
uniform,2,856,176767,0.05,,300,26.5,27.7,0.167823,75000,,,,,,-0.021951,0.356237,1.704335
uniform,2,857,176999,0.05,-1.0,232,22.04,131.24,0.138412,75000,,,,,,-0.012294,0.324936,1.162688
uniform,2,858,177263,0.05,-1.0,264,27.88,131.08,0.16579,75000,,,,,,-0.007921,0.369171,1.470199
uniform,2,859,177476,0.05,1.0,213,131.33,24.14,0.150058,75000,,,,,,-0.025129,0.339844,1.303137
uniform,2,860,177591,0.05,1.0,115,131.82,26.43,0.160316,75000,,,,,,-0.0218,0.344429,1.84559
uniform,2,861,177701,0.05,-1.0,110,21.85,131.85,0.157351,75000,,,,,,-0.018763,0.342632,1.573328
uniform,2,862,178001,0.05,,300,25.3,26.3,0.14849,75000,,,,,,-0.01965,0.333002,1.518625
uniform,2,863,178301,0.05,,300,26.5,27.7,0.170457,75000,,,,,,-0.023158,0.369532,1.682061
uniform,2,864,178541,0.05,-1.0,240,26.0,131.2,0.162597,75000,,,,,,-0.027195,0.348305,1.757732
uniform,2,865,178659,0.05,-1.0,118,24.61,131.81,0.184615,75000,,,,,,-0.040675,0.370782,2.07093
uniform,2,866,178874,0.05,1.0,215,131.32,22.13,0.153167,75000,,,,,,-0.007594,0.336398,1.581752
uniform,2,867,179174,0.05,,300,25.3,26.3,0.159647,75000,,,,,,-0.010252,0.357144,1.50536
uniform,2,868,179429,0.05,1.0,255,131.12,24.73,0.160195,75000,,,,,,-0.010031,0.350658,1.603263
uniform,2,869,179729,0.05,,300,28.5,27.5,0.166673,75000,,,,,,-0.015371,0.356037,1.531152
uniform,2,870,180029,0.05,,300,23.9,22.1,0.151127,75000,,,,,,-0.031399,0.342788,1.481703
uniform,2,871,180223,0.05,-1.0,194,24.63,131.43,0.162676,75000,,,,,,-0.018587,0.359316,1.300053
uniform,2,872,180315,0.05,-1.0,92,20.94,131.94,0.153083,75000,,,,,,-0.035523,0.342252,1.817743
uniform,2,873,180531,0.05,-1.0,216,22.32,131.32,0.151356,75000,,,,,,-0.017905,0.339319,1.434052
uniform,2,874,180831,0.05,,300,26.3,27.7,0.158838,75000,,,,,,-0.023056,0.343969,1.480618
uniform,2,875,181131,0.05,,300,23.1,26.3,0.148347,75000,,,,,,-0.009626,0.341639,1.331502
uniform,2,876,181431,0.05,,300,25.5,25.3,0.133559,75000,,,,,,-0.013767,0.316266,1.353289
uniform,2,877,181731,0.05,,300,27.5,24.3,0.149211,75000,,,,,,-0.016183,0.329809,1.415856
uniform,2,878,182031,0.05,,300,25.3,28.7,0.137365,75000,,,,,,-0.023555,0.325739,1.34092
uniform,2,879,182290,0.05,1.0,259,131.1,21.11,0.159206,75000,,,,,,-0.008128,0.346453,1.539982
uniform,2,880,182449,0.05,1.0,159,131.6,29.41,0.135757,75000,,,,,,-0.028621,0.316482,1.374048
uniform,2,881,182749,0.05,,300,25.5,26.5,0.137811,75000,,,,,,-0.006064,0.31656,1.212579
uniform,2,882,183049,0.05,,300,24.3,27.7,0.165265,75000,,,,,,-0.011558,0.353365,1.556963
uniform,2,883,183292,0.05,1.0,243,131.18,28.99,0.155471,75000,,,,,,-0.020545,0.345355,1.357447
uniform,2,884,183592,0.05,,300,24.1,27.5,0.152842,75000,,,,,,0.001881,0.336855,1.543425
uniform,2,885,183892,0.05,,300,21.5,22.1,0.147135,75000,,,,,,-0.013471,0.329188,1.277972
uniform,2,886,184144,0.05,-1.0,252,21.34,131.14,0.143593,75000,,,,,,-0.01184,0.335564,1.273947
uniform,2,887,184444,0.05,,300,25.5,21.7,0.133438,75000,,,,,,-0.026088,0.313884,1.308405
uniform,2,888,184744,0.05,,300,25.3,28.5,0.148891,75000,,,,,,-0.019562,0.3294,1.578901
uniform,2,889,185044,0.05,,300,26.3,24.1,0.150307,75000,,,,,,-0.009711,0.339435,1.317505
uniform,2,890,185344,0.05,,300,25.3,23.7,0.148167,75000,,,,,,-0.008373,0.334891,1.243647
uniform,2,891,185644,0.05,,300,25.3,25.1,0.136763,75000,,,,,,-0.013798,0.317537,1.307908
uniform,2,892,185944,0.05,,300,25.3,22.9,0.140433,75000,,,,,,-0.015311,0.321594,1.426156
uniform,2,893,186051,0.05,1.0,107,131.86,25.07,0.159782,75000,,,,,,-0.01931,0.366585,1.099139
uniform,2,894,186351,0.05,,300,25.1,24.1,0.137739,75000,,,,,,-0.009601,0.321222,1.169699
uniform,2,895,186651,0.05,,300,26.5,27.5,0.157043,75000,,,,,,0.007121,0.335481,1.486334
uniform,2,896,186951,0.05,,300,24.3,27.7,0.135088,75000,,,,,,-0.001042,0.309566,1.376236
uniform,2,897,187251,0.05,,300,27.7,23.9,0.154746,75000,,,,,,0.001242,0.347892,1.166352
uniform,2,898,187551,0.05,,300,22.9,23.1,0.136071,75000,,,,,,-0.010588,0.318595,1.121658
uniform,2,899,187851,0.05,,300,27.5,26.3,0.130718,75000,,,,,,-0.008877,0.309262,1.241224
uniform,2,900,188151,0.05,,300,22.9,22.7,0.157981,75000,,,,,,-0.014281,0.348772,1.492011
uniform,2,901,188451,0.05,,300,22.9,25.1,0.14379,75000,,,,,,-0.009319,0.324408,1.371822
uniform,2,902,188751,0.05,,300,24.5,26.3,0.1307,75000,,,,,,-0.018486,0.30614,1.309784
uniform,2,903,189001,0.05,-1.0,250,19.35,131.15,0.135077,75000,,,,,,-0.004669,0.313678,1.195859
uniform,2,904,189301,0.05,,300,25.1,26.5,0.128387,75000,,,,,,0.001027,0.314694,1.173105
uniform,2,905,189601,0.05,,300,25.3,24.1,0.115209,75000,,,,,,0.000536,0.287247,0.926156
uniform,2,906,189901,0.05,,300,27.1,23.1,0.1231,75000,,,,,,-0.007154,0.295629,1.170864
uniform,2,907,189989,0.05,-1.0,88,24.76,131.96,0.107197,75000,,,,,,0.006733,0.277757,0.841742
uniform,2,908,190106,0.05,1.0,117,131.81,27.02,0.130076,75000,,,,,,-0.020073,0.33022,0.891161
uniform,2,909,190379,0.05,1.0,273,131.03,23.64,0.128805,75000,,,,,,-0.020279,0.301756,1.218243
uniform,2,910,190679,0.05,,300,23.3,25.3,0.133761,75000,,,,,,-0.01093,0.305174,1.287129
uniform,2,911,190979,0.05,,300,21.3,28.1,0.125399,75000,,,,,,-0.021015,0.29482,1.434292
uniform,2,912,191092,0.05,1.0,113,131.83,19.84,0.142798,75000,,,,,,0.007279,0.338617,1.27376
uniform,2,913,191301,0.05,1.0,209,131.35,26.36,0.129481,75000,,,,,,0.006091,0.306418,1.243171
uniform,2,914,191601,0.05,,300,25.3,25.5,0.124265,75000,,,,,,-0.005909,0.297758,1.191614
uniform,2,915,191901,0.05,,300,27.7,25.5,0.123072,75000,,,,,,-0.000129,0.292173,1.16915
uniform,2,916,192201,0.05,,300,25.1,25.7,0.136317,75000,,,,,,-0.014498,0.31814,1.320346
uniform,2,917,192501,0.05,,300,27.5,26.1,0.135839,75000,,,,,,-0.01298,0.307221,1.518786
uniform,2,918,192801,0.05,,300,26.3,25.5,0.130992,75000,,,,,,-0.012577,0.298522,1.671795
uniform,2,919,193101,0.05,,300,25.5,23.1,0.141184,75000,,,,,,-0.014226,0.317738,1.543576
uniform,2,920,193401,0.05,,300,28.5,25.5,0.124506,75000,,,,,,-0.006011,0.298911,1.074369
uniform,2,921,193701,0.05,,300,25.3,28.7,0.118662,75000,,,,,,-0.004244,0.288238,1.147696
uniform,2,922,194001,0.05,,300,25.3,25.5,0.119958,75000,,,,,,-0.011704,0.287822,1.212194
uniform,2,923,194301,0.05,,300,21.9,27.5,0.12421,75000,,,,,,-0.003681,0.301182,1.100093
uniform,2,924,194601,0.05,,300,25.1,27.5,0.116228,75000,,,,,,-0.010734,0.282968,1.176497
uniform,2,925,194901,0.05,,300,24.1,25.3,0.113465,75000,,,,,,-0.009184,0.275866,1.100003
uniform,2,926,195201,0.05,,300,26.3,27.5,0.126381,75000,,,,,,0.001927,0.303316,1.040386
uniform,2,927,195501,0.05,,300,27.5,26.3,0.135981,75000,,,,,,-0.020363,0.310362,1.266323
uniform,2,928,195801,0.05,,300,25.5,25.9,0.121357,75000,,,,,,-0.020082,0.291242,1.181156
uniform,2,929,196101,0.05,,300,25.1,25.3,0.127989,75000,,,,,,-0.020189,0.300584,1.467505
uniform,2,930,196401,0.05,,300,26.1,27.5,0.112967,75000,,,,,,-0.011453,0.281004,0.923312
uniform,2,931,196701,0.05,,300,27.5,26.3,0.11199,75000,,,,,,-0.013468,0.276565,1.09614
uniform,2,932,196940,0.05,1.0,239,131.2,28.21,0.120915,75000,,,,,,-0.008706,0.284808,1.295399
uniform,2,933,197240,0.05,,300,25.5,22.9,0.132063,75000,,,,,,-0.010766,0.308516,1.281478
uniform,2,934,197540,0.05,,300,26.3,25.3,0.118013,75000,,,,,,-0.009476,0.286702,1.177402
uniform,2,935,197840,0.05,,300,25.3,25.5,0.108528,75000,,,,,,-0.005593,0.272671,1.000903
uniform,2,936,198140,0.05,,300,25.5,27.5,0.117998,75000,,,,,,-0.015841,0.291037,1.271921
uniform,2,937,198440,0.05,,300,18.1,26.1,0.133578,75000,,,,,,-0.004877,0.301773,1.427233
uniform,2,938,198740,0.05,,300,27.5,26.5,0.122089,75000,,,,,,-0.005396,0.289098,1.094452
uniform,2,939,199040,0.05,,300,26.3,27.5,0.117525,75000,,,,,,-0.006287,0.286385,1.1267
uniform,2,940,199340,0.05,,300,25.3,27.7,0.134152,75000,,,,,,-0.008276,0.307651,1.404208
uniform,2,941,199640,0.05,,300,25.3,28.7,0.109916,75000,,,,,,0.004482,0.277238,0.951716
uniform,2,942,199940,0.05,,300,22.9,22.1,0.10828,75000,,,,,,0.0055,0.272714,1.098005
uniform,2,943,200127,0.05,1.0,187,131.46,24.07,0.12061,75000,,,,,,-0.004811,0.292639,1.108841
uniform,2,944,200423,0.05,-1.0,296,28.72,130.92,0.117913,75000,,,,,,-0.009932,0.281808,1.238203
uniform,2,945,200723,0.05,,300,27.5,26.3,0.117053,75000,,,,,,-0.008846,0.279542,1.226973
uniform,2,946,201023,0.05,,300,25.3,25.5,0.103435,75000,,,,,,-0.005901,0.26899,0.894173
uniform,2,947,201323,0.05,,300,25.5,25.3,0.143962,75000,,,,,,-0.010374,0.315152,1.379864
uniform,2,948,201623,0.05,,300,25.5,25.1,0.115873,75000,,,,,,-0.00405,0.281731,1.158448
uniform,2,949,201923,0.05,,300,24.1,27.7,0.110252,75000,,,,,,-0.002423,0.27258,0.963765
uniform,2,950,202223,0.05,,300,23.1,23.1,0.130132,75000,,,,,,-0.016629,0.299819,1.291916
uniform,2,951,202480,0.05,1.0,257,131.11,20.52,0.110837,75000,,,,,,0.005992,0.27368,1.017751
uniform,2,952,202780,0.05,,300,25.3,26.3,0.117594,75000,,,,,,-0.005254,0.27971,1.155123
uniform,2,953,203080,0.05,,300,27.5,26.3,0.125318,75000,,,,,,-0.007632,0.291802,1.306395
uniform,2,954,203380,0.05,,300,23.1,25.5,0.095405,75000,,,,,,-0.00283,0.258065,0.886218
uniform,2,955,203645,0.05,1.0,265,131.07,28.08,0.110333,75000,,,,,,-0.002893,0.267783,1.191208
uniform,2,956,203945,0.05,,300,27.5,26.5,0.094063,75000,,,,,,0.003004,0.247803,0.979909
uniform,2,957,204245,0.05,,300,28.7,27.5,0.109843,75000,,,,,,-0.008626,0.276086,1.026316
uniform,2,958,204545,0.05,,300,24.1,25.3,0.094652,75000,,,,,,-0.009209,0.252326,0.891249
uniform,2,959,204837,0.05,-1.0,292,27.94,130.94,0.103876,75000,,,,,,-0.010414,0.259407,1.059476
uniform,2,960,205137,0.05,,300,25.3,26.3,0.098095,75000,,,,,,0.002311,0.260332,0.917534
uniform,2,961,205273,0.05,-1.0,136,26.52,131.72,0.122202,75000,,,,,,-0.004149,0.281501,1.281873
uniform,2,962,205573,0.05,,300,24.3,25.3,0.125597,75000,,,,,,0.002883,0.28253,1.343698
uniform,2,963,205873,0.05,,300,24.3,27.7,0.102453,75000,,,,,,-0.001583,0.25672,1.003775
uniform,2,964,206173,0.05,,300,25.3,24.1,0.117059,75000,,,,,,-0.005039,0.282547,1.047704
uniform,2,965,206297,0.05,-1.0,124,21.98,131.78,0.102495,75000,,,,,,-0.006645,0.265063,0.89445
uniform,2,966,206597,0.05,,300,23.1,24.3,0.102045,75000,,,,,,0.003119,0.258381,0.945115
uniform,2,967,206897,0.05,,300,27.9,25.5,0.09648,75000,,,,,,-0.001066,0.250126,0.947339
uniform,2,968,207197,0.05,,300,25.1,25.3,0.103168,75000,,,,,,-0.005311,0.263987,1.013262
uniform,2,969,207497,0.05,,300,25.5,26.5,0.099885,75000,,,,,,0.004015,0.25645,0.831287
uniform,2,970,207797,0.05,,300,25.5,25.5,0.098151,75000,,,,,,-0.000689,0.251546,0.995335
uniform,2,971,208097,0.05,,300,25.3,25.3,0.100066,75000,,,,,,-0.010356,0.256657,1.037702
uniform,2,972,208397,0.05,,300,24.7,25.1,0.106634,75000,,,,,,-0.001422,0.2643,1.046324
uniform,2,973,208697,0.05,,300,27.5,26.5,0.099517,75000,,,,,,-0.012789,0.254294,0.920508
uniform,2,974,208997,0.05,,300,25.1,25.3,0.10562,75000,,,,,,-0.008271,0.260135,1.077922
uniform,2,975,209297,0.05,,300,26.5,27.5,0.11526,75000,,,,,,-0.015244,0.280856,1.051869
uniform,2,976,209597,0.05,,300,25.5,25.5,0.099844,75000,,,,,,-0.001981,0.256333,0.813352
uniform,2,977,209734,0.05,1.0,137,131.71,26.52,0.122452,75000,,,,,,-0.011731,0.279801,1.433102
uniform,2,978,209889,0.05,1.0,155,131.62,23.03,0.094185,75000,,,,,,-0.018965,0.247713,0.921003
uniform,2,979,210081,0.05,-1.0,192,19.24,131.44,0.12119,75000,,,,,,0.01189,0.282861,1.081829
uniform,2,980,210256,0.05,1.0,175,131.52,29.33,0.11373,75000,,,,,,-0.004107,0.269392,1.006159
uniform,2,981,210556,0.05,,300,25.3,24.9,0.108383,75000,,,,,,0.004213,0.260537,1.125427
uniform,2,982,210856,0.05,,300,25.1,25.1,0.106687,75000,,,,,,-0.012975,0.259586,1.055733
uniform,2,983,211092,0.05,-1.0,236,26.42,131.22,0.12423,75000,,,,,,-0.010698,0.281843,1.169715
uniform,2,984,211392,0.05,,300,25.1,25.3,0.119315,75000,,,,,,-0.015342,0.278214,1.2297
uniform,2,985,211692,0.05,,300,23.1,25.1,0.103527,75000,,,,,,-0.009136,0.258385,0.905817
uniform,2,986,211992,0.05,,300,27.7,26.3,0.101651,75000,,,,,,-0.00675,0.252446,1.122681
uniform,2,987,212292,0.05,,300,23.1,23.1,0.105289,75000,,,,,,0.009449,0.261061,1.089041
uniform,2,988,212592,0.05,,300,25.1,25.3,0.108949,75000,,,,,,0.007006,0.261602,1.008802
uniform,2,989,212892,0.05,,300,25.1,25.1,0.098701,75000,,,,,,-0.002371,0.247287,0.849926
uniform,2,990,213192,0.05,,300,25.5,25.1,0.107155,75000,,,,,,-0.003573,0.263865,0.938978
uniform,2,991,213399,0.05,1.0,207,131.36,19.77,0.100073,75000,,,,,,-0.0107,0.253458,1.006894
uniform,2,992,213699,0.05,,300,27.5,27.3,0.100058,75000,,,,,,-0.011996,0.250303,1.078862
uniform,2,993,213999,0.05,,300,26.3,27.7,0.10748,75000,,,,,,-0.018424,0.257286,1.242859
uniform,2,994,214299,0.05,,300,25.3,20.7,0.118245,75000,,,,,,0.004775,0.275485,1.152642
uniform,2,995,214599,0.05,,300,23.1,25.3,0.104169,75000,,,,,,-0.011509,0.254035,1.062294
uniform,2,996,214883,0.05,-1.0,284,28.78,130.98,0.084094,75000,,,,,,-0.005711,0.230324,0.865732
uniform,2,997,215183,0.05,,300,24.9,25.1,0.109706,75000,,,,,,-0.015664,0.263867,1.360625
uniform,2,998,215483,0.05,,300,25.3,25.1,0.106114,75000,,,,,,-0.011333,0.259595,1.285857
uniform,2,999,215783,0.05,,300,26.5,25.3,0.089663,75000,,,,,,0.000672,0.239135,0.741775
uniform,2,1000,216083,0.05,,300,25.3,22.9,0.095162,75000,,,,,,-0.010789,0.245956,0.961305
uniform,2,1001,216383,0.05,,300,25.5,23.3,0.110521,75000,,,,,,-0.004521,0.261873,1.156764
uniform,2,1002,216576,0.05,1.0,193,131.43,29.24,0.101059,75000,,,,,,-0.001243,0.248102,1.04556
uniform,2,1003,216876,0.05,,300,23.1,25.1,0.10088,75000,,,,,,-0.00827,0.246873,1.031475
uniform,2,1004,217176,0.05,,300,23.1,20.7,0.116241,75000,,,,,,-0.024276,0.268503,1.406536
uniform,2,1005,217476,0.05,,300,23.1,24.1,0.099696,75000,,,,,,-0.009729,0.248539,0.990705
uniform,2,1006,217776,0.05,,300,25.3,25.5,0.096515,75000,,,,,,-0.005315,0.242745,1.14514
uniform,2,1007,218076,0.05,,300,25.1,25.1,0.089123,75000,,,,,,-0.011935,0.23569,0.819481
uniform,2,1008,218376,0.05,,300,25.3,25.3,0.092874,75000,,,,,,-0.010865,0.239917,0.925095
uniform,2,1009,218488,0.05,-1.0,112,23.84,131.84,0.084506,75000,,,,,,-0.004442,0.230116,0.806517
uniform,2,1010,218788,0.05,,300,25.3,23.1,0.09724,75000,,,,,,-0.010487,0.241499,0.948237
uniform,2,1011,219088,0.05,,300,25.3,25.3,0.084957,75000,,,,,,-0.002743,0.231633,0.885279
uniform,2,1012,219388,0.05,,300,23.1,25.1,0.106725,75000,,,,,,-0.000324,0.256004,0.984805
uniform,2,1013,219688,0.05,,300,24.1,28.1,0.08351,75000,,,,,,-0.009091,0.227138,0.803235
uniform,2,1014,219988,0.05,,300,25.3,24.5,0.084951,75000,,,,,,-0.005381,0.225579,0.862879
uniform,2,1015,220166,0.05,-1.0,178,28.51,131.51,0.099126,75000,,,,,,-0.011906,0.254269,0.846129
uniform,2,1016,220466,0.05,,300,25.3,23.9,0.094172,75000,,,,,,-0.011195,0.242165,0.921866
uniform,2,1017,220766,0.05,,300,25.1,25.3,0.0834,75000,,,,,,0.000109,0.226329,0.983045
uniform,2,1018,221066,0.05,,300,25.5,25.1,0.087473,75000,,,,,,0.001751,0.233819,0.785169
uniform,2,1019,221366,0.05,,300,25.1,25.3,0.083573,75000,,,,,,-0.011091,0.228109,0.983385
uniform,2,1020,221666,0.05,,300,25.3,25.3,0.079148,75000,,,,,,-0.006817,0.218379,0.855443
uniform,2,1021,221966,0.05,,300,25.3,25.3,0.080883,75000,,,,,,-0.00313,0.21887,0.935347
uniform,2,1022,222266,0.05,,300,25.3,23.1,0.091529,75000,,,,,,-0.005569,0.2406,0.794462
uniform,2,1023,222551,0.05,1.0,285,130.97,23.18,0.081558,75000,,,,,,-0.013857,0.226662,0.871572
uniform,2,1024,222851,0.05,,300,25.1,23.1,0.079516,75000,,,,,,-0.009761,0.222307,0.7566
uniform,2,1025,223009,0.05,-1.0,158,26.41,131.61,0.081286,75000,,,,,,-0.008788,0.220549,0.821157
uniform,2,1026,223309,0.05,,300,22.9,25.1,0.097045,75000,,,,,,0.007348,0.242092,1.019885
uniform,2,1027,223609,0.05,,300,25.1,20.5,0.073426,75000,,,,,,-0.00281,0.215786,0.66236
uniform,2,1028,223909,0.05,,300,25.9,25.7,0.076837,75000,,,,,,-0.004475,0.214959,0.739412
uniform,2,1029,224209,0.05,,300,25.1,25.3,0.085639,75000,,,,,,-0.005402,0.229862,0.840886
uniform,2,1030,224509,0.05,,300,25.1,25.3,0.082323,75000,,,,,,-0.011108,0.221103,0.833628
uniform,2,1031,224809,0.05,,300,24.3,24.7,0.070492,75000,,,,,,-0.007028,0.205981,0.803172
uniform,2,1032,225109,0.05,,300,23.1,27.5,0.083508,75000,,,,,,-0.000895,0.223811,0.91172
uniform,2,1033,225313,0.05,-1.0,204,28.78,131.38,0.080054,75000,,,,,,0.006623,0.218888,0.738988
uniform,2,1034,225512,0.05,1.0,199,131.4,28.41,0.071883,75000,,,,,,4.3e-05,0.209574,0.680321
uniform,2,1035,225812,0.05,,300,25.3,25.3,0.07736,75000,,,,,,-0.005973,0.211141,0.840937
uniform,2,1036,226029,0.05,1.0,217,131.31,24.12,0.07009,75000,,,,,,-0.005431,0.208687,0.637744
uniform,2,1037,226329,0.05,,300,27.5,27.5,0.097607,75000,,,,,,-0.015101,0.240772,1.047604
uniform,2,1038,226629,0.05,,300,26.3,25.3,0.079801,75000,,,,,,-0.008473,0.218193,0.766289
uniform,2,1039,226864,0.05,1.0,235,131.22,26.43,0.087216,75000,,,,,,-0.006852,0.224298,0.940103
uniform,2,1040,227164,0.05,,300,23.1,25.3,0.07903,75000,,,,,,-0.002809,0.220282,0.840251
uniform,2,1041,227464,0.05,,300,22.9,22.1,0.100088,75000,,,,,,0.003825,0.238005,1.410685
uniform,2,1042,227764,0.05,,300,27.5,25.3,0.081126,75000,,,,,,0.001694,0.215661,0.869712
uniform,2,1043,228038,0.05,-1.0,274,26.23,131.03,0.076509,75000,,,,,,-0.000754,0.215151,0.856299
uniform,2,1044,228338,0.05,,300,25.3,26.1,0.082103,75000,,,,,,-0.001909,0.222337,0.908884
uniform,2,1045,228638,0.05,,300,25.3,25.1,0.076562,75000,,,,,,0.003738,0.210646,0.881218
uniform,2,1046,228938,0.05,,300,25.5,25.5,0.077612,75000,,,,,,-0.001684,0.209773,0.984038
uniform,2,1047,229132,0.05,-1.0,194,25.63,131.43,0.086063,75000,,,,,,0.018904,0.227521,1.037587
uniform,2,1048,229399,0.05,1.0,267,131.06,24.27,0.090928,75000,,,,,,-0.003519,0.228466,0.899495
uniform,2,1049,229597,0.05,-1.0,198,23.81,131.41,0.084242,75000,,,,,,-0.013559,0.218614,0.93556
uniform,2,1050,229897,0.05,,300,25.3,25.1,0.089669,75000,,,,,,-0.004915,0.222585,1.030421
uniform,2,1051,230094,0.05,1.0,197,131.41,23.82,0.1084,75000,,,,,,-0.022801,0.250765,1.289908
uniform,2,1052,230394,0.05,,300,25.1,25.5,0.093218,75000,,,,,,-0.0104,0.23291,1.175169
uniform,2,1053,230694,0.05,,300,25.1,28.3,0.079092,75000,,,,,,-0.006565,0.212963,0.869116
uniform,2,1054,230994,0.05,,300,25.5,25.5,0.079025,75000,,,,,,-0.011072,0.215924,0.879608
uniform,2,1055,231294,0.05,,300,24.1,27.5,0.101632,75000,,,,,,-0.000951,0.2429,1.141099
uniform,2,1056,231594,0.05,,300,25.3,25.1,0.081082,75000,,,,,,-0.002383,0.215445,0.860011
uniform,2,1057,231894,0.05,,300,25.3,25.1,0.087028,75000,,,,,,-0.001087,0.218885,0.951251
uniform,2,1058,232194,0.05,,300,24.1,27.7,0.091449,75000,,,,,,-0.014198,0.23332,0.940911
uniform,2,1059,232494,0.05,,300,26.1,27.5,0.093141,75000,,,,,,-0.009928,0.230066,1.09039
uniform,2,1060,232794,0.05,,300,25.3,25.5,0.079692,75000,,,,,,-0.009273,0.212246,0.828437
uniform,2,1061,233094,0.05,,300,27.7,28.7,0.081669,75000,,,,,,0.00607,0.219214,0.757494
uniform,2,1062,233210,0.05,-1.0,116,24.42,131.82,0.09603,75000,,,,,,0.003408,0.232923,1.052316
uniform,2,1063,233510,0.05,,300,25.3,25.3,0.079891,75000,,,,,,-0.003571,0.214075,0.858172
uniform,2,1064,233810,0.05,,300,25.1,27.5,0.077836,75000,,,,,,-0.000818,0.208441,0.841802
uniform,2,1065,233956,0.05,-1.0,146,23.27,131.67,0.079059,75000,,,,,,-0.005676,0.209351,0.767373
uniform,2,1066,234256,0.05,,300,28.5,27.5,0.084793,75000,,,,,,-0.011018,0.22422,0.892259
uniform,2,1067,234556,0.05,,300,25.3,24.3,0.073642,75000,,,,,,-0.000556,0.206848,0.740563
uniform,2,1068,234856,0.05,,300,25.1,27.7,0.075308,75000,,,,,,-0.009611,0.204033,0.777223
uniform,2,1069,235156,0.05,,300,27.5,24.9,0.07883,75000,,,,,,-0.006573,0.215418,0.799255
uniform,2,1070,235456,0.05,,300,27.3,25.3,0.069411,75000,,,,,,0.000402,0.200742,0.674017
uniform,2,1071,235756,0.05,,300,25.3,25.3,0.06819,75000,,,,,,-0.007435,0.197338,0.713771
uniform,2,1072,236056,0.05,,300,25.3,25.3,0.063801,75000,,,,,,0.000855,0.195837,0.644683
uniform,2,1073,236356,0.05,,300,24.3,25.5,0.086149,75000,,,,,,0.009928,0.220064,0.912625
uniform,2,1074,236656,0.05,,300,25.5,23.9,0.076471,75000,,,,,,-0.010976,0.205845,1.055685
uniform,2,1075,236956,0.05,,300,27.5,28.7,0.065843,75000,,,,,,0.001557,0.194647,0.717029
uniform,2,1076,237256,0.05,,300,25.1,25.1,0.087991,75000,,,,,,-0.007686,0.22784,0.860089
uniform,2,1077,237556,0.05,,300,25.1,25.3,0.094342,75000,,,,,,-0.017827,0.226889,1.249261
uniform,2,1078,237856,0.05,,300,22.9,25.3,0.071483,75000,,,,,,-0.006533,0.20221,0.790817
uniform,2,1079,238156,0.05,,300,25.3,25.3,0.075551,75000,,,,,,0.005124,0.215703,0.685495
uniform,2,1080,238456,0.05,,300,25.5,25.5,0.084927,75000,,,,,,-0.001089,0.221015,0.830221
uniform,2,1081,238756,0.05,,300,25.5,25.3,0.079655,75000,,,,,,-0.006205,0.213142,0.87788
uniform,2,1082,239056,0.05,,300,25.3,25.1,0.086515,75000,,,,,,-0.005252,0.223598,0.896009
uniform,2,1083,239356,0.05,,300,25.3,23.1,0.077745,75000,,,,,,-0.004786,0.212451,0.882987
uniform,2,1084,239656,0.05,,300,24.5,25.1,0.071387,75000,,,,,,-0.002959,0.202708,0.724033
uniform,2,1085,239956,0.05,,300,23.9,23.9,0.074699,75000,,,,,,-0.003816,0.204327,0.83566
uniform,2,1086,240256,0.05,,300,25.3,25.3,0.079662,75000,,,,,,-0.006439,0.221243,0.770115
uniform,2,1087,240556,0.05,,300,24.9,25.5,0.079848,75000,,,,,,-0.008451,0.210491,0.827544
uniform,2,1088,240856,0.05,,300,25.5,25.5,0.068243,75000,,,,,,-0.006982,0.194598,0.777364
uniform,2,1089,241156,0.05,,300,20.9,25.3,0.085875,75000,,,,,,-0.008681,0.223817,0.943963
uniform,2,1090,241456,0.05,,300,25.3,25.1,0.082115,75000,,,,,,-0.004168,0.214038,0.887188
uniform,2,1091,241736,0.05,-1.0,280,26.0,131.0,0.07911,75000,,,,,,-0.0034,0.209866,0.807541
uniform,2,1092,242036,0.05,,300,25.3,23.7,0.074945,75000,,,,,,-0.002702,0.207098,0.769549
uniform,2,1093,242336,0.05,,300,25.5,24.3,0.082119,75000,,,,,,-0.006037,0.216608,0.791969
uniform,2,1094,242636,0.05,,300,25.3,23.3,0.07974,75000,,,,,,-0.006652,0.209567,0.806285
uniform,2,1095,242936,0.05,,300,25.5,23.1,0.070529,75000,,,,,,-0.007648,0.198911,0.726744
uniform,2,1096,243236,0.05,,300,27.1,24.1,0.086925,75000,,,,,,-0.000296,0.224335,0.825423
uniform,2,1097,243536,0.05,,300,25.3,25.3,0.079229,75000,,,,,,-0.005726,0.207251,0.911819
uniform,2,1098,243836,0.05,,300,25.3,25.3,0.080909,75000,,,,,,-0.004883,0.208714,0.850327
uniform,2,1099,244136,0.05,,300,25.5,23.1,0.082903,75000,,,,,,-0.016406,0.218121,0.876755
uniform,2,1100,244436,0.05,,300,24.1,25.5,0.079869,75000,,,,,,-0.009768,0.210155,0.776765
uniform,2,1101,244736,0.05,,300,25.3,28.5,0.069138,75000,,,,,,-0.011294,0.196282,0.693972
uniform,2,1102,244870,0.05,-1.0,134,23.93,131.73,0.063742,75000,,,,,,-0.005742,0.188299,0.651353
uniform,2,1103,245142,0.05,-1.0,272,26.24,131.04,0.095965,75000,,,,,,-0.002236,0.229409,1.36068
uniform,2,1104,245442,0.05,,300,23.1,24.3,0.087586,75000,,,,,,-0.000513,0.218027,0.991536
uniform,2,1105,245742,0.05,,300,27.5,25.9,0.078358,75000,,,,,,-0.007059,0.204352,0.866626
uniform,2,1106,246042,0.05,,300,27.7,28.1,0.074562,75000,,,,,,-0.005065,0.203719,0.829372
uniform,2,1107,246342,0.05,,300,25.3,25.5,0.085134,75000,,,,,,-0.012884,0.216651,0.913664
uniform,2,1108,246642,0.05,,300,27.7,25.5,0.081196,75000,,,,,,-0.018658,0.210128,0.978865
uniform,2,1109,246942,0.05,,300,25.3,22.9,0.067096,75000,,,,,,-0.009595,0.194335,0.809593
uniform,2,1110,247242,0.05,,300,22.5,25.1,0.076088,75000,,,,,,0.001829,0.212025,0.711433
uniform,2,1111,247542,0.05,,300,21.7,22.5,0.0758,75000,,,,,,-0.000137,0.203917,0.779938
uniform,2,1112,247842,0.05,,300,25.3,25.1,0.07095,75000,,,,,,0.000286,0.196251,0.79948
uniform,2,1113,248142,0.05,,300,25.3,25.3,0.063283,75000,,,,,,-0.007075,0.192426,0.686086
uniform,2,1114,248442,0.05,,300,25.3,24.9,0.072689,75000,,,,,,-0.001912,0.196715,0.772018
uniform,2,1115,248742,0.05,,300,25.1,25.5,0.064304,75000,,,,,,-0.00573,0.185721,0.65967
uniform,2,1116,249042,0.05,,300,28.5,25.5,0.064191,75000,,,,,,-0.007016,0.190451,0.658486
uniform,2,1117,249342,0.05,,300,22.9,27.5,0.057048,75000,,,,,,-0.00434,0.18646,0.540608
uniform,2,1118,249642,0.05,,300,27.9,27.5,0.062681,75000,,,,,,0.002473,0.187421,0.600353
uniform,2,1119,249942,0.05,,300,24.9,25.1,0.059874,75000,,,,,,-0.003226,0.183452,0.603472
uniform,2,1120,250242,0.05,,300,23.1,25.3,0.060331,75000,,,,,,-0.004651,0.191952,0.60634
uniform,2,1121,250542,0.05,,300,24.9,25.1,0.061779,75000,,,,,,-0.007425,0.187126,0.593971
uniform,2,1122,250842,0.05,,300,26.3,24.3,0.062607,75000,,,,,,-0.004496,0.186442,0.695771
uniform,2,1123,251142,0.05,,300,27.5,23.3,0.070755,75000,,,,,,-0.004503,0.199617,0.745187
uniform,2,1124,251442,0.05,,300,25.1,25.1,0.064559,75000,,,,,,0.001926,0.190176,0.664843
uniform,2,1125,251742,0.05,,300,25.1,27.5,0.05617,75000,,,,,,0.003373,0.177228,0.579464
uniform,2,1126,251874,0.05,-1.0,132,19.34,131.74,0.05914,75000,,,,,,-0.006255,0.180037,0.588478
uniform,2,1127,252174,0.05,,300,25.3,25.3,0.066457,75000,,,,,,-0.009115,0.194547,0.796637
uniform,2,1128,252474,0.05,,300,27.5,25.7,0.06438,75000,,,,,,-0.001569,0.187726,0.707571
uniform,2,1129,252774,0.05,,300,22.5,25.9,0.070678,75000,,,,,,-0.006757,0.193031,0.754166
uniform,2,1130,253074,0.05,,300,24.3,25.3,0.060553,75000,,,,,,0.004254,0.185217,0.65585
uniform,2,1131,253374,0.05,,300,25.5,22.7,0.057041,75000,,,,,,-0.004509,0.180291,0.607355
uniform,2,1132,253674,0.05,,300,23.7,24.9,0.052804,75000,,,,,,-0.004131,0.17306,0.52353
uniform,2,1133,253974,0.05,,300,27.5,25.5,0.04895,75000,,,,,,0.000769,0.165957,0.503975
uniform,2,1134,254274,0.05,,300,25.1,25.5,0.064849,75000,,,,,,-0.010685,0.19173,0.698914
uniform,2,1135,254574,0.05,,300,27.7,22.9,0.053553,75000,,,,,,-0.007079,0.171462,0.575262
uniform,2,1136,254874,0.05,,300,25.5,25.5,0.058725,75000,,,,,,-0.000907,0.176177,0.638465
uniform,2,1137,255174,0.05,,300,25.5,24.3,0.056605,75000,,,,,,-0.003648,0.181072,0.613152
uniform,2,1138,255474,0.05,,300,25.3,25.3,0.054863,75000,,,,,,0.000913,0.176284,0.565755
uniform,2,1139,255774,0.05,,300,25.3,25.1,0.059642,75000,,,,,,-0.008475,0.177304,0.74645
uniform,2,1140,256074,0.05,,300,27.5,25.1,0.055773,75000,,,,,,-0.001918,0.176836,0.668682
uniform,2,1141,256374,0.05,,300,25.1,25.3,0.053538,75000,,,,,,-0.004339,0.173922,0.597672
uniform,2,1142,256674,0.05,,300,25.3,25.5,0.047157,75000,,,,,,-0.002692,0.164665,0.519782
uniform,2,1143,256974,0.05,,300,25.5,25.1,0.052901,75000,,,,,,-0.009569,0.167209,0.579008
uniform,2,1144,257274,0.05,,300,25.1,24.7,0.053574,75000,,,,,,-0.005362,0.177677,0.544768
uniform,2,1145,257574,0.05,,300,25.3,25.3,0.054385,75000,,,,,,-0.005281,0.171108,0.616335
uniform,2,1146,257874,0.05,,300,23.1,22.7,0.050082,75000,,,,,,-0.006135,0.167262,0.548761
uniform,2,1147,258174,0.05,,300,25.1,25.1,0.057291,75000,,,,,,-0.004869,0.180107,0.602738
uniform,2,1148,258474,0.05,,300,25.5,27.5,0.057247,75000,,,,,,-0.009658,0.175668,0.697352
uniform,2,1149,258774,0.05,,300,25.3,25.3,0.050145,75000,,,,,,-0.003894,0.165466,0.529603
uniform,2,1150,259074,0.05,,300,24.1,25.5,0.051777,75000,,,,,,-0.001038,0.172624,0.567005
uniform,2,1151,259374,0.05,,300,25.3,25.3,0.045007,75000,,,,,,-0.002286,0.162937,0.459764
uniform,2,1152,259674,0.05,,300,25.3,25.3,0.049012,75000,,,,,,-0.007492,0.164008,0.599091
uniform,2,1153,259974,0.05,,300,25.3,25.3,0.044219,75000,,,,,,-0.003518,0.158769,0.453198
uniform,2,1154,260274,0.05,,300,21.1,27.3,0.057845,75000,,,,,,-0.008744,0.181767,0.573476
uniform,2,1155,260574,0.05,,300,23.1,25.5,0.049352,75000,,,,,,-0.004018,0.166946,0.494785
uniform,2,1156,260693,0.05,1.0,119,131.8,27.21,0.042039,75000,,,,,,-0.004958,0.157171,0.417247
uniform,2,1157,260993,0.05,,300,26.5,27.5,0.055151,75000,,,,,,-0.009202,0.167482,0.680039
uniform,2,1158,261293,0.05,,300,23.1,23.7,0.058267,75000,,,,,,-0.004706,0.181939,0.621506
uniform,2,1159,261593,0.05,,300,25.7,27.5,0.048838,75000,,,,,,-0.006571,0.165416,0.549315
uniform,2,1160,261893,0.05,,300,28.3,27.7,0.048312,75000,,,,,,-0.009122,0.16146,0.535145
uniform,2,1161,261997,0.05,-1.0,104,24.28,131.88,0.044792,75000,,,,,,-0.007606,0.155453,0.649258
uniform,2,1162,262297,0.05,,300,27.7,25.3,0.058292,75000,,,,,,-0.011249,0.179637,0.708107
uniform,2,1163,262597,0.05,,300,28.1,25.5,0.064074,75000,,,,,,-0.012508,0.178577,0.914409
uniform,2,1164,262897,0.05,,300,25.5,25.1,0.052155,75000,,,,,,-0.004021,0.164551,0.594025
uniform,2,1165,263197,0.05,,300,22.9,27.5,0.051914,75000,,,,,,-0.005202,0.169772,0.56733
uniform,2,1166,263497,0.05,,300,27.5,25.1,0.048728,75000,,,,,,-0.005754,0.161741,0.562111
uniform,2,1167,263797,0.05,,300,26.1,22.9,0.043437,75000,,,,,,-0.001795,0.153268,0.521114
uniform,2,1168,264097,0.05,,300,22.9,25.1,0.052116,75000,,,,,,-0.007161,0.167079,0.556632
uniform,2,1169,264397,0.05,,300,24.9,25.1,0.052234,75000,,,,,,-0.012772,0.165495,0.808291
uniform,2,1170,264697,0.05,,300,22.7,22.9,0.055376,75000,,,,,,-0.015047,0.166228,0.859341
uniform,2,1171,264997,0.05,,300,27.7,25.5,0.045289,75000,,,,,,-0.00638,0.154424,0.581801
uniform,2,1172,265297,0.05,,300,25.3,25.5,0.046956,75000,,,,,,-0.003594,0.164262,0.685063
uniform,2,1173,265597,0.05,,300,25.3,25.5,0.046589,75000,,,,,,2.6e-05,0.157562,0.604777
uniform,2,1174,265897,0.05,,300,25.5,25.3,0.044793,75000,,,,,,-0.005552,0.152989,0.539464
uniform,2,1175,266197,0.05,,300,25.3,25.3,0.04759,75000,,,,,,-0.006223,0.161989,0.52828
uniform,2,1176,266497,0.05,,300,24.1,25.5,0.044418,75000,,,,,,-0.001433,0.155878,0.482707
uniform,2,1177,266797,0.05,,300,27.7,27.7,0.039509,75000,,,,,,-0.005523,0.146948,0.654159
uniform,2,1178,267097,0.05,,300,27.7,25.7,0.044605,75000,,,,,,0.003629,0.155377,0.552388
uniform,2,1179,267397,0.05,,300,27.5,25.1,0.043609,75000,,,,,,-6.7e-05,0.154925,0.48457
uniform,2,1180,267697,0.05,,300,25.5,27.3,0.038134,75000,,,,,,-0.002057,0.14612,0.453962
uniform,2,1181,267997,0.05,,300,25.3,25.3,0.035846,75000,,,,,,-0.003196,0.140847,0.422314
uniform,2,1182,268297,0.05,,300,26.3,27.3,0.051104,75000,,,,,,-0.005505,0.165918,0.631017
uniform,2,1183,268597,0.05,,300,25.3,27.9,0.047881,75000,,,,,,-0.004872,0.157638,0.590549
uniform,2,1184,268897,0.05,,300,23.9,25.1,0.039224,75000,,,,,,-0.003087,0.147582,0.433772
uniform,2,1185,269160,0.05,1.0,263,131.08,22.89,0.050715,75000,,,,,,-0.009051,0.166919,0.553667
uniform,2,1186,269460,0.05,,300,27.1,24.7,0.050811,75000,,,,,,-0.010266,0.161628,0.630273
uniform,2,1187,269760,0.05,,300,25.3,27.7,0.04824,75000,,,,,,-0.008708,0.158304,0.616716
uniform,2,1188,270060,0.05,,300,26.5,25.3,0.046393,75000,,,,,,-0.004477,0.159594,0.535784
uniform,2,1189,270360,0.05,,300,25.1,25.3,0.045634,75000,,,,,,-0.007006,0.156127,0.576048
uniform,2,1190,270660,0.05,,300,25.5,25.3,0.044547,75000,,,,,,-0.00167,0.154237,0.506167
uniform,2,1191,270960,0.05,,300,27.7,26.1,0.043801,75000,,,,,,-0.003809,0.150428,0.564393
uniform,2,1192,271219,0.05,1.0,259,131.1,21.11,0.058108,75000,,,,,,0.002496,0.174717,0.6923
uniform,2,1193,271519,0.05,,300,25.1,27.5,0.041968,75000,,,,,,0.000373,0.152635,0.496832
uniform,2,1194,271819,0.05,,300,27.5,27.5,0.047826,75000,,,,,,-0.003141,0.15584,0.664622
uniform,2,1195,272119,0.05,,300,27.3,26.3,0.046492,75000,,,,,,-0.007327,0.15933,0.63773
uniform,2,1196,272419,0.05,,300,25.9,27.5,0.053549,75000,,,,,,-0.007199,0.164348,0.6317
uniform,2,1197,272719,0.05,,300,25.5,25.3,0.047308,75000,,,,,,-0.007759,0.156515,0.56455
uniform,2,1198,273019,0.05,,300,25.5,24.9,0.045909,75000,,,,,,-0.005402,0.154555,0.535344
uniform,2,1199,273107,0.05,-1.0,88,24.76,131.96,0.045647,75000,,,,,,-0.007761,0.164931,0.529607
uniform,2,1200,273407,0.05,,300,25.1,25.3,0.055026,75000,,,,,,-0.016817,0.167283,0.760866
uniform,2,1201,273670,0.05,1.0,263,131.08,23.89,0.0461,75000,,,,,,-0.003791,0.155167,0.657024
uniform,2,1202,273970,0.05,,300,25.3,23.1,0.053102,75000,,,,,,-0.013265,0.16133,0.698762
uniform,2,1203,274270,0.05,,300,27.7,25.5,0.05362,75000,,,,,,0.00517,0.168217,0.688365
uniform,2,1204,274570,0.05,,300,23.1,25.1,0.054152,75000,,,,,,-0.00873,0.163151,0.702305
uniform,2,1205,274870,0.05,,300,27.7,26.1,0.047052,75000,,,,,,0.003137,0.153632,0.658377
uniform,2,1206,275029,0.05,1.0,159,131.6,28.61,0.04913,75000,,,,,,-0.015333,0.162316,0.584354
uniform,2,1207,275329,0.05,,300,25.3,25.3,0.052272,75000,,,,,,-0.005765,0.162253,0.856948
uniform,2,1208,275629,0.05,,300,25.3,25.3,0.044094,75000,,,,,,-0.003991,0.147776,0.554454
uniform,2,1209,275929,0.05,,300,25.3,25.3,0.049036,75000,,,,,,-0.006158,0.151918,0.686208
uniform,2,1210,276229,0.05,,300,27.7,25.3,0.063532,75000,,,,,,0.002211,0.177767,0.761544
uniform,2,1211,276529,0.05,,300,25.5,25.3,0.061465,75000,,,,,,-0.008654,0.171257,0.72645
uniform,2,1212,276829,0.05,,300,23.3,25.3,0.042792,75000,,,,,,-0.000282,0.14956,0.513611
uniform,2,1213,277129,0.05,,300,25.3,25.9,0.054632,75000,,,,,,-0.015486,0.166901,0.6646
uniform,2,1214,277311,0.05,-1.0,182,24.09,131.49,0.060661,75000,,,,,,-0.008047,0.171273,0.745277
uniform,2,1215,277611,0.05,,300,27.9,25.1,0.063377,75000,,,,,,-0.009363,0.173132,0.734729
uniform,2,1216,277911,0.05,,300,26.3,27.5,0.051058,75000,,,,,,-0.01297,0.158019,0.694516
uniform,2,1217,278189,0.05,-1.0,278,26.21,131.01,0.057579,75000,,,,,,-0.005513,0.17171,0.667756
uniform,2,1218,278475,0.05,-1.0,286,25.97,130.97,0.067813,75000,,,,,,-0.007834,0.179494,0.867226
uniform,2,1219,278775,0.05,,300,27.3,25.1,0.05714,75000,,,,,,-0.007341,0.164259,0.720397
uniform,2,1220,279075,0.05,,300,25.3,27.5,0.060578,75000,,,,,,-0.001364,0.173023,0.766262
uniform,2,1221,279375,0.05,,300,25.3,27.5,0.065079,75000,,,,,,-0.009148,0.177944,0.743591
uniform,2,1222,279675,0.05,,300,25.7,27.5,0.05687,75000,,,,,,0.004328,0.165212,0.718989
uniform,2,1223,279975,0.05,,300,25.3,23.1,0.061752,75000,,,,,,-0.005177,0.169049,0.951329
uniform,2,1224,280275,0.05,,300,25.5,27.3,0.051192,75000,,,,,,-0.005688,0.16622,0.588502
uniform,2,1225,280370,0.05,1.0,95,131.92,21.13,0.052299,75000,,,,,,0.012154,0.164435,0.622244
uniform,2,1226,280670,0.05,,300,25.5,25.5,0.075074,75000,,,,,,-0.014848,0.184662,1.080552
uniform,2,1227,280970,0.05,,300,27.5,22.9,0.061774,75000,,,,,,-0.010377,0.170323,0.839834
uniform,2,1228,281109,0.05,1.0,139,131.7,25.11,0.067671,75000,,,,,,0.000374,0.190211,0.733707
uniform,2,1229,281409,0.05,,300,27.5,25.7,0.065305,75000,,,,,,-0.006561,0.175995,0.794034
uniform,2,1230,281709,0.05,,300,25.3,27.9,0.053528,75000,,,,,,-0.004641,0.159378,0.679732
uniform,2,1231,282009,0.05,,300,25.3,25.5,0.048656,75000,,,,,,-0.002337,0.155787,0.573974
uniform,2,1232,282245,0.05,-1.0,236,18.62,131.22,0.054462,75000,,,,,,-0.013019,0.169786,0.583014
uniform,2,1233,282545,0.05,,300,27.7,28.1,0.05591,75000,,,,,,-0.008397,0.163835,0.886891
uniform,2,1234,282678,0.05,1.0,133,131.73,24.14,0.069526,75000,,,,,,-0.022311,0.177906,1.215031
uniform,2,1235,282978,0.05,,300,25.3,25.5,0.053878,75000,,,,,,-0.002339,0.160792,0.771294
uniform,2,1236,283071,0.05,1.0,93,131.93,22.54,0.067389,75000,,,,,,0.003875,0.19046,0.675665
uniform,2,1237,283371,0.05,,300,25.3,25.3,0.056514,75000,,,,,,-0.003894,0.165702,0.774086
uniform,2,1238,283671,0.05,,300,27.3,25.3,0.066477,75000,,,,,,-0.014221,0.172982,1.187592
uniform,2,1239,283848,0.05,1.0,177,131.51,23.92,0.062432,75000,,,,,,-0.01176,0.168165,0.996466
uniform,2,1240,284148,0.05,,300,27.5,25.3,0.07164,75000,,,,,,-0.017012,0.18627,0.973086
uniform,2,1241,284448,0.05,,300,25.1,24.3,0.058121,75000,,,,,,-0.006045,0.169866,0.707993
uniform,2,1242,284703,0.05,1.0,255,131.12,25.93,0.061727,75000,,,,,,-0.011609,0.170274,1.14793
uniform,2,1243,285003,0.05,,300,25.5,25.1,0.059046,75000,,,,,,-0.008908,0.166214,0.808176
uniform,2,1244,285222,0.05,1.0,219,131.3,26.11,0.068843,75000,,,,,,-0.006243,0.185653,1.068748
uniform,2,1245,285522,0.05,,300,25.3,27.5,0.064416,75000,,,,,,-0.011325,0.175353,0.825231
uniform,2,1246,285822,0.05,,300,25.3,25.3,0.057575,75000,,,,,,-0.004815,0.164484,0.759646
uniform,2,1247,286122,0.05,,300,25.3,25.3,0.071785,75000,,,,,,-0.00724,0.185003,0.925678
uniform,2,1248,286269,0.05,1.0,147,131.66,28.87,0.070903,75000,,,,,,-0.016872,0.182007,0.781962
uniform,2,1249,286393,0.05,-1.0,124,24.18,131.78,0.081857,75000,,,,,,-0.022104,0.193831,1.335242
uniform,2,1250,286693,0.05,,300,25.5,25.5,0.067237,75000,,,,,,-0.003469,0.175363,0.883237
uniform,2,1251,286993,0.05,,300,28.7,22.7,0.053363,75000,,,,,,-0.005329,0.160913,0.670721
uniform,2,1252,287265,0.05,-1.0,272,23.04,131.04,0.05682,75000,,,,,,-0.000101,0.170761,0.70803
uniform,2,1253,287565,0.05,,300,27.5,23.1,0.071111,75000,,,,,,-0.013367,0.181893,1.01879
uniform,2,1254,287865,0.05,,300,27.5,25.1,0.058412,75000,,,,,,-0.00874,0.164351,0.924681
uniform,2,1255,288113,0.05,-1.0,248,28.76,131.16,0.066879,75000,,,,,,-0.015958,0.180545,1.213958
uniform,2,1256,288263,0.05,-1.0,150,29.05,131.65,0.072329,75000,,,,,,-0.014364,0.184144,1.224281
uniform,2,1257,288552,0.05,1.0,289,130.95,25.16,0.059498,75000,,,,,,-0.010621,0.168413,1.038013
uniform,2,1258,288852,0.05,,300,27.9,27.5,0.065541,75000,,,,,,-0.004069,0.173517,0.952284
uniform,2,1259,289077,0.05,1.0,225,131.27,24.08,0.070466,75000,,,,,,-0.01543,0.182631,0.931361
uniform,2,1260,289377,0.05,,300,25.3,25.3,0.071074,75000,,,,,,0.001428,0.182579,1.026348
uniform,2,1261,289677,0.05,,300,25.3,23.1,0.058598,75000,,,,,,-0.001091,0.166277,0.683672
uniform,2,1262,289977,0.05,,300,25.3,25.1,0.062283,75000,,,,,,-0.00357,0.167058,1.039155
uniform,2,1263,290277,0.05,,300,25.5,25.1,0.071705,75000,,,,,,-0.01124,0.184431,1.226001
uniform,2,1264,290577,0.05,,300,25.5,25.3,0.048004,75000,,,,,,-0.007563,0.152316,0.61807
uniform,2,1265,290877,0.05,,300,25.5,25.5,0.057978,75000,,,,,,-0.002322,0.163781,0.812358
uniform,2,1266,291177,0.05,,300,26.5,25.3,0.059871,75000,,,,,,0.004691,0.172051,0.728138
uniform,2,1267,291477,0.05,,300,25.3,25.1,0.066472,75000,,,,,,-0.010436,0.175828,1.075903
uniform,2,1268,291777,0.05,,300,27.5,25.3,0.0621,75000,,,,,,-0.00768,0.16913,0.925581
uniform,2,1269,291896,0.05,1.0,119,131.8,22.21,0.052307,75000,,,,,,-0.006755,0.157456,0.659076
uniform,2,1270,292068,0.05,-1.0,172,24.34,131.54,0.071946,75000,,,,,,-0.007472,0.186854,1.047933
uniform,2,1271,292368,0.05,,300,25.3,25.3,0.062508,75000,,,,,,-0.013444,0.174448,0.927578
uniform,2,1272,292668,0.05,,300,23.7,28.5,0.060968,75000,,,,,,-0.004956,0.16654,0.96636
uniform,2,1273,292968,0.05,,300,23.3,25.5,0.052195,75000,,,,,,-0.001852,0.158804,0.680069
uniform,2,1274,293200,0.05,-1.0,232,29.04,131.24,0.092902,75000,,,,,,-0.02063,0.20849,1.5643
uniform,2,1275,293500,0.05,,300,25.5,25.3,0.059818,75000,,,,,,0.001511,0.167939,0.741401
uniform,2,1276,293630,0.05,-1.0,130,28.75,131.75,0.059392,75000,,,,,,-0.006497,0.167823,0.677104
uniform,2,1277,293930,0.05,,300,25.3,25.3,0.057995,75000,,,,,,-0.002415,0.164614,0.727039
uniform,2,1278,294230,0.05,,300,25.3,25.3,0.078845,75000,,,,,,-0.019951,0.192607,1.331167
uniform,2,1279,294530,0.05,,300,25.5,25.3,0.079809,75000,,,,,,-0.011169,0.189564,1.272995
uniform,2,1280,294830,0.05,,300,25.3,23.3,0.065963,75000,,,,,,-0.016628,0.172452,1.46264
uniform,2,1281,295130,0.05,,300,23.1,25.3,0.071556,75000,,,,,,0.003218,0.184594,0.957535
uniform,2,1282,295430,0.05,,300,25.7,28.5,0.067492,75000,,,,,,0.009187,0.178697,0.805179
uniform,2,1283,295536,0.05,-1.0,106,25.27,131.87,0.058444,75000,,,,,,-0.007368,0.169281,0.715703
uniform,2,1284,295836,0.05,,300,27.9,25.1,0.064901,75000,,,,,,0.002092,0.173605,0.84191
uniform,2,1285,296136,0.05,,300,23.1,25.1,0.067891,75000,,,,,,-0.010048,0.180918,0.866547
uniform,2,1286,296436,0.05,,300,25.5,27.7,0.067195,75000,,,,,,-0.007757,0.178622,1.058516
uniform,2,1287,296736,0.05,,300,25.1,25.5,0.054616,75000,,,,,,-2.5e-05,0.161625,0.663965
uniform,2,1288,297036,0.05,,300,27.3,27.7,0.065391,75000,,,,,,-0.013029,0.175381,1.216294
uniform,2,1289,297336,0.05,,300,25.3,23.5,0.05956,75000,,,,,,0.003187,0.17239,0.667491
uniform,2,1290,297417,0.05,1.0,81,131.99,19.8,0.067546,75000,,,,,,-0.009241,0.180853,0.88823
uniform,2,1291,297717,0.05,,300,28.3,28.7,0.059861,75000,,,,,,-0.006845,0.167388,0.800918
uniform,2,1292,298017,0.05,,300,25.1,25.1,0.061723,75000,,,,,,-0.006711,0.170936,0.993007
uniform,2,1293,298317,0.05,,300,25.5,25.1,0.077455,75000,,,,,,-0.006715,0.192187,1.169527
uniform,2,1294,298617,0.05,,300,25.5,27.7,0.068704,75000,,,,,,-0.00855,0.178357,1.036408
uniform,2,1295,298766,0.05,1.0,149,131.65,24.06,0.06684,75000,,,,,,0.004032,0.176777,0.772149
uniform,2,1296,299066,0.05,,300,25.1,25.3,0.066643,75000,,,,,,-0.018027,0.177004,1.123171
uniform,2,1297,299366,0.05,,300,25.5,25.1,0.07508,75000,,,,,,-0.01555,0.187229,1.149195
uniform,2,1298,299666,0.05,,300,25.3,25.1,0.053862,75000,,,,,,-0.005343,0.161741,0.71594
uniform,2,1299,299966,0.05,,300,25.1,28.7,0.068947,75000,,,,,,-0.019375,0.174767,1.112089
uniform,2,1300,300079,0.05,1.0,113,131.83,24.84,0.063764,75000,,,,,,-6e-06,0.18479,0.711144
uniform,2,1301,300379,0.05,,300,25.1,25.1,0.061152,75000,,,,,,-0.007996,0.172478,0.937468
uniform,2,1302,300679,0.05,,300,25.1,25.7,0.058944,75000,,,,,,-0.006844,0.167061,0.83062
uniform,2,1303,300979,0.05,,300,27.5,27.7,0.070928,75000,,,,,,-0.011806,0.17694,1.148034
uniform,2,1304,301279,0.05,,300,25.1,25.5,0.065674,75000,,,,,,-0.005621,0.179626,0.946842
uniform,2,1305,301579,0.05,,300,25.3,25.3,0.05484,75000,,,,,,-0.005113,0.16274,0.686005
uniform,2,1306,301772,0.05,1.0,193,131.43,24.24,0.064928,75000,,,,,,-0.008239,0.171152,0.910891
uniform,2,1307,302014,0.05,-1.0,242,22.79,131.19,0.068428,75000,,,,,,-0.014846,0.175605,1.233456
uniform,2,1308,302314,0.05,,300,23.1,28.5,0.073308,75000,,,,,,0.002867,0.183813,0.977161
uniform,2,1309,302614,0.05,,300,28.5,22.9,0.077772,75000,,,,,,-0.002478,0.186525,1.163161
uniform,2,1310,302914,0.05,,300,25.3,27.7,0.071162,75000,,,,,,-0.003535,0.179279,1.046316
uniform,2,1311,303049,0.05,1.0,135,131.72,22.13,0.073868,75000,,,,,,-0.010011,0.191607,0.993592
uniform,2,1312,303349,0.05,,300,27.5,24.9,0.079446,75000,,,,,,-0.013701,0.193813,1.086943
uniform,2,1313,303649,0.05,,300,26.3,24.7,0.079898,75000,,,,,,-0.015537,0.191587,1.222838
uniform,2,1314,303949,0.05,,300,27.5,27.7,0.070105,75000,,,,,,-0.011739,0.180276,0.996198
uniform,2,1315,304097,0.05,-1.0,148,18.66,131.66,0.07016,75000,,,,,,-0.010217,0.184484,0.924706
uniform,2,1316,304397,0.05,,300,27.7,24.9,0.073476,75000,,,,,,-0.006174,0.187003,0.75399
uniform,2,1317,304697,0.05,,300,26.3,27.9,0.064915,75000,,,,,,-0.010907,0.173852,1.05838
uniform,2,1318,304997,0.05,,300,28.5,25.1,0.066542,75000,,,,,,-0.006024,0.175278,0.972349
uniform,2,1319,305297,0.05,,300,26.1,25.3,0.072998,75000,,,,,,-0.010691,0.186705,0.931733
uniform,2,1320,305597,0.05,,300,28.5,27.7,0.071816,75000,,,,,,-0.013485,0.180273,1.199076
uniform,2,1321,305897,0.05,,300,25.1,27.5,0.058156,75000,,,,,,0.000177,0.16558,0.641337
uniform,2,1322,306197,0.05,,300,27.7,25.5,0.06879,75000,,,,,,-0.012392,0.184175,0.925517
uniform,2,1323,306497,0.05,,300,25.3,25.3,0.063391,75000,,,,,,-0.004753,0.175232,0.790289
uniform,2,1324,306760,0.05,1.0,263,131.08,23.49,0.057675,75000,,,,,,-0.006252,0.166307,0.756528
uniform,2,1325,307060,0.05,,300,20.3,28.7,0.06346,75000,,,,,,-0.005902,0.175998,0.854484
uniform,2,1326,307233,0.05,1.0,173,131.53,26.14,0.057305,75000,,,,,,0.002078,0.172815,0.560953
uniform,2,1327,307533,0.05,,300,25.9,27.3,0.065555,75000,,,,,,0.007655,0.179132,0.728126
uniform,2,1328,307833,0.05,,300,25.3,25.3,0.057623,75000,,,,,,-0.00299,0.168193,0.712297
uniform,2,1329,307962,0.05,1.0,129,131.75,26.76,0.055442,75000,,,,,,0.005465,0.162639,0.565018
uniform,2,1330,308262,0.05,,300,25.3,25.3,0.070809,75000,,,,,,-0.011733,0.18675,0.933164
uniform,2,1331,308562,0.05,,300,25.3,25.5,0.070122,75000,,,,,,-0.007107,0.181948,0.933075
uniform,2,1332,308862,0.05,,300,25.5,25.5,0.066018,75000,,,,,,-0.004419,0.177113,0.794369
uniform,2,1333,309162,0.05,,300,22.9,25.3,0.075481,75000,,,,,,-0.018993,0.191018,1.366165
uniform,2,1334,309462,0.05,,300,25.3,25.1,0.050108,75000,,,,,,-0.002936,0.161233,0.767634
uniform,2,1335,309646,0.05,-1.0,184,26.28,131.48,0.068117,75000,,,,,,-0.013171,0.176349,1.049705
uniform,2,1336,309946,0.05,,300,25.3,25.1,0.070203,75000,,,,,,-0.025934,0.177237,1.357976
uniform,2,1337,310246,0.05,,300,28.1,27.7,0.07275,75000,,,,,,-0.018209,0.185189,1.171195
uniform,2,1338,310546,0.05,,300,27.7,27.7,0.062513,75000,,,,,,-0.01592,0.168782,1.137822
uniform,2,1339,310846,0.05,,300,27.7,22.5,0.051101,75000,,,,,,-0.001795,0.156445,0.665166
uniform,2,1340,311146,0.05,,300,25.3,28.3,0.05731,75000,,,,,,-0.005392,0.16969,0.761374
uniform,2,1341,311446,0.05,,300,25.5,25.1,0.067399,75000,,,,,,-0.010966,0.178508,1.194885
uniform,2,1342,311746,0.05,,300,25.3,27.5,0.060865,75000,,,,,,-0.006065,0.169427,0.836602
uniform,2,1343,312046,0.05,,300,25.1,27.5,0.064381,75000,,,,,,-0.015337,0.17444,1.196941
uniform,2,1344,312346,0.05,,300,22.9,25.3,0.05366,75000,,,,,,-0.003005,0.165337,0.776803
uniform,2,1345,312589,0.05,1.0,243,131.18,24.19,0.057705,75000,,,,,,-0.008249,0.163966,0.746085
uniform,2,1346,312683,0.05,-1.0,94,27.13,131.93,0.057979,75000,,,,,,-0.008147,0.162852,0.827167
uniform,2,1347,312983,0.05,,300,27.5,27.9,0.063375,75000,,,,,,-0.015476,0.171786,1.014973
uniform,2,1348,313283,0.05,,300,23.1,28.7,0.061362,75000,,,,,,-0.010502,0.174004,0.865677
uniform,2,1349,313406,0.05,1.0,123,131.78,29.59,0.08784,75000,,,,,,-0.020323,0.198982,1.196437
uniform,2,1350,313706,0.05,,300,27.7,24.1,0.072135,75000,,,,,,-0.01933,0.180991,1.230336
uniform,2,1351,314006,0.05,,300,25.1,27.5,0.076172,75000,,,,,,-0.007534,0.18596,0.927989
uniform,2,1352,314306,0.05,,300,25.3,27.5,0.078251,75000,,,,,,-0.019107,0.19662,1.060392
uniform,2,1353,314606,0.05,,300,27.5,25.3,0.075376,75000,,,,,,-0.01412,0.187101,1.119646
uniform,2,1354,314906,0.05,,300,27.5,25.5,0.066031,75000,,,,,,-0.014262,0.174104,1.031601
uniform,2,1355,315206,0.05,,300,23.3,28.1,0.077629,75000,,,,,,-0.019035,0.190734,1.293
uniform,2,1356,315506,0.05,,300,27.5,25.1,0.052163,75000,,,,,,0.008936,0.160585,0.521327
uniform,2,1357,315806,0.05,,300,25.1,21.7,0.051479,75000,,,,,,-0.000231,0.159406,0.624383
uniform,2,1358,316106,0.05,,300,22.7,27.5,0.070623,75000,,,,,,-0.012663,0.18296,1.04407
uniform,2,1359,316406,0.05,,300,25.3,22.7,0.064331,75000,,,,,,-0.005356,0.176258,0.919473
uniform,2,1360,316706,0.05,,300,22.9,27.7,0.062187,75000,,,,,,-0.014163,0.172839,0.889146
uniform,2,1361,317006,0.05,,300,25.3,25.5,0.066716,75000,,,,,,-0.015702,0.176404,0.962683
uniform,2,1362,317306,0.05,,300,25.1,24.9,0.062746,75000,,,,,,-0.000778,0.178659,0.767102
uniform,2,1363,317606,0.05,,300,23.1,25.1,0.051211,75000,,,,,,-0.007537,0.159488,0.623423
uniform,2,1364,317906,0.05,,300,25.1,25.1,0.055513,75000,,,,,,-0.011085,0.161771,0.890283
uniform,2,1365,318206,0.05,,300,24.9,25.5,0.071854,75000,,,,,,-0.017656,0.185759,1.130404
uniform,2,1366,318503,0.05,1.0,297,130.91,21.32,0.061034,75000,,,,,,-0.011086,0.168809,0.749947
uniform,2,1367,318803,0.05,,300,25.5,27.7,0.048312,75000,,,,,,-0.001139,0.155586,0.667893
uniform,2,1368,319019,0.05,-1.0,216,26.52,131.32,0.06866,75000,,,,,,-0.020731,0.179435,1.248008
uniform,2,1369,319306,0.05,1.0,287,130.96,20.57,0.054232,75000,,,,,,-0.007622,0.165976,0.636925
uniform,2,1370,319606,0.05,,300,25.1,25.5,0.066496,75000,,,,,,-0.015096,0.173812,1.062333
uniform,2,1371,319906,0.05,,300,22.9,23.5,0.057655,75000,,,,,,-0.014165,0.164055,0.848916
uniform,2,1372,320206,0.05,,300,27.5,25.1,0.073319,75000,,,,,,-0.014709,0.187701,1.077532
uniform,2,1373,320433,0.05,1.0,227,131.26,23.67,0.066244,75000,,,,,,-0.001849,0.175627,0.926309
uniform,2,1374,320733,0.05,,300,25.5,25.5,0.056851,75000,,,,,,-0.005061,0.166509,0.831244
uniform,2,1375,321033,0.05,,300,23.5,28.3,0.060123,75000,,,,,,-0.014445,0.170487,1.056489
uniform,2,1376,321333,0.05,,300,25.3,25.1,0.069069,75000,,,,,,-0.013696,0.182725,0.988864
uniform,2,1377,321633,0.05,,300,25.1,25.3,0.056059,75000,,,,,,-0.002768,0.164587,0.644308
uniform,2,1378,321933,0.05,,300,25.3,25.3,0.068481,75000,,,,,,-0.022105,0.176276,1.081547
uniform,2,1379,322233,0.05,,300,27.3,25.3,0.07497,75000,,,,,,-0.00851,0.189598,1.136753
uniform,2,1380,322533,0.05,,300,25.1,25.5,0.07901,75000,,,,,,-0.017181,0.190379,1.277588
uniform,2,1381,322717,0.05,-1.0,184,26.88,131.48,0.074427,75000,,,,,,-0.019574,0.181076,1.284758
uniform,2,1382,323017,0.05,,300,25.5,25.5,0.053619,75000,,,,,,-0.004403,0.161116,0.637327
uniform,2,1383,323317,0.05,,300,25.1,25.1,0.069481,75000,,,,,,-0.017054,0.182953,1.034174
uniform,2,1384,323458,0.05,1.0,141,131.69,24.3,0.066216,75000,,,,,,-0.019651,0.174292,1.130284
uniform,2,1385,323758,0.05,,300,21.9,23.1,0.064706,75000,,,,,,-0.020156,0.172775,1.224649
uniform,2,1386,324058,0.05,,300,23.1,25.5,0.058883,75000,,,,,,-0.012042,0.167939,0.999361
uniform,2,1387,324358,0.05,,300,23.3,22.9,0.059516,75000,,,,,,-0.009273,0.169084,0.767779
uniform,2,1388,324658,0.05,,300,25.5,27.7,0.062055,75000,,,,,,-0.01685,0.168598,1.009553
uniform,2,1389,324958,0.05,,300,25.5,27.7,0.059582,75000,,,,,,0.000146,0.166854,0.682289
uniform,2,1390,325258,0.05,,300,25.3,25.9,0.061607,75000,,,,,,-0.007932,0.173566,0.867071
uniform,2,1391,325558,0.05,,300,25.3,25.1,0.067248,75000,,,,,,-0.015986,0.176738,1.154068
uniform,2,1392,325858,0.05,,300,25.5,25.1,0.050462,75000,,,,,,-0.006763,0.157201,0.581165
uniform,2,1393,326158,0.05,,300,25.3,25.3,0.065611,75000,,,,,,-0.013902,0.177859,1.028125
uniform,2,1394,326458,0.05,,300,25.3,24.3,0.056705,75000,,,,,,-0.0084,0.166697,0.823561
uniform,2,1395,326686,0.05,-1.0,228,25.06,131.26,0.061862,75000,,,,,,-0.012702,0.167775,1.071997
uniform,2,1396,326986,0.05,,300,25.3,23.1,0.058184,75000,,,,,,-0.008979,0.165335,0.844713
uniform,2,1397,327286,0.05,,300,25.1,27.5,0.063181,75000,,,,,,-0.017413,0.177338,0.854258
uniform,2,1398,327586,0.05,,300,25.1,25.1,0.059676,75000,,,,,,-0.009291,0.166612,0.771505
uniform,2,1399,327886,0.05,,300,25.3,25.5,0.05887,75000,,,,,,-0.010157,0.166532,0.723792
uniform,2,1400,328186,0.05,,300,25.3,25.5,0.058549,75000,,,,,,-0.008127,0.171442,0.817828
uniform,2,1401,328486,0.05,,300,24.9,24.9,0.074096,75000,,,,,,-0.012755,0.185222,0.978167
uniform,2,1402,328701,0.05,1.0,215,131.32,26.13,0.053918,75000,,,,,,-0.007506,0.162035,0.655178
uniform,2,1403,329001,0.05,,300,25.3,25.1,0.067613,75000,,,,,,-0.019551,0.175438,1.118078
uniform,2,1404,329301,0.05,,300,25.3,20.5,0.060714,75000,,,,,,-0.001426,0.174442,0.634167
uniform,2,1405,329542,0.05,1.0,241,131.19,26.0,0.070302,75000,,,,,,-0.005017,0.17962,0.84755
uniform,2,1406,329842,0.05,,300,25.3,25.5,0.071975,75000,,,,,,-0.01292,0.180133,1.155689
uniform,2,1407,330107,0.05,1.0,265,131.07,21.48,0.063722,75000,,,,,,-0.007934,0.176515,0.752773
uniform,2,1408,330279,0.05,-1.0,172,23.74,131.54,0.080241,75000,,,,,,-0.015495,0.193164,1.096166
uniform,2,1409,330579,0.05,,300,27.7,25.1,0.067258,75000,,,,,,-0.009145,0.177882,0.848917
uniform,2,1410,330879,0.05,,300,23.3,25.3,0.086526,75000,,,,,,-0.025918,0.196069,1.357383
uniform,2,1411,331179,0.05,,300,22.3,27.7,0.074551,75000,,,,,,-0.005423,0.190324,1.122049
uniform,2,1412,331405,0.05,-1.0,226,25.87,131.27,0.062401,75000,,,,,,-0.014106,0.173777,1.087084
uniform,2,1413,331705,0.05,,300,23.1,28.1,0.07067,75000,,,,,,-0.019004,0.180982,1.076977
uniform,2,1414,332005,0.05,,300,25.3,25.5,0.050395,75000,,,,,,0.001069,0.157595,0.51894
uniform,2,1415,332305,0.05,,300,25.5,25.5,0.058144,75000,,,,,,-0.006382,0.172472,0.57061
uniform,2,1416,332605,0.05,,300,25.5,25.3,0.055521,75000,,,,,,-0.004174,0.16801,0.537242
uniform,2,1417,332905,0.05,,300,25.3,24.3,0.057768,75000,,,,,,-0.011471,0.168555,0.808064
uniform,2,1418,333205,0.05,,300,25.3,25.1,0.060558,75000,,,,,,-0.005343,0.175856,0.739729
uniform,2,1419,333505,0.05,,300,25.3,25.3,0.078154,75000,,,,,,-0.025542,0.190035,1.457456
uniform,2,1420,333805,0.05,,300,25.5,25.3,0.066155,75000,,,,,,-0.014334,0.176022,0.966153
uniform,2,1421,334105,0.05,,300,25.1,25.5,0.075579,75000,,,,,,-0.016226,0.190148,1.254881
uniform,2,1422,334405,0.05,,300,25.5,27.3,0.061445,75000,,,,,,-0.006222,0.173101,0.820995
uniform,2,1423,334705,0.05,,300,27.5,26.3,0.053653,75000,,,,,,-0.004212,0.163905,0.56099
uniform,2,1424,335005,0.05,,300,25.5,25.3,0.055454,75000,,,,,,-0.001974,0.165206,0.654203
uniform,2,1425,335305,0.05,,300,27.5,25.3,0.067672,75000,,,,,,-0.013582,0.183889,0.95649
uniform,2,1426,335605,0.05,,300,24.9,27.5,0.060344,75000,,,,,,-0.014108,0.170413,0.86747
uniform,2,1427,335696,0.05,1.0,91,131.94,21.95,0.074845,75000,,,,,,-0.0188,0.183013,1.247681
uniform,2,1428,335996,0.05,,300,25.5,25.3,0.067186,75000,,,,,,-0.018946,0.177252,0.931965
uniform,2,1429,336296,0.05,,300,22.9,23.7,0.065327,75000,,,,,,-0.005292,0.184051,0.805965
uniform,2,1430,336596,0.05,,300,25.3,25.3,0.058525,75000,,,,,,-0.008807,0.169179,0.839831
uniform,2,1431,336776,0.05,-1.0,180,26.1,131.5,0.047543,75000,,,,,,-0.002161,0.156756,0.49691
uniform,2,1432,337076,0.05,,300,25.7,27.5,0.06923,75000,,,,,,0.000495,0.183427,0.866683
uniform,2,1433,337343,0.05,1.0,267,131.06,25.87,0.058739,75000,,,,,,-0.014379,0.171644,0.930172
uniform,2,1434,337643,0.05,,300,25.5,27.7,0.062356,75000,,,,,,-0.011022,0.172714,1.026783
uniform,2,1435,337943,0.05,,300,25.3,21.7,0.066252,75000,,,,,,-0.022715,0.17288,1.128123
uniform,2,1436,338243,0.05,,300,25.5,25.5,0.063299,75000,,,,,,-0.006719,0.17968,0.634518
uniform,2,1437,338543,0.05,,300,28.1,25.7,0.061853,75000,,,,,,-0.012719,0.17145,0.829095
uniform,2,1438,338843,0.05,,300,25.3,25.1,0.057299,75000,,,,,,-0.007061,0.164807,0.662103
uniform,2,1439,339143,0.05,,300,27.5,25.3,0.060278,75000,,,,,,-0.007263,0.175741,0.617408
uniform,2,1440,339443,0.05,,300,25.5,27.7,0.075957,75000,,,,,,-0.013705,0.188204,1.167165
uniform,2,1441,339529,0.05,-1.0,86,18.97,131.97,0.074535,75000,,,,,,-0.02692,0.186315,1.248817
uniform,2,1442,339829,0.05,,300,24.7,23.9,0.06752,75000,,,,,,-0.015385,0.177616,0.98325
uniform,2,1443,340129,0.05,,300,25.5,25.5,0.077358,75000,,,,,,-0.004441,0.19642,0.886166
uniform,2,1444,340349,0.05,-1.0,220,25.9,131.3,0.074347,75000,,,,,,-0.003913,0.189332,0.833903
uniform,2,1445,340649,0.05,,300,24.3,25.5,0.065931,75000,,,,,,-0.009806,0.178659,0.836983
uniform,2,1446,340899,0.05,-1.0,250,25.75,131.15,0.072928,75000,,,,,,-0.015989,0.184233,1.087106
uniform,2,1447,341199,0.05,,300,25.3,25.1,0.071978,75000,,,,,,-0.017485,0.191091,0.917564
uniform,2,1448,341499,0.05,,300,25.3,25.5,0.071855,75000,,,,,,-0.0207,0.186374,0.865457
uniform,2,1449,341799,0.05,,300,28.5,20.5,0.065819,75000,,,,,,-0.009384,0.176802,0.843323
uniform,2,1450,341974,0.05,1.0,175,131.52,21.93,0.064517,75000,,,,,,-0.006421,0.175137,0.751776
uniform,2,1451,342274,0.05,,300,27.7,25.3,0.074394,75000,,,,,,0.00095,0.196108,0.969041
uniform,2,1452,342574,0.05,,300,27.5,25.3,0.078206,75000,,,,,,-0.0223,0.190635,1.112962
uniform,2,1453,342782,0.05,-1.0,208,25.56,131.36,0.068856,75000,,,,,,0.000471,0.177358,0.968047
uniform,2,1454,343082,0.05,,300,24.1,25.1,0.070045,75000,,,,,,-0.011827,0.186762,0.797959
uniform,2,1455,343260,0.05,-1.0,178,23.91,131.51,0.078815,75000,,,,,,-0.02255,0.194225,1.194231
uniform,2,1456,343527,0.05,1.0,267,131.06,28.07,0.064504,75000,,,,,,-0.009756,0.175689,0.956116
uniform,2,1457,343709,0.05,-1.0,182,25.89,131.49,0.072616,75000,,,,,,-0.025106,0.182914,1.145835
uniform,2,1458,344009,0.05,,300,25.7,28.5,0.070346,75000,,,,,,-0.011304,0.181808,0.929735
uniform,2,1459,344205,0.05,-1.0,196,21.42,131.42,0.072977,75000,,,,,,-0.006528,0.19547,0.748734
uniform,2,1460,344391,0.05,-1.0,186,23.67,131.47,0.096758,75000,,,,,,-0.033939,0.210845,1.380033
uniform,2,1461,344691,0.05,,300,25.1,23.3,0.064698,75000,,,,,,-0.006379,0.177449,0.671355
uniform,2,1462,344806,0.05,1.0,115,131.82,21.43,0.062136,75000,,,,,,-0.013096,0.172936,0.981986
uniform,2,1463,345106,0.05,,300,25.3,25.3,0.073149,75000,,,,,,-0.013974,0.192634,0.962305
uniform,2,1464,345267,0.05,1.0,161,131.59,29.4,0.089371,75000,,,,,,-0.023994,0.205125,1.208257
uniform,2,1465,345567,0.05,,300,27.7,27.5,0.079186,75000,,,,,,-0.015683,0.191269,0.973973
uniform,2,1466,345854,0.05,1.0,287,130.96,23.37,0.091192,75000,,,,,,-0.019508,0.207446,1.15689
uniform,2,1467,346150,0.05,-1.0,296,26.32,130.92,0.090252,75000,,,,,,-0.007564,0.212383,1.162268
uniform,2,1468,346450,0.05,,300,27.5,25.5,0.089604,75000,,,,,,-0.014297,0.208461,1.142648
uniform,2,1469,346750,0.05,,300,25.5,25.5,0.091902,75000,,,,,,-0.015673,0.207045,1.150636
uniform,2,1470,347050,0.05,,300,20.5,25.9,0.090952,75000,,,,,,7.1e-05,0.21361,1.232506
uniform,2,1471,347350,0.05,,300,27.7,25.5,0.093222,75000,,,,,,-0.017014,0.21585,1.013669
uniform,2,1472,347650,0.05,,300,27.7,25.3,0.093329,75000,,,,,,-0.007649,0.209828,1.243372
uniform,2,1473,347950,0.05,,300,27.5,25.5,0.07992,75000,,,,,,-0.009988,0.19454,0.997027
uniform,2,1474,348250,0.05,,300,27.7,25.1,0.104224,75000,,,,,,-0.017171,0.228297,1.367781
uniform,2,1475,348550,0.05,,300,27.5,26.5,0.08864,75000,,,,,,-0.009687,0.205509,1.044863
uniform,2,1476,348850,0.05,,300,25.5,27.5,0.078031,75000,,,,,,-0.014778,0.193429,0.929171
uniform,2,1477,349150,0.05,,300,27.3,25.3,0.090611,75000,,,,,,-0.010815,0.2147,1.016134
uniform,2,1478,349450,0.05,,300,23.3,25.5,0.080548,75000,,,,,,-0.001739,0.197296,0.926116
uniform,2,1479,349750,0.05,,300,25.3,28.3,0.084525,75000,,,,,,-0.016486,0.200029,1.003349
uniform,2,1480,350050,0.05,,300,22.3,25.7,0.089111,75000,,,,,,-0.020076,0.211456,1.147212
uniform,2,1481,350350,0.05,,300,28.3,23.1,0.087654,75000,,,,,,-0.005729,0.21022,0.891466
uniform,2,1482,350523,0.05,1.0,173,131.53,22.14,0.068693,75000,,,,,,-0.005936,0.185406,0.685467
uniform,2,1483,350823,0.05,,300,24.9,22.3,0.08048,75000,,,,,,-0.014138,0.197777,1.233502
uniform,2,1484,351123,0.05,,300,24.5,28.1,0.097444,75000,,,,,,-0.010084,0.224135,1.191731
uniform,2,1485,351423,0.05,,300,25.3,25.1,0.090162,75000,,,,,,-0.015035,0.210901,1.197801
uniform,2,1486,351723,0.05,,300,25.5,25.3,0.079501,75000,,,,,,-0.018044,0.196388,1.161864
uniform,2,1487,352023,0.05,,300,25.1,25.5,0.072347,75000,,,,,,0.002181,0.194713,0.852363
uniform,2,1488,352323,0.05,,300,27.5,24.1,0.085855,75000,,,,,,-0.010197,0.208666,0.936543
uniform,2,1489,352623,0.05,,300,22.9,26.3,0.086736,75000,,,,,,-0.022683,0.204393,1.212069
uniform,2,1490,352923,0.05,,300,28.5,27.7,0.074573,75000,,,,,,-0.001466,0.191312,0.84284
uniform,2,1491,353036,0.05,1.0,113,131.83,25.04,0.084886,75000,,,,,,-0.028555,0.221794,0.898886
uniform,2,1492,353336,0.05,,300,25.5,25.5,0.079603,75000,,,,,,-0.015819,0.201865,1.055501
uniform,2,1493,353636,0.05,,300,27.3,23.5,0.083172,75000,,,,,,-0.006993,0.201103,0.884147
uniform,2,1494,353936,0.05,,300,25.5,23.3,0.064829,75000,,,,,,-0.007889,0.179065,0.726377
uniform,2,1495,354170,0.05,-1.0,234,25.63,131.23,0.088319,75000,,,,,,-0.008213,0.216451,1.125838
uniform,2,1496,354470,0.05,,300,25.3,25.3,0.075713,75000,,,,,,-0.005208,0.191614,1.076179
uniform,2,1497,354770,0.05,,300,25.3,25.3,0.073846,75000,,,,,,-0.005604,0.188367,0.847352
uniform,2,1498,355048,0.05,-1.0,278,25.81,131.01,0.069978,75000,,,,,,-0.008359,0.192504,0.744001
uniform,2,1499,355348,0.05,,300,25.5,25.5,0.09888,75000,,,,,,-0.016275,0.221253,1.123231
uniform,2,1500,355648,0.05,,300,25.5,25.5,0.063601,75000,,,,,,0.000171,0.178268,0.749633
prioritized,1,1,300,0.9905,,300,7.7,12.7,2.054397,300,0.6,0.404,0.972612,4.736215,0.877698,-4.201833,5.193519,5.007758
prioritized,1,2,600,0.981,,300,7.9,11.5,0.6356,600,0.6,0.408,0.864609,6.183969,0.79704,-0.623346,2.452117,3.264769
prioritized,1,3,900,0.9715,,300,7.7,3.7,0.630729,900,0.6,0.412,0.887445,6.702286,0.79328,-0.453745,2.445383,3.276455
prioritized,1,4,1200,0.962,,300,7.1,6.3,1.18692,1200,0.6,0.416,1.474876,6.702286,1.077576,0.402869,3.690641,4.556312
prioritized,1,5,1500,0.9525,,300,7.5,14.7,1.190199,1500,0.6,0.42,1.32945,6.702286,1.017862,0.09096,3.848418,4.660484
prioritized,1,6,1800,0.943,,300,8.9,13.7,1.015412,1800,0.6,0.424,1.099953,4.789041,0.912279,-0.162166,3.423121,4.350526
prioritized,1,7,2100,0.9335,,300,10.7,12.5,0.791198,2100,0.6,0.428,0.997367,6.702286,0.755925,-0.248768,2.859666,3.717114
prioritized,1,8,2400,0.924,,300,5.9,9.1,0.490728,2400,0.6,0.432,0.834694,6.702286,0.646039,-0.334021,1.804737,2.235293
prioritized,1,9,2700,0.9145,,300,15.1,14.5,0.364132,2700,0.6,0.436,0.75089,6.702286,0.576864,-0.179102,1.501122,1.912175
prioritized,1,10,3000,0.905,,300,12.1,14.3,0.278997,3000,0.6,0.44,0.660457,6.702286,0.532529,-0.091276,1.246481,1.619865
prioritized,1,11,3300,0.8955,,300,13.5,10.9,0.29741,3300,0.6,0.444,0.71094,6.702286,0.492185,0.202483,1.252038,1.536633
prioritized,1,12,3600,0.886,,300,16.9,18.7,0.204629,3600,0.6,0.448,0.634317,6.702286,0.439234,0.039743,0.974164,1.20338
prioritized,1,13,3900,0.8765,,300,10.1,11.7,0.149846,3900,0.6,0.452,0.562874,6.702286,0.431025,0.00646,0.800883,1.012379
prioritized,1,14,4200,0.867,,300,6.3,6.5,0.162235,4200,0.6,0.456,0.543946,6.702286,0.405354,-0.189691,0.810512,1.010334
prioritized,1,15,4500,0.8575,,300,12.9,16.9,0.088432,4500,0.6,0.46,0.4749,6.702286,0.32756,-0.04653,0.595981,0.735614
prioritized,1,16,4800,0.848,,300,18.5,15.9,0.061085,4800,0.6,0.464,0.434828,6.702286,0.335166,-0.016402,0.488756,0.604679
prioritized,1,17,5100,0.8385,,300,10.9,17.5,0.072874,5100,0.6,0.468,0.489141,6.702286,0.394555,0.090239,0.514918,0.647318
prioritized,1,18,5400,0.829,,300,18.7,16.1,0.075151,5400,0.6,0.472,0.457645,6.702286,0.332764,0.092202,0.551363,0.656796
prioritized,1,19,5700,0.8195,,300,18.1,12.5,0.049568,5700,0.6,0.476,0.416545,6.702286,0.305419,0.036347,0.450013,0.54433
prioritized,1,20,6000,0.81,,300,15.9,19.9,0.037953,6000,0.6,0.48,0.37932,6.702286,0.276568,0.014095,0.39343,0.496183
prioritized,1,21,6300,0.8005,,300,13.3,12.9,0.050884,6300,0.6,0.484,0.36763,6.702286,0.287489,-0.085926,0.434818,0.551675
prioritized,1,22,6600,0.791,,300,15.5,20.5,0.027474,6600,0.6,0.488,0.332177,6.702286,0.258008,-0.021078,0.330669,0.432148
prioritized,1,23,6900,0.7815,,300,16.9,16.9,0.020725,6900,0.6,0.492,0.301018,6.702286,0.26605,-0.011812,0.288028,0.38929
prioritized,1,24,7200,0.772,,300,16.9,17.9,0.035155,7200,0.6,0.496,0.337785,6.702286,0.284565,0.044082,0.362983,0.494145
prioritized,1,25,7500,0.7625,,300,20.3,20.5,0.026548,7500,0.6,0.5,0.315475,6.702286,0.265183,0.020695,0.334491,0.437001
prioritized,1,26,7800,0.753,,300,16.9,17.9,0.020421,7800,0.6,0.504,0.2883,6.702286,0.26041,0.010439,0.29222,0.397875
prioritized,1,27,8100,0.7435,,300,19.1,12.7,0.023545,8100,0.6,0.508,0.30124,6.702286,0.279678,-0.032518,0.305304,0.429584
prioritized,1,28,8400,0.734,,300,9.3,22.5,0.019229,8400,0.6,0.512,0.272142,6.702286,0.231236,-0.02036,0.276125,0.372968
prioritized,1,29,8700,0.7245,,300,17.5,19.5,0.013552,8700,0.6,0.516,0.239929,6.702286,0.214202,-0.014214,0.231077,0.336711
prioritized,1,30,9000,0.715,,300,14.5,16.3,0.010336,9000,0.6,0.52,0.216459,6.702286,0.204011,-0.009978,0.200343,0.299982
prioritized,1,31,9300,0.7055,,300,17.9,20.3,0.024469,9300,0.6,0.524,0.26618,6.702286,0.276581,0.025154,0.314341,0.439828
prioritized,1,32,9600,0.696,,300,19.3,20.7,0.015331,9600,0.6,0.528,0.242515,6.702286,0.231095,0.007697,0.253468,0.367236
prioritized,1,33,9900,0.6865,,300,15.1,11.9,0.011305,9900,0.6,0.532,0.223456,6.702286,0.234621,0.000607,0.215879,0.321243
prioritized,1,34,10200,0.677,,300,22.5,23.1,0.017018,10200,0.6,0.536,0.242374,6.702286,0.223613,-0.030311,0.26185,0.379001
prioritized,1,35,10500,0.6675,,300,16.3,22.9,0.01147,10500,0.6,0.54,0.223713,6.702286,0.232703,-0.01434,0.216606,0.3132
prioritized,1,36,10800,0.658,,300,16.7,17.1,0.008323,10800,0.6,0.544,0.201606,6.702286,0.211698,-0.005996,0.183782,0.276679
prioritized,1,37,11100,0.6485,,300,22.9,18.7,0.012678,11100,0.6,0.548,0.230444,6.702286,0.248246,0.010791,0.218966,0.333748
prioritized,1,38,11313,0.641755,1.0,213,131.33,15.74,0.014237,11313,0.6,0.55084,0.228831,6.702286,0.246562,0.020419,0.24534,0.350156
prioritized,1,39,11613,0.632255,,300,15.5,19.7,0.031222,11613,0.6,0.55484,0.214095,15.862391,0.335774,0.552953,0.76545,7.358176
prioritized,1,40,11913,0.622755,,300,21.1,25.7,0.031464,11913,0.6,0.55884,0.197003,15.862391,0.257396,0.602125,0.803091,7.533254
prioritized,1,41,12213,0.613255,,300,18.5,23.1,0.032151,12213,0.6,0.56284,0.221419,15.862391,0.271183,0.493718,0.766574,6.78333
prioritized,1,42,12513,0.603755,,300,22.7,15.7,0.024948,12513,0.6,0.56684,0.208061,15.862391,0.252938,0.350556,0.621233,5.641609
prioritized,1,43,12813,0.594255,,300,13.7,17.9,0.022905,12813,0.6,0.57084,0.194504,15.862391,0.242659,0.363052,0.607255,5.400019
prioritized,1,44,13113,0.584755,,300,25.1,20.9,0.025692,13113,0.6,0.57484,0.223588,15.862391,0.3315,0.210116,0.559015,4.28465
prioritized,1,45,13413,0.575255,,300,25.1,19.5,0.026464,13413,0.6,0.57884,0.223003,15.862391,0.319258,0.085223,0.517092,3.282651
prioritized,1,46,13713,0.565755,,300,22.3,21.5,0.019847,13713,0.6,0.58284,0.215866,15.862391,0.312975,-0.006314,0.392833,2.025937
prioritized,1,47,14013,0.556255,,300,23.5,23.7,0.017646,14013,0.6,0.58684,0.216382,15.862391,0.300796,-0.064104,0.325834,1.167196
prioritized,1,48,14313,0.546755,,300,25.5,25.1,0.025424,14313,0.6,0.59084,0.236997,15.862391,0.341696,-0.196851,0.471244,3.09447
prioritized,1,49,14613,0.537255,,300,22.5,15.3,0.017953,14613,0.6,0.59484,0.219502,15.862391,0.235141,-0.141581,0.361912,2.163013
prioritized,1,50,14898,0.52823,1.0,285,130.97,28.78,0.013265,14898,0.6,0.59864,0.208988,16.115808,0.223328,-0.054386,0.277875,1.356468
prioritized,1,51,15198,0.51873,,300,22.5,23.3,0.026739,15198,0.6,0.60264,0.235634,16.115808,0.273844,0.418552,0.680936,6.416581
prioritized,1,52,15498,0.50923,,300,20.5,23.3,0.024381,15498,0.6,0.60664,0.23301,16.115808,0.346242,0.418586,0.684001,6.432928
prioritized,1,53,15684,0.50334,-1.0,186,22.47,131.47,0.023839,15684,0.6,0.60912,0.222831,16.115808,0.287997,0.39586,0.647711,6.185532
prioritized,1,54,15984,0.49384,,300,20.9,19.3,0.030277,15984,0.6,0.61312,0.213019,16.115808,0.306273,0.75582,0.995971,8.615404
prioritized,1,55,16284,0.48434,,300,20.7,22.3,0.035615,16284,0.6,0.61712,0.230796,16.115808,0.313632,0.752398,1.0559,8.72686
prioritized,1,56,16584,0.47484,,300,19.9,28.7,0.028316,16584,0.6,0.62112,0.221007,16.115808,0.306411,0.68305,0.943943,8.255577
prioritized,1,57,16884,0.46534,,300,23.5,26.1,0.028265,16884,0.6,0.62512,0.213581,16.115808,0.326113,0.778624,1.026952,8.686696
prioritized,1,58,17184,0.45584,,300,26.5,26.5,0.030111,17184,0.6,0.62912,0.227047,16.115808,0.309142,0.711648,0.976846,8.161566
prioritized,1,59,17484,0.44634,,300,23.1,22.9,0.028267,17484,0.6,0.63312,0.223058,16.115808,0.30116,0.718807,0.984279,8.21076
prioritized,1,60,17784,0.43684,,300,22.5,25.3,0.026993,17784,0.6,0.63712,0.216614,16.115808,0.359033,0.722053,0.984214,8.227723
prioritized,1,61,18083,0.427372,1.0,299,130.9,26.51,0.025678,18083,0.6,0.641107,0.226477,16.147186,0.33399,0.593322,0.903908,7.634542
prioritized,1,62,18383,0.417872,,300,28.7,20.3,0.037721,18383,0.6,0.645107,0.225209,16.147186,0.344464,1.034275,1.444317,10.330077
prioritized,1,63,18558,0.41233,1.0,175,131.52,20.53,0.030889,18558,0.6,0.64744,0.221436,16.147186,0.360776,0.88027,1.211806,9.432578
prioritized,1,64,18858,0.40283,,300,28.7,25.9,0.035571,18858,0.6,0.65144,0.217643,16.147186,0.406326,1.315855,1.652927,11.457414
prioritized,1,65,19147,0.393678,1.0,289,130.95,19.56,0.038975,19147,0.6,0.655293,0.233117,16.147186,0.439697,1.312071,1.61402,11.235102
prioritized,1,66,19364,0.386807,1.0,217,131.31,26.12,0.046651,19364,0.6,0.658187,0.229001,16.147186,0.370683,1.640554,1.919104,12.486269
prioritized,1,67,19664,0.377307,,300,25.7,28.3,0.048753,19664,0.6,0.662187,0.225249,16.147186,0.411577,1.961355,2.239672,13.641102
prioritized,1,68,19816,0.372493,-1.0,152,23.44,131.64,0.049587,19816,0.6,0.664213,0.220374,16.147186,0.406845,2.027648,2.293594,13.729096
prioritized,1,69,20045,0.365242,1.0,229,131.25,25.66,0.047901,20045,0.6,0.667267,0.225822,16.147186,0.409609,2.240591,2.512583,14.514779
prioritized,1,70,20225,0.359542,-1.0,180,22.3,131.5,0.065764,20225,0.6,0.669667,0.232974,16.147186,0.439175,2.667975,3.001999,15.858586
prioritized,1,71,20525,0.350042,,300,26.5,23.9,0.060373,20525,0.6,0.673667,0.231617,16.147186,0.460272,2.651604,2.964869,15.768651
prioritized,1,72,20753,0.342822,-1.0,228,29.06,131.26,0.05796,20753,0.6,0.676707,0.22536,16.147186,0.41329,2.648406,2.96678,15.732803
prioritized,1,73,21034,0.333923,1.0,281,130.99,26.0,0.058952,21034,0.6,0.680453,0.229561,16.147186,0.453672,2.891496,3.184982,16.332754
prioritized,1,74,21157,0.330028,1.0,123,131.78,26.39,0.059826,21157,0.6,0.682093,0.240306,16.147186,0.482601,2.901535,3.267491,16.353842
prioritized,1,75,21457,0.320528,,300,26.3,26.5,0.070631,21457,0.6,0.686093,0.241653,16.147186,0.488918,3.258455,3.633102,17.275061
prioritized,1,76,21757,0.311028,,300,23.3,28.7,0.066234,21757,0.6,0.690093,0.235909,16.147186,0.444192,3.324413,3.693645,17.370899
prioritized,1,77,21965,0.304442,-1.0,208,26.16,131.36,0.05936,21965,0.6,0.692867,0.232339,16.147186,0.453447,2.855252,3.257584,16.157038
prioritized,1,78,22136,0.299027,1.0,171,131.54,23.95,0.07213,22136,0.6,0.695147,0.251925,16.147186,0.514324,3.343886,3.948407,17.669245
prioritized,1,79,22405,0.290508,1.0,269,131.05,21.06,0.070268,22405,0.6,0.698733,0.253225,16.147186,0.475934,3.11518,3.732758,17.115068
prioritized,1,80,22705,0.281008,,300,25.7,28.5,0.072137,22705,0.6,0.702733,0.247897,16.187439,0.466396,3.448748,4.017613,17.850824
prioritized,1,81,22858,0.276163,1.0,153,131.63,23.64,0.073819,22858,0.6,0.704773,0.244424,16.187439,0.471469,3.440276,3.964709,17.732956
prioritized,1,82,23022,0.27097,-1.0,164,29.38,131.58,0.073973,23022,0.6,0.70696,0.249123,16.187439,0.504661,3.565258,4.080733,17.997255
prioritized,1,83,23277,0.262895,1.0,255,131.12,26.13,0.081484,23277,0.6,0.71036,0.266179,16.187439,0.55589,3.523945,4.188806,17.859367
prioritized,1,84,23516,0.255327,1.0,239,131.2,22.21,0.075961,23516,0.6,0.713547,0.261675,16.187439,0.527931,3.382854,3.979808,17.388695
prioritized,1,85,23715,0.249025,1.0,199,131.4,25.81,0.080898,23715,0.6,0.7162,0.261684,16.187439,0.541633,3.76509,4.361656,18.285505
prioritized,1,86,24015,0.239525,,300,26.5,28.7,0.077495,24015,0.6,0.7202,0.260656,16.187439,0.523206,3.672714,4.306975,18.053745
prioritized,1,87,24302,0.230437,1.0,287,130.96,25.97,0.081817,24302,0.6,0.724027,0.274847,16.187439,0.551611,3.355024,4.217248,17.566866
prioritized,1,88,24602,0.220937,,300,26.5,26.5,0.075378,24602,0.6,0.728027,0.272164,16.187439,0.5228,3.494222,4.331143,17.752563
prioritized,1,89,24793,0.214888,1.0,191,131.44,21.65,0.070156,24793,0.6,0.730573,0.271466,16.187439,0.526471,3.27983,3.996947,16.993786
prioritized,1,90,24996,0.20846,1.0,203,131.38,26.19,0.071136,24996,0.6,0.73328,0.268288,16.187439,0.528507,3.478822,4.189464,17.582123
prioritized,1,91,25296,0.19896,,300,28.7,26.5,0.082623,25296,0.6,0.73728,0.2882,16.187439,0.584277,3.183705,4.354053,17.462368
prioritized,1,92,25456,0.193893,-1.0,160,27.2,131.6,0.083537,25456,0.6,0.739413,0.287003,16.187439,0.55063,3.233117,4.356196,17.353838
prioritized,1,93,25731,0.185185,1.0,275,131.02,26.03,0.074194,25731,0.6,0.74308,0.286912,16.232838,0.55248,3.089601,4.17741,17.068863
prioritized,1,94,26031,0.175685,-1.0,300,23.7,130.9,0.078207,26031,0.6,0.74708,0.289399,16.232838,0.586099,3.105421,4.18585,16.985134
prioritized,1,95,26293,0.167388,-1.0,262,21.69,131.09,0.07728,26293,0.6,0.750573,0.296173,16.232838,0.551874,2.676064,4.118439,16.533083
prioritized,1,96,26523,0.160105,-1.0,230,22.05,131.25,0.069225,26523,0.6,0.75364,0.299295,16.232838,0.578994,2.636672,3.982996,16.300463
prioritized,1,97,26823,0.150605,,300,26.1,25.5,0.073711,26823,0.6,0.75764,0.299407,16.232838,0.583684,2.665529,4.001114,16.100563
prioritized,1,98,27107,0.141612,-1.0,284,26.58,130.98,0.08553,27107,0.6,0.761427,0.309354,16.232838,0.611841,2.550809,4.33005,16.589691
prioritized,1,99,27407,0.132112,,300,28.7,24.1,0.085888,27407,0.6,0.765427,0.318599,16.232838,0.625544,1.961231,4.32862,16.318768
prioritized,1,100,27707,0.122612,,300,28.3,23.5,0.079236,27707,0.6,0.769427,0.319871,16.232838,0.623644,1.65065,3.912526,15.091725
prioritized,1,101,28007,0.113112,,300,24.3,26.5,0.08228,28007,0.6,0.773427,0.314235,16.232838,0.601365,1.361922,4.079533,15.330289
prioritized,1,102,28245,0.105575,-1.0,238,26.21,131.21,0.079445,28245,0.6,0.7766,0.325417,16.232838,0.618445,1.150551,3.950888,15.073445
prioritized,1,103,28471,0.098418,-1.0,226,23.87,131.27,0.080579,28471,0.6,0.779613,0.32667,16.232838,0.595044,1.5701,4.292191,15.84692
prioritized,1,104,28637,0.093162,-1.0,166,19.77,131.57,0.079825,28637,0.6,0.781827,0.325917,16.232838,0.612955,1.32214,4.084687,15.417208
prioritized,1,105,28869,0.085815,-1.0,232,21.64,131.24,0.072693,28869,0.6,0.78492,0.323975,16.232838,0.620626,1.441148,4.044287,15.398288
prioritized,1,106,29169,0.076315,,300,25.3,25.3,0.081671,29169,0.6,0.78892,0.330582,16.400684,0.623609,1.446997,4.193164,15.76885
prioritized,1,107,29339,0.070932,-1.0,170,23.35,131.55,0.079245,29339,0.6,0.791187,0.33074,16.400684,0.621618,1.344345,4.127353,15.610746
prioritized,1,108,29577,0.063395,-1.0,238,23.61,131.21,0.077662,29577,0.6,0.79436,0.332005,16.400684,0.626267,1.367469,4.212289,15.836784
prioritized,1,109,29748,0.05798,1.0,171,131.54,23.75,0.070287,29748,0.6,0.79664,0.331602,16.400684,0.620388,1.307904,4.093198,15.519823
prioritized,1,110,30048,0.05,,300,26.1,25.7,0.084971,30048,0.6,0.80064,0.344707,16.400684,0.699339,1.370962,4.651314,16.458319
prioritized,1,111,30279,0.05,1.0,231,131.24,26.85,0.08945,30279,0.6,0.80372,0.346331,16.400684,0.652618,0.934438,4.667431,16.185799
prioritized,1,112,30510,0.05,1.0,231,131.24,29.05,0.084566,30510,0.6,0.8068,0.347131,16.400684,0.654525,1.274541,4.453409,15.868137
prioritized,1,113,30765,0.05,1.0,255,131.12,26.33,0.079485,30765,0.6,0.8102,0.34539,16.400684,0.653291,1.253484,4.303936,15.744713
prioritized,1,114,30995,0.05,-1.0,230,24.25,131.25,0.075243,30995,0.6,0.813267,0.34211,16.400684,0.642421,1.309055,4.254067,15.636469
prioritized,1,115,31213,0.05,-1.0,218,23.91,131.31,0.071153,31213,0.6,0.816173,0.348961,16.400684,0.653185,1.710048,4.22495,15.842658
prioritized,1,116,31390,0.05,1.0,177,131.51,26.72,0.076139,31390,0.6,0.818533,0.350512,16.400684,0.661972,1.545255,4.232505,15.722596
prioritized,1,117,31634,0.05,-1.0,244,24.18,131.18,0.073771,31634,0.6,0.821787,0.346592,16.400684,0.625351,1.680231,4.368119,16.265924
prioritized,1,118,31841,0.05,1.0,207,131.36,26.57,0.068716,31841,0.6,0.824547,0.345566,16.400684,0.645057,1.480211,4.238755,15.771382
prioritized,1,119,32141,0.05,,300,21.3,26.3,0.072517,32141,0.6,0.828547,0.350226,16.400684,0.65894,1.409326,4.339715,15.886986
prioritized,1,120,32377,0.05,-1.0,236,25.62,131.22,0.071483,32377,0.6,0.831693,0.351364,16.400684,0.638138,0.980825,4.360045,15.764801
prioritized,1,121,32537,0.05,-1.0,160,28.8,131.6,0.071224,32537,0.6,0.833827,0.353104,16.400684,0.670744,0.798695,4.353258,15.755502
prioritized,1,122,32771,0.05,-1.0,234,28.23,131.23,0.07602,32771,0.6,0.836947,0.346533,16.400684,0.634493,1.386129,4.58238,16.467003
prioritized,1,123,32939,0.05,-1.0,168,24.56,131.56,0.068665,32939,0.6,0.839187,0.347087,16.400684,0.661309,0.985651,4.261504,15.462467
prioritized,1,124,33198,0.05,1.0,259,131.1,26.51,0.072417,33198,0.6,0.84264,0.353841,16.400684,0.680405,1.009667,4.433333,15.924084
prioritized,1,125,33498,0.05,,300,28.7,28.1,0.073727,33498,0.6,0.84664,0.352253,16.400684,0.655213,1.017738,4.560695,16.161266
prioritized,1,126,33739,0.05,1.0,241,131.19,23.4,0.067844,33739,0.6,0.849853,0.353027,16.400684,0.665871,0.939702,4.354281,15.484735
prioritized,1,127,34013,0.05,-1.0,274,28.43,131.03,0.066498,34013,0.6,0.853507,0.354773,16.400684,0.675636,0.885668,4.324511,15.390352
prioritized,1,128,34313,0.05,,300,23.9,25.7,0.073747,34313,0.6,0.857507,0.355812,16.400684,0.670973,0.171256,4.69341,16.117699
prioritized,1,129,34613,0.05,,300,19.9,26.5,0.068524,34613,0.6,0.861507,0.35411,16.400684,0.680391,0.303007,4.597541,15.950524
prioritized,1,130,34847,0.05,-1.0,234,23.43,131.23,0.065123,34847,0.6,0.864627,0.350711,16.400684,0.649091,0.008819,4.479264,15.4895
prioritized,1,131,35022,0.05,1.0,175,131.52,26.93,0.07172,35022,0.6,0.86696,0.351163,16.400684,0.665816,0.385686,4.719883,16.142826
prioritized,1,132,35197,0.05,1.0,175,131.52,26.73,0.069141,35197,0.6,0.869293,0.353279,16.400684,0.66059,0.136373,4.193505,14.792456
prioritized,1,133,35497,0.05,,300,25.5,26.1,0.067384,35497,0.6,0.873293,0.351402,16.400684,0.631567,0.387698,4.390898,15.406191
prioritized,1,134,35747,0.05,-1.0,250,25.75,131.15,0.061168,35747,0.6,0.876627,0.352407,16.400684,0.651109,0.252052,4.091332,14.659356
prioritized,1,135,35901,0.05,-1.0,154,29.43,131.63,0.057425,35901,0.6,0.87868,0.34977,16.400684,0.648681,0.283532,4.109958,14.696033
prioritized,1,136,36046,0.05,1.0,145,131.67,26.68,0.059319,36046,0.6,0.880613,0.350298,16.400684,0.666996,0.10667,4.215065,14.894369
prioritized,1,137,36232,0.05,-1.0,186,24.87,131.47,0.070786,36232,0.6,0.883093,0.351177,16.400684,0.65023,0.222295,4.93754,16.783968
prioritized,1,138,36419,0.05,1.0,187,131.46,24.07,0.064124,36419,0.6,0.885587,0.355973,16.400684,0.664788,-0.375234,4.605919,16.158234
prioritized,1,139,36650,0.05,1.0,231,131.24,23.85,0.065613,36650,0.6,0.888667,0.357803,16.400684,0.666733,-0.150328,4.523805,15.731384
prioritized,1,140,36836,0.05,-1.0,186,27.07,131.47,0.064975,36836,0.6,0.891147,0.357542,16.400684,0.689099,-0.011931,4.678486,16.18014
prioritized,1,141,36999,0.05,1.0,163,131.58,26.79,0.060859,36999,0.6,0.89332,0.354467,16.400684,0.657766,-0.02922,4.628727,16.007866
prioritized,1,142,37217,0.05,-1.0,218,23.91,131.31,0.065373,37217,0.6,0.896227,0.361045,16.400684,0.697894,-0.607029,5.034098,17.006821
prioritized,1,143,37402,0.05,1.0,185,131.47,26.48,0.064461,37402,0.6,0.898693,0.362047,16.400684,0.695197,-0.698852,5.171701,17.495895
prioritized,1,144,37680,0.05,-1.0,278,26.21,131.01,0.066859,37680,0.6,0.9024,0.368157,16.400684,0.716991,-0.785576,5.247426,17.246569
prioritized,1,145,37770,0.05,-1.0,90,21.55,131.95,0.066079,37770,0.6,0.9036,0.364557,16.400684,0.692376,-0.568478,5.27081,17.047371
prioritized,1,146,38009,0.05,1.0,239,131.2,26.61,0.062634,38009,0.6,0.906787,0.366405,16.400684,0.726804,-0.76488,5.288388,17.296942
prioritized,1,147,38260,0.05,1.0,251,131.14,26.75,0.067001,38260,0.6,0.910133,0.369446,16.400684,0.731032,-1.076755,5.318852,17.168442
prioritized,1,148,38407,0.05,1.0,147,131.66,22.87,0.062397,38407,0.6,0.912093,0.370032,16.400684,0.733335,-1.435324,5.438581,17.497112
prioritized,1,149,38550,0.05,1.0,143,131.68,29.49,0.071263,38550,0.6,0.914,0.366966,16.400684,0.695885,-1.04961,5.40562,17.502712
prioritized,1,150,38757,0.05,1.0,207,131.36,26.77,0.061971,38757,0.6,0.91676,0.369429,16.400684,0.727177,-0.895138,5.403337,17.688299
prioritized,1,151,38966,0.05,1.0,209,131.35,24.16,0.06585,38966,0.6,0.919547,0.369363,16.400684,0.728003,-1.171463,5.573664,17.84742
prioritized,1,152,39266,0.05,,300,22.9,23.5,0.06498,39266,0.6,0.923547,0.373491,16.400684,0.73724,-1.154371,5.535376,18.090391
prioritized,1,153,39371,0.05,1.0,105,131.87,24.28,0.059883,39371,0.6,0.924947,0.372622,16.400684,0.721853,-1.220078,5.627014,18.289021
prioritized,1,154,39525,0.05,-1.0,154,20.43,131.63,0.062992,39525,0.6,0.927,0.372559,16.400684,0.735357,-1.15941,5.397698,17.764986
prioritized,1,155,39753,0.05,-1.0,228,21.46,131.26,0.06029,39753,0.6,0.93004,0.369518,16.400684,0.717017,-1.142447,5.684722,18.475977
prioritized,1,156,39980,0.05,1.0,227,131.26,25.27,0.055677,39980,0.6,0.933067,0.371043,16.400684,0.740184,-1.195185,5.37894,17.758394
prioritized,1,157,40184,0.05,-1.0,204,28.98,131.38,0.064947,40184,0.6,0.935787,0.370861,16.400684,0.722242,-1.784829,5.737084,18.616022
prioritized,1,158,40484,0.05,,300,27.5,28.7,0.0664,40484,0.6,0.939787,0.377426,16.400684,0.763087,-1.76737,6.028542,19.316505
prioritized,1,159,40733,0.05,1.0,249,131.15,27.96,0.062944,40733,0.6,0.943107,0.375214,16.400684,0.734594,-2.046003,5.913536,18.81838
prioritized,1,160,40971,0.05,-1.0,238,28.21,131.21,0.058506,40971,0.6,0.94628,0.374197,16.400684,0.733657,-1.894885,5.727251,18.44882
prioritized,1,161,41152,0.05,1.0,181,131.49,29.3,0.066773,41152,0.6,0.948693,0.37281,16.684814,0.730006,-1.957026,6.074069,19.113989
prioritized,1,162,41307,0.05,1.0,155,131.62,23.83,0.059204,41307,0.6,0.95076,0.374995,16.724915,0.747193,-2.359056,5.942592,18.870691
prioritized,1,163,41416,0.05,1.0,109,131.85,26.26,0.05391,41416,0.6,0.952213,0.374089,16.724915,0.740541,-2.238122,5.897394,19.017239
prioritized,1,164,41620,0.05,-1.0,204,28.38,131.38,0.057262,41620,0.6,0.954933,0.374342,16.724915,0.737027,-2.310555,6.054956,19.204203
prioritized,1,165,41858,0.05,-1.0,238,24.21,131.21,0.056293,41858,0.6,0.958107,0.374186,16.724915,0.745725,-2.688481,5.824473,18.596727
prioritized,1,166,42158,0.05,,300,28.7,25.9,0.057949,42158,0.6,0.962107,0.378687,16.724915,0.758151,-2.471552,5.832289,18.5818
prioritized,1,167,42282,0.05,-1.0,124,27.38,131.78,0.060559,42282,0.6,0.96376,0.377312,16.724915,0.755567,-2.596054,6.03432,19.025928
prioritized,1,168,42460,0.05,-1.0,178,26.91,131.51,0.054188,42460,0.6,0.966133,0.374509,16.724915,0.731788,-2.687435,5.821355,18.612591
prioritized,1,169,42631,0.05,1.0,171,131.54,29.15,0.054403,42631,0.6,0.968413,0.374758,16.724915,0.734411,-2.677124,5.850782,18.701435
prioritized,1,170,42931,0.05,,300,21.7,22.1,0.053736,42931,0.6,0.972413,0.376659,16.724915,0.748125,-3.081813,5.872122,18.458794
prioritized,1,171,43231,0.05,,300,26.3,25.9,0.056739,43231,0.6,0.976413,0.378649,16.724915,0.751904,-2.84832,5.787888,18.510086
prioritized,1,172,43531,0.05,,300,23.3,26.3,0.052398,43531,0.6,0.980413,0.377047,16.724915,0.733926,-3.047833,5.728642,18.259594
prioritized,1,173,43682,0.05,1.0,151,131.64,26.45,0.053034,43682,0.6,0.982427,0.374547,16.724915,0.713388,-2.905931,5.485471,17.768196
prioritized,1,174,43879,0.05,1.0,197,131.41,26.02,0.047197,43879,0.6,0.985053,0.375286,16.724915,0.733225,-2.736856,5.411821,17.602247
prioritized,1,175,44099,0.05,-1.0,220,26.7,131.3,0.047792,44099,0.6,0.987987,0.377351,16.724915,0.771993,-3.211721,5.620781,18.288496
prioritized,1,176,44218,0.05,1.0,119,131.8,22.81,0.05164,44218,0.6,0.989573,0.376646,16.724915,0.762655,-3.820605,6.141484,19.513544
prioritized,1,177,44518,0.05,,300,26.3,25.5,0.054469,44518,0.6,0.993573,0.377255,16.724915,0.778882,-3.976028,6.627492,20.387802
prioritized,1,178,44637,0.05,1.0,119,131.8,29.21,0.051082,44637,0.6,0.99516,0.373366,16.724915,0.752418,-4.085691,6.568648,20.271687
prioritized,1,179,44787,0.05,-1.0,150,24.25,131.65,0.046634,44787,0.6,0.99716,0.372604,16.724915,0.752694,-3.814891,6.250943,19.62215
prioritized,1,180,45087,0.05,,300,25.9,28.7,0.048458,45087,0.6,1.0,0.37794,16.977715,0.803743,-4.345413,6.47876,20.432077
prioritized,1,181,45259,0.05,-1.0,172,26.34,131.54,0.054478,45259,0.6,1.0,0.37787,17.053827,0.791937,-5.250364,7.35022,22.271955
prioritized,1,182,45531,0.05,-1.0,272,26.64,131.04,0.056014,45531,0.6,1.0,0.379154,17.259281,0.797133,-5.252106,7.462233,22.454184
prioritized,1,183,45629,0.05,-1.0,98,21.71,131.91,0.04793,45629,0.6,1.0,0.378141,17.259281,0.789312,-5.466244,7.348041,22.391451
prioritized,1,184,45909,0.05,-1.0,280,24.4,131.0,0.051826,45909,0.6,1.0,0.38003,17.259281,0.80581,-5.243513,7.282277,22.127924
prioritized,1,185,46068,0.05,1.0,159,131.6,26.41,0.052956,46068,0.6,1.0,0.379384,17.259281,0.7966,-5.036669,7.170299,21.878626
prioritized,1,186,46300,0.05,-1.0,232,26.44,131.24,0.054374,46300,0.6,1.0,0.377671,17.259281,0.794669,-5.081947,7.016541,21.337732
prioritized,1,187,46471,0.05,1.0,171,131.54,26.75,0.049216,46471,0.6,1.0,0.375373,17.259281,0.776943,-5.058291,7.277332,21.810938
prioritized,1,188,46627,0.05,-1.0,156,23.82,131.62,0.051349,46627,0.6,1.0,0.376912,17.259281,0.795076,-4.870774,6.990188,21.485994
prioritized,1,189,46797,0.05,-1.0,170,24.55,131.55,0.048497,46797,0.6,1.0,0.375843,17.259281,0.799537,-5.231391,7.038531,21.41139
prioritized,1,190,46926,0.05,1.0,129,131.75,29.56,0.053295,46926,0.6,1.0,0.37675,17.259281,0.797635,-4.855918,6.924944,21.300739
prioritized,1,191,47031,0.05,1.0,105,131.87,24.48,0.053864,47031,0.6,1.0,0.376878,17.259281,0.795001,-4.930104,6.986727,21.227795
prioritized,1,192,47204,0.05,1.0,173,131.53,26.74,0.049242,47204,0.6,1.0,0.376461,17.259281,0.78523,-4.839262,6.825984,20.943506
prioritized,1,193,47330,0.05,-1.0,126,26.77,131.77,0.053961,47330,0.6,1.0,0.377836,17.259281,0.798652,-5.425451,7.378926,21.762987
prioritized,1,194,47569,0.05,1.0,239,131.2,26.41,0.050214,47569,0.6,1.0,0.375511,17.259281,0.783921,-5.213342,7.148336,21.41559
prioritized,1,195,47759,0.05,-1.0,190,24.45,131.45,0.048257,47759,0.6,1.0,0.377041,17.259281,0.797787,-5.146348,7.049936,21.16675
prioritized,1,196,47883,0.05,-1.0,124,26.38,131.78,0.053371,47883,0.6,1.0,0.374403,17.259281,0.77094,-4.560637,6.618262,20.487593
prioritized,1,197,48103,0.05,-1.0,220,29.1,131.3,0.058023,48103,0.6,1.0,0.377833,17.259281,0.816585,-5.918824,7.653041,22.428747
prioritized,1,198,48265,0.05,-1.0,162,25.99,131.59,0.055163,48265,0.6,1.0,0.38016,17.259281,0.832157,-6.248796,8.251794,23.724653
prioritized,1,199,48477,0.05,-1.0,212,25.74,131.34,0.058007,48477,0.6,1.0,0.377167,17.259281,0.804126,-6.482769,8.242408,23.642324
prioritized,1,200,48570,0.05,1.0,93,131.93,21.74,0.052379,48570,0.6,1.0,0.377762,17.259281,0.811027,-6.070347,7.931963,23.2852
prioritized,1,201,48821,0.05,1.0,251,131.14,24.15,0.052741,48821,0.6,1.0,0.380128,17.259281,0.830712,-6.488254,8.254113,23.644333
prioritized,1,202,48969,0.05,-1.0,148,24.06,131.66,0.057378,48969,0.6,1.0,0.379046,17.259281,0.828575,-6.361259,8.138815,23.260015
prioritized,1,203,49085,0.05,-1.0,116,25.82,131.82,0.062161,49085,0.6,1.0,0.38046,17.259281,0.842275,-6.500685,8.13495,23.439342
prioritized,1,204,49218,0.05,1.0,133,131.73,24.34,0.059523,49218,0.6,1.0,0.378964,17.259281,0.818208,-6.19257,7.864816,22.888895
prioritized,1,205,49396,0.05,-1.0,178,28.91,131.51,0.056309,49396,0.6,1.0,0.378834,17.259281,0.822492,-6.608589,8.131661,23.287746
prioritized,1,206,49696,0.05,,300,23.5,23.1,0.055535,49696,0.6,1.0,0.378646,17.259281,0.830534,-6.509775,8.022368,23.163513
prioritized,1,207,49847,0.05,1.0,151,131.64,21.65,0.055837,49847,0.6,1.0,0.37591,17.259281,0.816934,-6.205213,7.606343,22.5648
prioritized,1,208,50078,0.05,1.0,231,131.24,26.45,0.055478,50078,0.6,1.0,0.380126,17.259281,0.861259,-7.511669,8.908732,24.872187
prioritized,1,209,50344,0.05,-1.0,266,25.67,131.07,0.059914,50344,0.6,1.0,0.379485,17.259281,0.857332,-7.834126,9.055576,25.565798
prioritized,1,210,50520,0.05,-1.0,176,26.32,131.52,0.055261,50520,0.6,1.0,0.381499,17.259281,0.876682,-8.264959,9.37952,26.093498
prioritized,1,211,50675,0.05,1.0,155,131.62,26.83,0.059227,50675,0.6,1.0,0.378753,17.259281,0.85719,-8.031239,9.164277,25.791418
prioritized,1,212,50916,0.05,1.0,241,131.19,26.6,0.05621,50916,0.6,1.0,0.377979,17.259281,0.849149,-8.157776,9.268569,25.933588
prioritized,1,213,51145,0.05,1.0,229,131.25,26.66,0.061246,51145,0.6,1.0,0.378565,17.259281,0.865562,-8.314618,9.378932,26.190701
prioritized,1,214,51279,0.05,-1.0,134,24.93,131.73,0.059558,51279,0.6,1.0,0.37768,17.259281,0.85879,-8.849957,9.969491,27.05138
prioritized,1,215,51391,0.05,-1.0,112,25.64,131.84,0.061919,51391,0.6,1.0,0.378912,17.259281,0.881397,-8.544755,9.701273,26.753799
prioritized,1,216,51551,0.05,-1.0,160,27.2,131.6,0.057779,51551,0.6,1.0,0.378038,17.259281,0.877287,-8.470685,9.505954,26.429966
prioritized,1,217,51851,0.05,,300,25.3,28.7,0.061854,51851,0.6,1.0,0.37721,17.259281,0.869366,-8.253182,9.650735,26.692846
prioritized,1,218,52013,0.05,-1.0,162,26.99,131.59,0.057236,52013,0.6,1.0,0.375342,17.259281,0.857625,-8.389311,9.726833,26.855141
prioritized,1,219,52238,0.05,1.0,225,131.27,28.48,0.059299,52238,0.6,1.0,0.376137,17.259281,0.864423,-8.160549,9.363342,26.059917
prioritized,1,220,52452,0.05,-1.0,214,26.93,131.33,0.063319,52452,0.6,1.0,0.37502,17.259281,0.85056,-8.8043,10.035699,26.955458
prioritized,1,221,52619,0.05,1.0,167,131.56,21.57,0.058156,52619,0.6,1.0,0.376828,17.259281,0.873962,-8.357808,9.558414,26.424011
prioritized,1,222,52751,0.05,-1.0,132,22.94,131.74,0.057625,52751,0.6,1.0,0.375403,17.259281,0.860222,-8.218116,9.514606,26.320095
prioritized,1,223,52958,0.05,1.0,207,131.36,28.77,0.06456,52958,0.6,1.0,0.376061,17.785805,0.872503,-8.666574,9.818042,26.749445
prioritized,1,224,53184,0.05,-1.0,226,26.47,131.27,0.060204,53184,0.6,1.0,0.378554,18.161829,0.888415,-8.860416,10.030645,27.503714
prioritized,1,225,53484,0.05,,300,23.5,26.5,0.062804,53484,0.6,1.0,0.378512,18.161829,0.883914,-9.222767,10.360418,27.827484
prioritized,1,226,53573,0.05,1.0,89,131.95,21.36,0.057629,53573,0.6,1.0,0.378005,18.161829,0.884245,-8.869656,10.320595,28.196953
prioritized,1,227,53777,0.05,-1.0,204,26.98,131.38,0.055738,53777,0.6,1.0,0.376105,18.161829,0.866935,-8.901438,10.042439,27.386908
prioritized,1,228,54077,0.05,,300,26.3,28.3,0.063131,54077,0.6,1.0,0.374283,18.161829,0.859472,-8.973221,10.126474,27.563971
prioritized,1,229,54221,0.05,-1.0,144,24.68,131.68,0.060469,54221,0.6,1.0,0.376351,18.161829,0.875958,-8.304896,9.595165,26.894257
prioritized,1,230,54342,0.05,1.0,121,131.79,25.2,0.060547,54342,0.6,1.0,0.375302,18.161829,0.877771,-8.997756,10.206756,27.657701
prioritized,1,231,54486,0.05,-1.0,144,27.28,131.68,0.060864,54486,0.6,1.0,0.375134,18.161829,0.880438,-8.780077,10.008022,27.419538
prioritized,1,232,54663,0.05,1.0,177,131.51,29.12,0.058031,54663,0.6,1.0,0.376875,18.161829,0.885821,-8.773659,9.8965,27.248867
prioritized,1,233,54963,0.05,,300,26.5,22.3,0.061058,54963,0.6,1.0,0.37435,18.161829,0.877339,-9.087832,10.18294,27.62804
prioritized,1,234,55102,0.05,1.0,139,131.7,23.51,0.065812,55102,0.6,1.0,0.377936,18.434582,0.919412,-10.233892,11.158005,29.961128
prioritized,1,235,55402,0.05,,300,26.5,23.1,0.066888,55402,0.6,1.0,0.38096,18.434582,0.935432,-10.696497,11.691802,30.806604
prioritized,1,236,55501,0.05,1.0,99,131.9,25.11,0.069136,55501,0.6,1.0,0.376658,18.434582,0.890032,-10.894894,11.880472,31.003138
prioritized,1,237,55730,0.05,1.0,229,131.25,26.86,0.060485,55730,0.6,1.0,0.380154,18.434582,0.926424,-10.08302,11.133562,30.165386
prioritized,1,238,55852,0.05,-1.0,122,22.39,131.79,0.061964,55852,0.6,1.0,0.37947,18.434582,0.917714,-10.640623,11.610543,30.766424
prioritized,1,239,55984,0.05,-1.0,132,29.34,131.74,0.065545,55984,0.6,1.0,0.378574,18.434582,0.91194,-10.81003,11.723042,30.982203
prioritized,1,240,56171,0.05,1.0,187,131.46,26.07,0.061728,56171,0.6,1.0,0.378512,18.434582,0.896373,-9.878318,10.876751,28.830961
prioritized,1,241,56305,0.05,-1.0,134,29.13,131.73,0.063163,56305,0.6,1.0,0.378324,18.434582,0.895078,-9.186255,10.296124,28.018736
prioritized,1,242,56605,0.05,,300,28.3,25.7,0.063738,56605,0.6,1.0,0.376474,18.434582,0.881894,-9.179134,10.279006,27.994024
prioritized,1,243,56718,0.05,1.0,113,131.83,29.64,0.060678,56718,0.6,1.0,0.376319,18.434582,0.891607,-9.465257,10.378289,27.990683
prioritized,1,244,56864,0.05,-1.0,146,26.27,131.67,0.05681,56864,0.6,1.0,0.374961,18.434582,0.88644,-9.140737,10.039557,27.748194
prioritized,1,245,56981,0.05,1.0,117,131.81,25.82,0.057883,56981,0.6,1.0,0.374903,18.434582,0.882157,-8.852527,10.014072,27.761351
prioritized,1,246,57216,0.05,1.0,235,131.22,29.03,0.062166,57216,0.6,1.0,0.373602,18.434582,0.857437,-8.65581,9.961404,27.108685
prioritized,1,247,57367,0.05,1.0,151,131.64,26.85,0.055636,57367,0.6,1.0,0.374559,18.434582,0.873334,-8.549398,9.865165,27.012869
prioritized,1,248,57539,0.05,-1.0,172,28.94,131.54,0.061669,57539,0.6,1.0,0.371885,18.434582,0.858545,-8.726318,9.985913,27.046074
prioritized,1,249,57670,0.05,1.0,131,131.74,27.35,0.0626,57670,0.6,1.0,0.371061,18.434582,0.854049,-8.942602,10.128675,27.183258
prioritized,1,250,57893,0.05,1.0,223,131.28,26.89,0.060342,57893,0.6,1.0,0.372458,18.434582,0.87816,-8.830813,10.12735,27.363171
prioritized,1,251,57974,0.05,1.0,81,131.99,29.8,0.054313,57974,0.6,1.0,0.371249,18.434582,0.871133,-8.368525,9.7846,26.973753
prioritized,1,252,58154,0.05,-1.0,180,26.5,131.5,0.057242,58154,0.6,1.0,0.371761,18.434582,0.869966,-8.587807,9.853581,26.571146
prioritized,1,253,58333,0.05,1.0,179,131.5,26.71,0.064,58333,0.6,1.0,0.370622,18.434582,0.866073,-8.31133,9.537029,26.097164
prioritized,1,254,58474,0.05,1.0,141,131.69,26.3,0.056365,58474,0.6,1.0,0.369334,18.434582,0.859433,-8.393603,9.591379,26.11487
prioritized,1,255,58579,0.05,1.0,105,131.87,21.28,0.060229,58579,0.6,1.0,0.37062,18.434582,0.876018,-9.09368,10.12959,26.751968
prioritized,1,256,58732,0.05,1.0,153,131.63,26.44,0.059044,58732,0.6,1.0,0.370009,18.434582,0.869241,-8.775082,9.817805,26.314287
prioritized,1,257,58888,0.05,-1.0,156,24.22,131.62,0.054716,58888,0.6,1.0,0.369676,18.434582,0.872703,-8.469371,9.611306,26.17869
prioritized,1,258,59040,0.05,-1.0,152,27.24,131.64,0.060788,59040,0.6,1.0,0.369722,18.434582,0.885096,-8.9341,9.880918,26.65782
prioritized,1,259,59277,0.05,1.0,237,131.21,26.82,0.059563,59277,0.6,1.0,0.369195,18.434582,0.880027,-9.854746,10.972951,28.571522
prioritized,1,260,59378,0.05,1.0,101,131.89,25.3,0.058395,59378,0.6,1.0,0.369752,18.434582,0.887218,-9.29731,10.142158,27.539591
prioritized,1,261,59493,0.05,1.0,115,131.82,29.63,0.059358,59493,0.6,1.0,0.370931,18.434582,0.901248,-9.220119,10.37557,27.956234
prioritized,1,262,59618,0.05,1.0,125,131.77,20.18,0.057112,59618,0.6,1.0,0.369448,18.434582,0.890154,-9.403826,10.550928,28.110287
prioritized,1,263,59700,0.05,-1.0,82,29.79,131.99,0.059421,59700,0.6,1.0,0.370915,18.434582,0.905136,-9.25645,10.59158,28.138887
prioritized,1,264,59925,0.05,1.0,225,131.27,26.48,0.064795,59925,0.6,1.0,0.369024,18.434582,0.891256,-9.817461,10.957573,28.618969
prioritized,1,265,60049,0.05,-1.0,124,23.58,131.78,0.06136,60049,0.6,1.0,0.372219,18.434582,0.932926,-10.04425,11.109897,29.070662
prioritized,1,266,60181,0.05,-1.0,132,26.54,131.74,0.062919,60181,0.6,1.0,0.371938,18.434582,0.919275,-10.788023,11.655468,30.203972
prioritized,1,267,60363,0.05,-1.0,182,26.29,131.49,0.061501,60363,0.6,1.0,0.370851,18.434582,0.899329,-10.83383,11.767559,30.224821
prioritized,1,268,60462,0.05,1.0,99,131.9,22.11,0.069681,60462,0.6,1.0,0.372494,18.434582,0.911705,-10.561659,11.633801,30.019188
prioritized,1,269,60610,0.05,-1.0,148,29.46,131.66,0.057424,60610,0.6,1.0,0.373724,18.434582,0.929165,-10.658535,11.53849,29.992117
prioritized,1,270,60734,0.05,-1.0,124,26.78,131.78,0.062688,60734,0.6,1.0,0.372722,18.434582,0.918663,-10.473471,11.396175,29.738876
prioritized,1,271,60833,0.05,1.0,99,131.9,25.11,0.064716,60833,0.6,1.0,0.373714,18.434582,0.935898,-10.500639,11.416862,29.820671
prioritized,1,272,61133,0.05,,300,26.5,23.3,0.058999,61133,0.6,1.0,0.374349,18.434582,0.942234,-11.017198,11.966805,30.489849
prioritized,1,273,61291,0.05,-1.0,158,26.61,131.61,0.063039,61291,0.6,1.0,0.372622,18.434582,0.936598,-11.480145,12.270644,31.019361
prioritized,1,274,61455,0.05,-1.0,164,27.18,131.58,0.067162,61455,0.6,1.0,0.372295,18.434582,0.939898,-11.287511,12.122689,30.878168
prioritized,1,275,61705,0.05,-1.0,250,26.15,131.15,0.065895,61705,0.6,1.0,0.370735,18.434582,0.920214,-11.106207,12.013381,30.739145
prioritized,1,276,61861,0.05,-1.0,156,28.62,131.62,0.060803,61861,0.6,1.0,0.370848,18.434582,0.928214,-11.377649,12.335792,31.058588
prioritized,1,277,62161,0.05,,300,26.3,26.5,0.066123,62161,0.6,1.0,0.372414,18.434582,0.937087,-11.279834,12.169542,30.984987
prioritized,1,278,62461,0.05,,300,25.5,28.3,0.06705,62461,0.6,1.0,0.37079,18.434582,0.921791,-11.79915,12.656895,31.694283
prioritized,1,279,62570,0.05,1.0,109,131.85,23.06,0.066312,62570,0.6,1.0,0.37174,18.434582,0.9309,-11.858662,12.623592,31.615219
prioritized,1,280,62737,0.05,1.0,167,131.56,27.17,0.0638,62737,0.6,1.0,0.370938,18.434582,0.925391,-10.77803,11.741247,30.52137
prioritized,1,281,62929,0.05,-1.0,192,29.04,131.44,0.06322,62929,0.6,1.0,0.370664,18.434582,0.928797,-11.833661,12.671566,31.624517
prioritized,1,282,63048,0.05,1.0,119,131.8,29.41,0.063216,63048,0.6,1.0,0.373494,18.434582,0.950731,-11.728983,12.45185,31.500799
prioritized,1,283,63177,0.05,1.0,129,131.75,24.36,0.06889,63177,0.6,1.0,0.373836,18.434582,0.949069,-11.823698,12.613351,31.904215
prioritized,1,284,63376,0.05,1.0,199,131.4,25.81,0.067438,63376,0.6,1.0,0.374945,18.434582,0.948855,-12.04635,12.913226,32.321198
prioritized,1,285,63503,0.05,1.0,127,131.76,26.37,0.067266,63503,0.6,1.0,0.376181,18.434582,0.957187,-11.994148,12.83639,32.20052
prioritized,1,286,63641,0.05,-1.0,138,27.11,131.71,0.060535,63641,0.6,1.0,0.376829,18.434582,0.961014,-11.53166,12.318954,31.52301
prioritized,1,287,63749,0.05,-1.0,108,26.46,131.86,0.062086,63749,0.6,1.0,0.375765,18.434582,0.947242,-11.829474,12.703605,31.995483
prioritized,1,288,64046,0.05,1.0,297,130.91,28.72,0.067685,64046,0.6,1.0,0.372217,18.434582,0.906824,-11.952429,12.756553,31.867159
prioritized,1,289,64173,0.05,1.0,127,131.76,26.77,0.064993,64173,0.6,1.0,0.371847,18.434582,0.912504,-11.13323,11.916406,30.124994
prioritized,1,290,64282,0.05,1.0,109,131.85,29.06,0.066223,64282,0.6,1.0,0.372315,18.434582,0.922334,-10.844864,11.714901,29.868013
prioritized,1,291,64582,0.05,,300,25.5,26.3,0.064954,64582,0.6,1.0,0.371692,18.434582,0.927969,-11.18628,11.913377,30.070871
prioritized,1,292,64882,0.05,,300,25.3,26.5,0.064989,64882,0.6,1.0,0.367473,18.434582,0.898039,-11.160254,11.890145,29.985428
prioritized,1,293,64977,0.05,1.0,95,131.92,27.33,0.054355,64977,0.6,1.0,0.367849,18.434582,0.902783,-9.69989,10.39421,28.212868
prioritized,1,294,65130,0.05,1.0,153,131.63,26.24,0.069966,65130,0.6,1.0,0.370167,18.434582,0.932392,-12.340157,13.046827,31.995871
prioritized,1,295,65250,0.05,-1.0,120,26.2,131.8,0.064471,65250,0.6,1.0,0.374284,18.434582,0.963277,-11.598775,12.271931,31.184954
prioritized,1,296,65442,0.05,-1.0,192,26.84,131.44,0.062472,65442,0.6,1.0,0.371485,18.434582,0.935859,-11.829936,12.500298,31.597431
prioritized,1,297,65549,0.05,1.0,107,131.86,26.87,0.06629,65549,0.6,1.0,0.371698,18.434582,0.938677,-12.609631,13.117385,32.252399
prioritized,1,298,65685,0.05,-1.0,136,26.32,131.72,0.064448,65685,0.6,1.0,0.372505,18.434582,0.945393,-11.83192,12.420453,31.424095
prioritized,1,299,65800,0.05,1.0,115,131.82,24.23,0.067906,65800,0.6,1.0,0.372078,18.434582,0.944188,-11.885758,12.431925,31.373047
prioritized,1,300,65907,0.05,1.0,107,131.86,23.87,0.067934,65907,0.6,1.0,0.370387,18.434582,0.930149,-12.071487,12.670803,31.846636
prioritized,1,301,66153,0.05,-1.0,246,26.17,131.17,0.061119,66153,0.6,1.0,0.372767,18.434582,0.953558,-11.676138,12.529146,31.761042
prioritized,1,302,66384,0.05,1.0,231,131.24,25.85,0.070803,66384,0.6,1.0,0.371604,18.434582,0.947093,-12.671754,13.289664,32.58633
prioritized,1,303,66490,0.05,-1.0,106,27.27,131.87,0.063838,66490,0.6,1.0,0.371422,18.434582,0.948838,-11.93723,12.600655,31.828566
prioritized,1,304,66600,0.05,-1.0,110,26.45,131.85,0.063467,66600,0.6,1.0,0.371887,18.434582,0.958782,-11.988554,12.661894,31.870266
prioritized,1,305,66729,0.05,1.0,129,131.75,27.36,0.067009,66729,0.6,1.0,0.370549,18.434582,0.948906,-11.880362,12.553594,31.755753
prioritized,1,306,66825,0.05,-1.0,96,26.32,131.92,0.066978,66825,0.6,1.0,0.369914,18.434582,0.941125,-12.366078,13.061867,32.361923
prioritized,1,307,67047,0.05,-1.0,222,24.49,131.29,0.0634,67047,0.6,1.0,0.372718,18.434582,0.967108,-12.471795,13.187276,32.506374
prioritized,1,308,67149,0.05,-1.0,102,27.09,131.89,0.070027,67149,0.6,1.0,0.369271,18.434582,0.936019,-12.479126,13.095408,32.576462
prioritized,1,309,67250,0.05,1.0,101,131.89,24.9,0.066437,67250,0.6,1.0,0.370921,18.434582,0.952785,-12.63013,13.253055,32.685555
prioritized,1,310,67363,0.05,1.0,113,131.83,28.64,0.063939,67363,0.6,1.0,0.372503,18.434582,0.964538,-13.132855,13.653136,33.059147
prioritized,1,311,67479,0.05,-1.0,116,27.02,131.82,0.06664,67479,0.6,1.0,0.372957,18.434582,0.965033,-13.008595,13.737733,33.29504
prioritized,1,312,67580,0.05,1.0,101,131.89,27.1,0.064916,67580,0.6,1.0,0.373313,18.434582,0.967156,-12.839061,13.430538,32.859386
prioritized,1,313,67695,0.05,1.0,115,131.82,27.03,0.067727,67695,0.6,1.0,0.372368,18.434582,0.958816,-12.145782,12.745011,32.158161
prioritized,1,314,67995,0.05,,300,25.3,25.5,0.06684,67995,0.6,1.0,0.372492,18.434582,0.968249,-12.92843,13.456009,32.955311
prioritized,1,315,68121,0.05,-1.0,126,27.37,131.77,0.066676,68121,0.6,1.0,0.372022,18.434582,0.951248,-12.320218,12.833473,31.242521
prioritized,1,316,68324,0.05,1.0,203,131.38,28.99,0.060617,68324,0.6,1.0,0.371058,18.434582,0.939498,-11.795704,12.351526,30.679821
prioritized,1,317,68624,0.05,,300,26.5,25.5,0.063246,68624,0.6,1.0,0.368831,18.434582,0.921361,-12.089862,12.684131,31.138281
prioritized,1,318,68767,0.05,1.0,143,131.68,26.89,0.05889,68767,0.6,1.0,0.369058,18.434582,0.93678,-11.542738,12.128504,30.588758
prioritized,1,319,68896,0.05,1.0,129,131.75,24.56,0.064346,68896,0.6,1.0,0.368596,18.434582,0.930245,-11.917947,12.565472,30.986513
prioritized,1,320,68992,0.05,-1.0,96,29.32,131.92,0.066137,68992,0.6,1.0,0.370343,18.434582,0.945152,-12.656058,13.277026,31.758677
prioritized,1,321,69121,0.05,1.0,129,131.75,28.96,0.072306,69121,0.6,1.0,0.370513,18.434582,0.940818,-12.42464,13.054335,31.775799
prioritized,1,322,69221,0.05,-1.0,100,29.3,131.9,0.063652,69221,0.6,1.0,0.372329,18.434582,0.964111,-12.150856,12.69804,31.465528
prioritized,1,323,69521,0.05,,300,22.1,24.3,0.066093,69521,0.6,1.0,0.369597,18.434582,0.945297,-12.269568,12.885434,31.723423
prioritized,1,324,69805,0.05,-1.0,284,26.38,130.98,0.064214,69805,0.6,1.0,0.368797,18.434582,0.935577,-11.988486,12.454149,31.104542
prioritized,1,325,69926,0.05,1.0,121,131.79,28.6,0.061274,69926,0.6,1.0,0.369145,18.434582,0.940974,-11.78273,12.378463,31.105141
prioritized,1,326,70103,0.05,1.0,177,131.51,23.92,0.062608,70103,0.6,1.0,0.369311,18.434582,0.935319,-12.063708,12.631324,31.227467
prioritized,1,327,70403,0.05,,300,28.7,25.3,0.069842,70403,0.6,1.0,0.367858,18.434582,0.933853,-11.914855,12.501248,30.931688
prioritized,1,328,70703,0.05,,300,25.3,26.5,0.064698,70703,0.6,1.0,0.367167,18.434582,0.933451,-12.109061,12.651966,31.009033
prioritized,1,329,70799,0.05,-1.0,96,26.52,131.92,0.063251,70799,0.6,1.0,0.366509,18.434582,0.92927,-11.283198,11.879254,30.142786
prioritized,1,330,70916,0.05,1.0,117,131.81,22.02,0.069749,70916,0.6,1.0,0.36595,18.434582,0.924506,-12.024487,12.526013,30.895935
prioritized,1,331,71064,0.05,-1.0,148,28.66,131.66,0.065381,71064,0.6,1.0,0.370463,18.434582,0.977449,-12.20544,12.677547,31.831524
prioritized,1,332,71197,0.05,1.0,133,131.73,26.74,0.062548,71197,0.6,1.0,0.370477,18.434582,0.973481,-13.992627,14.412408,34.456493
prioritized,1,333,71322,0.05,1.0,125,131.77,26.98,0.067115,71322,0.6,1.0,0.371789,18.434582,0.979184,-13.304991,13.824716,33.89835
prioritized,1,334,71616,0.05,-1.0,294,28.73,130.93,0.063109,71616,0.6,1.0,0.372964,18.434582,0.981297,-13.346225,13.852954,33.916622
prioritized,1,335,71825,0.05,1.0,209,131.35,23.56,0.071816,71825,0.6,1.0,0.374031,18.434582,0.991055,-13.838442,14.395104,34.449589
prioritized,1,336,71939,0.05,-1.0,114,27.03,131.83,0.067018,71939,0.6,1.0,0.372592,18.434582,0.984597,-13.068089,13.555367,33.63081
prioritized,1,337,72236,0.05,1.0,297,130.91,26.12,0.066318,72236,0.6,1.0,0.370116,18.434582,0.951863,-12.92477,13.416484,32.763813
prioritized,1,338,72372,0.05,-1.0,136,27.12,131.72,0.072573,72372,0.6,1.0,0.370666,18.434582,0.95368,-12.43394,13.050018,32.102333
prioritized,1,339,72462,0.05,-1.0,90,27.35,131.95,0.066558,72462,0.6,1.0,0.37123,18.434582,0.968482,-12.610482,13.110509,32.272366
prioritized,1,340,72604,0.05,-1.0,142,26.69,131.69,0.062441,72604,0.6,1.0,0.369669,18.434582,0.960797,-12.587014,13.067943,32.191414
prioritized,1,341,72711,0.05,1.0,107,131.86,25.07,0.05924,72711,0.6,1.0,0.369693,18.434582,0.968817,-13.09033,13.563199,32.784065
prioritized,1,342,72820,0.05,1.0,109,131.85,26.06,0.067357,72820,0.6,1.0,0.368758,18.434582,0.96571,-13.375596,13.880761,33.121136
prioritized,1,343,72928,0.05,-1.0,108,24.46,131.86,0.064281,72928,0.6,1.0,0.367377,18.434582,0.953497,-13.431893,13.86545,33.025002
prioritized,1,344,73155,0.05,1.0,227,131.26,26.07,0.064903,73155,0.6,1.0,0.370363,18.434582,0.976525,-13.155218,13.648213,32.995956
prioritized,1,345,73379,0.05,-1.0,224,26.68,131.28,0.066855,73379,0.6,1.0,0.369677,18.434582,0.968355,-13.674948,14.143144,33.648129
prioritized,1,346,73503,0.05,-1.0,124,18.78,131.78,0.06691,73503,0.6,1.0,0.371752,18.434582,0.989227,-13.317094,13.818952,33.325863
prioritized,1,347,73596,0.05,1.0,93,131.93,26.74,0.05907,73596,0.6,1.0,0.370665,18.434582,0.978099,-12.637012,13.096202,32.474022
prioritized,1,348,73711,0.05,1.0,115,131.82,26.43,0.067763,73711,0.6,1.0,0.370607,18.434582,0.981049,-13.66704,14.126705,33.580467
prioritized,1,349,73809,0.05,-1.0,98,24.51,131.91,0.064586,73809,0.6,1.0,0.371643,18.434582,0.978057,-12.99861,13.679182,33.250534
prioritized,1,350,73930,0.05,1.0,121,131.79,29.0,0.067826,73930,0.6,1.0,0.371743,18.434582,0.975473,-13.224328,13.744224,33.140369
prioritized,1,351,74037,0.05,1.0,107,131.86,27.47,0.067162,74037,0.6,1.0,0.370153,18.434582,0.962922,-13.533804,13.957822,33.494461
prioritized,1,352,74337,0.05,,300,25.5,28.3,0.074146,74337,0.6,1.0,0.370748,18.434582,0.972439,-13.647202,14.075373,33.766102
prioritized,1,353,74436,0.05,1.0,99,131.9,23.91,0.069531,74436,0.6,1.0,0.370279,18.434582,0.970489,-13.799009,14.264688,33.839771
prioritized,1,354,74514,0.05,-1.0,78,24.41,132.01,0.061542,74514,0.6,1.0,0.370823,18.434582,0.973553,-13.581166,14.033415,33.608253
prioritized,1,355,74679,0.05,1.0,165,131.57,27.18,0.075248,74679,0.6,1.0,0.371162,18.434582,0.979201,-14.181487,14.618759,34.182735
prioritized,1,356,74928,0.05,1.0,249,131.15,28.16,0.07145,74928,0.6,1.0,0.372164,18.434582,0.982469,-13.709721,14.171709,33.710369
prioritized,1,357,75189,0.05,1.0,261,131.09,28.5,0.068362,75000,0.6,1.0,0.369528,18.434582,0.93752,-12.44419,12.917188,31.401613
prioritized,1,358,75489,0.05,,300,26.5,23.3,0.064944,75000,0.6,1.0,0.371185,18.434582,0.955204,-11.945931,12.4445,30.428175
prioritized,1,359,75789,0.05,,300,24.3,27.5,0.064363,75000,0.6,1.0,0.369068,18.434582,0.946164,-12.030044,12.497025,30.530846
prioritized,1,360,75952,0.05,1.0,163,131.58,27.19,0.064558,75000,0.6,1.0,0.367457,18.434582,0.932669,-12.407308,12.906953,30.91188
prioritized,1,361,76106,0.05,-1.0,154,26.83,131.63,0.065572,75000,0.6,1.0,0.371019,18.434582,0.977451,-12.219649,12.756885,31.801607
prioritized,1,362,76272,0.05,-1.0,166,24.17,131.57,0.062666,75000,0.6,1.0,0.372878,18.434582,0.986494,-13.004467,13.478067,33.023785
prioritized,1,363,76404,0.05,-1.0,132,28.94,131.74,0.068888,75000,0.6,1.0,0.373472,18.434582,0.986225,-13.228461,13.732838,33.238861
prioritized,1,364,76530,0.05,-1.0,126,29.17,131.77,0.063449,75000,0.6,1.0,0.374158,18.434582,0.995757,-12.911445,13.377271,32.903549
prioritized,1,365,76648,0.05,-1.0,118,24.41,131.81,0.066146,75000,0.6,1.0,0.372426,18.434582,0.980923,-13.920548,14.379058,33.86377
prioritized,1,366,76766,0.05,-1.0,118,24.81,131.81,0.069615,75000,0.6,1.0,0.373407,18.434582,0.985401,-13.445735,13.898496,33.422905
prioritized,1,367,76879,0.05,1.0,113,131.83,27.04,0.069818,75000,0.6,1.0,0.372808,18.434582,0.98498,-14.173422,14.667738,34.278038
prioritized,1,368,76978,0.05,1.0,99,131.9,21.91,0.068605,75000,0.6,1.0,0.37256,18.434582,0.981657,-13.651173,14.081001,33.563675
prioritized,1,369,77085,0.05,1.0,107,131.86,26.87,0.070076,75000,0.6,1.0,0.37157,18.434582,0.949369,-12.329672,12.802391,31.080952
prioritized,1,370,77310,0.05,1.0,225,131.27,26.08,0.065249,75000,0.6,1.0,0.372536,18.434582,0.949514,-11.741252,12.203233,29.940668
prioritized,1,371,77435,0.05,1.0,125,131.77,29.58,0.063113,75000,0.6,1.0,0.372995,18.434582,0.954609,-12.164301,12.593478,30.398491
prioritized,1,372,77555,0.05,-1.0,120,27.4,131.8,0.069127,75000,0.6,1.0,0.371505,18.434582,0.948703,-12.563882,12.973562,30.690638
prioritized,1,373,77700,0.05,1.0,145,131.67,29.28,0.065947,75000,0.6,1.0,0.372494,18.434582,0.963474,-11.891238,12.359585,30.135145
prioritized,1,374,78000,0.05,,300,28.7,27.7,0.069187,75000,0.6,1.0,0.372471,18.434582,0.963826,-12.130718,12.593098,30.330503
prioritized,1,375,78153,0.05,1.0,153,131.63,28.64,0.076081,75000,0.6,1.0,0.374142,18.434582,0.980975,-13.270995,13.732102,32.565746
prioritized,1,376,78263,0.05,-1.0,110,26.85,131.85,0.072461,75000,0.6,1.0,0.373104,18.434582,0.973777,-13.954224,14.367125,33.175156
prioritized,1,377,78563,0.05,,300,28.7,25.5,0.069464,75000,0.6,1.0,0.372476,18.434582,0.971848,-13.135922,13.576769,32.456871
prioritized,1,378,78863,0.05,,300,25.3,26.5,0.067105,75000,0.6,1.0,0.374038,18.434582,0.986152,-13.292556,13.716566,32.593929
prioritized,1,379,78954,0.05,1.0,91,131.94,26.95,0.064161,75000,0.6,1.0,0.373094,18.434582,0.972218,-13.207219,13.644924,32.448948
prioritized,1,380,79254,0.05,,300,28.7,27.5,0.064483,75000,0.6,1.0,0.370158,18.434582,0.911125,-10.904932,11.449516,28.144258
prioritized,1,381,79479,0.05,1.0,225,131.27,26.68,0.060764,75000,0.6,1.0,0.370764,18.434582,0.9219,-10.414231,10.878444,27.022949
prioritized,1,382,79570,0.05,1.0,91,131.94,25.95,0.062489,75000,0.6,1.0,0.367901,18.434582,0.897307,-10.699605,11.208014,27.363554
prioritized,1,383,79680,0.05,-1.0,110,27.05,131.85,0.05912,75000,0.6,1.0,0.367357,18.434582,0.894035,-10.489779,10.92637,27.118778
prioritized,1,384,79801,0.05,1.0,121,131.79,27.2,0.06254,75000,0.6,1.0,0.368495,18.434582,0.91402,-10.828014,11.26507,27.440342
prioritized,1,385,79950,0.05,1.0,149,131.65,29.26,0.06128,75000,0.6,1.0,0.367192,18.434582,0.908712,-10.522076,11.000519,27.120375
prioritized,1,386,80072,0.05,-1.0,122,24.19,131.79,0.061951,75000,0.6,1.0,0.372303,18.434582,0.967018,-12.005712,12.413759,30.291254
prioritized,1,387,80250,0.05,-1.0,178,24.91,131.51,0.074073,75000,0.6,1.0,0.374092,18.434582,0.979736,-13.445742,13.85393,32.433502
prioritized,1,388,80431,0.05,1.0,181,131.49,25.3,0.067162,75000,0.6,1.0,0.373815,18.434582,0.974744,-13.451251,13.837734,32.498909
prioritized,1,389,80571,0.05,-1.0,140,26.5,131.7,0.070498,75000,0.6,1.0,0.374442,18.434582,0.980956,-12.824044,13.233874,31.842714
prioritized,1,390,80670,0.05,1.0,99,131.9,27.11,0.075192,75000,0.6,1.0,0.375555,18.434582,0.9893,-13.433725,13.841691,32.443459
prioritized,1,391,80787,0.05,1.0,117,131.81,24.02,0.06496,75000,0.6,1.0,0.375451,18.434582,0.988696,-12.99572,13.46274,32.157482
prioritized,1,392,80914,0.05,1.0,127,131.76,22.97,0.072099,75000,0.6,1.0,0.373789,18.434582,0.972382,-13.665864,14.038189,32.630138
prioritized,1,393,81020,0.05,-1.0,106,27.07,131.87,0.073767,75000,0.6,1.0,0.376088,18.434582,0.993482,-13.698919,14.117738,32.867493
prioritized,1,394,81147,0.05,1.0,127,131.76,26.57,0.072539,75000,0.6,1.0,0.378659,18.434582,1.019267,-15.288844,15.674726,35.399632
prioritized,1,395,81286,0.05,1.0,139,131.7,26.51,0.079412,75000,0.6,1.0,0.379931,18.434582,1.025756,-14.35862,14.845893,34.448048
prioritized,1,396,81586,0.05,,300,28.5,27.5,0.074761,75000,0.6,1.0,0.380878,18.434582,1.018994,-14.993567,15.42443,34.937618
prioritized,1,397,81747,0.05,1.0,161,131.59,27.0,0.070579,75000,0.6,1.0,0.379506,18.434582,1.007074,-14.458733,14.876237,34.461792
prioritized,1,398,81843,0.05,-1.0,96,27.12,131.92,0.069201,75000,0.6,1.0,0.382256,18.434582,1.024521,-14.059138,14.506494,33.996143
prioritized,1,399,81960,0.05,1.0,117,131.81,26.82,0.080786,75000,0.6,1.0,0.380111,18.434582,1.012463,-14.720373,15.123552,34.743526
prioritized,1,400,82153,0.05,1.0,193,131.43,26.24,0.075617,75000,0.6,1.0,0.380342,18.434582,1.002991,-13.927448,14.352164,33.268795
prioritized,1,401,82453,0.05,,300,26.5,25.5,0.067804,75000,0.6,1.0,0.379845,18.434582,0.999172,-13.685309,14.089629,33.035027
prioritized,1,402,82661,0.05,-1.0,208,26.96,131.36,0.07411,75000,0.6,1.0,0.378656,18.434582,0.993413,-13.988902,14.444401,33.289673
prioritized,1,403,82768,0.05,1.0,107,131.86,27.27,0.071475,75000,0.6,1.0,0.379218,18.434582,1.002286,-13.744373,14.214551,33.027657
prioritized,1,404,82933,0.05,1.0,165,131.57,26.58,0.072645,75000,0.6,1.0,0.381694,18.434582,1.019611,-13.593756,14.053366,32.841679
prioritized,1,405,83233,0.05,,300,28.7,25.5,0.070452,75000,0.6,1.0,0.380437,18.434582,1.004123,-13.749176,14.188979,32.880959
prioritized,1,406,83368,0.05,1.0,135,131.72,26.73,0.081881,75000,0.6,1.0,0.378719,18.434582,1.003675,-13.75516,14.176383,32.771011
prioritized,1,407,83529,0.05,1.0,161,131.59,29.4,0.077912,75000,0.6,1.0,0.378988,18.434582,1.004931,-13.473235,13.875131,32.571037
prioritized,1,408,83688,0.05,1.0,159,131.6,27.01,0.074316,75000,0.6,1.0,0.376308,18.434582,0.99231,-13.412389,13.845985,32.496231
prioritized,1,409,83788,0.05,-1.0,100,29.5,131.9,0.08061,75000,0.6,1.0,0.375958,18.434582,0.990122,-14.138457,14.546308,33.127644
prioritized,1,410,83882,0.05,-1.0,94,24.13,131.93,0.064986,75000,0.6,1.0,0.376587,18.434582,0.993354,-14.702069,15.130174,33.792271
prioritized,1,411,84048,0.05,-1.0,166,26.97,131.57,0.073937,75000,0.6,1.0,0.376587,18.434582,0.979426,-13.519908,13.967587,32.355923
prioritized,1,412,84180,0.05,-1.0,132,29.54,131.74,0.073291,75000,0.6,1.0,0.378513,18.434582,0.985299,-12.945453,13.351326,31.196257
prioritized,1,413,84293,0.05,1.0,113,131.83,29.64,0.066003,75000,0.6,1.0,0.379147,18.434582,0.990347,-13.004601,13.428228,31.401266
prioritized,1,414,84502,0.05,1.0,209,131.35,26.76,0.06907,75000,0.6,1.0,0.378347,18.434582,0.985937,-12.687884,13.093206,30.982904
prioritized,1,415,84771,0.05,1.0,269,131.05,23.66,0.06681,75000,0.6,1.0,0.37796,18.434582,0.990523,-12.862725,13.262959,31.13797
prioritized,1,416,84901,0.05,-1.0,130,24.15,131.75,0.066139,75000,0.6,1.0,0.376582,18.434582,0.976451,-13.011025,13.402778,31.300884
prioritized,1,417,85012,0.05,1.0,111,131.84,23.85,0.075114,75000,0.6,1.0,0.377294,18.434582,0.984857,-13.535316,13.919183,31.891459
prioritized,1,418,85120,0.05,-1.0,108,25.86,131.86,0.075877,75000,0.6,1.0,0.380548,18.434582,1.013381,-14.196424,14.593547,33.249847
prioritized,1,419,85283,0.05,1.0,163,131.58,26.99,0.080198,75000,0.6,1.0,0.38149,18.434582,1.011637,-14.162921,14.608249,33.11433
prioritized,1,420,85583,0.05,,300,28.5,27.1,0.077133,75000,0.6,1.0,0.382572,18.434582,1.009885,-14.119642,14.578586,33.136093
prioritized,1,421,85883,0.05,,300,26.5,22.9,0.074444,75000,0.6,1.0,0.383195,18.434582,1.019349,-14.036722,14.469906,33.043968
prioritized,1,422,85996,0.05,1.0,113,131.83,26.04,0.070561,75000,0.6,1.0,0.381033,18.434582,1.00464,-14.103659,14.499623,33.098927
prioritized,1,423,86121,0.05,1.0,125,131.77,27.18,0.079201,75000,0.6,1.0,0.383097,18.434582,1.011868,-13.857705,14.274107,32.973392
prioritized,1,424,86214,0.05,1.0,93,131.93,26.94,0.082871,75000,0.6,1.0,0.385499,18.434582,1.028597,-14.09511,14.520496,33.172291
prioritized,1,425,86514,0.05,,300,26.3,25.5,0.080891,75000,0.6,1.0,0.386798,18.434582,1.030244,-14.47029,14.917646,33.597397
prioritized,1,426,86635,0.05,1.0,121,131.79,24.4,0.072528,75000,0.6,1.0,0.385324,18.434582,1.014516,-14.309953,14.729051,33.517681
prioritized,1,427,86740,0.05,1.0,105,131.87,24.68,0.067774,75000,0.6,1.0,0.383877,18.434582,1.005861,-13.422082,13.880646,32.484825
prioritized,1,428,87040,0.05,,300,25.5,26.5,0.077505,75000,0.6,1.0,0.38604,18.434582,1.012428,-13.988291,14.425117,33.030693
prioritized,1,429,87136,0.05,-1.0,96,24.32,131.92,0.071608,75000,0.6,1.0,0.387946,18.434582,1.025576,-13.658211,14.166218,32.848442
prioritized,1,430,87240,0.05,-1.0,104,26.68,131.88,0.080765,75000,0.6,1.0,0.387143,18.434582,1.02033,-13.800873,14.240556,32.906326
prioritized,1,431,87353,0.05,1.0,113,131.83,27.04,0.075356,75000,0.6,1.0,0.386247,18.434582,1.013318,-14.049909,14.520661,33.303638
prioritized,1,432,87489,0.05,-1.0,136,28.72,131.72,0.070181,75000,0.6,1.0,0.387989,18.434582,1.021792,-14.457628,14.975895,33.67873
prioritized,1,433,87686,0.05,1.0,197,131.41,26.42,0.083539,75000,0.6,1.0,0.387487,18.434582,1.020272,-13.740897,14.227962,32.98452
prioritized,1,434,87812,0.05,-1.0,126,28.77,131.77,0.076084,75000,0.6,1.0,0.388581,18.434582,1.033098,-14.408519,14.914045,33.613708
prioritized,1,435,87994,0.05,-1.0,182,27.09,131.49,0.08107,75000,0.6,1.0,0.388025,18.434582,1.020055,-14.358726,14.806925,33.434547
prioritized,1,436,88151,0.05,1.0,157,131.61,27.02,0.071248,75000,0.6,1.0,0.390432,18.434582,1.036547,-13.949867,14.542219,33.352757
prioritized,1,437,88258,0.05,1.0,107,131.86,29.47,0.076131,75000,0.6,1.0,0.388204,18.434582,1.017704,-14.623248,15.137424,34.064739
prioritized,1,438,88558,0.05,,300,27.7,26.5,0.076978,75000,0.6,1.0,0.390591,18.434582,1.043963,-14.257054,14.784004,33.676449
prioritized,1,439,88761,0.05,1.0,203,131.38,26.79,0.074462,75000,0.6,1.0,0.389118,18.434582,1.027146,-14.035608,14.596105,33.403198
prioritized,1,440,89010,0.05,1.0,249,131.15,26.16,0.080449,75000,0.6,1.0,0.387907,18.434582,1.014286,-14.243691,14.804661,33.610931
prioritized,1,441,89087,0.05,1.0,77,132.01,21.42,0.078392,75000,0.6,1.0,0.391288,18.434582,1.034916,-13.936471,14.448012,33.251759
prioritized,1,442,89217,0.05,-1.0,130,29.55,131.75,0.072057,75000,0.6,1.0,0.392179,18.434582,1.038814,-14.179705,14.652378,33.364357
prioritized,1,443,89331,0.05,-1.0,114,26.43,131.83,0.078702,75000,0.6,1.0,0.391343,18.434582,1.031475,-14.841745,15.412679,34.329041
prioritized,1,444,89553,0.05,-1.0,222,28.69,131.29,0.076309,75000,0.6,1.0,0.392491,18.434582,1.035157,-14.172675,14.760583,33.439484
prioritized,1,445,89790,0.05,1.0,237,131.21,26.22,0.075386,75000,0.6,1.0,0.393131,18.434582,1.032578,-14.201788,14.710124,33.360943
prioritized,1,446,90090,0.05,,300,26.5,27.7,0.080594,75000,0.6,1.0,0.394941,18.434582,1.040044,-13.691038,14.278887,32.937576
prioritized,1,447,90388,0.05,-1.0,298,28.31,130.91,0.074345,75000,0.6,1.0,0.393775,18.434582,1.03262,-13.420118,13.948036,32.372696
prioritized,1,448,90503,0.05,1.0,115,131.82,26.83,0.080754,75000,0.6,1.0,0.391824,18.434582,1.01605,-13.710253,14.279795,32.647461
prioritized,1,449,90599,0.05,-1.0,96,27.12,131.92,0.074127,75000,0.6,1.0,0.393263,18.434582,1.028434,-14.077671,14.566863,33.152924
prioritized,1,450,90691,0.05,-1.0,92,27.34,131.94,0.07421,75000,0.6,1.0,0.394938,18.434582,1.036444,-13.267592,13.825397,32.070023
prioritized,1,451,90824,0.05,1.0,133,131.73,24.74,0.071109,75000,0.6,1.0,0.393216,18.434582,1.023808,-13.164771,13.676277,32.350079
prioritized,1,452,90976,0.05,-1.0,152,28.64,131.64,0.080432,75000,0.6,1.0,0.393685,18.434582,1.028936,-14.242981,14.767289,33.266037
prioritized,1,453,91276,0.05,,300,27.7,24.3,0.078284,75000,0.6,1.0,0.396532,18.434582,1.050086,-13.88159,14.437585,33.075043
prioritized,1,454,91382,0.05,-1.0,106,26.87,131.87,0.083714,75000,0.6,1.0,0.39447,18.434582,1.041073,-14.365664,14.83604,33.483917
prioritized,1,455,91455,0.05,1.0,73,132.03,24.44,0.072444,75000,0.6,1.0,0.394205,18.434582,1.035601,-14.940594,15.462345,33.991016
prioritized,1,456,91596,0.05,1.0,141,131.69,28.7,0.069545,75000,0.6,1.0,0.394871,18.434582,1.040544,-13.508919,13.984719,32.688229
prioritized,1,457,91730,0.05,-1.0,134,28.93,131.73,0.074023,75000,0.6,1.0,0.394901,18.434582,1.045821,-14.77073,15.191173,33.758568
prioritized,1,458,91854,0.05,-1.0,124,27.38,131.78,0.082835,75000,0.6,1.0,0.394672,18.434582,1.040231,-14.389979,14.928352,33.520889
prioritized,1,459,92154,0.05,,300,25.5,28.5,0.073268,75000,0.6,1.0,0.392112,18.434582,1.00851,-13.779571,14.308283,32.442089
prioritized,1,460,92454,0.05,,300,27.7,26.5,0.0731,75000,0.6,1.0,0.391582,18.434582,1.010435,-13.057493,13.566857,31.176691
prioritized,1,461,92548,0.05,-1.0,94,27.13,131.93,0.077313,75000,0.6,1.0,0.391089,18.434582,1.005548,-13.073538,13.646004,31.297945
prioritized,1,462,92713,0.05,1.0,165,131.57,26.78,0.076787,75000,0.6,1.0,0.391386,18.434582,1.011661,-13.412906,13.925183,31.449774
prioritized,1,463,92829,0.05,-1.0,116,28.82,131.82,0.082196,75000,0.6,1.0,0.390698,18.434582,1.007784,-13.618363,14.159992,31.747282
prioritized,1,464,93129,0.05,,300,25.3,26.5,0.075291,75000,0.6,1.0,0.389166,18.434582,0.99365,-13.228547,13.740352,31.384792
prioritized,1,465,93211,0.05,-1.0,82,27.59,131.99,0.077584,75000,0.6,1.0,0.390571,18.434582,1.006896,-13.107044,13.586744,31.246555
prioritized,1,466,93511,0.05,,300,25.3,26.5,0.077338,75000,0.6,1.0,0.391941,18.434582,1.009773,-13.022187,13.574929,31.333166
prioritized,1,467,93635,0.05,-1.0,124,29.38,131.78,0.071335,75000,0.6,1.0,0.392633,18.434582,1.016599,-13.191134,13.696493,31.46319
prioritized,1,468,93935,0.05,,300,23.1,26.5,0.075671,75000,0.6,1.0,0.391195,18.434582,1.00577,-12.838819,13.320496,31.098385
prioritized,1,469,94137,0.05,-1.0,202,28.59,131.39,0.075833,75000,0.6,1.0,0.392376,18.434582,1.01848,-13.515066,14.029302,31.825235
prioritized,1,470,94271,0.05,-1.0,134,28.93,131.73,0.07658,75000,0.6,1.0,0.392203,18.434582,1.010756,-12.989858,13.526125,31.311554
prioritized,1,471,94342,0.05,1.0,71,132.04,24.65,0.075308,75000,0.6,1.0,0.392174,18.434582,1.013696,-13.460793,13.949624,31.745932
prioritized,1,472,94642,0.05,,300,27.7,26.5,0.076162,75000,0.6,1.0,0.391285,18.434582,1.005791,-13.281899,13.809241,31.758896
prioritized,1,473,94831,0.05,1.0,189,131.45,28.46,0.076352,75000,0.6,1.0,0.390494,18.434582,1.009049,-13.317124,13.807981,31.677059
prioritized,1,474,95015,0.05,-1.0,184,26.88,131.48,0.072749,75000,0.6,1.0,0.390607,18.434582,1.00679,-13.208422,13.715526,31.643253
prioritized,1,475,95106,0.05,1.0,91,131.94,26.35,0.078762,75000,0.6,1.0,0.392201,18.434582,1.0204,-13.500971,14.098241,32.350422
prioritized,1,476,95394,0.05,-1.0,288,28.16,130.96,0.078287,75000,0.6,1.0,0.391904,18.434582,1.013493,-13.810445,14.282022,32.433002
prioritized,1,477,95683,0.05,1.0,289,130.95,26.56,0.077628,75000,0.6,1.0,0.393154,18.434582,1.025375,-13.580508,14.115539,32.210487
prioritized,1,478,95761,0.05,-1.0,78,27.21,132.01,0.075113,75000,0.6,1.0,0.392645,18.434582,1.017365,-13.561813,14.112124,32.210663
prioritized,1,479,95860,0.05,1.0,99,131.9,22.71,0.071916,75000,0.6,1.0,0.390955,18.434582,1.006003,-13.181251,13.71468,31.78961
prioritized,1,480,96092,0.05,-1.0,232,24.64,131.24,0.075883,75000,0.6,1.0,0.392396,18.434582,1.004261,-12.816886,13.372454,31.440046
prioritized,1,481,96392,0.05,,300,26.5,27.7,0.078501,75000,0.6,1.0,0.395248,18.434582,1.014725,-13.045811,13.566752,31.33285
prioritized,1,482,96511,0.05,1.0,119,131.8,24.61,0.080391,75000,0.6,1.0,0.39434,18.434582,1.005569,-13.129657,13.625905,31.408546
prioritized,1,483,96640,0.05,1.0,129,131.75,28.76,0.070024,75000,0.6,1.0,0.396305,18.434582,1.017641,-12.842573,13.352745,31.044493
prioritized,1,484,96738,0.05,-1.0,98,22.11,131.91,0.077037,75000,0.6,1.0,0.396429,18.434582,1.005491,-12.641748,13.214318,30.920523
prioritized,1,485,96836,0.05,-1.0,98,24.31,131.91,0.078798,75000,0.6,1.0,0.396204,18.434582,1.007848,-12.842024,13.3147,31.08271
prioritized,1,486,97136,0.05,,300,26.5,27.7,0.07784,75000,0.6,1.0,0.395565,18.434582,0.996575,-12.646182,13.218582,30.995386
prioritized,1,487,97215,0.05,1.0,79,132.0,24.81,0.074485,75000,0.6,1.0,0.397182,18.434582,1.005727,-13.017234,13.553371,31.121038
prioritized,1,488,97475,0.05,-1.0,260,23.7,131.1,0.072938,75000,0.6,1.0,0.396367,18.434582,0.994985,-12.341778,12.840741,30.559069
prioritized,1,489,97582,0.05,1.0,107,131.86,28.87,0.070515,75000,0.6,1.0,0.398143,18.434582,1.016105,-12.94072,13.450859,31.182211
prioritized,1,490,97790,0.05,-1.0,208,23.96,131.36,0.075684,75000,0.6,1.0,0.396953,18.434582,1.002271,-12.644581,13.278944,30.881702
prioritized,1,491,97896,0.05,-1.0,106,23.47,131.87,0.083737,75000,0.6,1.0,0.398058,18.434582,1.011771,-12.72268,13.360872,30.943846
prioritized,1,492,98097,0.05,1.0,201,131.39,28.0,0.075826,75000,0.6,1.0,0.398144,18.434582,0.990697,-12.828231,13.426342,30.702658
prioritized,1,493,98248,0.05,1.0,151,131.64,28.65,0.075027,75000,0.6,1.0,0.396703,18.434582,0.984093,-11.81299,12.396075,29.369884
prioritized,1,494,98391,0.05,1.0,143,131.68,24.29,0.072735,75000,0.6,1.0,0.39494,18.434582,0.979915,-11.370964,12.032305,28.93998
prioritized,1,495,98487,0.05,-1.0,96,26.52,131.92,0.067669,75000,0.6,1.0,0.395984,18.434582,0.987576,-12.01814,12.591886,29.404337
prioritized,1,496,98574,0.05,1.0,87,131.96,26.37,0.074361,75000,0.6,1.0,0.395422,18.434582,0.986268,-11.842994,12.402132,29.216768
prioritized,1,497,98733,0.05,1.0,159,131.6,28.81,0.068598,75000,0.6,1.0,0.395189,18.434582,0.984863,-12.032393,12.649817,29.45525
prioritized,1,498,98942,0.05,1.0,209,131.35,23.56,0.076442,75000,0.6,1.0,0.394925,18.434582,0.98208,-12.439329,13.000549,29.811832
prioritized,1,499,99032,0.05,-1.0,90,26.75,131.95,0.077863,75000,0.6,1.0,0.396727,18.434582,0.994038,-11.774526,12.425675,29.351831
prioritized,1,500,99332,0.05,,300,23.3,26.5,0.077305,75000,0.6,1.0,0.400919,18.434582,1.017024,-12.616895,13.258749,30.872791
prioritized,1,501,99582,0.05,-1.0,250,25.95,131.15,0.078752,75000,0.6,1.0,0.399324,18.434582,1.003774,-12.011597,12.621879,30.009718
prioritized,1,502,99755,0.05,1.0,173,131.53,24.14,0.073007,75000,0.6,1.0,0.399331,18.434582,0.999343,-12.247426,12.910501,30.414362
prioritized,1,503,99988,0.05,1.0,233,131.23,28.44,0.07316,75000,0.6,1.0,0.401775,18.434582,1.010872,-12.168125,12.830076,30.225754
prioritized,1,504,100125,0.05,1.0,137,131.71,27.12,0.078085,75000,0.6,1.0,0.398528,18.434582,0.973776,-11.758276,12.401052,29.475836
prioritized,1,505,100222,0.05,1.0,97,131.91,23.72,0.071587,75000,0.6,1.0,0.400082,18.434582,0.994983,-11.928019,12.496181,29.564739
prioritized,1,506,100357,0.05,1.0,135,131.72,24.93,0.076353,75000,0.6,1.0,0.399889,18.434582,0.995865,-12.440419,13.023716,30.208029
prioritized,1,507,100493,0.05,-1.0,136,29.52,131.72,0.089599,75000,0.6,1.0,0.398907,18.434582,0.992469,-12.130409,12.738493,29.888411
prioritized,1,508,100594,0.05,1.0,101,131.89,22.5,0.070253,75000,0.6,1.0,0.39847,18.434582,0.985918,-11.21591,11.941477,28.883648
prioritized,1,509,100707,0.05,1.0,113,131.83,25.24,0.07395,75000,0.6,1.0,0.398668,18.434582,0.994285,-11.563704,12.200685,29.068226
prioritized,1,510,100972,0.05,1.0,265,131.07,26.48,0.071036,75000,0.6,1.0,0.396793,18.434582,0.975721,-11.993873,12.650096,29.615404
prioritized,1,511,101085,0.05,1.0,113,131.83,25.24,0.081054,75000,0.6,1.0,0.399356,18.434582,0.98359,-11.971832,12.63767,29.53191
prioritized,1,512,101198,0.05,1.0,113,131.83,26.64,0.074893,75000,0.6,1.0,0.399178,18.434582,0.9818,-11.426948,12.074015,28.820459
prioritized,1,513,101332,0.05,-1.0,134,29.53,131.73,0.075136,75000,0.6,1.0,0.397945,18.434582,0.977145,-11.756621,12.370553,29.14711
prioritized,1,514,101456,0.05,-1.0,124,24.98,131.78,0.072722,75000,0.6,1.0,0.396455,18.434582,0.968966,-11.78108,12.50389,29.334045
prioritized,1,515,101547,0.05,1.0,91,131.94,26.95,0.076094,75000,0.6,1.0,0.39894,18.434582,0.99151,-12.300917,12.881377,29.805042
prioritized,1,516,101641,0.05,-1.0,94,26.93,131.93,0.069377,75000,0.6,1.0,0.397833,18.434582,0.980915,-11.241046,11.917313,28.708279
prioritized,1,517,101941,0.05,,300,25.5,28.7,0.074245,75000,0.6,1.0,0.396463,18.434582,0.965225,-11.072754,11.683466,28.275375
prioritized,1,518,102241,0.05,,300,22.9,26.5,0.073964,75000,0.6,1.0,0.404318,18.434582,1.012668,-11.892148,12.537662,30.097923
prioritized,1,519,102339,0.05,-1.0,98,24.51,131.91,0.080107,75000,0.6,1.0,0.403515,18.434582,0.99905,-12.86402,13.57858,31.207699
prioritized,1,520,102452,0.05,1.0,113,131.83,19.84,0.083123,75000,0.6,1.0,0.404703,18.434582,1.003726,-12.261548,12.893974,30.538933
prioritized,1,521,102552,0.05,-1.0,100,24.9,131.9,0.076219,75000,0.6,1.0,0.404772,18.434582,1.000607,-12.331081,13.085733,30.636911
prioritized,1,522,102852,0.05,,300,25.5,26.5,0.074365,75000,0.6,1.0,0.404607,18.434582,0.987471,-12.074287,12.792489,30.373369
prioritized,1,523,103152,0.05,,300,28.7,25.5,0.073601,75000,0.6,1.0,0.40721,18.434582,0.985316,-11.290285,11.956725,29.123898
prioritized,1,524,103452,0.05,,300,26.5,27.7,0.072638,75000,0.6,1.0,0.405975,18.434582,0.981002,-10.930847,11.685754,28.532019
prioritized,1,525,103543,0.05,1.0,91,131.94,23.35,0.071325,75000,0.6,1.0,0.406083,18.434582,0.984574,-11.589688,12.26942,29.188139
prioritized,1,526,103843,0.05,,300,28.7,25.5,0.07728,75000,0.6,1.0,0.403499,18.434582,0.962856,-11.081452,11.793502,28.73313
prioritized,1,527,103929,0.05,-1.0,86,27.17,131.97,0.077407,75000,0.6,1.0,0.40401,18.434582,0.964282,-10.988427,11.649657,28.250328
prioritized,1,528,104229,0.05,,300,27.7,28.7,0.078961,75000,0.6,1.0,0.408744,18.434582,0.988662,-11.164392,11.890844,29.225767
prioritized,1,529,104529,0.05,,300,26.5,25.5,0.072212,75000,0.6,1.0,0.405952,18.434582,0.971284,-11.485031,12.197378,29.698254
prioritized,1,530,104697,0.05,-1.0,168,26.36,131.56,0.069048,75000,0.6,1.0,0.405341,18.434582,0.96216,-10.926203,11.663852,28.972
prioritized,1,531,104777,0.05,-1.0,80,24.6,132.0,0.066431,75000,0.6,1.0,0.407044,18.434582,0.977871,-10.026055,10.803556,27.833893
prioritized,1,532,105077,0.05,,300,28.5,26.3,0.076269,75000,0.6,1.0,0.404446,18.434582,0.920792,-10.905833,11.700021,28.603451
prioritized,1,533,105377,0.05,,300,28.5,27.7,0.068336,75000,0.6,1.0,0.40259,18.434582,0.90609,-8.525427,9.348824,24.559389
prioritized,1,534,105533,0.05,-1.0,156,24.22,131.62,0.06416,75000,0.6,1.0,0.402383,18.434582,0.91042,-8.765865,9.483971,24.497202
prioritized,1,535,105732,0.05,1.0,199,131.4,28.41,0.065851,75000,0.6,1.0,0.403034,18.434582,0.91517,-8.863096,9.617929,24.878923
prioritized,1,536,105885,0.05,1.0,153,131.63,24.04,0.0654,75000,0.6,1.0,0.403383,18.434582,0.918678,-8.299122,9.122662,24.045599
prioritized,1,537,105987,0.05,-1.0,102,27.49,131.89,0.067088,75000,0.6,1.0,0.40154,18.434582,0.900564,-8.83097,9.677512,24.876253
prioritized,1,538,106268,0.05,1.0,281,130.99,26.0,0.071588,75000,0.6,1.0,0.401225,18.434582,0.897681,-9.07159,9.854115,25.560827
prioritized,1,539,106432,0.05,-1.0,164,23.18,131.58,0.062615,75000,0.6,1.0,0.402588,18.434582,0.916107,-9.222492,10.032899,25.933619
prioritized,1,540,106617,0.05,1.0,185,131.47,26.28,0.06987,75000,0.6,1.0,0.401416,18.434582,0.905444,-8.764324,9.600057,25.18553
prioritized,1,541,106766,0.05,1.0,149,131.65,23.86,0.07094,75000,0.6,1.0,0.403768,18.434582,0.924908,-9.051822,9.8216,25.643641
prioritized,1,542,106850,0.05,-1.0,84,26.98,131.98,0.060545,75000,0.6,1.0,0.399981,18.434582,0.892077,-9.121434,9.938401,25.768358
prioritized,1,543,106960,0.05,-1.0,110,25.05,131.85,0.06448,75000,0.6,1.0,0.403405,18.434582,0.926447,-8.683675,9.586135,25.296984
prioritized,1,544,107048,0.05,-1.0,88,18.96,131.96,0.063547,75000,0.6,1.0,0.402027,18.434582,0.907291,-8.450051,9.335654,24.919485
prioritized,1,545,107170,0.05,-1.0,122,22.39,131.79,0.066704,75000,0.6,1.0,0.400668,18.434582,0.903863,-8.715682,9.596084,25.168821
prioritized,1,546,107470,0.05,,300,27.7,26.5,0.066095,75000,0.6,1.0,0.397706,18.434582,0.892399,-8.528449,9.443839,24.844894
prioritized,1,547,107578,0.05,-1.0,108,25.06,131.86,0.066705,75000,0.6,1.0,0.397031,18.434582,0.895848,-8.100916,8.937773,24.150106
prioritized,1,548,107697,0.05,1.0,119,131.8,24.61,0.072883,75000,0.6,1.0,0.398245,18.434582,0.910011,-8.344429,9.319658,24.549854
prioritized,1,549,107833,0.05,-1.0,136,26.52,131.72,0.061694,75000,0.6,1.0,0.392975,18.434582,0.859678,-8.463367,9.356023,24.55127
prioritized,1,550,107948,0.05,1.0,115,131.82,24.43,0.060526,75000,0.6,1.0,0.396072,18.434582,0.889502,-8.342221,9.23826,24.507692
prioritized,1,551,108248,0.05,,300,28.7,27.7,0.066251,75000,0.6,1.0,0.395388,18.434582,0.863487,-7.716426,8.658868,23.323811
prioritized,1,552,108363,0.05,1.0,115,131.82,23.23,0.059492,75000,0.6,1.0,0.395851,18.434582,0.874023,-7.175243,8.039025,22.574839
prioritized,1,553,108663,0.05,,300,28.5,25.5,0.0602,75000,0.6,1.0,0.394665,18.434582,0.855316,-7.361012,8.306827,22.681778
prioritized,1,554,108765,0.05,-1.0,102,23.89,131.89,0.05763,75000,0.6,1.0,0.395604,18.434582,0.866932,-7.614614,8.42221,22.89814
prioritized,1,555,108863,0.05,-1.0,98,26.91,131.91,0.053619,75000,0.6,1.0,0.394497,18.434582,0.855173,-7.152635,8.114779,22.4736
prioritized,1,556,109075,0.05,-1.0,212,26.54,131.34,0.066321,75000,0.6,1.0,0.39848,18.434582,0.885282,-7.382646,8.307444,22.893238
prioritized,1,557,109175,0.05,-1.0,100,29.3,131.9,0.058819,75000,0.6,1.0,0.396753,18.434582,0.863532,-7.262075,8.149844,22.795549
prioritized,1,558,109319,0.05,-1.0,144,24.88,131.68,0.057629,75000,0.6,1.0,0.396933,18.434582,0.861922,-6.800056,7.876269,22.246437
prioritized,1,559,109413,0.05,-1.0,94,23.93,131.93,0.0563,75000,0.6,1.0,0.395173,18.434582,0.843226,-7.365439,8.332994,23.013855
prioritized,1,560,109713,0.05,,300,25.5,26.1,0.060072,75000,0.6,1.0,0.396915,18.434582,0.863259,-7.471419,8.369308,23.115444
prioritized,1,561,109830,0.05,1.0,117,131.81,24.22,0.060623,75000,0.6,1.0,0.39777,18.434582,0.868369,-7.282214,8.242107,22.928408
prioritized,1,562,109940,0.05,-1.0,110,27.25,131.85,0.070138,75000,0.6,1.0,0.396677,18.434582,0.843371,-7.040935,8.078681,22.465105
prioritized,1,563,110079,0.05,1.0,139,131.7,26.31,0.064666,75000,0.6,1.0,0.396207,18.434582,0.832919,-7.227539,8.202603,22.23727
prioritized,1,564,110379,0.05,,300,23.3,28.7,0.059147,75000,0.6,1.0,0.392563,18.434582,0.817511,-6.355414,7.324805,20.757561
prioritized,1,565,110679,0.05,,300,28.7,25.3,0.057171,75000,0.6,1.0,0.388751,18.434582,0.795745,-6.129515,7.081226,20.33296
prioritized,1,566,110979,0.05,,300,26.5,25.1,0.057169,75000,0.6,1.0,0.388651,18.434582,0.801509,-5.859122,6.779742,19.745335
prioritized,1,567,111117,0.05,-1.0,138,24.71,131.71,0.065515,75000,0.6,1.0,0.391508,18.434582,0.826378,-6.785985,7.745826,22.098854
prioritized,1,568,111417,0.05,,300,25.1,25.1,0.05867,75000,0.6,1.0,0.391808,18.434582,0.831578,-7.126714,8.12478,22.807991
prioritized,1,569,111646,0.05,1.0,229,131.25,28.26,0.058701,75000,0.6,1.0,0.394467,18.434582,0.856346,-7.124891,8.125896,22.820368
prioritized,1,570,111738,0.05,-1.0,92,24.74,131.94,0.058781,75000,0.6,1.0,0.391051,18.434582,0.823287,-6.825697,7.728495,21.99917
prioritized,1,571,111846,0.05,-1.0,108,24.46,131.86,0.056619,75000,0.6,1.0,0.392756,18.434582,0.840145,-6.059516,7.194543,21.392982
prioritized,1,572,111941,0.05,1.0,95,131.92,29.53,0.064202,75000,0.6,1.0,0.391332,18.434582,0.828205,-6.614585,7.556242,22.075716
prioritized,1,573,112191,0.05,-1.0,250,24.35,131.15,0.062047,75000,0.6,1.0,0.391816,18.434582,0.816019,-6.334129,7.419618,21.593809
prioritized,1,574,112491,0.05,,300,26.5,27.7,0.058227,75000,0.6,1.0,0.393154,18.434582,0.823758,-6.496321,7.689231,22.108139
prioritized,1,575,112790,0.05,1.0,299,130.9,25.51,0.058714,75000,0.6,1.0,0.392728,18.434582,0.829863,-6.245504,7.441212,21.658039
prioritized,1,576,113090,0.05,,300,25.5,26.5,0.056497,75000,0.6,1.0,0.393218,18.434582,0.819277,-6.250044,7.405693,21.611229
prioritized,1,577,113351,0.05,1.0,261,131.09,23.7,0.058785,75000,0.6,1.0,0.395365,18.434582,0.822035,-6.262122,7.452555,21.73436
prioritized,1,578,113651,0.05,,300,28.7,25.5,0.054816,75000,0.6,1.0,0.394279,18.434582,0.813296,-5.800792,6.986286,21.011665
prioritized,1,579,113798,0.05,1.0,147,131.66,24.07,0.059715,75000,0.6,1.0,0.393006,18.434582,0.801341,-5.456803,6.58865,20.284208
prioritized,1,580,114080,0.05,-1.0,282,25.99,130.99,0.05458,75000,0.6,1.0,0.389727,18.434582,0.769936,-5.460655,6.588824,20.106335
prioritized,1,581,114343,0.05,1.0,263,131.08,25.89,0.052378,75000,0.6,1.0,0.386707,18.434582,0.753893,-4.930463,5.940459,18.325605
prioritized,1,582,114643,0.05,,300,23.3,26.5,0.050366,75000,0.6,1.0,0.384829,18.434582,0.752961,-4.791209,5.83569,18.291449
prioritized,1,583,114802,0.05,1.0,159,131.6,24.21,0.04901,75000,0.6,1.0,0.384489,18.434582,0.759892,-4.846722,5.918365,18.357397
prioritized,1,584,115033,0.05,1.0,231,131.24,23.65,0.048316,75000,0.6,1.0,0.384485,18.434582,0.772529,-4.401532,5.483843,17.659372
prioritized,1,585,115131,0.05,-1.0,98,29.71,131.91,0.057146,75000,0.6,1.0,0.383764,18.434582,0.762854,-5.407798,6.581083,20.159224
prioritized,1,586,115226,0.05,1.0,95,131.92,24.93,0.05556,75000,0.6,1.0,0.385583,18.434582,0.783598,-5.639212,6.818582,20.616596
prioritized,1,587,115373,0.05,1.0,147,131.66,24.67,0.051738,75000,0.6,1.0,0.384774,18.434582,0.780798,-5.653705,6.705552,20.505444
prioritized,1,588,115673,0.05,,300,26.3,25.3,0.056111,75000,0.6,1.0,0.384435,18.434582,0.770299,-5.34769,6.516508,20.028559
prioritized,1,589,115889,0.05,-1.0,216,26.32,131.32,0.052677,75000,0.6,1.0,0.383387,18.434582,0.766398,-5.574577,6.76152,20.415634
prioritized,1,590,116189,0.05,,300,25.3,26.5,0.049392,75000,0.6,1.0,0.382749,18.434582,0.759199,-4.941085,6.105922,18.995449
prioritized,1,591,116377,0.05,-1.0,188,24.46,131.46,0.052501,75000,0.6,1.0,0.383279,18.434582,0.75891,-4.543841,5.868117,18.375553
prioritized,1,592,116468,0.05,1.0,91,131.94,22.15,0.049747,75000,0.6,1.0,0.383433,18.434582,0.766157,-4.754989,6.104865,18.808695
prioritized,1,593,116604,0.05,-1.0,136,29.52,131.72,0.050781,75000,0.6,1.0,0.384022,18.434582,0.762877,-4.545766,5.853169,18.337376
prioritized,1,594,116900,0.05,-1.0,296,28.12,130.92,0.048912,75000,0.6,1.0,0.384901,18.434582,0.779949,-4.478613,5.724855,18.165861
prioritized,1,595,116989,0.05,1.0,89,131.95,24.76,0.046775,75000,0.6,1.0,0.383753,18.434582,0.772222,-4.41947,5.736982,18.147631
prioritized,1,596,117072,0.05,1.0,83,131.98,24.99,0.050405,75000,0.6,1.0,0.381606,18.434582,0.754193,-4.881591,6.076641,19.00729
prioritized,1,597,117278,0.05,-1.0,206,26.17,131.37,0.050815,75000,0.6,1.0,0.38134,18.434582,0.770586,-4.931921,6.138747,19.060905
prioritized,1,598,117578,0.05,,300,27.7,26.5,0.048187,75000,0.6,1.0,0.378176,18.434582,0.759244,-4.671948,5.804686,18.588158
prioritized,1,599,117878,0.05,,300,28.5,25.5,0.04959,75000,0.6,1.0,0.377133,18.434582,0.746187,-4.681538,5.854097,18.571806
prioritized,1,600,118178,0.05,,300,28.7,27.5,0.048268,75000,0.6,1.0,0.380422,18.434582,0.775704,-4.74536,5.946247,18.854046
prioritized,1,601,118478,0.05,,300,28.7,27.7,0.052585,75000,0.6,1.0,0.379219,18.434582,0.756047,-4.798539,6.046638,19.012861
prioritized,1,602,118745,0.05,1.0,267,131.06,28.87,0.05089,75000,0.6,1.0,0.378707,18.434582,0.749166,-4.461856,5.80373,18.602701
prioritized,1,603,119045,0.05,,300,25.5,26.5,0.05132,75000,0.6,1.0,0.379253,18.434582,0.761465,-4.437268,5.738916,18.420979
prioritized,1,604,119345,0.05,,300,28.7,25.5,0.050113,75000,0.6,1.0,0.377221,18.434582,0.724903,-3.86266,5.229424,17.145962
prioritized,1,605,119645,0.05,,300,28.7,27.7,0.047197,75000,0.6,1.0,0.378049,18.434582,0.737884,-3.917695,5.241147,17.058474
prioritized,1,606,119945,0.05,,300,26.5,27.7,0.046419,75000,0.6,1.0,0.376045,18.434582,0.718389,-3.912112,5.203206,17.003878
prioritized,1,607,120127,0.05,-1.0,182,26.49,131.49,0.046577,75000,0.6,1.0,0.376739,18.434582,0.722885,-3.964545,5.244996,17.308542
prioritized,1,608,120267,0.05,-1.0,140,26.5,131.7,0.052315,75000,0.6,1.0,0.376589,18.434582,0.723316,-3.996409,5.224938,17.128342
prioritized,1,609,120567,0.05,,300,24.3,27.5,0.04735,75000,0.6,1.0,0.376353,18.434582,0.716887,-3.732151,4.973116,16.657949
prioritized,1,610,120867,0.05,,300,25.5,26.5,0.048186,75000,0.6,1.0,0.373691,18.434582,0.708912,-3.720138,4.922954,16.436161
prioritized,1,611,121012,0.05,1.0,145,131.67,26.88,0.04176,75000,0.6,1.0,0.372257,18.434582,0.703229,-3.540746,4.905387,16.389721
prioritized,1,612,121171,0.05,1.0,159,131.6,24.41,0.046473,75000,0.6,1.0,0.371679,18.434582,0.687842,-3.708508,5.003553,16.405939
prioritized,1,613,121330,0.05,1.0,159,131.6,26.41,0.050592,75000,0.6,1.0,0.370307,18.434582,0.68432,-3.733603,4.92909,16.327398
prioritized,1,614,121431,0.05,1.0,101,131.89,21.9,0.043501,75000,0.6,1.0,0.370288,18.434582,0.695591,-3.424768,4.791019,16.055769
prioritized,1,615,121509,0.05,-1.0,78,25.01,132.01,0.044347,75000,0.6,1.0,0.369803,18.434582,0.69392,-3.859868,5.134909,16.686523
prioritized,1,616,121809,0.05,,300,28.7,25.1,0.044085,75000,0.6,1.0,0.368102,18.434582,0.69157,-3.429765,4.743834,15.821412
prioritized,1,617,121884,0.05,1.0,75,132.02,22.23,0.047018,75000,0.6,1.0,0.367953,18.434582,0.68752,-3.527983,4.759983,15.817775
prioritized,1,618,122147,0.05,1.0,263,131.08,23.89,0.04744,75000,0.6,1.0,0.369743,18.434582,0.732612,-4.025371,5.171305,16.881411
prioritized,1,619,122251,0.05,-1.0,104,26.68,131.88,0.043937,75000,0.6,1.0,0.366652,18.434582,0.697626,-3.954883,5.106987,17.001741
prioritized,1,620,122551,0.05,,300,24.1,25.3,0.046558,75000,0.6,1.0,0.365532,18.434582,0.690612,-4.19767,5.409941,17.606789
prioritized,1,621,122851,0.05,,300,26.3,25.5,0.042965,75000,0.6,1.0,0.366566,18.434582,0.694359,-3.746577,5.021145,16.825283
prioritized,1,622,122942,0.05,1.0,91,131.94,26.75,0.048963,75000,0.6,1.0,0.366738,18.434582,0.697832,-3.782685,5.090346,16.7388
prioritized,1,623,123242,0.05,,300,27.7,28.3,0.048556,75000,0.6,1.0,0.370579,18.434582,0.696517,-3.682014,5.154335,16.891027
prioritized,1,624,123335,0.05,1.0,93,131.93,26.34,0.04976,75000,0.6,1.0,0.371249,18.434582,0.706155,-2.918054,4.319983,15.320038
prioritized,1,625,123428,0.05,1.0,93,131.93,22.14,0.039888,75000,0.6,1.0,0.370761,18.434582,0.694902,-3.7183,5.231447,17.127901
prioritized,1,626,123636,0.05,-1.0,208,24.36,131.36,0.048803,75000,0.6,1.0,0.370332,18.434582,0.700328,-3.527488,4.913333,16.456125
prioritized,1,627,123936,0.05,,300,26.5,27.5,0.045666,75000,0.6,1.0,0.369692,18.434582,0.694009,-3.277307,4.821352,16.318707
prioritized,1,628,124154,0.05,-1.0,218,26.71,131.31,0.04437,75000,0.6,1.0,0.370237,18.434582,0.686712,-3.019076,4.412605,15.240766
prioritized,1,629,124454,0.05,,300,28.7,27.5,0.048424,75000,0.6,1.0,0.371545,18.434582,0.696785,-2.873568,4.316841,14.869238
prioritized,1,630,124754,0.05,,300,27.7,26.5,0.042462,75000,0.6,1.0,0.367692,18.434582,0.671689,-2.90742,4.304893,14.825721
prioritized,1,631,124846,0.05,-1.0,92,21.94,131.94,0.042602,75000,0.6,1.0,0.366325,18.434582,0.655506,-3.039333,4.360507,15.051683
prioritized,1,632,125146,0.05,,300,28.5,27.7,0.042434,75000,0.6,1.0,0.369377,18.434582,0.671877,-2.997597,4.396868,15.349282
prioritized,1,633,125243,0.05,1.0,97,131.91,24.72,0.047853,75000,0.6,1.0,0.37348,18.434582,0.706091,-3.391754,4.937851,16.533785
prioritized,1,634,125472,0.05,1.0,229,131.25,26.66,0.049793,75000,0.6,1.0,0.373334,18.434582,0.694218,-3.243427,4.779082,16.186125
prioritized,1,635,125772,0.05,,300,28.7,27.7,0.043121,75000,0.6,1.0,0.371685,18.434582,0.687544,-2.953871,4.441356,15.604809
prioritized,1,636,125849,0.05,1.0,77,132.01,24.42,0.043148,75000,0.6,1.0,0.37203,18.434582,0.694112,-3.104683,4.465143,15.700029
prioritized,1,637,126149,0.05,,300,25.5,26.5,0.044601,75000,0.6,1.0,0.371386,18.434582,0.678028,-2.876353,4.39031,15.324183
prioritized,1,638,126449,0.05,,300,26.5,25.9,0.045323,75000,0.6,1.0,0.370572,18.434582,0.678397,-2.64382,4.211166,14.735998
prioritized,1,639,126553,0.05,-1.0,104,25.08,131.88,0.049065,75000,0.6,1.0,0.37227,18.434582,0.695499,-2.526802,4.088548,14.394213
prioritized,1,640,126853,0.05,,300,26.5,25.5,0.043859,75000,0.6,1.0,0.369864,18.434582,0.681324,-2.577026,4.170981,14.653176
prioritized,1,641,127117,0.05,-1.0,264,26.68,131.08,0.042571,75000,0.6,1.0,0.368116,18.434582,0.662727,-2.515053,4.056756,14.37723
prioritized,1,642,127417,0.05,,300,25.5,28.5,0.042927,75000,0.6,1.0,0.366907,18.434582,0.674996,-2.7203,4.157748,14.766503
prioritized,1,643,127717,0.05,,300,25.5,24.3,0.040377,75000,0.6,1.0,0.365266,18.434582,0.666712,-2.292422,3.699478,13.520815
prioritized,1,644,128017,0.05,,300,26.5,25.5,0.041167,75000,0.6,1.0,0.3647,18.434582,0.66709,-2.335839,3.792972,13.644857
prioritized,1,645,128161,0.05,-1.0,144,24.48,131.68,0.044451,75000,0.6,1.0,0.363405,18.434582,0.645956,-2.140598,3.730945,13.225544
prioritized,1,646,128269,0.05,-1.0,108,24.86,131.86,0.040826,75000,0.6,1.0,0.363815,18.434582,0.645221,-2.14677,3.701039,13.156659
prioritized,1,647,128563,0.05,-1.0,294,25.53,130.93,0.038349,75000,0.6,1.0,0.362537,18.434582,0.636948,-2.009516,3.583786,12.887894
prioritized,1,648,128863,0.05,,300,27.7,28.7,0.038426,75000,0.6,1.0,0.362499,18.434582,0.65808,-1.885695,3.472924,12.561914
prioritized,1,649,129001,0.05,-1.0,138,29.31,131.71,0.039028,75000,0.6,1.0,0.361872,18.434582,0.648352,-1.734615,3.301734,12.147048
prioritized,1,650,129081,0.05,-1.0,80,24.4,132.0,0.049244,75000,0.6,1.0,0.364069,18.434582,0.648245,-2.422024,4.128136,14.691741
prioritized,1,651,129260,0.05,1.0,179,131.5,23.91,0.042855,75000,0.6,1.0,0.364697,18.434582,0.643326,-2.099103,3.674773,13.499877
prioritized,1,652,129560,0.05,,300,26.5,27.7,0.043175,75000,0.6,1.0,0.365277,18.434582,0.663822,-2.203926,3.902288,14.037278
prioritized,1,653,129815,0.05,1.0,255,131.12,28.33,0.041823,75000,0.6,1.0,0.367151,18.434582,0.675264,-2.16858,3.971244,14.072495
prioritized,1,654,130102,0.05,1.0,287,130.96,21.37,0.042666,75000,0.6,1.0,0.363689,18.434582,0.639314,-2.178618,3.83254,13.729482
prioritized,1,655,130180,0.05,-1.0,78,22.21,132.01,0.040168,75000,0.6,1.0,0.363106,18.434582,0.641821,-1.805405,3.572745,12.84277
prioritized,1,656,130397,0.05,1.0,217,131.31,23.72,0.036884,75000,0.6,1.0,0.363194,18.434582,0.645236,-1.596054,3.284564,12.217242
prioritized,1,657,130697,0.05,,300,27.3,28.7,0.036847,75000,0.6,1.0,0.361607,18.434582,0.635953,-1.666664,3.361654,12.485032
prioritized,1,658,130925,0.05,-1.0,228,23.86,131.26,0.03683,75000,0.6,1.0,0.358466,18.434582,0.607414,-1.539626,3.289317,12.260707
prioritized,1,659,130999,0.05,-1.0,74,21.83,132.03,0.039596,75000,0.6,1.0,0.35941,18.434582,0.618034,-1.659914,3.257844,12.150646
prioritized,1,660,131299,0.05,,300,28.5,27.7,0.043796,75000,0.6,1.0,0.361733,18.434582,0.636873,-1.848893,3.555244,13.121483
prioritized,1,661,131382,0.05,1.0,83,131.98,24.39,0.034414,75000,0.6,1.0,0.362227,18.434582,0.646528,-1.677956,3.311247,12.371656
prioritized,1,662,131682,0.05,,300,23.1,26.5,0.039325,75000,0.6,1.0,0.360945,18.434582,0.645356,-1.831041,3.466586,12.92917
prioritized,1,663,131770,0.05,-1.0,88,24.76,131.96,0.036068,75000,0.6,1.0,0.35899,18.434582,0.622847,-2.058774,3.568405,13.24166
prioritized,1,664,132070,0.05,,300,21.9,25.3,0.03746,75000,0.6,1.0,0.359892,18.434582,0.625254,-1.863371,3.545548,13.131575
prioritized,1,665,132370,0.05,,300,25.5,26.5,0.038369,75000,0.6,1.0,0.363491,18.434582,0.647103,-1.424536,3.118747,11.674397
prioritized,1,666,132654,0.05,-1.0,284,25.18,130.98,0.040181,75000,0.6,1.0,0.360485,18.434582,0.60791,-1.431687,3.221502,11.987879
prioritized,1,667,132954,0.05,,300,27.5,24.3,0.037135,75000,0.6,1.0,0.359408,18.434582,0.619653,-1.388745,3.130652,11.709858
prioritized,1,668,133053,0.05,1.0,99,131.9,26.11,0.037552,75000,0.6,1.0,0.360164,18.434582,0.616883,-1.475081,3.207595,12.124905
prioritized,1,669,133142,0.05,1.0,89,131.95,21.16,0.04018,75000,0.6,1.0,0.361111,18.434582,0.613123,-1.498082,3.253369,12.261709
prioritized,1,670,133245,0.05,1.0,103,131.88,25.09,0.042993,75000,0.6,1.0,0.363337,18.434582,0.621279,-1.385328,3.193998,11.873575
prioritized,1,671,133545,0.05,,300,25.9,27.9,0.038465,75000,0.6,1.0,0.362288,18.434582,0.607335,-1.561361,3.206371,12.116995
prioritized,1,672,133647,0.05,-1.0,102,22.29,131.89,0.03761,75000,0.6,1.0,0.361912,18.434582,0.603257,-1.549901,3.198444,12.096432
prioritized,1,673,133947,0.05,,300,26.5,24.3,0.03817,75000,0.6,1.0,0.362865,18.434582,0.627573,-1.587722,3.095747,11.844686
prioritized,1,674,134247,0.05,,300,26.3,27.5,0.036684,75000,0.6,1.0,0.360542,18.434582,0.616201,-1.26951,2.93288,11.088701
prioritized,1,675,134547,0.05,,300,26.5,25.5,0.035636,75000,0.6,1.0,0.358019,18.434582,0.627796,-0.989625,2.579876,10.181048
prioritized,1,676,134766,0.05,1.0,219,131.3,26.11,0.036344,75000,0.6,1.0,0.356155,18.434582,0.615353,-1.306736,2.881082,11.018522
prioritized,1,677,134866,0.05,-1.0,100,21.9,131.9,0.038014,75000,0.6,1.0,0.354713,18.434582,0.58945,-1.403913,3.058507,11.455343
prioritized,1,678,135166,0.05,,300,27.7,26.3,0.038014,75000,0.6,1.0,0.355597,18.434582,0.601786,-1.133936,2.720216,10.518606
prioritized,1,679,135466,0.05,,300,25.3,24.3,0.036587,75000,0.6,1.0,0.352724,18.434582,0.59905,-1.094034,2.775214,10.539786
prioritized,1,680,135766,0.05,,300,26.5,27.7,0.037063,75000,0.6,1.0,0.350137,18.434582,0.575989,-1.053914,2.784612,10.651162
prioritized,1,681,136066,0.05,,300,26.3,27.5,0.035297,75000,0.6,1.0,0.351909,18.434582,0.600183,-0.970604,2.502965,9.791875
prioritized,1,682,136366,0.05,,300,25.5,28.7,0.034135,75000,0.6,1.0,0.348783,18.434582,0.569856,-0.827379,2.479228,9.821482
prioritized,1,683,136545,0.05,1.0,179,131.5,26.11,0.034972,75000,0.6,1.0,0.347659,18.434582,0.556793,-0.716398,2.74522,10.349237
prioritized,1,684,136845,0.05,,300,26.5,27.5,0.030447,75000,0.6,1.0,0.347526,18.434582,0.580733,-0.856287,2.473148,9.861642
prioritized,1,685,137145,0.05,,300,28.5,25.5,0.037775,75000,0.6,1.0,0.351278,18.434582,0.590385,-0.898001,2.627486,10.215361
prioritized,1,686,137445,0.05,,300,26.5,27.7,0.036624,75000,0.6,1.0,0.351064,18.434582,0.584332,-0.630763,2.529661,9.657551
prioritized,1,687,137557,0.05,-1.0,112,20.04,131.84,0.034198,75000,0.6,1.0,0.349742,18.434582,0.554551,-0.742925,2.573533,9.777838
prioritized,1,688,137642,0.05,1.0,85,131.97,25.18,0.03521,75000,0.6,1.0,0.351167,18.434582,0.578496,-0.760461,2.346714,9.274179
prioritized,1,689,137942,0.05,,300,25.5,28.5,0.032462,75000,0.6,1.0,0.350877,18.434582,0.570588,-0.77757,2.414268,9.460521
prioritized,1,690,138242,0.05,,300,27.7,28.7,0.035463,75000,0.6,1.0,0.350428,18.434582,0.558634,-0.46051,2.339144,8.790856
prioritized,1,691,138542,0.05,,300,28.7,27.5,0.031717,75000,0.6,1.0,0.348363,18.434582,0.575246,-0.508,2.261492,8.749382
prioritized,1,692,138651,0.05,1.0,109,131.85,28.86,0.03429,75000,0.6,1.0,0.348115,18.434582,0.58228,-0.518649,2.230553,8.535834
prioritized,1,693,138951,0.05,,300,27.7,28.7,0.033743,75000,0.6,1.0,0.344391,18.434582,0.538918,-0.558093,2.221472,8.518675
prioritized,1,694,139161,0.05,-1.0,210,21.75,131.35,0.034755,75000,0.6,1.0,0.344839,18.434582,0.534437,-0.765636,2.149227,8.433228
prioritized,1,695,139346,0.05,1.0,185,131.47,26.68,0.032857,75000,0.6,1.0,0.345535,18.434582,0.560661,-0.862029,2.151482,8.784062
prioritized,1,696,139469,0.05,1.0,123,131.78,22.39,0.032787,75000,0.6,1.0,0.345883,18.434582,0.562921,-0.718326,2.027978,8.267258
prioritized,1,697,139609,0.05,-1.0,140,24.1,131.7,0.029414,75000,0.6,1.0,0.345387,18.434582,0.554838,-0.822783,2.011405,8.528604
prioritized,1,698,139909,0.05,,300,28.7,27.5,0.032232,75000,0.6,1.0,0.344011,18.434582,0.53865,-0.796021,2.062384,8.523556
prioritized,1,699,140055,0.05,-1.0,146,28.67,131.67,0.030274,75000,0.6,1.0,0.346136,18.434582,0.553115,-0.856707,2.274923,9.19782
prioritized,1,700,140355,0.05,,300,28.7,25.5,0.033675,75000,0.6,1.0,0.345113,18.434582,0.557064,-0.569121,2.215401,8.619457
prioritized,1,701,140655,0.05,,300,26.5,27.7,0.030097,75000,0.6,1.0,0.341819,18.434582,0.539057,-0.650307,2.152424,8.649486
prioritized,1,702,140955,0.05,,300,27.7,26.5,0.030226,75000,0.6,1.0,0.341762,18.434582,0.558381,-0.589195,2.173057,8.624254
prioritized,1,703,141047,0.05,-1.0,92,27.34,131.94,0.034537,75000,0.6,1.0,0.342254,18.434582,0.555696,-0.637757,2.076115,8.008362
prioritized,1,704,141174,0.05,1.0,127,131.76,21.57,0.034743,75000,0.6,1.0,0.343797,18.434582,0.554756,-0.842664,2.121349,8.30537
prioritized,1,705,141270,0.05,-1.0,96,20.52,131.92,0.030197,75000,0.6,1.0,0.342462,18.434582,0.544996,-0.766876,2.03177,8.284629
prioritized,1,706,141570,0.05,,300,27.7,26.3,0.031153,75000,0.6,1.0,0.34156,18.434582,0.544769,-0.641647,2.053967,8.140769
prioritized,1,707,141639,0.05,1.0,69,132.05,24.86,0.031592,75000,0.6,1.0,0.342181,18.434582,0.563093,-0.602811,2.097718,8.415038
prioritized,1,708,141939,0.05,,300,25.5,25.3,0.030742,75000,0.6,1.0,0.339396,18.434582,0.541751,-0.611183,2.005628,7.93931
prioritized,1,709,142106,0.05,1.0,167,131.56,23.77,0.030071,75000,0.6,1.0,0.338732,18.434582,0.528871,-0.358465,2.021093,7.910759
prioritized,1,710,142200,0.05,-1.0,94,26.93,131.93,0.034023,75000,0.6,1.0,0.339603,18.434582,0.554227,-0.581727,2.138961,8.446512
prioritized,1,711,142284,0.05,-1.0,84,27.58,131.98,0.035368,75000,0.6,1.0,0.338812,18.434582,0.535047,-0.567308,2.168075,8.825727
prioritized,1,712,142509,0.05,1.0,225,131.27,26.08,0.031171,75000,0.6,1.0,0.339792,18.434582,0.550925,-0.534818,2.18712,8.853879
prioritized,1,713,142653,0.05,-1.0,144,21.68,131.68,0.031366,75000,0.6,1.0,0.34165,18.434582,0.568356,-0.544241,2.183715,8.646999
prioritized,1,714,142898,0.05,1.0,245,131.17,25.98,0.030607,75000,0.6,1.0,0.33906,18.434582,0.558692,-0.624702,2.186886,8.904627
prioritized,1,715,143016,0.05,-1.0,118,26.41,131.81,0.027381,75000,0.6,1.0,0.338896,18.434582,0.551713,-0.630902,2.198357,9.230117
prioritized,1,716,143136,0.05,-1.0,120,22.4,131.8,0.031384,75000,0.6,1.0,0.34006,18.434582,0.56466,-0.679358,2.125465,8.946537
prioritized,1,717,143218,0.05,-1.0,82,24.59,131.99,0.034412,75000,0.6,1.0,0.338823,18.434582,0.538808,-1.095834,2.371782,9.857151
prioritized,1,718,143479,0.05,1.0,261,131.09,24.1,0.029841,75000,0.6,1.0,0.339607,18.434582,0.561048,-0.719015,2.091984,8.683545
prioritized,1,719,143655,0.05,-1.0,176,26.12,131.52,0.027762,75000,0.6,1.0,0.337623,18.434582,0.545083,-0.65197,2.189512,8.947971
prioritized,1,720,143914,0.05,1.0,259,131.1,26.31,0.032294,75000,0.6,1.0,0.335661,18.434582,0.52875,-0.72215,2.08868,8.617833
prioritized,1,721,144214,0.05,,300,26.5,25.5,0.03244,75000,0.6,1.0,0.338962,18.434582,0.569024,-0.586809,2.24635,9.127007
prioritized,1,722,144514,0.05,,300,27.9,24.9,0.032206,75000,0.6,1.0,0.337515,18.434582,0.577286,-0.541493,2.354013,9.28675
prioritized,1,723,144611,0.05,1.0,97,131.91,26.92,0.030674,75000,0.6,1.0,0.33539,18.434582,0.545718,-0.281001,2.214919,8.527072
prioritized,1,724,144712,0.05,1.0,101,131.89,26.7,0.032545,75000,0.6,1.0,0.335207,18.434582,0.540781,-0.384278,2.318734,8.910166
prioritized,1,725,144834,0.05,-1.0,122,29.39,131.79,0.030986,75000,0.6,1.0,0.335745,18.434582,0.547979,-0.641102,2.267382,9.014918
prioritized,1,726,145134,0.05,,300,25.5,26.5,0.035407,75000,0.6,1.0,0.338017,18.434582,0.55728,-0.420477,2.303398,8.90257
prioritized,1,727,145318,0.05,-1.0,184,26.68,131.48,0.033316,75000,0.6,1.0,0.338108,18.434582,0.562978,-0.406976,2.30107,8.943429
prioritized,1,728,145536,0.05,-1.0,218,26.11,131.31,0.030395,75000,0.6,1.0,0.336104,18.434582,0.541741,-0.344841,2.113911,8.377757
prioritized,1,729,145645,0.05,1.0,109,131.85,27.46,0.032896,75000,0.6,1.0,0.337835,18.434582,0.561821,-0.450186,2.25894,8.827392
prioritized,1,730,145945,0.05,,300,28.7,25.5,0.03177,75000,0.6,1.0,0.336359,18.434582,0.549668,-0.298338,2.236579,8.662261
prioritized,1,731,146171,0.05,-1.0,226,28.47,131.27,0.036955,75000,0.6,1.0,0.339995,18.434582,0.556232,-0.260717,2.256701,8.608084
prioritized,1,732,146330,0.05,1.0,159,131.6,21.61,0.033905,75000,0.6,1.0,0.340342,18.434582,0.55759,-0.256216,2.395528,9.075105
prioritized,1,733,146630,0.05,,300,25.5,26.1,0.035136,75000,0.6,1.0,0.341012,18.434582,0.569332,-0.34061,2.352351,9.214865
prioritized,1,734,146930,0.05,,300,25.5,28.7,0.033501,75000,0.6,1.0,0.339798,18.434582,0.554532,-0.362582,2.323416,8.931855
prioritized,1,735,147015,0.05,1.0,85,131.97,22.58,0.035157,75000,0.6,1.0,0.3409,18.434582,0.569208,-0.416626,2.351853,9.156565
prioritized,1,736,147315,0.05,,300,26.3,27.7,0.035084,75000,0.6,1.0,0.341658,18.434582,0.554713,-0.335865,2.200637,8.533612
prioritized,1,737,147541,0.05,-1.0,226,28.87,131.27,0.035074,75000,0.6,1.0,0.342767,18.434582,0.562971,-0.346233,2.171853,8.318761
prioritized,1,738,147841,0.05,,300,26.5,25.1,0.029792,75000,0.6,1.0,0.339854,18.434582,0.551288,-0.393339,2.130736,8.339959
prioritized,1,739,148141,0.05,,300,26.5,27.5,0.032368,75000,0.6,1.0,0.341244,18.434582,0.546705,-0.295887,2.185493,8.33727
prioritized,1,740,148441,0.05,,300,27.5,26.3,0.030672,75000,0.6,1.0,0.340836,18.434582,0.559561,-0.219219,2.143239,8.123743
prioritized,1,741,148532,0.05,1.0,91,131.94,25.75,0.036024,75000,0.6,1.0,0.339905,18.434582,0.560361,0.051566,2.135374,7.946944
prioritized,1,742,148832,0.05,,300,25.3,26.5,0.031896,75000,0.6,1.0,0.338817,18.434582,0.54188,-0.247553,2.138876,8.185777
prioritized,1,743,149132,0.05,,300,27.3,26.5,0.032831,75000,0.6,1.0,0.340312,18.434582,0.557078,-0.281624,2.115491,8.068554
prioritized,1,744,149432,0.05,,300,27.7,28.5,0.032963,75000,0.6,1.0,0.340764,18.434582,0.548171,-0.139604,1.943744,7.309275
prioritized,1,745,149732,0.05,,300,27.5,26.5,0.031095,75000,0.6,1.0,0.338508,18.434582,0.549906,-0.186199,1.917942,7.358878
prioritized,1,746,149933,0.05,1.0,201,131.39,24.6,0.026906,75000,0.6,1.0,0.337223,18.434582,0.544993,-0.109424,1.793652,6.718175
prioritized,1,747,150233,0.05,,300,25.3,28.7,0.034475,75000,0.6,1.0,0.337662,18.434582,0.553594,-0.245613,2.024274,7.802601
prioritized,1,748,150533,0.05,,300,28.7,27.5,0.028255,75000,0.6,1.0,0.33422,18.434582,0.522035,-0.078773,1.870603,7.380676
prioritized,1,749,150833,0.05,,300,27.7,26.3,0.031517,75000,0.6,1.0,0.33379,18.434582,0.508707,-0.132698,1.757932,6.788211
prioritized,1,750,151133,0.05,,300,27.7,26.5,0.029896,75000,0.6,1.0,0.336217,18.434582,0.528279,-0.136625,1.798186,6.936624
prioritized,1,751,151243,0.05,-1.0,110,22.85,131.85,0.02948,75000,0.6,1.0,0.336414,18.434582,0.533595,-0.048764,1.684253,6.415673
prioritized,1,752,151543,0.05,,300,26.5,24.3,0.030644,75000,0.6,1.0,0.336762,18.434582,0.543489,-0.065411,1.779655,6.770522
prioritized,1,753,151843,0.05,,300,25.5,25.5,0.03042,75000,0.6,1.0,0.334452,18.434582,0.526535,-0.041745,1.84854,7.007616
prioritized,1,754,152143,0.05,,300,27.7,28.5,0.030581,75000,0.6,1.0,0.334099,18.434582,0.523921,-0.105199,1.840133,6.964918
prioritized,1,755,152241,0.05,-1.0,98,27.51,131.91,0.028698,75000,0.6,1.0,0.332772,18.434582,0.515014,-0.110511,1.715638,6.742434
prioritized,1,756,152515,0.05,-1.0,274,27.63,131.03,0.028766,75000,0.6,1.0,0.334375,18.434582,0.534089,-0.156089,1.824073,6.919696
prioritized,1,757,152815,0.05,,300,26.3,27.7,0.028071,75000,0.6,1.0,0.333607,18.434582,0.533356,-0.047936,1.836897,6.849658
prioritized,1,758,152899,0.05,-1.0,84,21.58,131.98,0.024222,75000,0.6,1.0,0.331893,18.434582,0.507998,0.00693,1.657596,6.350965
prioritized,1,759,153014,0.05,1.0,115,131.82,23.83,0.029862,75000,0.6,1.0,0.334666,18.434582,0.542912,-0.199745,1.898862,7.256228
prioritized,1,760,153207,0.05,1.0,193,131.43,24.24,0.031521,75000,0.6,1.0,0.333995,18.434582,0.516596,-0.210863,1.812894,7.043706
prioritized,1,761,153319,0.05,-1.0,112,26.64,131.84,0.030572,75000,0.6,1.0,0.335355,18.434582,0.537535,-0.219488,1.790859,6.870367
prioritized,1,762,153619,0.05,,300,27.7,26.5,0.027247,75000,0.6,1.0,0.333813,18.434582,0.528437,-0.148253,1.825171,6.981011
prioritized,1,763,153740,0.05,1.0,121,131.79,23.6,0.033309,75000,0.6,1.0,0.335094,18.434582,0.544424,-0.202413,1.899835,7.208894
prioritized,1,764,154040,0.05,,300,27.7,26.5,0.028896,75000,0.6,1.0,0.332114,18.434582,0.505339,-0.153941,1.816895,6.968635
prioritized,1,765,154340,0.05,,300,25.5,26.1,0.027715,75000,0.6,1.0,0.328728,18.434582,0.513095,-0.147285,1.567901,6.114959
prioritized,1,766,154497,0.05,1.0,157,131.61,23.62,0.026998,75000,0.6,1.0,0.326794,18.434582,0.517253,-0.036258,1.528365,5.720988
prioritized,1,767,154797,0.05,,300,27.5,24.1,0.026626,75000,0.6,1.0,0.323799,18.434582,0.511107,-0.09472,1.545433,6.031185
prioritized,1,768,155097,0.05,,300,27.5,28.3,0.027387,75000,0.6,1.0,0.322951,18.434582,0.500795,-0.091959,1.626949,6.244335
prioritized,1,769,155397,0.05,,300,24.3,27.5,0.028831,75000,0.6,1.0,0.323522,18.434582,0.485009,0.014743,1.555977,5.906157
prioritized,1,770,155697,0.05,,300,23.1,28.3,0.02907,75000,0.6,1.0,0.324281,18.434582,0.503088,0.043414,1.530625,5.861887
prioritized,1,771,155997,0.05,,300,28.3,25.3,0.024847,75000,0.6,1.0,0.323236,18.434582,0.504885,-0.03756,1.50432,5.86291
prioritized,1,772,156297,0.05,,300,26.3,27.7,0.025658,75000,0.6,1.0,0.323998,18.434582,0.508833,0.091493,1.458595,5.541348
prioritized,1,773,156495,0.05,-1.0,198,26.21,131.41,0.02441,75000,0.6,1.0,0.322136,18.434582,0.496131,0.133226,1.456174,5.536057
prioritized,1,774,156787,0.05,-1.0,292,25.74,130.94,0.025873,75000,0.6,1.0,0.320985,18.434582,0.501379,0.005725,1.452667,5.648234
prioritized,1,775,157036,0.05,1.0,249,131.15,23.76,0.02502,75000,0.6,1.0,0.3187,18.434582,0.485301,0.003237,1.55753,5.928038
prioritized,1,776,157197,0.05,1.0,161,131.59,24.0,0.02976,75000,0.6,1.0,0.321203,18.434582,0.50401,0.060768,1.610815,6.23219
prioritized,1,777,157482,0.05,1.0,285,130.97,25.78,0.027032,75000,0.6,1.0,0.320404,18.434582,0.499367,-0.009057,1.574703,6.174017
prioritized,1,778,157671,0.05,1.0,189,131.45,28.86,0.024681,75000,0.6,1.0,0.318575,18.434582,0.488061,-0.098161,1.566465,6.220044
prioritized,1,779,157819,0.05,-1.0,148,27.26,131.66,0.024359,75000,0.6,1.0,0.316757,18.434582,0.481351,-0.132258,1.530761,6.133106
prioritized,1,780,158037,0.05,-1.0,218,26.11,131.31,0.027104,75000,0.6,1.0,0.319367,18.434582,0.502007,-0.054463,1.566413,6.103833
prioritized,1,781,158262,0.05,1.0,225,131.27,28.28,0.02607,75000,0.6,1.0,0.317946,18.434582,0.479022,-0.14702,1.643428,6.584852
prioritized,1,782,158562,0.05,,300,28.5,25.3,0.030055,75000,0.6,1.0,0.321439,18.434582,0.511783,-0.241223,1.732186,7.023814
prioritized,1,783,158862,0.05,,300,28.7,25.5,0.025715,75000,0.6,1.0,0.319383,18.434582,0.499634,-0.211916,1.605305,6.617514
prioritized,1,784,159162,0.05,,300,27.7,28.7,0.028927,75000,0.6,1.0,0.320204,18.434582,0.496475,-0.027624,1.618454,6.447504
prioritized,1,785,159462,0.05,,300,27.7,26.3,0.028246,75000,0.6,1.0,0.319364,18.434582,0.505982,-0.127931,1.606414,6.51391
prioritized,1,786,159762,0.05,,300,25.5,25.5,0.026463,75000,0.6,1.0,0.317772,18.434582,0.503725,-0.06933,1.539962,6.280726
prioritized,1,787,160062,0.05,,300,26.5,27.7,0.028274,75000,0.6,1.0,0.31992,18.434582,0.514509,-0.007222,1.611658,6.542784
prioritized,1,788,160362,0.05,,300,26.5,27.7,0.028453,75000,0.6,1.0,0.320196,18.434582,0.49833,0.039968,1.539401,6.11074
prioritized,1,789,160526,0.05,-1.0,164,21.58,131.58,0.027569,75000,0.6,1.0,0.319338,18.434582,0.510056,0.130341,1.488643,5.810788
prioritized,1,790,160826,0.05,,300,28.3,27.7,0.022061,75000,0.6,1.0,0.318231,18.434582,0.515291,0.043942,1.508536,6.128212
prioritized,1,791,161126,0.05,,300,27.7,28.7,0.026307,75000,0.6,1.0,0.317144,18.434582,0.472216,-0.031391,1.491304,6.043774
prioritized,1,792,161426,0.05,,300,26.3,24.3,0.026231,75000,0.6,1.0,0.315849,18.434582,0.477507,-0.061772,1.496061,6.314657
prioritized,1,793,161694,0.05,-1.0,268,26.46,131.06,0.023607,75000,0.6,1.0,0.314897,18.434582,0.491252,0.005527,1.431043,5.979812
prioritized,1,794,161994,0.05,,300,25.5,25.5,0.02314,75000,0.6,1.0,0.313709,18.434582,0.488064,-0.156534,1.459174,6.33123
prioritized,1,795,162294,0.05,,300,27.7,28.3,0.026709,75000,0.6,1.0,0.316375,18.434582,0.49132,-0.014992,1.482185,5.979215
prioritized,1,796,162594,0.05,,300,25.5,25.5,0.025845,75000,0.6,1.0,0.314624,18.434582,0.490863,0.001876,1.410413,5.48061
prioritized,1,797,162724,0.05,-1.0,130,28.95,131.75,0.023161,75000,0.6,1.0,0.313781,18.434582,0.492933,0.00397,1.523412,6.27867
prioritized,1,798,163024,0.05,,300,28.3,27.5,0.022439,75000,0.6,1.0,0.311902,18.434582,0.477234,0.060081,1.316416,5.161577
prioritized,1,799,163324,0.05,,300,26.5,25.5,0.024807,75000,0.6,1.0,0.309373,18.434582,0.469823,-0.071943,1.217008,5.022029
prioritized,1,800,163624,0.05,,300,27.5,25.3,0.023946,75000,0.6,1.0,0.309167,18.434582,0.484715,-0.031517,1.168863,4.713218
prioritized,1,801,163924,0.05,,300,25.5,26.1,0.021952,75000,0.6,1.0,0.305523,18.434582,0.462376,0.045885,1.164496,4.823738
prioritized,1,802,164139,0.05,1.0,215,131.32,28.73,0.022139,75000,0.6,1.0,0.306333,18.434582,0.469125,-0.036396,1.214763,5.0504
prioritized,1,803,164439,0.05,,300,27.7,28.5,0.023722,75000,0.6,1.0,0.307112,18.434582,0.474143,-0.085759,1.258333,5.21996
prioritized,1,804,164739,0.05,,300,26.5,27.7,0.022019,75000,0.6,1.0,0.303658,18.434582,0.447323,0.064898,1.20069,4.999451
prioritized,1,805,165039,0.05,,300,28.3,25.3,0.020321,75000,0.6,1.0,0.301851,18.434582,0.430388,-0.0734,1.166451,4.786535
prioritized,1,806,165339,0.05,,300,25.5,25.5,0.022819,75000,0.6,1.0,0.302307,18.434582,0.451831,0.012693,1.156276,4.61606
prioritized,1,807,165639,0.05,,300,23.3,25.3,0.020942,75000,0.6,1.0,0.30117,18.434582,0.470625,-0.009919,1.170231,4.77215
prioritized,1,808,165939,0.05,,300,25.5,26.1,0.02076,75000,0.6,1.0,0.297374,18.434582,0.418941,-0.001963,1.061682,4.480956
prioritized,1,809,166239,0.05,,300,26.5,25.5,0.020044,75000,0.6,1.0,0.299404,18.434582,0.459958,0.022249,1.116431,4.674994
prioritized,1,810,166333,0.05,-1.0,94,22.53,131.93,0.019253,75000,0.6,1.0,0.298257,18.434582,0.438899,0.068818,1.139926,4.751304
prioritized,1,811,166584,0.05,1.0,251,131.14,26.75,0.020984,75000,0.6,1.0,0.297862,18.434582,0.455524,-0.059052,1.189198,5.447945
prioritized,1,812,166884,0.05,,300,25.3,25.5,0.021821,75000,0.6,1.0,0.296638,18.434582,0.448195,-0.088834,1.301831,5.704559
prioritized,1,813,167184,0.05,,300,26.1,27.7,0.021763,75000,0.6,1.0,0.297587,18.434582,0.453324,-0.033797,1.171508,5.079958
prioritized,1,814,167484,0.05,,300,27.7,28.5,0.021217,75000,0.6,1.0,0.296279,18.434582,0.445766,-0.082584,1.133446,4.97588
prioritized,1,815,167784,0.05,,300,22.7,25.5,0.020238,75000,0.6,1.0,0.295524,18.434582,0.452356,-0.146395,1.167287,5.162582
prioritized,1,816,168084,0.05,,300,27.7,28.5,0.018699,75000,0.6,1.0,0.293822,18.434582,0.443161,-0.078244,1.026273,4.587296
prioritized,1,817,168293,0.05,1.0,209,131.35,21.56,0.019394,75000,0.6,1.0,0.292464,18.434582,0.41378,-0.035469,1.069561,4.549335
prioritized,1,818,168593,0.05,,300,26.5,23.1,0.02124,75000,0.6,1.0,0.292497,18.434582,0.418091,-0.088035,1.136664,4.973307
prioritized,1,819,168893,0.05,,300,27.7,28.3,0.020759,75000,0.6,1.0,0.291135,18.434582,0.403405,-0.133151,1.164828,5.226451
prioritized,1,820,169193,0.05,,300,25.5,26.3,0.019567,75000,0.6,1.0,0.295628,18.434582,0.468265,-0.070366,1.079482,4.71226
prioritized,1,821,169493,0.05,,300,28.3,27.5,0.020599,75000,0.6,1.0,0.294615,18.434582,0.454023,-0.065753,1.100586,4.719158
prioritized,1,822,169793,0.05,,300,23.1,23.1,0.020268,75000,0.6,1.0,0.292833,18.434582,0.429772,-0.066719,1.107858,4.816483
prioritized,1,823,169915,0.05,-1.0,122,24.19,131.79,0.020188,75000,0.6,1.0,0.293856,18.434582,0.449458,-0.150374,1.043896,4.357417
prioritized,1,824,170006,0.05,1.0,91,131.94,24.55,0.018283,75000,0.6,1.0,0.293464,18.434582,0.435621,-0.154622,1.112839,4.828089
prioritized,1,825,170306,0.05,,300,25.5,26.5,0.019469,75000,0.6,1.0,0.295878,18.434582,0.465509,-0.044108,1.106297,4.599382
prioritized,1,826,170509,0.05,1.0,203,131.38,23.39,0.019997,75000,0.6,1.0,0.294236,18.434582,0.439326,0.048069,1.181325,4.778589
prioritized,1,827,170634,0.05,1.0,125,131.77,24.18,0.025535,75000,0.6,1.0,0.296192,18.434582,0.455749,-0.050129,1.123183,4.518861
prioritized,1,828,170934,0.05,,300,27.7,26.3,0.022472,75000,0.6,1.0,0.295047,18.434582,0.449935,-0.091902,1.258231,5.322026
prioritized,1,829,171234,0.05,,300,26.5,25.3,0.024073,75000,0.6,1.0,0.29688,18.434582,0.473802,-0.076585,1.168315,4.635384
prioritized,1,830,171534,0.05,,300,26.3,27.5,0.021328,75000,0.6,1.0,0.293566,18.434582,0.446207,0.007098,1.067417,4.272994
prioritized,1,831,171834,0.05,,300,27.7,24.1,0.02076,75000,0.6,1.0,0.290516,18.434582,0.439393,-0.067658,1.046702,4.183581
prioritized,1,832,172134,0.05,,300,26.1,25.5,0.021073,75000,0.6,1.0,0.290993,18.434582,0.448874,-0.026498,1.040123,4.174574
prioritized,1,833,172434,0.05,,300,27.7,24.1,0.020029,75000,0.6,1.0,0.290873,18.434582,0.456736,-0.001823,0.981976,4.022796
prioritized,1,834,172734,0.05,,300,27.7,26.1,0.018592,75000,0.6,1.0,0.287744,18.434582,0.439442,-0.06317,1.018123,4.148978
prioritized,1,835,172947,0.05,1.0,213,131.33,28.14,0.017238,75000,0.6,1.0,0.286875,18.434582,0.445236,0.014042,0.895575,3.605039
prioritized,1,836,173184,0.05,1.0,237,131.21,21.62,0.020536,75000,0.6,1.0,0.287028,18.434582,0.410034,0.001156,0.955589,3.794289
prioritized,1,837,173484,0.05,,300,25.5,25.5,0.019407,75000,0.6,1.0,0.286209,18.434582,0.429629,-0.073434,1.048692,4.369637
prioritized,1,838,173784,0.05,,300,25.9,25.5,0.017571,75000,0.6,1.0,0.284713,18.434582,0.424248,-0.032731,0.980371,4.006894
prioritized,1,839,174084,0.05,,300,25.5,23.3,0.020553,75000,0.6,1.0,0.286459,18.434582,0.445313,-0.045922,0.964753,3.98617
prioritized,1,840,174384,0.05,,300,28.5,27.7,0.018504,75000,0.6,1.0,0.284886,18.434582,0.419516,-0.077533,0.958625,4.086452
prioritized,1,841,174684,0.05,,300,28.7,27.7,0.019384,75000,0.6,1.0,0.284951,18.434582,0.41264,-0.014131,0.931764,3.807057
prioritized,1,842,174794,0.05,-1.0,110,27.45,131.85,0.021197,75000,0.6,1.0,0.286047,18.434582,0.42699,-0.143517,1.000304,4.37419
prioritized,1,843,175094,0.05,,300,25.5,28.3,0.018861,75000,0.6,1.0,0.287683,18.434582,0.473348,-0.050477,1.012603,4.546077
prioritized,1,844,175394,0.05,,300,25.5,25.5,0.017283,75000,0.6,1.0,0.283894,18.434582,0.438016,-0.019811,0.963953,4.385626
prioritized,1,845,175694,0.05,,300,22.9,27.7,0.017306,75000,0.6,1.0,0.28232,18.434582,0.442229,-0.047614,0.908652,3.99405
prioritized,1,846,175994,0.05,,300,25.3,23.9,0.016935,75000,0.6,1.0,0.280327,18.434582,0.419528,-0.057576,0.95596,4.481884
prioritized,1,847,176294,0.05,,300,27.5,26.5,0.018464,75000,0.6,1.0,0.283095,18.434582,0.443905,-0.039418,0.89828,3.966488
prioritized,1,848,176594,0.05,,300,25.3,25.5,0.019722,75000,0.6,1.0,0.281921,18.434582,0.401917,-0.004627,0.887833,3.783034
prioritized,1,849,176894,0.05,,300,28.3,27.7,0.016348,75000,0.6,1.0,0.281183,18.434582,0.41265,-0.038978,0.918417,4.047463
prioritized,1,850,177010,0.05,-1.0,116,25.82,131.82,0.017311,75000,0.6,1.0,0.280055,18.434582,0.395077,-0.00417,0.830064,3.721154
prioritized,1,851,177310,0.05,,300,26.1,27.7,0.020623,75000,0.6,1.0,0.284121,18.434582,0.443176,-0.085875,0.981331,4.553528
prioritized,1,852,177610,0.05,,300,26.1,25.5,0.017578,75000,0.6,1.0,0.281307,18.434582,0.417807,-0.089679,0.879671,4.083282
prioritized,1,853,177802,0.05,-1.0,192,28.44,131.44,0.016647,75000,0.6,1.0,0.282103,18.434582,0.431211,-0.065131,0.877165,3.976144
prioritized,1,854,178102,0.05,,300,27.5,28.3,0.019836,75000,0.6,1.0,0.283193,18.434582,0.427119,-0.226466,0.989936,5.04892
prioritized,1,855,178290,0.05,-1.0,188,21.86,131.46,0.017738,75000,0.6,1.0,0.282741,18.434582,0.411652,-0.097805,1.01783,5.162437
prioritized,1,856,178525,0.05,1.0,235,131.22,21.23,0.01799,75000,0.6,1.0,0.283637,18.434582,0.429133,-0.196381,1.010037,5.146525
prioritized,1,857,178825,0.05,,300,25.5,25.5,0.016388,75000,0.6,1.0,0.282491,18.434582,0.44336,-0.196703,1.027805,5.091289
prioritized,1,858,179125,0.05,,300,28.1,25.5,0.017885,75000,0.6,1.0,0.282941,18.434582,0.43653,-0.284073,1.056906,5.416643
prioritized,1,859,179425,0.05,,300,26.1,27.9,0.019384,75000,0.6,1.0,0.281241,18.434582,0.421878,-0.081965,0.95427,4.527398
prioritized,1,860,179725,0.05,,300,25.5,25.5,0.017626,75000,0.6,1.0,0.279627,18.434582,0.415586,-0.187383,0.995956,5.034338
prioritized,1,861,180025,0.05,,300,22.3,28.5,0.017306,75000,0.6,1.0,0.277822,18.434582,0.387715,-0.191209,1.025041,5.282135
prioritized,1,862,180325,0.05,,300,26.5,27.7,0.018542,75000,0.6,1.0,0.278875,18.434582,0.409208,-0.042565,0.95827,4.495294
prioritized,1,863,180625,0.05,,300,25.5,26.3,0.01564,75000,0.6,1.0,0.27782,18.434582,0.402191,-0.057089,0.864076,4.251009
prioritized,1,864,180925,0.05,,300,27.7,28.5,0.015875,75000,0.6,1.0,0.276766,18.434582,0.431289,-0.070518,0.877574,4.509082
prioritized,1,865,181041,0.05,-1.0,116,24.22,131.82,0.02209,75000,0.6,1.0,0.279762,18.434582,0.452525,-0.21438,0.882129,3.989246
prioritized,1,866,181156,0.05,1.0,115,131.82,22.03,0.018605,75000,0.6,1.0,0.278263,18.434582,0.412859,-0.342823,1.031573,5.006692
prioritized,1,867,181456,0.05,,300,25.5,27.7,0.017141,75000,0.6,1.0,0.276697,18.434582,0.417767,-0.344834,0.975884,5.149932
prioritized,1,868,181571,0.05,1.0,115,131.82,26.63,0.018044,75000,0.6,1.0,0.275895,18.434582,0.405172,-0.237349,0.966223,4.862
prioritized,1,869,181871,0.05,,300,26.1,27.7,0.017165,75000,0.6,1.0,0.277163,18.434582,0.431659,-0.1466,0.898674,4.432736
prioritized,1,870,182171,0.05,,300,25.5,25.5,0.016947,75000,0.6,1.0,0.275653,18.434582,0.413059,-0.056224,0.920028,4.574661
prioritized,1,871,182471,0.05,,300,25.5,25.5,0.017143,75000,0.6,1.0,0.275454,18.434582,0.432284,-0.120147,1.024286,5.160575
prioritized,1,872,182714,0.05,1.0,243,131.18,24.39,0.015771,75000,0.6,1.0,0.273913,18.434582,0.442704,0.050578,0.924561,4.303842
prioritized,1,873,183014,0.05,,300,25.5,26.1,0.016281,75000,0.6,1.0,0.272902,18.434582,0.434869,-0.01571,0.936062,4.622862
prioritized,1,874,183314,0.05,,300,27.7,26.3,0.017737,75000,0.6,1.0,0.273001,18.434582,0.423174,-0.225494,0.942921,4.655475
prioritized,1,875,183522,0.05,-1.0,208,25.76,131.36,0.01485,75000,0.6,1.0,0.270072,18.434582,0.38401,-0.185731,0.866038,4.181247
prioritized,1,876,183822,0.05,,300,24.7,26.3,0.017373,75000,0.6,1.0,0.271205,18.434582,0.423758,-0.185017,0.942601,4.861907
prioritized,1,877,184122,0.05,,300,27.7,26.3,0.018436,75000,0.6,1.0,0.271865,18.434582,0.430927,-0.196675,0.904751,4.438544
prioritized,1,878,184422,0.05,,300,26.3,27.5,0.016078,75000,0.6,1.0,0.268945,18.434582,0.40736,-0.015297,0.858194,4.044853
prioritized,1,879,184634,0.05,-1.0,212,26.14,131.34,0.016701,75000,0.6,1.0,0.267888,18.434582,0.397804,-0.076368,0.879354,4.322467
prioritized,1,880,184934,0.05,,300,27.5,26.1,0.015365,75000,0.6,1.0,0.266966,18.434582,0.424964,-0.166145,0.915789,4.556399
prioritized,1,881,185234,0.05,,300,28.3,25.5,0.017409,75000,0.6,1.0,0.268503,18.434582,0.415789,-0.221051,0.976123,4.83529
prioritized,1,882,185534,0.05,,300,25.3,25.5,0.015346,75000,0.6,1.0,0.26634,18.434582,0.410691,-0.147131,0.853141,4.262885
prioritized,1,883,185760,0.05,-1.0,226,23.47,131.27,0.016467,75000,0.6,1.0,0.267187,18.434582,0.422202,-0.217151,0.906628,4.604278
prioritized,1,884,186060,0.05,,300,25.5,25.5,0.015876,75000,0.6,1.0,0.266181,18.434582,0.391473,-0.054244,0.955135,5.238317
prioritized,1,885,186360,0.05,,300,27.7,25.5,0.016158,75000,0.6,1.0,0.265109,18.434582,0.404979,0.066639,1.026648,5.283111
prioritized,1,886,186660,0.05,,300,28.5,27.7,0.015065,75000,0.6,1.0,0.263674,18.434582,0.400985,0.09078,0.957245,4.991038
prioritized,1,887,186960,0.05,,300,26.1,25.5,0.015413,75000,0.6,1.0,0.263488,18.434582,0.404896,-0.022508,0.923471,4.824352
prioritized,1,888,187260,0.05,,300,27.7,28.3,0.016447,75000,0.6,1.0,0.265284,18.434582,0.405404,-0.118784,0.943006,4.616632
prioritized,1,889,187560,0.05,,300,26.1,27.7,0.015656,75000,0.6,1.0,0.264989,18.434582,0.404341,-0.00577,0.9087,4.540648
prioritized,1,890,187860,0.05,,300,25.5,25.3,0.014307,75000,0.6,1.0,0.263489,18.434582,0.39453,-0.034175,0.861292,4.613098
prioritized,1,891,188160,0.05,,300,23.3,24.3,0.016653,75000,0.6,1.0,0.264046,18.434582,0.391095,0.053301,0.84488,4.208719
prioritized,1,892,188460,0.05,,300,28.1,27.7,0.016337,75000,0.6,1.0,0.263657,18.434582,0.405188,-0.036222,0.824462,4.070246
prioritized,1,893,188760,0.05,,300,25.5,25.5,0.015672,75000,0.6,1.0,0.263179,18.434582,0.411564,0.017524,0.817126,3.817303
prioritized,1,894,189060,0.05,,300,27.5,23.9,0.01471,75000,0.6,1.0,0.26234,18.434582,0.397759,-0.043687,0.828345,4.335099
prioritized,1,895,189360,0.05,,300,28.1,26.3,0.015634,75000,0.6,1.0,0.264494,18.434582,0.427087,0.017185,0.836453,4.396799
prioritized,1,896,189660,0.05,,300,23.3,23.1,0.01425,75000,0.6,1.0,0.26156,18.434582,0.385092,0.041114,0.849408,4.197273
prioritized,1,897,189960,0.05,,300,25.3,22.9,0.014213,75000,0.6,1.0,0.261655,18.434582,0.405163,0.006349,0.760745,3.865505
prioritized,1,898,190260,0.05,,300,25.1,20.9,0.021692,75000,0.6,1.0,0.271136,18.434582,0.444915,0.142318,0.965256,4.149124
prioritized,1,899,190560,0.05,,300,25.5,25.5,0.01821,75000,0.6,1.0,0.2715,18.434582,0.412863,0.071911,0.991599,4.402371
prioritized,1,900,190860,0.05,,300,24.3,23.9,0.020321,75000,0.6,1.0,0.274555,18.434582,0.425658,0.108766,0.960836,4.35715
prioritized,1,901,191160,0.05,,300,25.3,26.5,0.0173,75000,0.6,1.0,0.272795,18.434582,0.40482,-0.022196,0.866981,4.005322
prioritized,1,902,191460,0.05,,300,25.5,25.3,0.018788,75000,0.6,1.0,0.271108,18.434582,0.423699,-0.073521,0.855449,3.861263
prioritized,1,903,191760,0.05,,300,28.5,25.5,0.017423,75000,0.6,1.0,0.270626,18.434582,0.43194,-0.103976,0.792306,3.360894
prioritized,1,904,192060,0.05,,300,22.9,22.1,0.01854,75000,0.6,1.0,0.272267,18.434582,0.425985,0.052647,0.851174,3.687764
prioritized,1,905,192360,0.05,,300,25.5,26.1,0.015883,75000,0.6,1.0,0.267907,18.434582,0.388131,0.015028,0.824014,3.556549
prioritized,1,906,192660,0.05,,300,27.7,25.9,0.015335,75000,0.6,1.0,0.267586,18.434582,0.397878,0.106749,0.803773,3.515995
prioritized,1,907,192764,0.05,-1.0,104,21.68,131.88,0.012761,75000,0.6,1.0,0.267548,18.434582,0.411092,0.008312,0.695191,3.080382
prioritized,1,908,193064,0.05,,300,25.9,25.3,0.015031,75000,0.6,1.0,0.26781,18.434582,0.40873,-0.032054,0.822118,3.798886
prioritized,1,909,193364,0.05,,300,25.9,25.7,0.014915,75000,0.6,1.0,0.267831,18.434582,0.407978,-0.116465,0.789755,3.585428
prioritized,1,910,193664,0.05,,300,28.5,25.3,0.015952,75000,0.6,1.0,0.264975,18.434582,0.404662,-0.179055,0.748039,3.32832
prioritized,1,911,193964,0.05,,300,25.5,25.1,0.013653,75000,0.6,1.0,0.263023,18.434582,0.386932,-0.157407,0.721815,3.240873
prioritized,1,912,194264,0.05,,300,24.3,22.9,0.016597,75000,0.6,1.0,0.263548,18.434582,0.395983,-0.130026,0.737478,3.324519
prioritized,1,913,194564,0.05,,300,26.1,24.3,0.014768,75000,0.6,1.0,0.259306,18.434582,0.386671,-0.103817,0.742996,3.632149
prioritized,1,914,194864,0.05,,300,22.1,25.7,0.011986,75000,0.6,1.0,0.25667,18.434582,0.351622,-0.07732,0.655157,3.061304
prioritized,1,915,195164,0.05,,300,25.5,23.1,0.013585,75000,0.6,1.0,0.258977,18.434582,0.39614,-0.078683,0.670066,3.159427
prioritized,1,916,195464,0.05,,300,27.7,28.1,0.014826,75000,0.6,1.0,0.258788,18.434582,0.385104,-0.027254,0.664948,2.745077
prioritized,1,917,195764,0.05,,300,25.1,25.1,0.013876,75000,0.6,1.0,0.25652,18.434582,0.358014,-0.069319,0.681945,2.937065
prioritized,1,918,196064,0.05,,300,27.7,28.3,0.013077,75000,0.6,1.0,0.257298,18.434582,0.385179,-0.074395,0.665135,2.964208
prioritized,1,919,196364,0.05,,300,26.5,27.5,0.015159,75000,0.6,1.0,0.258886,18.434582,0.387447,-0.095013,0.689577,2.9317
prioritized,1,920,196664,0.05,,300,25.5,21.7,0.012006,75000,0.6,1.0,0.256078,18.434582,0.379276,-0.063196,0.630435,2.917198
prioritized,1,921,196964,0.05,,300,26.1,27.7,0.01162,75000,0.6,1.0,0.254828,18.434582,0.387502,-0.069817,0.586825,2.700367
prioritized,1,922,197169,0.05,1.0,205,131.37,23.58,0.015148,75000,0.6,1.0,0.254957,18.434582,0.357625,-0.107323,0.644461,2.915833
prioritized,1,923,197438,0.05,1.0,269,131.05,28.06,0.016124,75000,0.6,1.0,0.258949,18.434582,0.401337,-0.2385,0.758454,3.663882
prioritized,1,924,197738,0.05,,300,27.7,25.7,0.016163,75000,0.6,1.0,0.258301,18.434582,0.406015,-0.288925,0.816387,4.320529
prioritized,1,925,197951,0.05,1.0,213,131.33,25.94,0.011423,75000,0.6,1.0,0.255245,18.434582,0.372759,-0.210324,0.669979,3.349921
prioritized,1,926,198251,0.05,,300,23.9,25.3,0.013755,75000,0.6,1.0,0.256592,18.434582,0.405405,-0.185672,0.74866,3.969846
prioritized,1,927,198551,0.05,,300,25.1,22.9,0.012113,75000,0.6,1.0,0.254303,18.434582,0.401246,-0.288646,0.760538,4.23407
prioritized,1,928,198851,0.05,,300,25.7,25.1,0.01317,75000,0.6,1.0,0.252744,18.434582,0.382085,-0.275359,0.733625,4.029958
prioritized,1,929,199151,0.05,,300,22.9,25.3,0.011915,75000,0.6,1.0,0.253324,18.434582,0.382036,-0.174143,0.714137,3.97257
prioritized,1,930,199451,0.05,,300,25.3,22.3,0.012583,75000,0.6,1.0,0.253245,18.434582,0.415141,-0.232034,0.679625,3.858097
prioritized,1,931,199751,0.05,,300,26.5,25.1,0.011674,75000,0.6,1.0,0.248968,18.434582,0.340066,-0.18051,0.6665,3.723157
prioritized,1,932,200051,0.05,,300,25.1,25.1,0.010861,75000,0.6,1.0,0.249041,18.434582,0.352489,-0.190604,0.665778,3.817845
prioritized,1,933,200351,0.05,,300,25.1,25.1,0.012825,75000,0.6,1.0,0.24958,18.434582,0.378955,-0.093854,0.615929,3.37178
prioritized,1,934,200651,0.05,,300,27.9,23.5,0.01366,75000,0.6,1.0,0.247747,18.434582,0.371385,-0.143723,0.665487,3.615204
prioritized,1,935,200951,0.05,,300,27.7,28.3,0.01175,75000,0.6,1.0,0.246531,18.434582,0.349196,-0.119443,0.625545,3.506146
prioritized,1,936,201141,0.05,-1.0,190,26.25,131.45,0.012051,75000,0.6,1.0,0.249507,18.434582,0.394013,-0.13202,0.630818,3.210698
prioritized,1,937,201441,0.05,,300,25.3,25.3,0.012069,75000,0.6,1.0,0.247237,18.434582,0.387057,-0.18411,0.632731,3.305017
prioritized,1,938,201741,0.05,,300,25.3,25.1,0.013435,75000,0.6,1.0,0.245848,18.434582,0.360973,-0.131997,0.626695,3.104743
prioritized,1,939,202041,0.05,,300,25.3,26.1,0.012213,75000,0.6,1.0,0.244313,18.434582,0.348653,-0.189033,0.632911,3.29917
prioritized,1,940,202252,0.05,1.0,211,131.34,28.15,0.013369,75000,0.6,1.0,0.245404,18.434582,0.368652,-0.231425,0.654557,3.528307
prioritized,1,941,202523,0.05,1.0,271,131.04,26.05,0.010802,75000,0.6,1.0,0.246214,18.434582,0.383721,-0.229251,0.666273,3.621963
prioritized,1,942,202823,0.05,,300,25.7,27.7,0.01063,75000,0.6,1.0,0.242507,18.434582,0.3176,-0.212657,0.657838,3.557547
prioritized,1,943,203123,0.05,,300,21.7,23.9,0.011323,75000,0.6,1.0,0.248536,18.434582,0.385345,-0.23456,0.649289,3.517673
prioritized,1,944,203336,0.05,1.0,213,131.33,24.34,0.013381,75000,0.6,1.0,0.247582,18.434582,0.366012,-0.248217,0.687008,3.555557
prioritized,1,945,203636,0.05,,300,23.1,26.5,0.011825,75000,0.6,1.0,0.247028,18.434582,0.393742,-0.352597,0.737836,4.311851
prioritized,1,946,203936,0.05,,300,25.3,25.5,0.011714,75000,0.6,1.0,0.245695,18.434582,0.374488,-0.258181,0.692403,3.691733
prioritized,1,947,204236,0.05,,300,25.5,27.7,0.013249,75000,0.6,1.0,0.246354,18.434582,0.38267,-0.227509,0.719525,4.083745
prioritized,1,948,204536,0.05,,300,25.5,25.5,0.01139,75000,0.6,1.0,0.243083,18.434582,0.369297,-0.241637,0.666322,3.706906
prioritized,1,949,204754,0.05,-1.0,218,26.11,131.31,0.010866,75000,0.6,1.0,0.242086,18.434582,0.366752,-0.253632,0.653945,3.534278
prioritized,1,950,205054,0.05,,300,19.3,27.7,0.011493,75000,0.6,1.0,0.243237,18.434582,0.358318,-0.237131,0.635472,3.338031
prioritized,1,951,205354,0.05,,300,28.1,27.7,0.012669,75000,0.6,1.0,0.242716,18.434582,0.356587,-0.251582,0.700675,3.90768
prioritized,1,952,205654,0.05,,300,26.1,27.5,0.011543,75000,0.6,1.0,0.243636,18.434582,0.385529,-0.222575,0.682356,3.714715
prioritized,1,953,205954,0.05,,300,28.1,25.5,0.012373,75000,0.6,1.0,0.242063,18.434582,0.354825,-0.211728,0.645475,3.555629
prioritized,1,954,206254,0.05,,300,23.7,25.3,0.011348,75000,0.6,1.0,0.242147,18.434582,0.341361,-0.113751,0.570078,2.680626
prioritized,1,955,206554,0.05,,300,26.1,24.3,0.012626,75000,0.6,1.0,0.243888,18.434582,0.381899,-0.130664,0.640968,3.166264
prioritized,1,956,206854,0.05,,300,25.5,25.5,0.009868,75000,0.6,1.0,0.240179,18.434582,0.354461,-0.126028,0.583677,3.100526
prioritized,1,957,207154,0.05,,300,25.5,25.1,0.011927,75000,0.6,1.0,0.242593,18.434582,0.397816,-0.150986,0.572316,3.139094
prioritized,1,958,207454,0.05,,300,28.3,27.5,0.011679,75000,0.6,1.0,0.239613,18.434582,0.350935,-0.181543,0.570156,3.032734
prioritized,1,959,207729,0.05,1.0,275,131.02,23.63,0.010377,75000,0.6,1.0,0.237742,18.434582,0.335949,-0.172739,0.564309,3.15815
prioritized,1,960,208029,0.05,,300,25.3,25.5,0.010437,75000,0.6,1.0,0.240537,18.434582,0.378021,-0.14097,0.561702,2.781525
prioritized,1,961,208329,0.05,,300,27.5,28.3,0.011948,75000,0.6,1.0,0.240389,18.434582,0.373487,-0.134551,0.612757,3.177681
prioritized,1,962,208629,0.05,,300,24.3,25.9,0.012217,75000,0.6,1.0,0.238509,18.434582,0.347311,-0.133832,0.636593,3.515532
prioritized,1,963,208929,0.05,,300,24.9,25.1,0.011003,75000,0.6,1.0,0.238693,18.434582,0.380249,-0.104211,0.586968,2.871479
prioritized,1,964,209229,0.05,,300,28.7,27.7,0.010746,75000,0.6,1.0,0.237991,18.434582,0.351223,-0.139599,0.554988,2.596822
prioritized,1,965,209529,0.05,,300,28.5,27.7,0.010775,75000,0.6,1.0,0.238155,18.434582,0.369584,-0.139602,0.563985,2.488742
prioritized,1,966,209829,0.05,,300,24.1,24.9,0.010901,75000,0.6,1.0,0.235078,18.434582,0.33382,-0.140458,0.543687,2.809506
prioritized,1,967,210129,0.05,,300,25.1,25.5,0.010759,75000,0.6,1.0,0.236914,18.434582,0.351563,-0.086191,0.52983,2.340429
prioritized,1,968,210429,0.05,,300,23.3,27.5,0.010676,75000,0.6,1.0,0.236261,18.434582,0.332376,-0.097731,0.519534,2.664405
prioritized,1,969,210713,0.05,-1.0,284,27.98,130.98,0.01028,75000,0.6,1.0,0.235781,18.434582,0.329667,-0.112721,0.528451,2.683096
prioritized,1,970,211013,0.05,,300,25.5,25.3,0.009936,75000,0.6,1.0,0.23832,18.434582,0.379715,-0.156566,0.539435,2.916123
prioritized,1,971,211189,0.05,-1.0,176,25.72,131.52,0.011771,75000,0.6,1.0,0.23836,18.434582,0.3602,-0.201164,0.587309,2.831239
prioritized,1,972,211321,0.05,-1.0,132,21.94,131.74,0.010657,75000,0.6,1.0,0.23828,18.434582,0.354353,-0.110429,0.545682,2.54424
prioritized,1,973,211621,0.05,,300,24.9,25.9,0.011052,75000,0.6,1.0,0.238112,18.434582,0.364507,-0.149934,0.575163,3.215287
prioritized,1,974,211921,0.05,,300,25.3,22.1,0.010169,75000,0.6,1.0,0.236442,18.434582,0.365299,-0.185161,0.605742,3.67719
prioritized,1,975,212221,0.05,,300,21.9,25.1,0.010458,75000,0.6,1.0,0.237892,18.434582,0.374213,-0.097209,0.546389,2.794454
prioritized,1,976,212521,0.05,,300,28.1,27.7,0.011907,75000,0.6,1.0,0.237259,18.434582,0.343096,-0.152972,0.618602,3.549202
prioritized,1,977,212809,0.05,-1.0,288,24.16,130.96,0.010238,75000,0.6,1.0,0.237132,18.434582,0.348906,-0.152302,0.593816,3.179992
prioritized,1,978,213109,0.05,,300,25.5,28.5,0.012842,75000,0.6,1.0,0.239143,18.434582,0.357551,-0.22632,0.683101,3.844813
prioritized,1,979,213409,0.05,,300,25.3,28.5,0.009501,75000,0.6,1.0,0.237051,18.434582,0.358089,-0.223186,0.619781,3.254118
prioritized,1,980,213709,0.05,,300,25.3,25.3,0.009879,75000,0.6,1.0,0.234992,18.434582,0.345083,-0.150719,0.566453,2.85061
prioritized,1,981,214009,0.05,,300,25.3,25.5,0.01085,75000,0.6,1.0,0.235703,18.434582,0.340566,-0.179915,0.557764,2.701569
prioritized,1,982,214309,0.05,,300,24.5,25.3,0.013124,75000,0.6,1.0,0.238422,18.434582,0.352922,-0.114611,0.613791,2.886239
prioritized,1,983,214609,0.05,,300,27.7,25.9,0.011502,75000,0.6,1.0,0.238535,18.434582,0.359061,-0.158992,0.601623,2.94515
prioritized,1,984,214909,0.05,,300,23.7,28.1,0.0091,75000,0.6,1.0,0.235988,18.434582,0.331274,-0.053116,0.493502,2.170063
prioritized,1,985,215209,0.05,,300,24.3,23.1,0.009553,75000,0.6,1.0,0.235968,18.434582,0.339716,-0.048208,0.516632,2.33323
prioritized,1,986,215509,0.05,,300,27.7,25.3,0.008261,75000,0.6,1.0,0.233842,18.434582,0.352886,-0.040942,0.475818,2.004923
prioritized,1,987,215809,0.05,,300,27.5,25.3,0.008593,75000,0.6,1.0,0.231945,18.434582,0.320349,-0.073111,0.469159,2.032857
prioritized,1,988,216109,0.05,,300,24.1,24.9,0.008872,75000,0.6,1.0,0.230901,18.434582,0.31702,-0.050573,0.467144,1.848703
prioritized,1,989,216409,0.05,,300,24.9,25.1,0.009687,75000,0.6,1.0,0.230731,18.434582,0.323773,-0.060513,0.456498,1.74491
prioritized,1,990,216709,0.05,,300,25.5,25.3,0.008756,75000,0.6,1.0,0.230244,18.434582,0.345873,-0.051051,0.447786,1.725064
prioritized,1,991,217009,0.05,,300,25.5,25.5,0.009445,75000,0.6,1.0,0.229026,18.434582,0.313027,-0.03281,0.420894,1.348271
prioritized,1,992,217309,0.05,,300,26.1,27.5,0.00935,75000,0.6,1.0,0.229535,18.434582,0.352859,-0.04216,0.432098,1.408526
prioritized,1,993,217609,0.05,,300,27.7,27.7,0.008639,75000,0.6,1.0,0.227408,18.434582,0.338723,-0.039628,0.395746,1.277584
prioritized,1,994,217909,0.05,,300,25.1,25.3,0.008145,75000,0.6,1.0,0.226055,18.434582,0.341849,-0.027932,0.406673,1.294871
prioritized,1,995,218209,0.05,,300,25.3,23.1,0.011038,75000,0.6,1.0,0.227126,18.434582,0.307992,-0.049469,0.457116,1.631482
prioritized,1,996,218509,0.05,,300,27.5,23.3,0.009579,75000,0.6,1.0,0.226992,18.434582,0.305697,-0.01031,0.434723,1.503248
prioritized,1,997,218809,0.05,,300,26.1,24.3,0.008304,75000,0.6,1.0,0.226922,18.434582,0.355344,-0.036848,0.401821,1.336017
prioritized,1,998,219109,0.05,,300,27.7,28.7,0.008645,75000,0.6,1.0,0.228038,18.434582,0.347509,-0.031532,0.399739,1.166357
prioritized,1,999,219409,0.05,-1.0,300,18.9,130.9,0.009425,75000,0.6,1.0,0.229376,18.434582,0.374502,-0.04234,0.447614,1.465025
prioritized,1,1000,219709,0.05,,300,27.5,25.5,0.008494,75000,0.6,1.0,0.224598,18.434582,0.300065,-0.069115,0.48017,2.163563
prioritized,1,1001,220009,0.05,,300,25.3,25.3,0.007301,75000,0.6,1.0,0.223172,18.434582,0.289203,-0.031673,0.409122,1.591709
prioritized,1,1002,220189,0.05,-1.0,180,26.7,131.5,0.009784,75000,0.6,1.0,0.225707,18.434582,0.33324,-0.112401,0.478519,1.803703
prioritized,1,1003,220489,0.05,,300,25.5,28.3,0.008847,75000,0.6,1.0,0.225718,18.434582,0.356072,-0.064691,0.43838,1.606234
prioritized,1,1004,220789,0.05,,300,25.5,25.3,0.007574,75000,0.6,1.0,0.222541,18.434582,0.319102,-0.055913,0.386642,1.240577
prioritized,1,1005,221089,0.05,,300,25.7,27.7,0.008142,75000,0.6,1.0,0.225222,18.434582,0.347389,-0.006166,0.405455,1.368281
prioritized,1,1006,221389,0.05,,300,28.5,27.7,0.009277,75000,0.6,1.0,0.224085,18.434582,0.351042,0.019556,0.444799,1.597589
prioritized,1,1007,221689,0.05,,300,27.7,28.3,0.008568,75000,0.6,1.0,0.221855,18.434582,0.321737,0.034674,0.413141,1.450693
prioritized,1,1008,221989,0.05,,300,25.3,23.1,0.007463,75000,0.6,1.0,0.220987,18.434582,0.313826,0.005712,0.398181,1.388087
prioritized,1,1009,222289,0.05,,300,25.5,25.3,0.009614,75000,0.6,1.0,0.222004,18.434582,0.325665,-0.020952,0.435184,1.50368
prioritized,1,1010,222589,0.05,,300,27.7,25.3,0.008506,75000,0.6,1.0,0.222404,18.434582,0.373444,-0.035201,0.409083,1.331695
prioritized,1,1011,222889,0.05,,300,25.5,25.5,0.008518,75000,0.6,1.0,0.219081,18.434582,0.30823,-0.046613,0.403989,1.36765
prioritized,1,1012,223189,0.05,,300,25.5,27.7,0.007392,75000,0.6,1.0,0.220391,18.434582,0.31545,0.013994,0.388244,1.258347
prioritized,1,1013,223489,0.05,,300,24.1,25.5,0.008957,75000,0.6,1.0,0.220734,18.434582,0.323913,0.050942,0.436412,1.624341
prioritized,1,1014,223732,0.05,1.0,243,131.18,23.59,0.008743,75000,0.6,1.0,0.22116,18.434582,0.338873,-0.02266,0.4794,1.800205
prioritized,1,1015,223972,0.05,-1.0,240,23.6,131.2,0.008151,75000,0.6,1.0,0.222324,18.434582,0.364364,-0.015336,0.515586,2.146794
prioritized,1,1016,224272,0.05,,300,25.5,25.3,0.009515,75000,0.6,1.0,0.223853,18.434582,0.363002,-0.119228,0.574207,2.988803
prioritized,1,1017,224572,0.05,,300,27.7,26.3,0.00821,75000,0.6,1.0,0.221234,18.434582,0.332263,-0.143917,0.549873,3.011445
prioritized,1,1018,224872,0.05,,300,26.3,25.3,0.007022,75000,0.6,1.0,0.2204,18.434582,0.353891,-0.114541,0.496596,2.307467
prioritized,1,1019,225172,0.05,,300,26.1,27.5,0.009686,75000,0.6,1.0,0.221877,18.434582,0.349234,-0.025289,0.495693,2.187929
prioritized,1,1020,225472,0.05,,300,28.1,25.5,0.008521,75000,0.6,1.0,0.220345,18.434582,0.327341,-0.013827,0.469084,1.856892
prioritized,1,1021,225772,0.05,,300,24.5,25.3,0.007426,75000,0.6,1.0,0.219001,18.434582,0.334691,-0.002885,0.423625,1.614463
prioritized,1,1022,226072,0.05,,300,25.3,25.3,0.008757,75000,0.6,1.0,0.220025,18.434582,0.305811,-0.048792,0.416598,1.36364
prioritized,1,1023,226372,0.05,,300,25.3,25.3,0.008588,75000,0.6,1.0,0.22033,18.434582,0.350333,-0.069223,0.404321,1.230524
prioritized,1,1024,226672,0.05,,300,25.3,27.5,0.008201,75000,0.6,1.0,0.218923,18.434582,0.313382,-0.10314,0.425514,1.31299
prioritized,1,1025,226963,0.05,1.0,291,130.94,23.95,0.007663,75000,0.6,1.0,0.218238,18.434582,0.329656,-0.07075,0.406042,1.256013
prioritized,1,1026,227263,0.05,,300,25.5,22.9,0.009063,75000,0.6,1.0,0.218461,18.434582,0.318838,-0.054999,0.469726,1.603493
prioritized,1,1027,227563,0.05,,300,26.3,24.3,0.007767,75000,0.6,1.0,0.21775,18.434582,0.329968,-0.033353,0.411261,1.256413
prioritized,1,1028,227863,0.05,,300,25.3,25.3,0.007973,75000,0.6,1.0,0.216529,18.434582,0.332013,-0.008846,0.405219,1.261638
prioritized,1,1029,228163,0.05,,300,28.1,27.7,0.00769,75000,0.6,1.0,0.215801,18.434582,0.313266,0.014526,0.409033,1.443292
prioritized,1,1030,228463,0.05,,300,25.3,27.5,0.006845,75000,0.6,1.0,0.213391,18.434582,0.308665,-0.009887,0.397716,1.421219
prioritized,1,1031,228763,0.05,,300,27.5,26.5,0.007101,75000,0.6,1.0,0.214327,18.434582,0.336615,-0.031037,0.393427,1.314608
prioritized,1,1032,229063,0.05,,300,27.7,28.5,0.006646,75000,0.6,1.0,0.214923,18.434582,0.330519,-0.036456,0.371733,1.193444
prioritized,1,1033,229363,0.05,,300,27.9,25.3,0.00745,75000,0.6,1.0,0.214797,18.434582,0.349894,-0.040485,0.393292,1.238917
prioritized,1,1034,229663,0.05,,300,27.7,28.7,0.006669,75000,0.6,1.0,0.212802,18.434582,0.30896,-0.049245,0.364585,1.096283
prioritized,1,1035,229963,0.05,,300,25.5,25.5,0.006429,75000,0.6,1.0,0.210487,18.434582,0.281463,-0.033374,0.346019,0.958121
prioritized,1,1036,230263,0.05,,300,25.3,25.3,0.00677,75000,0.6,1.0,0.213397,18.434582,0.326522,-0.043018,0.370717,1.041483
prioritized,1,1037,230514,0.05,1.0,251,131.14,28.55,0.008436,75000,0.6,1.0,0.215158,18.434582,0.342546,-0.026333,0.393226,1.305411
prioritized,1,1038,230814,0.05,,300,21.5,25.1,0.007345,75000,0.6,1.0,0.213885,18.434582,0.278246,-0.015064,0.44873,1.786491
prioritized,1,1039,231114,0.05,,300,27.5,26.5,0.007163,75000,0.6,1.0,0.215714,18.434582,0.324416,0.012632,0.440679,1.875085
prioritized,1,1040,231414,0.05,,300,28.3,27.7,0.007194,75000,0.6,1.0,0.2155,18.434582,0.348074,0.021717,0.424917,1.858359
prioritized,1,1041,231714,0.05,,300,25.3,25.3,0.008488,75000,0.6,1.0,0.21518,18.434582,0.336982,-0.058344,0.460629,1.979573
prioritized,1,1042,232014,0.05,,300,25.3,27.7,0.00672,75000,0.6,1.0,0.212268,18.434582,0.290504,-0.055574,0.384242,1.384092
prioritized,1,1043,232314,0.05,,300,25.3,25.3,0.008402,75000,0.6,1.0,0.213877,18.434582,0.335494,0.001924,0.450596,1.853029
prioritized,1,1044,232614,0.05,,300,25.3,25.1,0.007529,75000,0.6,1.0,0.21178,18.434582,0.301173,0.024165,0.431199,1.92815
prioritized,1,1045,232914,0.05,,300,27.7,25.5,0.00745,75000,0.6,1.0,0.213321,18.434582,0.337948,-0.021603,0.405758,1.642775
prioritized,1,1046,233214,0.05,,300,25.5,23.1,0.007597,75000,0.6,1.0,0.21355,18.434582,0.335589,-0.027383,0.434011,1.933409
prioritized,1,1047,233514,0.05,,300,27.5,26.1,0.006955,75000,0.6,1.0,0.211353,18.434582,0.291741,-0.054977,0.429605,1.739244
prioritized,1,1048,233814,0.05,,300,27.9,24.1,0.006426,75000,0.6,1.0,0.212823,18.434582,0.343707,-0.036079,0.422437,1.782625
prioritized,1,1049,234114,0.05,,300,25.9,27.5,0.008702,75000,0.6,1.0,0.213423,18.434582,0.3059,-0.053291,0.418516,1.562988
prioritized,1,1050,234414,0.05,,300,25.5,25.3,0.007822,75000,0.6,1.0,0.215144,18.434582,0.340952,-0.082656,0.450311,1.769195
prioritized,1,1051,234714,0.05,,300,27.7,25.5,0.006837,75000,0.6,1.0,0.213845,18.434582,0.338587,-0.053383,0.414219,1.540029
prioritized,1,1052,235014,0.05,,300,27.7,28.5,0.00691,75000,0.6,1.0,0.21301,18.434582,0.329656,-0.014746,0.405703,1.559443
prioritized,1,1053,235314,0.05,,300,25.3,25.3,0.008085,75000,0.6,1.0,0.213694,18.434582,0.325229,-0.050924,0.39676,1.409745
prioritized,1,1054,235573,0.05,1.0,259,131.1,17.71,0.007505,75000,0.6,1.0,0.212936,18.434582,0.306074,-0.019036,0.395785,1.347642
prioritized,1,1055,235873,0.05,,300,20.9,25.3,0.007939,75000,0.6,1.0,0.213134,18.434582,0.318957,-0.123774,0.497507,2.619812
prioritized,1,1056,236173,0.05,,300,25.5,25.5,0.007333,75000,0.6,1.0,0.213674,18.434582,0.337466,-0.075579,0.480358,2.350479
prioritized,1,1057,236473,0.05,,300,25.5,25.3,0.007519,75000,0.6,1.0,0.214691,18.434582,0.373374,-0.054503,0.442041,1.962827
prioritized,1,1058,236773,0.05,,300,27.5,25.7,0.006502,75000,0.6,1.0,0.212812,18.434582,0.326964,-0.048919,0.422041,1.704252
prioritized,1,1059,237073,0.05,,300,23.3,23.1,0.007707,75000,0.6,1.0,0.21507,18.434582,0.345132,-0.084099,0.461893,1.927611
prioritized,1,1060,237373,0.05,,300,25.3,25.1,0.007245,75000,0.6,1.0,0.212515,18.434582,0.298404,-0.095109,0.445035,1.778104
prioritized,1,1061,237673,0.05,,300,25.5,25.3,0.008492,75000,0.6,1.0,0.21441,18.434582,0.33415,-0.073712,0.415633,1.565633
prioritized,1,1062,237953,0.05,-1.0,280,25.2,131.0,0.007093,75000,0.6,1.0,0.21265,18.434582,0.320195,-0.068023,0.407039,1.529045
prioritized,1,1063,238253,0.05,,300,25.3,27.5,0.008621,75000,0.6,1.0,0.215007,18.434582,0.317098,-0.101353,0.499916,2.222651
prioritized,1,1064,238553,0.05,,300,25.3,25.3,0.007314,75000,0.6,1.0,0.217148,18.434582,0.38907,-0.084811,0.422054,1.594612
prioritized,1,1065,238853,0.05,,300,25.5,25.9,0.006781,75000,0.6,1.0,0.21379,18.434582,0.317012,-0.072677,0.386128,1.363305
prioritized,1,1066,239153,0.05,,300,25.5,25.3,0.007656,75000,0.6,1.0,0.2139,18.434582,0.316972,-0.052505,0.419113,1.485238
prioritized,1,1067,239363,0.05,-1.0,210,26.75,131.35,0.008172,75000,0.6,1.0,0.213204,18.434582,0.310414,-0.060989,0.379089,1.305156
prioritized,1,1068,239663,0.05,,300,25.3,25.3,0.007083,75000,0.6,1.0,0.212046,18.434582,0.317881,-0.110769,0.439617,2.149183
prioritized,1,1069,239963,0.05,,300,27.5,27.5,0.005974,75000,0.6,1.0,0.209775,18.434582,0.33249,-0.068783,0.370633,1.516144
prioritized,1,1070,240263,0.05,,300,27.9,27.5,0.008238,75000,0.6,1.0,0.209848,18.434582,0.308704,-0.046573,0.374865,1.290555
prioritized,1,1071,240563,0.05,,300,24.5,27.7,0.007763,75000,0.6,1.0,0.210992,18.434582,0.341952,-0.02725,0.408772,1.507517
prioritized,1,1072,240827,0.05,-1.0,264,25.68,131.08,0.006404,75000,0.6,1.0,0.208777,18.434582,0.314129,-0.038711,0.372756,1.381032
prioritized,1,1073,241127,0.05,,300,27.7,25.5,0.006921,75000,0.6,1.0,0.210984,18.434582,0.322998,-0.104137,0.414765,1.899106
prioritized,1,1074,241379,0.05,-1.0,252,28.14,131.14,0.00689,75000,0.6,1.0,0.210465,18.434582,0.32518,-0.062692,0.38922,1.571438
prioritized,1,1075,241679,0.05,,300,25.5,25.5,0.007011,75000,0.6,1.0,0.209925,18.434582,0.322899,-0.134183,0.443199,2.349001
prioritized,1,1076,241979,0.05,,300,27.7,25.5,0.005885,75000,0.6,1.0,0.20956,18.434582,0.333336,-0.093179,0.375966,1.631732
prioritized,1,1077,242279,0.05,,300,28.1,27.7,0.009979,75000,0.6,1.0,0.212056,18.434582,0.353068,-0.000593,0.441559,1.709621
prioritized,1,1078,242534,0.05,1.0,255,131.12,28.93,0.006879,75000,0.6,1.0,0.209637,18.434582,0.323255,-0.024415,0.427128,1.744197
prioritized,1,1079,242681,0.05,1.0,147,131.66,24.67,0.01036,75000,0.6,1.0,0.211779,18.434582,0.340026,0.076145,0.590192,2.718041
prioritized,1,1080,242981,0.05,,300,25.3,25.5,0.006591,75000,0.6,1.0,0.210697,18.434582,0.337135,0.018123,0.483216,2.053151
prioritized,1,1081,243276,0.05,1.0,295,130.92,21.13,0.009094,75000,0.6,1.0,0.212887,18.434582,0.326478,-0.096255,0.544094,2.362581
prioritized,1,1082,243576,0.05,,300,27.5,25.3,0.007665,75000,0.6,1.0,0.213645,18.434582,0.355646,-0.119687,0.541524,2.65052
prioritized,1,1083,243876,0.05,,300,25.5,25.3,0.00919,75000,0.6,1.0,0.213383,18.434582,0.334287,-0.09639,0.48927,2.101825
prioritized,1,1084,244176,0.05,,300,24.1,28.7,0.008756,75000,0.6,1.0,0.216439,18.434582,0.366708,-0.032658,0.50637,2.101632
prioritized,1,1085,244476,0.05,,300,25.7,27.5,0.007608,75000,0.6,1.0,0.213885,18.434582,0.328416,-0.096032,0.510767,2.296685
prioritized,1,1086,244776,0.05,,300,25.1,25.5,0.005913,75000,0.6,1.0,0.211649,18.434582,0.313609,-0.078301,0.443772,1.974622
prioritized,1,1087,245076,0.05,,300,25.5,23.3,0.007556,75000,0.6,1.0,0.212952,18.434582,0.332648,-0.102945,0.437205,2.006738
prioritized,1,1088,245376,0.05,,300,25.3,25.1,0.008322,75000,0.6,1.0,0.213162,18.434582,0.316945,-0.169029,0.496036,2.253607
prioritized,1,1089,245676,0.05,,300,25.3,25.5,0.007541,75000,0.6,1.0,0.212061,18.434582,0.312746,-0.121117,0.435112,1.786084
prioritized,1,1090,245976,0.05,,300,25.3,25.5,0.007063,75000,0.6,1.0,0.212545,18.434582,0.331869,-0.055451,0.418655,1.646136
prioritized,1,1091,246276,0.05,,300,25.7,27.5,0.008388,75000,0.6,1.0,0.21251,18.434582,0.302352,-0.010457,0.46589,1.910873
prioritized,1,1092,246576,0.05,,300,27.5,25.7,0.00646,75000,0.6,1.0,0.210665,18.434582,0.31401,-0.047296,0.400334,1.50089
prioritized,1,1093,246876,0.05,,300,26.1,25.3,0.006127,75000,0.6,1.0,0.210052,18.434582,0.319618,-0.066394,0.389153,1.645652
prioritized,1,1094,247176,0.05,,300,25.3,27.7,0.007174,75000,0.6,1.0,0.208882,18.434582,0.285628,-0.063788,0.371778,1.322187
prioritized,1,1095,247476,0.05,,300,23.1,25.5,0.006864,75000,0.6,1.0,0.209886,18.434582,0.321385,-0.067527,0.403838,1.544795
prioritized,1,1096,247776,0.05,,300,23.1,22.9,0.006468,75000,0.6,1.0,0.20842,18.434582,0.332341,-0.023806,0.370857,1.291072
prioritized,1,1097,248076,0.05,,300,27.5,24.9,0.00767,75000,0.6,1.0,0.209625,18.434582,0.335565,-0.050183,0.376766,1.334388
prioritized,1,1098,248376,0.05,,300,25.3,26.5,0.007124,75000,0.6,1.0,0.208527,18.434582,0.321267,-0.064321,0.401643,1.419148
prioritized,1,1099,248676,0.05,,300,23.3,25.3,0.005995,75000,0.6,1.0,0.206264,18.434582,0.309907,-0.054147,0.342566,1.150702
prioritized,1,1100,248976,0.05,,300,27.7,25.5,0.00529,75000,0.6,1.0,0.205502,18.434582,0.338772,-0.026014,0.328792,1.079981
prioritized,1,1101,249276,0.05,,300,27.7,27.7,0.006924,75000,0.6,1.0,0.205037,18.434582,0.294009,-0.060104,0.341876,1.091509
prioritized,1,1102,249576,0.05,,300,25.5,25.3,0.005876,75000,0.6,1.0,0.204889,18.434582,0.339617,-0.061755,0.337684,1.120461
prioritized,1,1103,249672,0.05,-1.0,96,25.12,131.92,0.006025,75000,0.6,1.0,0.20387,18.434582,0.308127,-0.036944,0.325889,1.191105
prioritized,1,1104,249972,0.05,,300,25.5,25.5,0.005435,75000,0.6,1.0,0.20342,18.434582,0.330503,-0.162968,0.423276,2.746206
prioritized,1,1105,250229,0.05,1.0,257,131.11,23.52,0.007582,75000,0.6,1.0,0.204738,18.434582,0.307579,-0.102879,0.434183,2.347676
prioritized,1,1106,250373,0.05,-1.0,144,24.68,131.68,0.007469,75000,0.6,1.0,0.205427,18.434582,0.309304,-0.198231,0.513768,3.493569
prioritized,1,1107,250673,0.05,,300,26.3,20.5,0.006639,75000,0.6,1.0,0.206581,18.434582,0.324494,-0.254475,0.566404,3.295828
prioritized,1,1108,250973,0.05,,300,23.1,25.5,0.007079,75000,0.6,1.0,0.20547,18.434582,0.335495,-0.156596,0.545716,2.731148
prioritized,1,1109,251273,0.05,,300,25.5,25.5,0.007953,75000,0.6,1.0,0.206469,18.434582,0.332771,-0.111367,0.48207,2.112829
prioritized,1,1110,251573,0.05,,300,27.9,27.9,0.006907,75000,0.6,1.0,0.204332,18.434582,0.299421,-0.030595,0.417016,1.654121
prioritized,1,1111,251873,0.05,,300,28.5,21.1,0.006207,75000,0.6,1.0,0.203547,18.434582,0.304931,-0.050216,0.36007,1.391224
prioritized,1,1112,252173,0.05,,300,25.5,25.5,0.007094,75000,0.6,1.0,0.203643,18.434582,0.277299,-0.052989,0.394839,1.514695
prioritized,1,1113,252473,0.05,,300,25.3,26.5,0.006575,75000,0.6,1.0,0.204878,18.434582,0.323181,-0.077757,0.405985,1.558555
prioritized,1,1114,252773,0.05,,300,25.5,27.7,0.005946,75000,0.6,1.0,0.205799,18.434582,0.381954,-0.099706,0.396075,1.670401
prioritized,1,1115,253073,0.05,,300,25.7,27.5,0.006488,75000,0.6,1.0,0.204744,18.434582,0.307364,-0.096884,0.381503,1.488388
prioritized,1,1116,253373,0.05,,300,27.5,25.5,0.006805,75000,0.6,1.0,0.204324,18.434582,0.325672,-0.110416,0.407039,1.624766
prioritized,1,1117,253673,0.05,,300,25.3,25.3,0.005873,75000,0.6,1.0,0.203111,18.434582,0.303537,-0.081769,0.372971,1.44858
prioritized,1,1118,253973,0.05,,300,27.5,25.7,0.005526,75000,0.6,1.0,0.201734,18.434582,0.32116,-0.072348,0.345934,1.262627
prioritized,1,1119,254120,0.05,1.0,147,131.66,24.87,0.006903,75000,0.6,1.0,0.205351,18.434582,0.364386,-0.046893,0.354398,1.124262
prioritized,1,1120,254420,0.05,,300,25.5,27.5,0.005905,75000,0.6,1.0,0.203019,18.434582,0.322064,-0.079508,0.414741,1.63901
prioritized,1,1121,254720,0.05,,300,25.5,25.3,0.006075,75000,0.6,1.0,0.201102,18.434582,0.316736,-0.06378,0.392015,1.559257
prioritized,1,1122,254868,0.05,-1.0,148,29.26,131.66,0.005327,75000,0.6,1.0,0.200069,18.434582,0.290456,-0.084269,0.357051,1.409434
prioritized,1,1123,255168,0.05,,300,26.3,23.5,0.006604,75000,0.6,1.0,0.204828,18.434582,0.363107,-0.210624,0.569384,3.73924
prioritized,1,1124,255468,0.05,,300,25.5,25.3,0.007423,75000,0.6,1.0,0.205535,18.434582,0.333825,-0.058184,0.483658,2.285897
prioritized,1,1125,255754,0.05,-1.0,286,28.57,130.97,0.005708,75000,0.6,1.0,0.203915,18.434582,0.334144,-0.088145,0.425,2.033837
prioritized,1,1126,256054,0.05,,300,27.9,22.9,0.006248,75000,0.6,1.0,0.203376,18.434582,0.308435,-0.056364,0.409963,1.707707
prioritized,1,1127,256191,0.05,1.0,137,131.71,19.72,0.008796,75000,0.6,1.0,0.204834,18.434582,0.32099,-0.147497,0.503398,2.172349
prioritized,1,1128,256305,0.05,-1.0,114,29.23,131.83,0.007787,75000,0.6,1.0,0.205065,18.434582,0.334546,-0.028322,0.559892,2.849232
prioritized,1,1129,256605,0.05,,300,28.3,27.7,0.006902,75000,0.6,1.0,0.202224,18.434582,0.318545,-0.06851,0.488823,2.456094
prioritized,1,1130,256834,0.05,1.0,229,131.25,29.06,0.007338,75000,0.6,1.0,0.201253,18.434582,0.298418,-0.051002,0.460005,2.156537
prioritized,1,1131,257134,0.05,,300,25.3,25.3,0.007473,75000,0.6,1.0,0.204027,18.434582,0.343641,-0.097407,0.572676,3.06535
prioritized,1,1132,257434,0.05,,300,27.7,25.5,0.007269,75000,0.6,1.0,0.204085,18.434582,0.3401,-0.025561,0.496197,2.452371
prioritized,1,1133,257734,0.05,,300,25.7,27.5,0.005857,75000,0.6,1.0,0.203001,18.434582,0.342405,-0.006988,0.429688,2.130928
prioritized,1,1134,258024,0.05,-1.0,290,23.75,130.95,0.006633,75000,0.6,1.0,0.20206,18.434582,0.305158,-0.02324,0.428429,2.068763
prioritized,1,1135,258324,0.05,,300,20.1,25.3,0.006429,75000,0.6,1.0,0.20178,18.434582,0.305116,-0.007142,0.478766,2.304047
prioritized,1,1136,258624,0.05,,300,22.9,25.5,0.006968,75000,0.6,1.0,0.201477,18.434582,0.325828,-0.028316,0.473926,2.228984
prioritized,1,1137,258924,0.05,,300,25.5,27.7,0.006247,75000,0.6,1.0,0.199917,18.434582,0.311967,-0.065709,0.439184,2.113599
prioritized,1,1138,259224,0.05,,300,25.5,27.7,0.00714,75000,0.6,1.0,0.200365,18.434582,0.29409,-0.017085,0.425022,1.826752
prioritized,1,1139,259524,0.05,,300,23.1,25.5,0.005945,75000,0.6,1.0,0.200816,18.434582,0.332977,-0.020885,0.406108,1.825766
prioritized,1,1140,259824,0.05,,300,25.5,27.7,0.005929,75000,0.6,1.0,0.198647,18.434582,0.302027,-0.068255,0.38963,1.620544
prioritized,1,1141,260124,0.05,,300,25.3,25.1,0.007167,75000,0.6,1.0,0.200442,18.434582,0.307339,-0.057887,0.392072,1.591677
prioritized,1,1142,260424,0.05,,300,28.5,27.7,0.006377,75000,0.6,1.0,0.200503,18.434582,0.327727,-0.048062,0.409607,1.738493
prioritized,1,1143,260724,0.05,,300,27.5,25.7,0.006091,75000,0.6,1.0,0.200074,18.434582,0.325547,-0.036665,0.379155,1.511561
prioritized,1,1144,261024,0.05,,300,25.3,25.3,0.006435,75000,0.6,1.0,0.199815,18.434582,0.295545,-0.111373,0.436508,2.134669
prioritized,1,1145,261324,0.05,,300,23.3,25.5,0.007109,75000,0.6,1.0,0.20058,18.434582,0.315015,-0.084156,0.447888,2.005303
prioritized,1,1146,261413,0.05,1.0,89,131.95,24.96,0.00621,75000,0.6,1.0,0.199951,18.434582,0.284591,-0.11105,0.414708,1.717971
prioritized,1,1147,261713,0.05,,300,28.1,27.5,0.005369,75000,0.6,1.0,0.200864,18.434582,0.341293,-0.136691,0.451898,2.470539
prioritized,1,1148,262013,0.05,,300,25.5,25.5,0.005489,75000,0.6,1.0,0.198817,18.434582,0.304303,-0.062278,0.377495,1.796503
prioritized,1,1149,262117,0.05,-1.0,104,23.88,131.88,0.00699,75000,0.6,1.0,0.200674,18.434582,0.34084,-0.072763,0.445022,2.084369
prioritized,1,1150,262417,0.05,,300,25.3,27.5,0.005894,75000,0.6,1.0,0.198461,18.434582,0.320848,-0.137099,0.457195,2.558684
prioritized,1,1151,262717,0.05,,300,27.7,25.5,0.005911,75000,0.6,1.0,0.198029,18.434582,0.356083,-0.070299,0.430779,2.123361
prioritized,1,1152,263017,0.05,,300,27.7,27.7,0.005641,75000,0.6,1.0,0.196559,18.434582,0.325773,-0.038503,0.374105,1.528298
prioritized,1,1153,263317,0.05,,300,26.5,27.7,0.005766,75000,0.6,1.0,0.19673,18.434582,0.299508,-0.022093,0.356932,1.432807
prioritized,1,1154,263617,0.05,,300,25.5,22.9,0.006474,75000,0.6,1.0,0.197212,18.434582,0.31045,-0.06655,0.370949,1.594128
prioritized,1,1155,263917,0.05,,300,25.3,27.7,0.00639,75000,0.6,1.0,0.19667,18.434582,0.30548,-0.043507,0.368587,1.530744
prioritized,1,1156,264217,0.05,,300,23.7,25.3,0.005716,75000,0.6,1.0,0.197536,18.434582,0.314498,-0.04663,0.348151,1.391623
prioritized,1,1157,264517,0.05,,300,25.5,25.3,0.006089,75000,0.6,1.0,0.195703,18.434582,0.291756,-0.039251,0.360589,1.490384
prioritized,1,1158,264817,0.05,,300,27.3,25.3,0.005101,75000,0.6,1.0,0.195719,18.434582,0.305308,-0.059297,0.338422,1.174714
prioritized,1,1159,265117,0.05,,300,25.3,25.3,0.00547,75000,0.6,1.0,0.197012,18.434582,0.340108,-0.026688,0.323661,1.212887
prioritized,1,1160,265411,0.05,-1.0,294,26.13,130.93,0.006059,75000,0.6,1.0,0.1961,18.434582,0.334656,-0.028374,0.344975,1.25167
prioritized,1,1161,265519,0.05,-1.0,108,26.86,131.86,0.00632,75000,0.6,1.0,0.194972,20.570061,0.314389,-0.311273,0.653029,6.518348
prioritized,1,1162,265819,0.05,,300,27.5,25.5,0.005678,75000,0.6,1.0,0.194221,20.570061,0.32235,-0.292693,0.592809,5.099123
prioritized,1,1163,265923,0.05,-1.0,104,24.28,131.88,0.006466,75000,0.6,1.0,0.195424,20.570061,0.3482,-0.370585,0.681049,5.665201
prioritized,1,1164,266223,0.05,,300,28.1,25.5,0.007427,75000,0.6,1.0,0.197879,20.570061,0.349592,-0.222828,0.587103,4.301863
prioritized,1,1165,266523,0.05,,300,23.5,25.3,0.006573,75000,0.6,1.0,0.197094,20.570061,0.346549,-0.159775,0.53705,3.577971
prioritized,1,1166,266823,0.05,,300,25.5,25.5,0.00639,75000,0.6,1.0,0.197263,20.570061,0.367153,-0.187564,0.521782,3.258638
prioritized,1,1167,267030,0.05,1.0,207,131.36,21.57,0.00582,75000,0.6,1.0,0.197784,20.570061,0.337004,-0.121221,0.433068,2.569052
prioritized,1,1168,267330,0.05,,300,27.9,27.7,0.006425,75000,0.6,1.0,0.196204,20.570061,0.329171,-0.239215,0.573842,3.931551
prioritized,1,1169,267630,0.05,,300,25.5,25.3,0.005769,75000,0.6,1.0,0.193408,20.570061,0.298027,-0.13832,0.473852,3.318145
prioritized,1,1170,267930,0.05,,300,23.1,25.1,0.005501,75000,0.6,1.0,0.192917,20.570061,0.329841,-0.20689,0.499303,3.724849
prioritized,1,1171,268230,0.05,,300,27.7,27.5,0.007886,75000,0.6,1.0,0.196573,20.570061,0.343093,-0.169799,0.550534,3.982875
prioritized,1,1172,268530,0.05,,300,27.7,25.7,0.006501,75000,0.6,1.0,0.195663,20.570061,0.319736,-0.185389,0.513049,3.65739
prioritized,1,1173,268685,0.05,1.0,155,131.62,23.63,0.006173,75000,0.6,1.0,0.195076,20.570061,0.32719,-0.12893,0.466094,3.348623
prioritized,1,1174,268985,0.05,,300,27.5,28.1,0.006247,75000,0.6,1.0,0.19432,20.570061,0.308939,-0.212071,0.528077,4.001888
prioritized,1,1175,269285,0.05,,300,27.9,27.5,0.007751,75000,0.6,1.0,0.197863,20.570061,0.333431,-0.181342,0.567542,3.636962
prioritized,1,1176,269585,0.05,,300,25.3,27.7,0.005735,75000,0.6,1.0,0.195349,20.570061,0.341574,-0.182024,0.49252,3.56771
prioritized,1,1177,269885,0.05,,300,25.5,25.5,0.005443,75000,0.6,1.0,0.192716,20.570061,0.321325,-0.151622,0.450576,3.209393
prioritized,1,1178,270007,0.05,-1.0,122,23.99,131.79,0.00536,75000,0.6,1.0,0.192955,20.570061,0.330397,-0.10026,0.399495,3.084606
prioritized,1,1179,270307,0.05,,300,25.7,27.3,0.007729,75000,0.6,1.0,0.196418,20.570061,0.334321,-0.062566,0.555793,3.511717
prioritized,1,1180,270607,0.05,,300,27.9,27.5,0.00595,75000,0.6,1.0,0.19606,20.570061,0.359223,-0.150964,0.525226,3.829869
prioritized,1,1181,270907,0.05,,300,25.7,27.7,0.007197,75000,0.6,1.0,0.195958,20.570061,0.358213,-0.130076,0.487551,3.153804
prioritized,1,1182,271207,0.05,,300,24.9,25.1,0.007378,75000,0.6,1.0,0.196746,20.570061,0.303819,-0.141126,0.497185,3.37024
prioritized,1,1183,271507,0.05,,300,25.3,27.7,0.007234,75000,0.6,1.0,0.196297,20.570061,0.325425,-0.06657,0.466838,3.243621
prioritized,1,1184,271789,0.05,-1.0,282,28.79,130.99,0.006279,75000,0.6,1.0,0.196996,20.570061,0.351985,-0.131818,0.472598,3.572705
prioritized,1,1185,272011,0.05,-1.0,222,26.89,131.29,0.007881,75000,0.6,1.0,0.198792,20.570061,0.340607,-0.124883,0.612088,4.191102
prioritized,1,1186,272311,0.05,,300,25.3,23.3,0.007405,75000,0.6,1.0,0.19856,20.570061,0.352738,-0.050312,0.640527,3.754923
prioritized,1,1187,272611,0.05,,300,25.1,27.7,0.006377,75000,0.6,1.0,0.195963,20.570061,0.330409,-0.037578,0.515609,2.978035
prioritized,1,1188,272911,0.05,,300,22.9,25.3,0.00678,75000,0.6,1.0,0.194649,20.570061,0.318356,-0.003681,0.495179,2.9807
prioritized,1,1189,273211,0.05,,300,27.3,25.3,0.007141,75000,0.6,1.0,0.197957,20.570061,0.350917,-0.020749,0.495381,2.527624
prioritized,1,1190,273511,0.05,,300,27.7,25.7,0.007442,75000,0.6,1.0,0.198099,20.570061,0.362751,-0.123808,0.495216,2.713182
prioritized,1,1191,273811,0.05,,300,24.9,25.3,0.007492,75000,0.6,1.0,0.196771,20.570061,0.353548,-0.076725,0.490146,2.565659
prioritized,1,1192,274111,0.05,,300,25.5,25.3,0.006218,75000,0.6,1.0,0.19786,20.570061,0.345789,-0.0445,0.448593,2.300504
prioritized,1,1193,274411,0.05,,300,25.3,25.3,0.007804,75000,0.6,1.0,0.195936,20.570061,0.311542,0.01795,0.49593,2.668523
prioritized,1,1194,274711,0.05,,300,27.9,27.5,0.005929,75000,0.6,1.0,0.194483,20.570061,0.309552,-0.082381,0.463701,2.603286
prioritized,1,1195,274819,0.05,-1.0,108,23.86,131.86,0.005231,75000,0.6,1.0,0.193648,20.570061,0.281084,-0.056328,0.424498,2.194012
prioritized,1,1196,275119,0.05,,300,27.7,27.5,0.006099,75000,0.6,1.0,0.196035,20.570061,0.322385,-0.133317,0.520883,3.397099
prioritized,1,1197,275419,0.05,,300,25.3,25.3,0.00657,75000,0.6,1.0,0.195583,20.570061,0.352031,-0.09312,0.489519,2.835995
prioritized,1,1198,275719,0.05,,300,28.5,27.5,0.006699,75000,0.6,1.0,0.193292,20.570061,0.299072,-0.095734,0.432458,2.403563
prioritized,1,1199,275938,0.05,1.0,219,131.3,28.11,0.005857,75000,0.6,1.0,0.193749,20.570061,0.322537,-0.116914,0.418308,2.331997
prioritized,1,1200,276238,0.05,,300,27.7,25.3,0.006607,75000,0.6,1.0,0.195577,20.570061,0.344195,-0.126598,0.496982,2.648499
prioritized,1,1201,276538,0.05,,300,25.3,27.5,0.006282,75000,0.6,1.0,0.195574,20.570061,0.343479,-0.089439,0.450564,2.287709
prioritized,1,1202,276838,0.05,,300,25.3,25.3,0.006216,75000,0.6,1.0,0.192761,20.570061,0.295191,-0.072067,0.408677,2.04827
prioritized,1,1203,277138,0.05,,300,25.3,27.5,0.006228,75000,0.6,1.0,0.192687,20.570061,0.276508,-0.083005,0.403256,1.901727
prioritized,1,1204,277438,0.05,,300,27.5,26.3,0.006688,75000,0.6,1.0,0.193442,20.570061,0.313664,-0.076189,0.415515,1.887232
prioritized,1,1205,277738,0.05,,300,25.5,25.3,0.005798,75000,0.6,1.0,0.190925,20.570061,0.291175,-0.089075,0.393967,1.888308
prioritized,1,1206,278038,0.05,,300,25.5,27.7,0.00601,75000,0.6,1.0,0.192989,20.570061,0.311613,-0.044357,0.377888,1.633636
prioritized,1,1207,278338,0.05,,300,25.3,27.7,0.006386,75000,0.6,1.0,0.193139,20.570061,0.314527,0.011497,0.401697,1.616906
prioritized,1,1208,278638,0.05,,300,25.3,25.5,0.006378,75000,0.6,1.0,0.191962,20.570061,0.319635,-0.053019,0.372311,1.430496
prioritized,1,1209,278938,0.05,,300,25.5,25.5,0.004662,75000,0.6,1.0,0.191034,20.570061,0.317535,0.003713,0.360069,1.415365
prioritized,1,1210,279238,0.05,,300,25.3,25.3,0.006026,75000,0.6,1.0,0.192886,20.570061,0.311306,-0.032585,0.368035,1.45276
prioritized,1,1211,279384,0.05,-1.0,146,28.47,131.67,0.006893,75000,0.6,1.0,0.192755,20.570061,0.313122,0.004502,0.389465,1.64574
prioritized,1,1212,279684,0.05,,300,27.7,25.3,0.006078,75000,0.6,1.0,0.191819,20.570061,0.31406,-0.072031,0.422081,2.192124
prioritized,1,1213,279984,0.05,,300,25.3,25.5,0.005746,75000,0.6,1.0,0.19047,20.570061,0.300839,-0.078487,0.390051,1.950691
prioritized,1,1214,280284,0.05,,300,27.5,23.1,0.00701,75000,0.6,1.0,0.192724,20.570061,0.296764,-0.061022,0.426921,2.054047
prioritized,1,1215,280488,0.05,-1.0,204,24.38,131.38,0.005258,75000,0.6,1.0,0.193395,20.570061,0.330756,0.024326,0.379086,1.551578
prioritized,1,1216,280788,0.05,,300,25.3,28.1,0.005731,75000,0.6,1.0,0.189877,20.570061,0.275966,-0.037652,0.45937,2.696608
prioritized,1,1217,281088,0.05,,300,25.5,25.3,0.006373,75000,0.6,1.0,0.194052,20.570061,0.349735,-0.048549,0.434447,2.168932
prioritized,1,1218,281388,0.05,,300,25.3,25.3,0.006432,75000,0.6,1.0,0.19211,20.570061,0.307012,-0.060821,0.388537,1.607599
prioritized,1,1219,281688,0.05,,300,25.5,27.5,0.005636,75000,0.6,1.0,0.19162,20.570061,0.321023,-0.060075,0.392612,1.57898
prioritized,1,1220,281988,0.05,,300,27.7,27.7,0.004867,75000,0.6,1.0,0.190929,20.570061,0.30139,-0.045483,0.364998,1.42231
prioritized,1,1221,282074,0.05,-1.0,86,24.17,131.97,0.006753,75000,0.6,1.0,0.193307,20.570061,0.295859,-0.005869,0.419041,1.661864
prioritized,1,1222,282374,0.05,,300,27.7,22.5,0.006486,75000,0.6,1.0,0.193107,20.570061,0.322025,-0.137329,0.517048,3.521405
prioritized,1,1223,282674,0.05,,300,25.3,27.5,0.006035,75000,0.6,1.0,0.1925,20.570061,0.335565,-0.080014,0.505687,3.16655
prioritized,1,1224,282974,0.05,,300,25.3,27.5,0.004858,75000,0.6,1.0,0.189954,20.570061,0.312474,-0.117341,0.469512,3.128977
prioritized,1,1225,283274,0.05,,300,27.9,27.5,0.005757,75000,0.6,1.0,0.19083,20.570061,0.322631,-0.060418,0.43804,2.538672
prioritized,1,1226,283574,0.05,,300,25.3,25.3,0.005335,75000,0.6,1.0,0.189108,20.570061,0.302832,-0.032194,0.417197,2.372002
prioritized,1,1227,283742,0.05,-1.0,168,24.36,131.56,0.00548,75000,0.6,1.0,0.189721,20.570061,0.329411,-0.036944,0.421766,2.191799
prioritized,1,1228,283896,0.05,-1.0,154,24.23,131.63,0.007733,75000,0.6,1.0,0.191008,20.570061,0.324542,-0.13997,0.608745,3.513365
prioritized,1,1229,284196,0.05,,300,23.3,25.5,0.007522,75000,0.6,1.0,0.191745,20.570061,0.294815,-0.074832,0.548735,2.914247
prioritized,1,1230,284496,0.05,,300,27.5,25.3,0.005836,75000,0.6,1.0,0.190263,20.570061,0.308098,-0.069377,0.474359,2.54008
prioritized,1,1231,284796,0.05,,300,25.3,27.5,0.005687,75000,0.6,1.0,0.189116,20.570061,0.302847,-0.029449,0.413858,2.093386
prioritized,1,1232,285096,0.05,,300,27.5,25.5,0.00603,75000,0.6,1.0,0.193758,20.570061,0.33896,-0.00696,0.43543,2.044505
prioritized,1,1233,285396,0.05,,300,25.3,27.7,0.006098,75000,0.6,1.0,0.191049,20.570061,0.316809,-0.001102,0.442018,2.186087
prioritized,1,1234,285696,0.05,,300,25.5,25.5,0.005878,75000,0.6,1.0,0.189766,20.570061,0.304189,-0.019345,0.437521,2.000536
prioritized,1,1235,285996,0.05,,300,25.3,25.3,0.005436,75000,0.6,1.0,0.188646,20.570061,0.310541,-0.010285,0.380217,1.689171
prioritized,1,1236,286257,0.05,1.0,261,131.09,28.9,0.006466,75000,0.6,1.0,0.191642,20.570061,0.331847,-0.017866,0.399159,1.658076
prioritized,1,1237,286464,0.05,1.0,207,131.36,28.77,0.00685,75000,0.6,1.0,0.191685,20.570061,0.315378,-0.007218,0.452672,1.988701
prioritized,1,1238,286764,0.05,,300,27.9,25.1,0.006254,75000,0.6,1.0,0.18965,20.570061,0.299462,0.01356,0.45391,2.171071
prioritized,1,1239,287051,0.05,1.0,287,130.96,27.77,0.006418,75000,0.6,1.0,0.193026,20.570061,0.314729,0.013761,0.473266,2.284366
prioritized,1,1240,287351,0.05,,300,24.7,27.7,0.006843,75000,0.6,1.0,0.194125,20.570061,0.34788,-0.037866,0.516401,2.487759
prioritized,1,1241,287651,0.05,,300,25.3,27.5,0.006147,75000,0.6,1.0,0.191863,20.570061,0.300682,0.035849,0.501473,2.36238
prioritized,1,1242,287888,0.05,1.0,237,131.21,25.82,0.006491,75000,0.6,1.0,0.193348,20.570061,0.337914,-0.028707,0.461494,2.175406
prioritized,1,1243,288127,0.05,1.0,239,131.2,23.81,0.009096,75000,0.6,1.0,0.196593,20.570061,0.329813,-0.158084,0.645536,3.663707
prioritized,1,1244,288328,0.05,1.0,201,131.39,21.2,0.009609,75000,0.6,1.0,0.196181,20.570061,0.335986,-0.066039,0.721354,3.662866
prioritized,1,1245,288628,0.05,,300,27.5,25.3,0.006734,75000,0.6,1.0,0.193107,20.570061,0.320172,-0.059297,0.637848,3.425568
prioritized,1,1246,288928,0.05,,300,25.5,25.5,0.006255,75000,0.6,1.0,0.191547,20.570061,0.315811,-0.114373,0.556169,3.019987
prioritized,1,1247,289097,0.05,1.0,169,131.55,23.96,0.010017,75000,0.6,1.0,0.198002,20.570061,0.367135,-0.089129,0.629972,3.497417
prioritized,1,1248,289397,0.05,,300,27.5,25.3,0.00812,75000,0.6,1.0,0.195491,20.570061,0.341767,-0.220655,0.733329,4.260837
prioritized,1,1249,289697,0.05,,300,25.3,25.3,0.007376,75000,0.6,1.0,0.193653,20.570061,0.322536,-0.173817,0.657478,3.518163
prioritized,1,1250,289997,0.05,,300,25.3,27.7,0.008416,75000,0.6,1.0,0.19324,20.570061,0.338216,-0.175481,0.602519,2.987903
prioritized,1,1251,290297,0.05,,300,25.3,25.5,0.008735,75000,0.6,1.0,0.195039,20.570061,0.352526,-0.14902,0.551405,2.705075
prioritized,1,1252,290541,0.05,-1.0,244,21.38,131.18,0.005559,75000,0.6,1.0,0.192618,20.570061,0.330524,-0.163783,0.508771,2.639406
prioritized,1,1253,290841,0.05,,300,25.3,25.3,0.005648,75000,0.6,1.0,0.191511,20.570061,0.354857,-0.184233,0.559881,3.408238
prioritized,1,1254,291141,0.05,,300,25.5,25.1,0.007055,75000,0.6,1.0,0.192846,20.570061,0.314864,-0.116915,0.500957,2.707984
prioritized,1,1255,291441,0.05,,300,25.3,27.7,0.006962,75000,0.6,1.0,0.191337,20.570061,0.310195,-0.120812,0.488287,2.547452
prioritized,1,1256,291573,0.05,-1.0,132,22.14,131.74,0.005507,75000,0.6,1.0,0.190164,20.570061,0.299036,-0.107264,0.45877,2.281453
prioritized,1,1257,291873,0.05,,300,25.3,25.3,0.005809,75000,0.6,1.0,0.190826,20.570061,0.352076,-0.182839,0.513391,3.028744
prioritized,1,1258,292173,0.05,,300,24.7,24.7,0.007814,75000,0.6,1.0,0.194413,20.570061,0.321708,-0.190881,0.527524,2.639447
prioritized,1,1259,292473,0.05,,300,25.3,25.1,0.006221,75000,0.6,1.0,0.191559,20.570061,0.292597,-0.093893,0.483703,2.159782
prioritized,1,1260,292773,0.05,,300,24.9,28.7,0.005411,75000,0.6,1.0,0.190859,20.570061,0.324363,-0.082999,0.424636,1.88735
prioritized,1,1261,293026,0.05,1.0,253,131.13,23.74,0.006884,75000,0.6,1.0,0.193812,20.570061,0.311905,-0.033987,0.502309,2.036252
prioritized,1,1262,293326,0.05,,300,28.3,26.1,0.006548,75000,0.6,1.0,0.195762,20.570061,0.35978,-0.076543,0.549646,2.269298
prioritized,1,1263,293626,0.05,,300,25.3,25.5,0.00708,75000,0.6,1.0,0.192305,20.570061,0.314892,-0.04366,0.494386,1.910291
prioritized,1,1264,293915,0.05,1.0,289,130.95,25.36,0.006926,75000,0.6,1.0,0.191867,20.570061,0.315155,-0.024116,0.436153,1.67563
prioritized,1,1265,294215,0.05,,300,25.5,24.9,0.007507,75000,0.6,1.0,0.193227,20.570061,0.318023,-0.061362,0.567824,2.398062
prioritized,1,1266,294515,0.05,,300,25.3,25.1,0.006468,75000,0.6,1.0,0.189777,20.570061,0.282846,0.011992,0.468576,1.874301
prioritized,1,1267,294815,0.05,,300,28.1,27.5,0.006209,75000,0.6,1.0,0.191137,20.570061,0.350669,0.017972,0.438009,1.782421
prioritized,1,1268,295115,0.05,,300,27.5,27.7,0.006333,75000,0.6,1.0,0.191758,20.570061,0.311555,0.012577,0.439715,1.734076
prioritized,1,1269,295281,0.05,-1.0,166,24.17,131.57,0.006536,75000,0.6,1.0,0.192177,20.570061,0.322192,-0.015443,0.422844,1.560006
prioritized,1,1270,295581,0.05,,300,25.5,25.5,0.006785,75000,0.6,1.0,0.19115,20.570061,0.307359,-0.049192,0.530198,3.006377
prioritized,1,1271,295881,0.05,,300,25.5,27.7,0.006461,75000,0.6,1.0,0.190017,20.570061,0.316172,-0.048153,0.490266,2.632021
prioritized,1,1272,296181,0.05,,300,25.7,25.3,0.007457,75000,0.6,1.0,0.19403,20.570061,0.339835,-0.049793,0.490571,2.455041
prioritized,1,1273,296481,0.05,,300,24.7,24.9,0.006611,75000,0.6,1.0,0.192977,20.570061,0.330685,-0.065098,0.455732,2.265685
prioritized,1,1274,296781,0.05,,300,24.9,24.7,0.005664,75000,0.6,1.0,0.190712,20.570061,0.309156,-0.055646,0.424458,2.330593
prioritized,1,1275,297081,0.05,,300,24.7,25.3,0.007411,75000,0.6,1.0,0.192513,20.570061,0.302516,-0.077843,0.44822,2.198121
prioritized,1,1276,297381,0.05,,300,25.5,27.7,0.005905,75000,0.6,1.0,0.191003,20.570061,0.315665,-0.094218,0.454536,2.471943
prioritized,1,1277,297681,0.05,,300,28.1,27.9,0.005977,75000,0.6,1.0,0.1904,20.570061,0.30896,-0.048589,0.429411,2.193198
prioritized,1,1278,297981,0.05,,300,25.3,25.3,0.006225,75000,0.6,1.0,0.189102,20.570061,0.303599,-0.092581,0.423011,2.103684
prioritized,1,1279,298281,0.05,,300,22.9,28.3,0.006751,75000,0.6,1.0,0.191357,20.570061,0.317263,-0.090674,0.398337,1.62176
prioritized,1,1280,298581,0.05,,300,27.9,27.7,0.006275,75000,0.6,1.0,0.189766,20.570061,0.305233,-0.106853,0.425419,1.809536
prioritized,1,1281,298881,0.05,,300,27.5,25.5,0.005851,75000,0.6,1.0,0.190774,20.570061,0.35515,-0.099763,0.385587,1.610475
prioritized,1,1282,299181,0.05,,300,27.5,25.3,0.006105,75000,0.6,1.0,0.19167,20.570061,0.340719,-0.05575,0.372801,1.406928
prioritized,1,1283,299316,0.05,1.0,135,131.72,22.13,0.00658,75000,0.6,1.0,0.190399,20.570061,0.305217,0.000241,0.399991,1.492969
prioritized,1,1284,299616,0.05,,300,25.5,25.3,0.006269,75000,0.6,1.0,0.190156,20.570061,0.34838,-0.020613,0.442489,2.263835
prioritized,1,1285,299916,0.05,,300,27.3,28.7,0.005646,75000,0.6,1.0,0.189659,20.570061,0.352673,-0.016623,0.380788,1.872151
prioritized,1,1286,300216,0.05,,300,25.1,27.7,0.006227,75000,0.6,1.0,0.189668,20.570061,0.304197,-0.027995,0.391629,1.748906
prioritized,1,1287,300370,0.05,-1.0,154,21.83,131.63,0.007745,75000,0.6,1.0,0.189509,20.570061,0.268569,-0.039501,0.421732,2.020893
prioritized,1,1288,300670,0.05,,300,27.7,27.7,0.007384,75000,0.6,1.0,0.19145,20.570061,0.339749,-0.162814,0.566509,3.262141
prioritized,1,1289,300970,0.05,,300,25.3,27.5,0.006161,75000,0.6,1.0,0.18996,20.570061,0.318029,-0.084559,0.437948,2.526266
prioritized,1,1290,301270,0.05,,300,27.9,27.7,0.006965,75000,0.6,1.0,0.192675,20.570061,0.331842,-0.11533,0.510215,2.976289
prioritized,1,1291,301442,0.05,-1.0,172,26.14,131.54,0.006805,75000,0.6,1.0,0.192348,20.570061,0.333032,-0.133356,0.532205,3.358646
prioritized,1,1292,301742,0.05,,300,27.7,25.7,0.006573,75000,0.6,1.0,0.193281,20.570061,0.370253,-0.154551,0.531015,3.158011
prioritized,1,1293,302042,0.05,,300,25.3,25.1,0.006256,75000,0.6,1.0,0.190999,20.570061,0.309767,-0.130238,0.495858,2.928477
prioritized,1,1294,302342,0.05,,300,27.9,28.5,0.006607,75000,0.6,1.0,0.19205,20.570061,0.323767,-0.078717,0.444127,2.420406
prioritized,1,1295,302642,0.05,,300,24.9,24.9,0.005596,75000,0.6,1.0,0.189606,20.570061,0.276211,-0.068051,0.408543,2.182839
prioritized,1,1296,302748,0.05,-1.0,106,27.47,131.87,0.005594,75000,0.6,1.0,0.190439,20.570061,0.312113,-0.085878,0.401663,2.154348
prioritized,1,1297,303048,0.05,,300,25.3,25.3,0.007441,75000,0.6,1.0,0.19349,20.570061,0.29953,-0.070235,0.443004,2.152062
prioritized,1,1298,303348,0.05,,300,25.5,25.3,0.007807,75000,0.6,1.0,0.194776,20.570061,0.346795,-0.057728,0.453054,2.035841
prioritized,1,1299,303648,0.05,,300,27.7,25.5,0.006273,75000,0.6,1.0,0.192816,20.570061,0.326885,-0.073971,0.452966,2.111394
prioritized,1,1300,303948,0.05,,300,24.5,28.3,0.005517,75000,0.6,1.0,0.192219,20.570061,0.324244,-0.072163,0.412718,1.965092
prioritized,1,1301,304248,0.05,,300,25.5,25.3,0.007179,75000,0.6,1.0,0.193919,20.570061,0.333802,-0.060744,0.412677,1.814848
prioritized,1,1302,304434,0.05,-1.0,186,24.47,131.47,0.005594,75000,0.6,1.0,0.192096,20.570061,0.312653,-0.106928,0.42098,2.088547
prioritized,1,1303,304544,0.05,-1.0,110,21.65,131.85,0.006109,75000,0.6,1.0,0.192584,20.570061,0.31722,-0.099929,0.439196,2.297111
prioritized,1,1304,304844,0.05,,300,27.9,26.1,0.00563,75000,0.6,1.0,0.193083,20.570061,0.320429,-0.125347,0.49511,2.836483
prioritized,1,1305,305144,0.05,,300,27.7,25.3,0.007205,75000,0.6,1.0,0.19769,20.570061,0.38024,-0.085225,0.490214,2.5275
prioritized,1,1306,305284,0.05,-1.0,140,23.5,131.7,0.006699,75000,0.6,1.0,0.193985,20.570061,0.287325,-0.054632,0.483134,2.416836
prioritized,1,1307,305584,0.05,,300,25.3,25.3,0.006934,75000,0.6,1.0,0.193465,20.570061,0.313833,-0.015132,0.546758,2.757857
prioritized,1,1308,305884,0.05,,300,27.5,25.5,0.006537,75000,0.6,1.0,0.193559,20.570061,0.36758,-0.058162,0.490273,2.364184
prioritized,1,1309,306184,0.05,,300,25.5,25.3,0.007164,75000,0.6,1.0,0.193911,20.570061,0.340887,-0.010775,0.458242,2.121122
prioritized,1,1310,306484,0.05,,300,25.5,25.3,0.006425,75000,0.6,1.0,0.192388,20.570061,0.320845,0.022489,0.462823,2.067318
prioritized,1,1311,306784,0.05,,300,25.5,25.5,0.006219,75000,0.6,1.0,0.190386,20.570061,0.31576,0.019935,0.443079,1.922594
prioritized,1,1312,307084,0.05,,300,25.1,25.5,0.006521,75000,0.6,1.0,0.191017,20.570061,0.284029,0.043962,0.421015,1.707476
prioritized,1,1313,307384,0.05,,300,25.5,27.7,0.007359,75000,0.6,1.0,0.193366,20.570061,0.346313,0.082236,0.462165,2.145272
prioritized,1,1314,307684,0.05,,300,25.5,25.3,0.007487,75000,0.6,1.0,0.192574,20.570061,0.35157,0.025739,0.442615,1.927054
prioritized,1,1315,307984,0.05,,300,27.7,25.5,0.005397,75000,0.6,1.0,0.189108,20.570061,0.303131,0.047772,0.371499,1.741032
prioritized,1,1316,308284,0.05,,300,27.7,27.9,0.006561,75000,0.6,1.0,0.191906,20.570061,0.348737,0.013569,0.405314,1.600015
prioritized,1,1317,308584,0.05,,300,25.5,25.3,0.00671,75000,0.6,1.0,0.189106,20.570061,0.286314,0.022759,0.379293,1.543689
prioritized,1,1318,308884,0.05,,300,25.5,25.5,0.006515,75000,0.6,1.0,0.190416,20.570061,0.332008,-0.004395,0.39897,1.669641
prioritized,1,1319,308983,0.05,1.0,99,131.9,29.51,0.00521,75000,0.6,1.0,0.189427,20.570061,0.313163,-0.012363,0.366294,1.393275
prioritized,1,1320,309283,0.05,,300,27.7,27.5,0.007575,75000,0.6,1.0,0.191496,20.570061,0.306585,-0.023605,0.522151,2.851067
prioritized,1,1321,309391,0.05,-1.0,108,24.06,131.86,0.005872,75000,0.6,1.0,0.191374,20.570061,0.314437,-0.088503,0.557806,3.145336
prioritized,1,1322,309638,0.05,1.0,247,131.16,21.17,0.006494,75000,0.6,1.0,0.192466,20.570061,0.333121,-0.090177,0.558418,3.060477
prioritized,1,1323,309938,0.05,,300,25.5,25.5,0.005935,75000,0.6,1.0,0.190382,20.570061,0.304472,-0.062545,0.509857,2.8638
prioritized,1,1324,310238,0.05,,300,27.7,24.7,0.008979,75000,0.6,1.0,0.194338,20.570061,0.329251,-0.1255,0.580891,3.026134
prioritized,1,1325,310538,0.05,,300,27.5,25.5,0.006728,75000,0.6,1.0,0.193997,20.570061,0.348724,-0.057579,0.509632,2.853207
prioritized,1,1326,310733,0.05,1.0,195,131.42,26.03,0.005649,75000,0.6,1.0,0.193421,20.570061,0.337608,-0.065719,0.475872,2.58641
prioritized,1,1327,311033,0.05,,300,25.5,25.1,0.006694,75000,0.6,1.0,0.195395,20.570061,0.359206,-0.083807,0.504781,2.793823
prioritized,1,1328,311333,0.05,,300,25.3,25.5,0.007202,75000,0.6,1.0,0.192147,20.570061,0.28801,-0.086274,0.560583,3.182955
prioritized,1,1329,311633,0.05,,300,28.5,27.5,0.005926,75000,0.6,1.0,0.193411,20.570061,0.347938,-0.096215,0.498101,2.789768
prioritized,1,1330,311933,0.05,,300,25.3,25.3,0.006871,75000,0.6,1.0,0.192246,20.570061,0.32113,-0.089507,0.519503,2.721353
prioritized,1,1331,312233,0.05,,300,25.1,25.5,0.008129,75000,0.6,1.0,0.194517,20.570061,0.310079,-0.125901,0.51645,2.599725
prioritized,1,1332,312533,0.05,,300,25.3,25.1,0.006972,75000,0.6,1.0,0.192602,20.570061,0.296237,-0.091878,0.482369,2.442839
prioritized,1,1333,312710,0.05,1.0,177,131.51,24.92,0.006517,75000,0.6,1.0,0.192284,20.570061,0.305288,-0.103178,0.466915,2.338821
prioritized,1,1334,312976,0.05,-1.0,266,25.87,131.07,0.007135,75000,0.6,1.0,0.19344,20.570061,0.353882,-0.281253,0.652026,4.24024
prioritized,1,1335,313105,0.05,1.0,129,131.75,26.36,0.008706,75000,0.6,1.0,0.194644,20.570061,0.349832,-0.17535,0.688425,3.697331
prioritized,1,1336,313405,0.05,,300,23.1,23.3,0.007374,75000,0.6,1.0,0.194286,20.570061,0.347526,-0.178017,0.621668,3.329164
prioritized,1,1337,313559,0.05,-1.0,154,24.03,131.63,0.007459,75000,0.6,1.0,0.194408,20.570061,0.32414,-0.144196,0.590491,3.026012
prioritized,1,1338,313859,0.05,,300,27.3,25.1,0.007796,75000,0.6,1.0,0.194139,20.570061,0.348747,-0.267373,0.68839,3.833919
prioritized,1,1339,314159,0.05,,300,25.3,22.7,0.007817,75000,0.6,1.0,0.194233,20.570061,0.331363,-0.134929,0.588681,2.920138
prioritized,1,1340,314459,0.05,,300,28.1,27.7,0.008628,75000,0.6,1.0,0.195225,20.570061,0.351311,0.016479,0.613952,2.944241
prioritized,1,1341,314759,0.05,,300,23.1,25.3,0.006892,75000,0.6,1.0,0.192334,20.570061,0.273981,-0.072763,0.557853,2.666311
prioritized,1,1342,315059,0.05,,300,27.7,24.7,0.006891,75000,0.6,1.0,0.195041,20.570061,0.327509,-0.087739,0.540338,2.565036
prioritized,1,1343,315359,0.05,,300,23.1,25.3,0.007906,75000,0.6,1.0,0.19567,20.570061,0.344348,-0.050294,0.548997,2.601626
prioritized,1,1344,315659,0.05,,300,27.5,23.3,0.00654,75000,0.6,1.0,0.193356,20.570061,0.346454,0.001088,0.509308,2.708406
prioritized,1,1345,315959,0.05,,300,27.3,26.5,0.006265,75000,0.6,1.0,0.193544,20.570061,0.353242,0.010082,0.462353,2.270285
prioritized,1,1346,316259,0.05,,300,25.3,26.1,0.009626,75000,0.6,1.0,0.196104,20.570061,0.335236,0.056032,0.583042,2.522126
prioritized,1,1347,316559,0.05,,300,25.5,25.5,0.007928,75000,0.6,1.0,0.195036,20.570061,0.331244,0.039245,0.582431,2.644354
prioritized,1,1348,316859,0.05,,300,27.7,25.5,0.006614,75000,0.6,1.0,0.192448,20.570061,0.306236,0.042776,0.483771,2.200125
prioritized,1,1349,317159,0.05,,300,25.3,25.3,0.007996,75000,0.6,1.0,0.194165,20.570061,0.307646,-0.023903,0.495301,2.214926
prioritized,1,1350,317459,0.05,,300,25.3,25.3,0.007267,75000,0.6,1.0,0.193465,20.570061,0.330492,-0.010472,0.47157,1.999898
prioritized,1,1351,317759,0.05,,300,28.1,27.5,0.00544,75000,0.6,1.0,0.191172,20.570061,0.307439,0.00311,0.406,1.744844
prioritized,1,1352,318059,0.05,,300,25.5,25.3,0.007564,75000,0.6,1.0,0.194004,20.570061,0.322943,-0.026591,0.439162,1.813234
prioritized,1,1353,318339,0.05,-1.0,280,25.6,131.0,0.006971,75000,0.6,1.0,0.193419,20.570061,0.314213,0.007402,0.431216,1.756011
prioritized,1,1354,318639,0.05,,300,25.3,25.3,0.006931,75000,0.6,1.0,0.192151,20.570061,0.286305,0.048828,0.465508,2.05586
prioritized,1,1355,318939,0.05,,300,25.7,25.5,0.00691,75000,0.6,1.0,0.192092,20.570061,0.316358,0.084262,0.442306,1.869674
prioritized,1,1356,319239,0.05,,300,27.9,25.1,0.007322,75000,0.6,1.0,0.195092,20.570061,0.330321,-0.037543,0.441649,1.761294
prioritized,1,1357,319539,0.05,,300,25.3,23.3,0.005822,75000,0.6,1.0,0.191537,20.570061,0.297315,-0.035619,0.379522,1.437194
prioritized,1,1358,319839,0.05,,300,27.7,28.1,0.007328,75000,0.6,1.0,0.192187,20.570061,0.30925,-0.037084,0.387948,1.464602
prioritized,1,1359,320139,0.05,,300,25.5,25.7,0.006808,75000,0.6,1.0,0.194485,20.570061,0.327086,-0.011118,0.412943,1.562511
prioritized,1,1360,320439,0.05,,300,27.5,25.7,0.006035,75000,0.6,1.0,0.192825,20.570061,0.315152,-0.030198,0.391966,1.42514
prioritized,1,1361,320739,0.05,,300,25.3,24.7,0.006515,75000,0.6,1.0,0.19107,20.570061,0.266417,-0.028417,0.382894,1.354374
prioritized,1,1362,321039,0.05,,300,28.7,25.9,0.006447,75000,0.6,1.0,0.195433,20.570061,0.334188,-0.011268,0.375334,1.263347
prioritized,1,1363,321339,0.05,,300,25.1,25.5,0.007619,75000,0.6,1.0,0.196093,20.570061,0.305914,0.037881,0.477531,2.59153
prioritized,1,1364,321446,0.05,1.0,107,131.86,24.07,0.00825,75000,0.6,1.0,0.197245,20.570061,0.320381,-0.035477,0.541074,2.513463
prioritized,1,1365,321746,0.05,,300,23.1,25.3,0.007418,75000,0.6,1.0,0.195735,20.570061,0.302096,0.032506,0.480102,2.186428
prioritized,1,1366,322046,0.05,,300,25.9,27.5,0.006693,75000,0.6,1.0,0.197087,20.570061,0.33423,0.02791,0.477632,2.114769
prioritized,1,1367,322346,0.05,,300,25.5,27.9,0.007239,75000,0.6,1.0,0.196955,20.570061,0.348093,0.05176,0.48068,2.211094
prioritized,1,1368,322586,0.05,-1.0,240,24.4,131.2,0.006452,75000,0.6,1.0,0.19697,20.570061,0.34845,0.054137,0.455617,1.981992
prioritized,1,1369,322886,0.05,,300,27.9,27.5,0.006495,75000,0.6,1.0,0.194711,20.570061,0.304735,0.026325,0.472011,1.897814
prioritized,1,1370,323186,0.05,,300,25.5,25.5,0.007228,75000,0.6,1.0,0.197388,20.570061,0.341356,0.023898,0.485988,1.973692
prioritized,1,1371,323486,0.05,,300,25.5,27.9,0.007143,75000,0.6,1.0,0.195429,20.570061,0.323486,-0.034352,0.467434,2.032835
prioritized,1,1372,323786,0.05,,300,27.5,27.9,0.006665,75000,0.6,1.0,0.193891,20.570061,0.320391,-0.014755,0.443594,1.930715
prioritized,1,1373,324086,0.05,,300,25.5,25.3,0.00826,75000,0.6,1.0,0.19677,20.570061,0.360124,0.003347,0.477399,2.085259
prioritized,1,1374,324248,0.05,-1.0,162,26.59,131.59,0.007484,75000,0.6,1.0,0.195182,20.570061,0.312069,-0.0632,0.5344,2.660626
prioritized,1,1375,324548,0.05,,300,23.1,25.1,0.007025,75000,0.6,1.0,0.193922,20.570061,0.300445,-0.028174,0.532903,2.765778
prioritized,1,1376,324848,0.05,,300,25.5,27.7,0.007049,75000,0.6,1.0,0.193769,20.570061,0.331945,0.016061,0.498102,2.556222
prioritized,1,1377,325148,0.05,,300,27.7,27.9,0.007628,75000,0.6,1.0,0.194721,20.570061,0.319885,0.043831,0.536019,2.706335
prioritized,1,1378,325448,0.05,,300,25.3,25.5,0.007455,75000,0.6,1.0,0.193944,20.570061,0.349372,0.008837,0.521243,2.513674
prioritized,1,1379,325748,0.05,,300,27.7,25.1,0.007357,75000,0.6,1.0,0.192262,20.570061,0.332373,0.025847,0.465742,2.184691
prioritized,1,1380,326048,0.05,,300,25.3,25.5,0.006847,75000,0.6,1.0,0.19165,20.570061,0.304062,0.016475,0.474286,2.2431
prioritized,1,1381,326348,0.05,,300,24.9,25.3,0.006626,75000,0.6,1.0,0.192934,20.570061,0.35402,0.053668,0.471832,2.332955
prioritized,1,1382,326519,0.05,1.0,171,131.54,22.15,0.00556,75000,0.6,1.0,0.191715,20.570061,0.334721,0.003534,0.433387,1.92536
prioritized,1,1383,326819,0.05,,300,27.7,23.1,0.006412,75000,0.6,1.0,0.191526,20.570061,0.35266,-0.072298,0.535863,3.093086
prioritized,1,1384,327119,0.05,,300,25.5,25.3,0.008396,75000,0.6,1.0,0.192291,20.570061,0.322305,-0.034593,0.498269,2.460125
prioritized,1,1385,327419,0.05,,300,25.1,27.7,0.006709,75000,0.6,1.0,0.19095,20.570061,0.308912,0.033769,0.452992,2.191943
prioritized,1,1386,327719,0.05,,300,27.7,25.5,0.007161,75000,0.6,1.0,0.191655,20.570061,0.343239,0.042896,0.459902,2.09552
prioritized,1,1387,328019,0.05,,300,24.3,25.1,0.006323,75000,0.6,1.0,0.189573,20.570061,0.287744,0.013683,0.397798,1.686846
prioritized,1,1388,328312,0.05,1.0,293,130.93,21.34,0.007571,75000,0.6,1.0,0.19184,20.570061,0.322386,0.034488,0.451376,1.870936
prioritized,1,1389,328502,0.05,-1.0,190,24.05,131.45,0.007877,75000,0.6,1.0,0.193721,20.570061,0.311105,0.000966,0.565979,2.274882
prioritized,1,1390,328802,0.05,,300,27.7,25.5,0.006812,75000,0.6,1.0,0.192721,20.570061,0.347987,-0.011352,0.549054,2.308557
prioritized,1,1391,329102,0.05,,300,27.5,27.9,0.00797,75000,0.6,1.0,0.194774,20.570061,0.340511,-0.02353,0.522811,2.115431
prioritized,1,1392,329402,0.05,,300,25.5,25.5,0.007223,75000,0.6,1.0,0.19328,20.570061,0.338269,-0.04272,0.464531,1.763414
prioritized,1,1393,329702,0.05,,300,27.7,25.5,0.005853,75000,0.6,1.0,0.191406,20.570061,0.350044,-0.041813,0.401896,1.455489
prioritized,1,1394,330002,0.05,,300,25.5,25.3,0.005934,75000,0.6,1.0,0.188968,20.570061,0.307729,-0.029443,0.388934,1.372365
prioritized,1,1395,330263,0.05,1.0,261,131.09,28.1,0.009933,75000,0.6,1.0,0.191283,20.570061,0.306631,-0.047944,0.512187,1.903076
prioritized,1,1396,330563,0.05,,300,22.9,27.5,0.007177,75000,0.6,1.0,0.19259,20.570061,0.335017,-0.079499,0.553086,2.547326
prioritized,1,1397,330863,0.05,,300,25.3,25.5,0.006325,75000,0.6,1.0,0.190009,20.570061,0.295862,-0.114001,0.494657,2.178562
prioritized,1,1398,331163,0.05,,300,25.3,25.5,0.008249,75000,0.6,1.0,0.19308,20.570061,0.345317,-0.018567,0.506435,2.449338
prioritized,1,1399,331463,0.05,,300,25.1,25.5,0.007152,75000,0.6,1.0,0.189275,20.570061,0.280026,0.012677,0.546983,2.994723
prioritized,1,1400,331763,0.05,,300,25.5,23.3,0.00611,75000,0.6,1.0,0.189715,20.570061,0.322591,-0.049028,0.489478,2.63111
prioritized,1,1401,332063,0.05,,300,27.3,25.5,0.006445,75000,0.6,1.0,0.1914,20.570061,0.341882,-0.010524,0.494903,2.711616
prioritized,1,1402,332363,0.05,,300,27.5,25.5,0.007954,75000,0.6,1.0,0.19134,20.570061,0.348641,0.012658,0.548301,3.054982
prioritized,1,1403,332663,0.05,,300,27.5,28.1,0.008117,75000,0.6,1.0,0.190099,20.570061,0.322118,0.041279,0.525664,3.011144
prioritized,1,1404,332860,0.05,1.0,197,131.41,29.02,0.005398,75000,0.6,1.0,0.189523,20.570061,0.30842,-0.010766,0.463188,2.454037
prioritized,1,1405,333160,0.05,,300,27.5,27.9,0.007701,75000,0.6,1.0,0.194772,20.570061,0.358771,-0.009623,0.595927,3.337672
prioritized,1,1406,333460,0.05,,300,27.7,27.5,0.007359,75000,0.6,1.0,0.193037,20.570061,0.33998,0.000435,0.572139,3.131713
prioritized,1,1407,333760,0.05,,300,24.3,26.5,0.007325,75000,0.6,1.0,0.192362,20.570061,0.303509,-0.058265,0.558133,3.172862
prioritized,1,1408,334060,0.05,,300,27.5,27.7,0.006805,75000,0.6,1.0,0.193602,20.570061,0.319165,-0.00892,0.532488,2.717505
prioritized,1,1409,334360,0.05,,300,27.7,24.7,0.006629,75000,0.6,1.0,0.194234,20.570061,0.35777,-0.047993,0.520826,2.689517
prioritized,1,1410,334503,0.05,1.0,143,131.68,26.69,0.006855,75000,0.6,1.0,0.193963,20.570061,0.345006,0.013548,0.524962,2.850552
prioritized,1,1411,334803,0.05,,300,27.7,25.7,0.006614,75000,0.6,1.0,0.192641,20.570061,0.332904,-0.127473,0.536025,2.822054
prioritized,1,1412,335103,0.05,,300,25.5,25.5,0.007016,75000,0.6,1.0,0.194517,20.570061,0.356883,-0.022277,0.499204,2.474192
prioritized,1,1413,335403,0.05,,300,25.5,25.5,0.006578,75000,0.6,1.0,0.192432,20.570061,0.314307,-0.088527,0.477387,2.408619
prioritized,1,1414,335703,0.05,,300,25.5,25.5,0.005955,75000,0.6,1.0,0.1904,20.570061,0.292116,-0.027528,0.44265,2.130729
prioritized,1,1415,336003,0.05,,300,25.5,25.5,0.00556,75000,0.6,1.0,0.190471,20.570061,0.315172,-0.03456,0.429,2.076187
prioritized,1,1416,336303,0.05,,300,24.5,27.5,0.007812,75000,0.6,1.0,0.193531,20.570061,0.331082,9.3e-05,0.440435,1.756052
prioritized,1,1417,336603,0.05,,300,27.7,27.5,0.005764,75000,0.6,1.0,0.192201,20.570061,0.334451,-0.010471,0.43151,1.958106
prioritized,1,1418,336903,0.05,,300,27.7,27.7,0.005497,75000,0.6,1.0,0.19097,20.570061,0.313761,-0.009691,0.388391,1.611727
prioritized,1,1419,337203,0.05,,300,25.5,25.3,0.008467,75000,0.6,1.0,0.193399,20.570061,0.315609,-0.042695,0.461974,2.059612
prioritized,1,1420,337503,0.05,,300,25.5,25.5,0.008376,75000,0.6,1.0,0.194415,20.570061,0.348594,-0.043241,0.512598,2.193009
prioritized,1,1421,337803,0.05,,300,23.3,25.3,0.006254,75000,0.6,1.0,0.192094,20.570061,0.317747,-0.060594,0.424063,1.910044
prioritized,1,1422,338103,0.05,,300,25.5,25.5,0.006404,75000,0.6,1.0,0.1927,20.570061,0.301677,-0.036465,0.415654,1.747155
prioritized,1,1423,338403,0.05,,300,27.7,27.7,0.006353,75000,0.6,1.0,0.191135,20.570061,0.308872,-0.032304,0.415546,1.662063
prioritized,1,1424,338703,0.05,,300,27.5,27.9,0.005534,75000,0.6,1.0,0.189869,20.570061,0.330201,-0.028535,0.383477,1.544159
prioritized,1,1425,338957,0.05,-1.0,254,25.93,131.13,0.005958,75000,0.6,1.0,0.190377,20.570061,0.34054,-0.04493,0.381327,1.487783
prioritized,1,1426,339257,0.05,,300,27.9,27.7,0.007157,75000,0.6,1.0,0.192045,20.570061,0.313348,0.022363,0.463141,2.253698
prioritized,1,1427,339557,0.05,,300,27.5,25.5,0.007229,75000,0.6,1.0,0.191634,20.570061,0.327124,-0.01423,0.453804,2.256701
prioritized,1,1428,339857,0.05,,300,27.3,27.7,0.006033,75000,0.6,1.0,0.190054,20.570061,0.315603,-0.018927,0.435789,2.332623
prioritized,1,1429,340157,0.05,,300,25.3,25.3,0.006306,75000,0.6,1.0,0.19271,20.570061,0.334381,-0.015693,0.421664,2.039102
prioritized,1,1430,340457,0.05,,300,25.5,24.9,0.007572,75000,0.6,1.0,0.191973,20.570061,0.310208,0.023916,0.419915,1.830459
prioritized,1,1431,340757,0.05,,300,25.5,25.5,0.005726,75000,0.6,1.0,0.190101,20.570061,0.30583,0.003993,0.413886,2.150024
prioritized,1,1432,341003,0.05,-1.0,246,28.77,131.17,0.005561,75000,0.6,1.0,0.19123,20.570061,0.352249,-0.005075,0.41786,2.199254
prioritized,1,1433,341303,0.05,,300,25.3,23.3,0.007723,75000,0.6,1.0,0.191306,20.570061,0.30573,-0.140089,0.549521,2.843269
prioritized,1,1434,341603,0.05,,300,25.3,23.3,0.006574,75000,0.6,1.0,0.188986,20.570061,0.301694,-0.061861,0.473041,2.484254
prioritized,1,1435,341903,0.05,,300,25.3,23.1,0.006027,75000,0.6,1.0,0.188985,20.570061,0.309196,-0.073416,0.44102,2.296718
prioritized,1,1436,342026,0.05,1.0,123,131.78,28.79,0.006426,75000,0.6,1.0,0.189999,20.570061,0.303535,-0.032718,0.417676,1.89823
prioritized,1,1437,342238,0.05,-1.0,212,29.14,131.34,0.007143,75000,0.6,1.0,0.19084,20.570061,0.280981,-0.087764,0.554013,2.738787
prioritized,1,1438,342538,0.05,,300,27.9,27.7,0.006728,75000,0.6,1.0,0.192397,20.570061,0.326988,-0.077703,0.545894,2.82416
prioritized,1,1439,342838,0.05,,300,25.5,25.5,0.006162,75000,0.6,1.0,0.190852,20.570061,0.30482,-0.048114,0.482779,2.387286
prioritized,1,1440,343093,0.05,1.0,255,131.12,25.93,0.006721,75000,0.6,1.0,0.194355,20.570061,0.360108,-0.066335,0.47718,2.362584
prioritized,1,1441,343393,0.05,,300,27.7,23.3,0.007484,75000,0.6,1.0,0.192043,20.570061,0.32851,-0.066421,0.623827,3.433029
prioritized,1,1442,343693,0.05,,300,23.1,25.5,0.006565,75000,0.6,1.0,0.19049,20.570061,0.323939,-0.032079,0.534074,3.009403
prioritized,1,1443,343993,0.05,,300,25.5,24.7,0.006875,75000,0.6,1.0,0.190839,20.570061,0.324814,-0.06177,0.494302,2.674419
prioritized,1,1444,344293,0.05,,300,25.5,25.3,0.00713,75000,0.6,1.0,0.191388,20.570061,0.317083,-0.052644,0.548203,2.844109
prioritized,1,1445,344593,0.05,,300,27.7,27.9,0.005985,75000,0.6,1.0,0.191474,20.570061,0.34672,-0.047281,0.496537,2.626168
prioritized,1,1446,344893,0.05,,300,27.7,27.7,0.005913,75000,0.6,1.0,0.188802,20.570061,0.292304,-0.078084,0.498954,2.720182
prioritized,1,1447,345193,0.05,,300,25.3,27.7,0.006932,75000,0.6,1.0,0.191506,20.570061,0.34959,-0.07294,0.501236,2.675351
prioritized,1,1448,345493,0.05,,300,25.3,25.3,0.005693,75000,0.6,1.0,0.191473,20.570061,0.354597,-0.071239,0.490381,2.532445
prioritized,1,1449,345793,0.05,,300,25.1,25.5,0.006135,75000,0.6,1.0,0.189987,20.570061,0.352771,-0.118356,0.503812,2.742471
prioritized,1,1450,346093,0.05,,300,27.7,28.1,0.005733,75000,0.6,1.0,0.189616,20.570061,0.321349,-0.091095,0.471513,2.528556
prioritized,1,1451,346203,0.05,-1.0,110,28.85,131.85,0.005652,75000,0.6,1.0,0.190321,20.570061,0.346705,-0.068481,0.424421,2.071127
prioritized,1,1452,346503,0.05,,300,27.9,27.3,0.007275,75000,0.6,1.0,0.190852,20.570061,0.356391,-0.108007,0.550551,2.892136
prioritized,1,1453,346803,0.05,,300,26.1,28.1,0.006068,75000,0.6,1.0,0.188128,20.570061,0.311797,-0.08831,0.491246,2.591784
prioritized,1,1454,347103,0.05,,300,23.1,25.5,0.006636,75000,0.6,1.0,0.189197,20.570061,0.320439,-0.108653,0.487664,2.530339
prioritized,1,1455,347317,0.05,-1.0,214,26.33,131.33,0.005959,75000,0.6,1.0,0.1905,20.570061,0.333795,-0.084535,0.487539,2.320824
prioritized,1,1456,347617,0.05,,300,23.1,23.1,0.006413,75000,0.6,1.0,0.191167,20.570061,0.358094,-0.181554,0.561486,2.745804
prioritized,1,1457,347917,0.05,,300,25.5,25.3,0.0057,75000,0.6,1.0,0.188485,20.570061,0.319832,-0.135525,0.490647,2.342239
prioritized,1,1458,348217,0.05,,300,26.3,25.7,0.007065,75000,0.6,1.0,0.189205,20.570061,0.319955,-0.090695,0.494263,2.409616
prioritized,1,1459,348517,0.05,,300,25.3,27.7,0.005239,75000,0.6,1.0,0.187071,20.570061,0.315512,-0.046759,0.444663,2.121848
prioritized,1,1460,348817,0.05,,300,25.5,25.7,0.005418,75000,0.6,1.0,0.1866,20.570061,0.338174,-0.04417,0.4112,2.025898
prioritized,1,1461,349117,0.05,,300,25.1,27.7,0.006717,75000,0.6,1.0,0.187864,20.570061,0.319375,-0.061077,0.448628,2.009537
prioritized,1,1462,349346,0.05,1.0,229,131.25,24.26,0.006827,75000,0.6,1.0,0.188786,20.570061,0.321468,-0.078475,0.439354,1.977266
prioritized,1,1463,349618,0.05,-1.0,272,25.64,131.04,0.007871,75000,0.6,1.0,0.189514,20.570061,0.334479,-0.202809,0.596496,3.647298
prioritized,1,1464,349918,0.05,,300,27.7,22.9,0.006326,75000,0.6,1.0,0.187357,20.570061,0.315036,-0.226641,0.603279,3.561865
prioritized,1,1465,350218,0.05,,300,25.5,25.5,0.006719,75000,0.6,1.0,0.189258,20.570061,0.316284,-0.142999,0.51624,2.690713
prioritized,1,1466,350518,0.05,,300,25.3,25.3,0.006492,75000,0.6,1.0,0.189477,20.570061,0.346767,-0.09721,0.51063,2.6315
prioritized,1,1467,350618,0.05,-1.0,100,26.7,131.9,0.007191,75000,0.6,1.0,0.189623,20.570061,0.345841,-0.102834,0.475635,2.351138
prioritized,1,1468,350918,0.05,,300,22.9,28.7,0.007248,75000,0.6,1.0,0.189989,20.570061,0.30821,-0.13816,0.460721,2.171748
prioritized,1,1469,351218,0.05,,300,22.9,25.5,0.007504,75000,0.6,1.0,0.191427,20.570061,0.292051,-0.090155,0.519117,2.413308
prioritized,1,1470,351329,0.05,1.0,111,131.84,22.05,0.007851,75000,0.6,1.0,0.193535,20.570061,0.353265,-0.124476,0.524537,2.372993
prioritized,1,1471,351629,0.05,,300,23.3,23.1,0.007099,75000,0.6,1.0,0.193699,20.570061,0.352841,-0.148024,0.53348,2.563901
prioritized,1,1472,351929,0.05,,300,22.9,23.1,0.0063,75000,0.6,1.0,0.192268,20.570061,0.345486,-0.119748,0.488976,2.198138
prioritized,1,1473,352229,0.05,,300,25.3,25.1,0.006103,75000,0.6,1.0,0.194321,20.570061,0.371736,-0.073018,0.462536,2.019667
prioritized,1,1474,352529,0.05,,300,25.9,24.7,0.007207,75000,0.6,1.0,0.192136,20.570061,0.33052,-0.076014,0.460496,1.907453
prioritized,1,1475,352829,0.05,,300,25.5,27.7,0.007967,75000,0.6,1.0,0.190925,20.570061,0.319422,-0.067608,0.47166,1.874444
prioritized,1,1476,353129,0.05,,300,24.3,26.5,0.007841,75000,0.6,1.0,0.192048,20.570061,0.330201,-0.040604,0.451372,1.785936
prioritized,1,1477,353429,0.05,,300,25.5,24.7,0.006737,75000,0.6,1.0,0.190765,20.570061,0.294275,-0.012557,0.442166,1.716462
prioritized,1,1478,353729,0.05,,300,23.3,25.5,0.007593,75000,0.6,1.0,0.191759,20.570061,0.337928,-0.106507,0.485321,1.9368
prioritized,1,1479,354029,0.05,,300,24.3,27.9,0.005925,75000,0.6,1.0,0.191166,20.570061,0.309831,-0.069216,0.421633,1.558531
prioritized,1,1480,354329,0.05,,300,27.9,22.5,0.006489,75000,0.6,1.0,0.189754,20.570061,0.299017,-0.042921,0.430156,1.665186
prioritized,1,1481,354566,0.05,1.0,237,131.21,23.22,0.006328,75000,0.6,1.0,0.189533,20.570061,0.308357,-0.044251,0.399556,1.473525
prioritized,1,1482,354866,0.05,,300,28.7,22.3,0.005725,75000,0.6,1.0,0.189464,20.570061,0.333423,-0.092789,0.470533,2.658804
prioritized,1,1483,355013,0.05,1.0,147,131.66,26.27,0.004758,75000,0.6,1.0,0.188624,20.570061,0.281073,-0.084288,0.410042,2.130221
prioritized,1,1484,355313,0.05,,300,25.3,25.5,0.007291,75000,0.6,1.0,0.191906,20.570061,0.324476,-0.046944,0.513178,2.678842
prioritized,1,1485,355613,0.05,,300,27.7,27.7,0.006227,75000,0.6,1.0,0.19053,20.570061,0.318532,-0.020563,0.454662,2.016786
prioritized,1,1486,355794,0.05,1.0,181,131.49,23.9,0.004962,75000,0.6,1.0,0.188451,20.570061,0.287292,-0.012652,0.38963,1.681991
prioritized,1,1487,356094,0.05,,300,27.9,27.7,0.006958,75000,0.6,1.0,0.192911,20.570061,0.334469,-0.065486,0.494405,2.603091
prioritized,1,1488,356394,0.05,,300,27.5,25.3,0.006893,75000,0.6,1.0,0.192161,20.570061,0.338068,-0.035999,0.484501,2.281068
prioritized,1,1489,356694,0.05,,300,27.1,24.1,0.009206,75000,0.6,1.0,0.19527,20.570061,0.32543,-0.047395,0.514584,2.196491
prioritized,1,1490,356865,0.05,1.0,171,131.54,24.55,0.006813,75000,0.6,1.0,0.195331,20.570061,0.347479,0.005069,0.529447,2.033899
prioritized,1,1491,357165,0.05,,300,27.7,27.9,0.008824,75000,0.6,1.0,0.197095,20.570061,0.340046,0.002983,0.568326,2.407935
prioritized,1,1492,357465,0.05,,300,24.7,28.1,0.00741,75000,0.6,1.0,0.195787,20.570061,0.341066,-0.023312,0.571681,2.61233
prioritized,1,1493,357765,0.05,,300,25.3,25.5,0.007077,75000,0.6,1.0,0.193926,20.570061,0.32722,-0.032247,0.536023,2.424602
prioritized,1,1494,358065,0.05,,300,27.3,25.3,0.006949,75000,0.6,1.0,0.194332,20.570061,0.311689,-0.045334,0.485832,2.167356
prioritized,1,1495,358365,0.05,,300,22.7,25.3,0.007377,75000,0.6,1.0,0.195867,20.570061,0.344623,-0.041795,0.513041,2.203681
prioritized,1,1496,358665,0.05,,300,25.5,25.5,0.007828,75000,0.6,1.0,0.19597,20.570061,0.335438,-0.022585,0.499428,2.157192
prioritized,1,1497,358803,0.05,-1.0,138,26.11,131.71,0.00714,75000,0.6,1.0,0.196258,20.570061,0.359112,-0.026948,0.509263,1.971069
prioritized,1,1498,359103,0.05,,300,25.3,27.9,0.007759,75000,0.6,1.0,0.196506,20.570061,0.355393,-0.048405,0.531714,2.208583
prioritized,1,1499,359403,0.05,,300,27.9,25.7,0.008231,75000,0.6,1.0,0.195996,20.570061,0.328988,-0.076071,0.504453,1.983839
prioritized,1,1500,359703,0.05,,300,25.3,25.5,0.007203,75000,0.6,1.0,0.193591,20.570061,0.304806,-0.058714,0.468261,1.946601
prioritized,2,1,300,0.9905,,300,5.7,12.9,1.864689,300,0.6,0.404,1.122851,6.025778,1.002863,-3.473086,5.053751,5.488738
prioritized,2,2,600,0.981,,300,7.3,5.5,0.777288,600,0.6,0.408,0.982051,4.349902,0.784082,-0.632215,2.817407,3.759357
prioritized,2,3,900,0.9715,,300,4.9,5.5,0.611905,900,0.6,0.412,0.838541,6.201308,0.720517,-0.415119,2.2999,3.122357
prioritized,2,4,1200,0.962,,300,10.9,7.1,1.169375,1200,0.6,0.416,1.497017,6.201308,1.093311,0.43783,3.671844,4.567953
prioritized,2,5,1500,0.9525,,300,8.5,10.3,1.312485,1500,0.6,0.42,1.3687,6.201308,1.024793,0.161968,3.998352,4.781482
prioritized,2,6,1800,0.943,,300,10.1,4.5,1.061782,1800,0.6,0.424,1.175853,6.201308,0.926835,0.139217,3.380142,4.129679
prioritized,2,7,2100,0.9335,,300,8.7,16.9,0.832991,2100,0.6,0.428,0.993068,6.201308,0.765918,-0.207247,2.867346,3.716056
prioritized,2,8,2400,0.924,,300,2.9,7.7,0.466023,2400,0.6,0.432,0.827616,6.201308,0.607887,-0.265053,1.776035,2.21822
prioritized,2,9,2700,0.9145,,300,6.3,8.9,0.327186,2700,0.6,0.436,0.711718,6.201308,0.55583,-0.114457,1.377759,1.757414
prioritized,2,10,3000,0.905,,300,10.7,6.9,0.245212,3000,0.6,0.44,0.596365,6.201308,0.491466,-0.13407,1.135806,1.551557
prioritized,2,11,3300,0.8955,,300,9.5,11.1,0.307781,3300,0.6,0.444,0.683241,6.201308,0.51051,0.159321,1.283632,1.606655
prioritized,2,12,3600,0.886,,300,10.7,9.5,0.192692,3600,0.6,0.448,0.601918,6.201308,0.453325,0.014344,0.966272,1.21388
prioritized,2,13,3900,0.8765,,300,8.3,11.7,0.136656,3900,0.6,0.452,0.51722,6.201308,0.40822,-0.002967,0.768402,0.999368
prioritized,2,14,4200,0.867,,300,17.1,17.9,0.13965,4200,0.6,0.456,0.494566,6.201308,0.353921,-0.159079,0.749037,0.965272
prioritized,2,15,4500,0.8575,,300,13.1,10.9,0.070297,4500,0.6,0.46,0.429514,6.201308,0.321354,-0.046427,0.521811,0.653965
prioritized,2,16,4800,0.848,,300,10.3,8.1,0.043911,4800,0.6,0.464,0.382161,6.201308,0.303037,-0.017859,0.407548,0.511285
prioritized,2,17,5100,0.8385,,300,13.1,7.7,0.070622,5100,0.6,0.468,0.48147,6.201308,0.400681,0.088869,0.488126,0.655105
prioritized,2,18,5400,0.829,,300,11.7,9.1,0.07642,5400,0.6,0.472,0.436211,6.201308,0.313646,0.041305,0.571698,0.714613
prioritized,2,19,5700,0.8195,,300,10.7,9.1,0.049482,5700,0.6,0.476,0.390248,6.201308,0.300122,0.009582,0.448667,0.580585
prioritized,2,20,6000,0.81,,300,11.5,11.1,0.037226,6000,0.6,0.48,0.350795,6.201308,0.298031,-0.000504,0.378709,0.501888
prioritized,2,21,6300,0.8005,,300,17.7,16.7,0.060578,6300,0.6,0.484,0.365442,6.201308,0.312768,-0.104748,0.47487,0.629001
prioritized,2,22,6600,0.791,,300,11.7,11.9,0.02801,6600,0.6,0.488,0.314048,6.201308,0.251016,-0.017576,0.333032,0.446147
prioritized,2,23,6900,0.7815,,300,19.1,15.5,0.019523,6900,0.6,0.492,0.272858,6.201308,0.229587,-0.007653,0.272659,0.373225
prioritized,2,24,7200,0.772,,300,20.1,17.5,0.038464,7200,0.6,0.496,0.331844,6.201308,0.308165,0.040759,0.378185,0.519066
prioritized,2,25,7500,0.7625,,300,13.1,23.9,0.026729,7500,0.6,0.5,0.305832,6.201308,0.276239,0.013141,0.332076,0.44731
prioritized,2,26,7800,0.753,,300,12.3,17.3,0.019289,7800,0.6,0.504,0.275002,6.201308,0.264678,0.004687,0.276914,0.381367
prioritized,2,27,8100,0.7435,,300,13.3,22.5,0.024806,8100,0.6,0.508,0.291988,6.201308,0.287076,-0.035585,0.298439,0.433575
prioritized,2,28,8400,0.734,,300,15.7,20.5,0.020105,8400,0.6,0.512,0.259148,6.201308,0.260896,-0.01926,0.276694,0.390697
prioritized,2,29,8700,0.7245,,300,19.3,15.1,0.01367,8700,0.6,0.516,0.225224,6.201308,0.196496,-0.008196,0.227471,0.342466
prioritized,2,30,9000,0.715,,300,18.1,15.3,0.011012,9000,0.6,0.52,0.204965,6.201308,0.201273,-0.017556,0.202756,0.360679
prioritized,2,31,9300,0.7055,,300,15.3,20.5,0.026107,9300,0.6,0.524,0.258866,6.201308,0.251482,0.030282,0.325393,0.457472
prioritized,2,32,9600,0.696,,300,19.5,17.3,0.015221,9600,0.6,0.528,0.233535,6.201308,0.196013,-0.004946,0.248741,0.37252
prioritized,2,33,9900,0.6865,,300,24.3,18.1,0.010855,9900,0.6,0.532,0.210343,6.201308,0.207738,0.004166,0.204394,0.320348
prioritized,2,34,10200,0.677,,300,23.3,19.9,0.018397,10200,0.6,0.536,0.239552,6.201308,0.251525,-0.030495,0.261786,0.390189
prioritized,2,35,10500,0.6675,,300,22.7,16.9,0.012663,10500,0.6,0.54,0.217576,6.201308,0.240953,-0.013094,0.220234,0.338806
prioritized,2,36,10800,0.658,,300,19.7,22.9,0.009762,10800,0.6,0.544,0.195604,6.201308,0.189415,-0.015633,0.197779,0.324312
prioritized,2,37,11100,0.6485,,300,23.7,22.5,0.013436,11100,0.6,0.548,0.227278,6.201308,0.251929,0.013479,0.220372,0.341027
prioritized,2,38,11400,0.639,,300,20.5,16.5,0.013607,11400,0.6,0.552,0.219933,6.201308,0.22903,-0.00288,0.244646,0.366986
prioritized,2,39,11700,0.6295,,300,23.9,21.3,0.010781,11700,0.6,0.556,0.205703,6.201308,0.225504,-0.006182,0.213899,0.349639
prioritized,2,40,12000,0.62,,300,25.1,15.1,0.008983,12000,0.6,0.56,0.189131,6.201308,0.217309,-0.016609,0.192777,0.344874
prioritized,2,41,12300,0.6105,,300,20.5,25.5,0.01634,12300,0.6,0.564,0.215771,6.201308,0.230738,-0.036427,0.26205,0.405155
prioritized,2,42,12600,0.601,,300,23.7,28.3,0.009479,12600,0.6,0.568,0.196581,6.201308,0.21535,-0.014546,0.195622,0.31264
prioritized,2,43,12900,0.5915,,300,23.7,22.9,0.008119,12900,0.6,0.572,0.181882,6.201308,0.209753,-0.016025,0.181365,0.331737
prioritized,2,44,13200,0.582,,300,25.3,21.3,0.013818,13200,0.6,0.576,0.217415,6.201308,0.259616,0.009345,0.239424,0.36232
prioritized,2,45,13500,0.5725,,300,25.5,26.1,0.01067,13500,0.6,0.58,0.205472,6.201308,0.231683,-0.001794,0.217562,0.336886
prioritized,2,46,13800,0.563,,300,19.1,23.7,0.007847,13800,0.6,0.584,0.1893,6.201308,0.226634,-0.001546,0.183044,0.28988
prioritized,2,47,14100,0.5535,,300,18.9,23.1,0.011111,14100,0.6,0.588,0.210619,6.201308,0.241742,-0.026984,0.215894,0.354647
prioritized,2,48,14390,0.544317,-1.0,290,25.55,130.95,0.010634,14390,0.6,0.591867,0.204368,6.201308,0.213207,-0.022421,0.219723,0.344567
prioritized,2,49,14690,0.534817,,300,16.9,16.5,0.022494,14690,0.6,0.595867,0.188226,15.926521,0.244855,0.541852,0.746323,7.449522
prioritized,2,50,14990,0.525317,,300,18.5,27.7,0.02109,14990,0.6,0.599867,0.180887,15.926521,0.325211,0.526352,0.71903,7.304348
prioritized,2,51,15290,0.515817,,300,20.1,24.9,0.023898,15290,0.6,0.603867,0.210212,15.926521,0.28524,0.445566,0.697881,6.527514
prioritized,2,52,15524,0.508407,-1.0,234,22.83,131.23,0.020547,15524,0.6,0.606987,0.205619,15.926521,0.330594,0.461743,0.683916,6.715491
prioritized,2,53,15824,0.498907,,300,23.3,25.3,0.032057,15824,0.6,0.610987,0.195916,15.926521,0.344063,0.997029,1.208067,9.863265
prioritized,2,54,16116,0.48966,-1.0,292,25.14,130.94,0.031996,16116,0.6,0.61488,0.213963,15.926521,0.354943,0.942362,1.187458,9.595895
prioritized,2,55,16397,0.480762,1.0,281,130.99,25.0,0.039058,16397,0.6,0.618627,0.209918,15.945127,0.386593,1.263348,1.508605,11.097953
prioritized,2,56,16697,0.471262,,300,22.9,23.1,0.044495,16697,0.6,0.622627,0.195811,15.947579,0.33558,1.61644,1.839359,12.521771
prioritized,2,57,16997,0.461762,,300,24.3,23.5,0.046899,16997,0.6,0.626627,0.185054,15.947579,0.328201,1.788489,1.987064,13.047784
prioritized,2,58,17297,0.452262,,300,24.7,26.1,0.044192,17297,0.6,0.630627,0.214336,15.947579,0.360864,1.53474,1.801908,11.975838
prioritized,2,59,17514,0.44539,1.0,217,131.31,25.72,0.046578,17514,0.6,0.63352,0.208979,15.947579,0.373722,1.706967,1.942827,12.541283
prioritized,2,60,17814,0.43589,,300,26.1,20.9,0.048524,17814,0.6,0.63752,0.201381,15.947579,0.417921,2.010149,2.222969,13.583315
prioritized,2,61,18019,0.429398,1.0,205,131.37,25.38,0.042909,18019,0.6,0.640253,0.202773,15.947579,0.368009,1.732902,1.969441,12.611441
prioritized,2,62,18281,0.421102,-1.0,262,26.09,131.09,0.056515,18281,0.6,0.643747,0.213495,15.947579,0.385541,2.189641,2.5028,14.301571
prioritized,2,63,18576,0.41176,1.0,295,130.92,26.33,0.058643,18576,0.6,0.64768,0.209253,15.964849,0.413988,2.309015,2.594969,14.689645
prioritized,2,64,18827,0.403812,1.0,251,131.14,26.75,0.064283,18827,0.6,0.651027,0.201674,15.964849,0.404914,2.804492,3.075781,16.047785
prioritized,2,65,19036,0.397193,1.0,209,131.35,26.36,0.064269,19036,0.6,0.653813,0.211126,16.042292,0.440627,3.025442,3.295231,16.638683
prioritized,2,66,19327,0.387978,1.0,291,130.94,26.55,0.076677,19327,0.6,0.657693,0.226294,16.042292,0.426732,3.342244,3.720399,17.465553
prioritized,2,67,19539,0.381265,-1.0,212,24.14,131.34,0.073875,19539,0.6,0.66052,0.224507,16.042292,0.46105,3.131226,3.513951,16.956779
prioritized,2,68,19802,0.372937,1.0,263,131.08,23.49,0.081067,19802,0.6,0.664027,0.219591,16.042292,0.478985,3.693135,4.008529,18.199659
prioritized,2,69,20102,0.363437,,300,27.5,26.3,0.084234,20102,0.6,0.668027,0.235656,16.047089,0.46518,3.965748,4.391113,19.040834
prioritized,2,70,20402,0.353937,,300,24.3,26.5,0.08151,20402,0.6,0.672027,0.247052,16.047089,0.516117,3.096809,3.695443,16.999634
prioritized,2,71,20702,0.344437,,300,25.9,28.3,0.076574,20702,0.6,0.676027,0.235514,16.047089,0.438691,3.034877,3.628767,16.854959
prioritized,2,72,20972,0.335887,-1.0,270,23.85,131.05,0.07577,20972,0.6,0.679627,0.23299,16.158312,0.481217,3.090152,3.59416,16.709326
prioritized,2,73,21222,0.32797,-1.0,250,28.95,131.15,0.079704,21222,0.6,0.68296,0.256608,16.159502,0.516866,3.082722,3.757357,16.882967
prioritized,2,74,21503,0.319072,1.0,281,130.99,26.2,0.076791,21503,0.6,0.686707,0.255789,16.159502,0.523908,2.852135,3.581395,16.343904
prioritized,2,75,21720,0.3122,1.0,217,131.31,26.32,0.079607,21720,0.6,0.6896,0.251482,16.159502,0.489609,3.185394,4.00117,17.445784
prioritized,2,76,21919,0.305898,1.0,199,131.4,26.21,0.087205,21919,0.6,0.692253,0.251216,16.159502,0.517698,3.569088,4.266191,18.056536
prioritized,2,77,22186,0.297443,1.0,267,131.06,26.07,0.094712,22186,0.6,0.695813,0.270862,16.159502,0.530242,3.39135,4.287067,17.886854
prioritized,2,78,22454,0.288957,-1.0,268,20.86,131.06,0.094617,22454,0.6,0.699387,0.274754,16.159502,0.559378,3.348786,4.38105,17.984568
prioritized,2,79,22661,0.282402,1.0,207,131.36,26.77,0.085108,22661,0.6,0.702147,0.270544,16.159502,0.56305,3.520736,4.404231,18.103456
prioritized,2,80,22961,0.272902,,300,25.9,23.7,0.08528,22961,0.6,0.706147,0.262431,16.159502,0.510156,3.497039,4.329249,17.933928
prioritized,2,81,23261,0.263402,,300,23.3,26.5,0.093477,23261,0.6,0.710147,0.283867,16.159502,0.553534,3.158308,4.269219,17.27994
prioritized,2,82,23561,0.253902,,300,28.3,28.1,0.087048,23561,0.6,0.714147,0.283248,16.159502,0.547608,3.1452,4.20929,16.967909
prioritized,2,83,23785,0.246808,-1.0,224,21.68,131.28,0.074994,23785,0.6,0.717133,0.280979,16.159502,0.566017,2.723312,3.674535,15.721732
prioritized,2,84,23979,0.240665,-1.0,194,23.83,131.43,0.082109,23979,0.6,0.71972,0.276319,16.159502,0.539316,2.988233,3.886046,16.230556
prioritized,2,85,24279,0.231165,,300,26.5,18.9,0.087787,24279,0.6,0.72372,0.294665,16.159502,0.54285,2.781034,4.102429,16.47933
prioritized,2,86,24579,0.221665,,300,27.9,25.5,0.077261,24579,0.6,0.72772,0.292789,16.159502,0.558261,2.379724,3.611478,15.197248
prioritized,2,87,24836,0.213527,1.0,257,131.11,26.72,0.077428,24836,0.6,0.731147,0.289092,16.159502,0.559532,2.395257,3.620122,14.956461
prioritized,2,88,25136,0.204027,,300,25.5,25.1,0.077983,25136,0.6,0.735147,0.296393,16.159502,0.538765,2.349113,3.628657,14.996851
prioritized,2,89,25436,0.194527,,300,24.3,26.5,0.079988,25436,0.6,0.739147,0.301188,16.159502,0.571837,2.174203,3.625693,14.570431
prioritized,2,90,25736,0.185027,,300,23.5,25.1,0.072839,25736,0.6,0.743147,0.295649,16.159502,0.532538,1.910294,3.29274,13.639592
prioritized,2,91,26036,0.175527,,300,27.9,20.5,0.06636,26036,0.6,0.747147,0.29927,16.159502,0.535939,1.669376,2.992022,12.77615
prioritized,2,92,26336,0.166027,,300,24.1,20.7,0.071801,26336,0.6,0.751147,0.309118,16.159502,0.543633,1.505981,3.155381,12.918302
prioritized,2,93,26619,0.157065,1.0,283,130.98,23.99,0.067395,26619,0.6,0.75492,0.30766,16.159502,0.515043,1.422235,3.110559,12.650975
prioritized,2,94,26872,0.149053,1.0,253,131.13,26.54,0.069162,26872,0.6,0.758293,0.302955,16.159502,0.517914,1.379931,2.933237,12.240129
prioritized,2,95,27119,0.141232,1.0,247,131.16,26.77,0.071442,27119,0.6,0.761587,0.311164,16.159502,0.547635,1.538262,3.193619,13.076496
prioritized,2,96,27349,0.133948,-1.0,230,22.45,131.25,0.072878,27349,0.6,0.764653,0.316636,16.276478,0.566967,1.365828,3.178603,13.039937
prioritized,2,97,27649,0.124448,,300,26.5,22.3,0.073125,27649,0.6,0.768653,0.313887,16.276478,0.54444,1.715581,3.385568,13.866708
prioritized,2,98,27949,0.114948,,300,26.1,20.3,0.058869,27949,0.6,0.772653,0.313789,16.276478,0.565988,1.213349,2.965489,12.628752
prioritized,2,99,28193,0.107222,-1.0,244,21.78,131.18,0.069477,28193,0.6,0.775907,0.322145,16.276478,0.553484,1.143737,3.23201,13.302705
prioritized,2,100,28493,0.097722,,300,23.7,26.3,0.067883,28493,0.6,0.779907,0.322809,16.276478,0.560801,0.902456,3.164382,13.017304
prioritized,2,101,28793,0.088222,,300,23.5,19.1,0.063336,28793,0.6,0.783907,0.320004,16.276478,0.551351,0.960866,2.960574,12.565402
prioritized,2,102,29093,0.078722,,300,26.5,23.3,0.06562,29093,0.6,0.787907,0.32312,16.276478,0.557943,0.933468,3.116166,12.86917
prioritized,2,103,29393,0.069222,,300,28.7,23.1,0.064908,29393,0.6,0.791907,0.326003,16.276478,0.567346,0.917748,3.106858,12.805339
prioritized,2,104,29693,0.059722,,300,25.3,28.5,0.063531,29693,0.6,0.795907,0.320737,16.276478,0.521003,0.726099,2.923107,12.167192
prioritized,2,105,29993,0.050222,,300,20.1,26.5,0.057384,29993,0.6,0.799907,0.320819,16.276478,0.563828,0.677993,2.745353,11.758758
prioritized,2,106,30244,0.05,1.0,251,131.14,22.35,0.060408,30244,0.6,0.803253,0.328033,16.276478,0.569993,0.448148,2.797882,11.697141
prioritized,2,107,30419,0.05,1.0,175,131.52,24.93,0.053443,30419,0.6,0.805587,0.327092,16.276478,0.565072,0.518722,2.917976,12.189779
prioritized,2,108,30575,0.05,-1.0,156,24.22,131.62,0.057299,30575,0.6,0.807667,0.32408,16.276478,0.549286,0.525469,2.905279,12.086976
prioritized,2,109,30844,0.05,1.0,269,131.05,28.46,0.055626,30844,0.6,0.811253,0.31936,16.276478,0.53145,0.860275,3.095457,13.041206
prioritized,2,110,31144,0.05,,300,26.5,20.7,0.060134,31144,0.6,0.815253,0.329663,16.276478,0.565199,0.687784,2.963828,12.548679
prioritized,2,111,31375,0.05,1.0,231,131.24,24.45,0.058371,31375,0.6,0.818333,0.3319,16.276478,0.574765,0.894192,2.927759,12.506508
prioritized,2,112,31675,0.05,,300,26.5,22.5,0.054902,31675,0.6,0.822333,0.328801,16.276478,0.564348,0.796876,2.939317,12.600266
prioritized,2,113,31824,0.05,1.0,149,131.65,26.26,0.054116,31824,0.6,0.82432,0.325526,16.276478,0.54134,0.959443,3.014838,12.837625
prioritized,2,114,32074,0.05,-1.0,250,21.15,131.15,0.057988,32074,0.6,0.827653,0.330278,16.276478,0.587756,0.958131,3.212254,13.374609
prioritized,2,115,32294,0.05,-1.0,220,24.3,131.3,0.061839,32294,0.6,0.830587,0.336425,16.276478,0.591641,0.525839,3.312429,13.579126
prioritized,2,116,32411,0.05,1.0,117,131.81,18.62,0.070147,32411,0.6,0.832147,0.337266,16.276478,0.607136,0.750403,3.690878,14.452446
prioritized,2,117,32711,0.05,,300,20.9,24.1,0.062629,32711,0.6,0.836147,0.333634,16.276478,0.58465,0.713829,3.530588,14.218055
prioritized,2,118,33011,0.05,,300,24.3,26.5,0.058303,33011,0.6,0.840147,0.331931,16.276478,0.573089,0.61816,3.384998,13.751073
prioritized,2,119,33311,0.05,,300,24.1,20.9,0.058502,33311,0.6,0.844147,0.338183,16.276478,0.590876,0.677346,3.332845,13.67343
prioritized,2,120,33611,0.05,,300,22.1,26.5,0.054385,33611,0.6,0.848147,0.334109,16.276478,0.553339,0.549588,3.145204,13.102785
prioritized,2,121,33911,0.05,,300,23.1,25.5,0.052215,33911,0.6,0.852147,0.333394,16.276478,0.583335,0.482485,3.015513,12.638056
prioritized,2,122,34112,0.05,1.0,201,131.39,24.4,0.053999,34112,0.6,0.854827,0.335292,16.276478,0.566504,0.460833,3.111282,12.81937
prioritized,2,123,34356,0.05,-1.0,244,26.78,131.18,0.0482,34356,0.6,0.85808,0.338754,16.276478,0.603367,0.269043,2.884937,12.053651
prioritized,2,124,34656,0.05,,300,23.5,24.3,0.051917,34656,0.6,0.86208,0.335173,16.276478,0.555826,0.458722,3.157513,12.894685
prioritized,2,125,34956,0.05,,300,23.7,23.5,0.050226,34956,0.6,0.86608,0.333664,16.276478,0.554507,0.369515,3.098414,12.70725
prioritized,2,126,35115,0.05,1.0,159,131.6,18.21,0.053648,35115,0.6,0.8682,0.339661,16.276478,0.586107,0.211679,3.246671,12.875824
prioritized,2,127,35415,0.05,,300,22.5,26.5,0.054058,35415,0.6,0.8722,0.341469,16.276478,0.587513,0.149361,3.195607,12.9878
prioritized,2,128,35631,0.05,-1.0,216,22.92,131.32,0.047688,35631,0.6,0.87508,0.340046,16.276478,0.567665,0.281799,3.010969,12.454288
prioritized,2,129,35931,0.05,,300,23.7,22.9,0.048169,35931,0.6,0.87908,0.339589,16.276478,0.578868,0.509894,3.149721,13.084722
prioritized,2,130,36116,0.05,1.0,185,131.47,21.08,0.054061,36116,0.6,0.881547,0.344313,16.276478,0.581163,0.375965,3.119145,12.983294
prioritized,2,131,36315,0.05,1.0,199,131.4,27.01,0.050733,36315,0.6,0.8842,0.351888,16.276478,0.601505,0.293893,3.068672,12.802094
prioritized,2,132,36615,0.05,,300,23.5,22.7,0.05614,36615,0.6,0.8882,0.351136,16.276478,0.602678,0.532456,3.470835,13.864551
prioritized,2,133,36896,0.05,1.0,281,130.99,21.6,0.053182,36896,0.6,0.891947,0.348185,16.276478,0.611051,0.421679,3.344425,13.350546
prioritized,2,134,37034,0.05,-1.0,138,17.71,131.71,0.051381,37034,0.6,0.893787,0.350194,16.276478,0.609722,0.409697,3.365145,13.512027
prioritized,2,135,37271,0.05,1.0,237,131.21,19.42,0.055241,37271,0.6,0.896947,0.356028,16.276478,0.622662,0.622629,3.648665,14.309419
prioritized,2,136,37382,0.05,1.0,111,131.84,21.65,0.059686,37382,0.6,0.898427,0.353645,16.276478,0.61372,0.37665,3.800325,14.712572
prioritized,2,137,37682,0.05,,300,26.3,21.3,0.049115,37682,0.6,0.902427,0.354869,16.276478,0.619818,0.510361,3.50611,13.969972
prioritized,2,138,37982,0.05,,300,26.5,24.3,0.052777,37982,0.6,0.906427,0.353763,16.276478,0.602226,0.255658,3.605197,14.006925
prioritized,2,139,38282,0.05,,300,21.1,26.1,0.054709,38282,0.6,0.910427,0.355709,16.276478,0.611091,0.516705,3.496515,13.830201
prioritized,2,140,38582,0.05,,300,26.1,23.3,0.049435,38582,0.6,0.914427,0.352861,16.276478,0.576749,0.393772,3.477742,13.629851
prioritized,2,141,38882,0.05,,300,25.9,24.3,0.043785,38882,0.6,0.918427,0.350592,16.276478,0.593262,0.366763,3.297745,13.238333
prioritized,2,142,39182,0.05,,300,26.5,23.5,0.050053,39182,0.6,0.922427,0.351579,16.276478,0.602679,0.39613,3.415542,13.538516
prioritized,2,143,39482,0.05,,300,26.5,20.7,0.047524,39482,0.6,0.926427,0.353504,16.276478,0.605544,0.309932,3.370376,13.337526
prioritized,2,144,39782,0.05,,300,26.5,25.9,0.044983,39782,0.6,0.930427,0.349403,16.276478,0.588162,0.107144,3.277497,12.926085
prioritized,2,145,40082,0.05,,300,22.5,26.5,0.044804,40082,0.6,0.934427,0.349088,16.276478,0.569181,0.00686,3.253483,12.743938
prioritized,2,146,40304,0.05,-1.0,222,23.89,131.29,0.041169,40304,0.6,0.937387,0.349374,16.276478,0.582111,0.25897,3.003534,12.389498
prioritized,2,147,40604,0.05,,300,23.5,26.1,0.044161,40604,0.6,0.941387,0.351936,16.276478,0.600517,0.415942,3.170964,12.788769
prioritized,2,148,40726,0.05,-1.0,122,27.39,131.79,0.038371,40726,0.6,0.943013,0.351085,16.276478,0.600599,0.221813,3.183653,13.046638
prioritized,2,149,40936,0.05,-1.0,210,26.95,131.35,0.04025,40936,0.6,0.945813,0.34892,16.276478,0.593853,0.38185,3.201338,12.854178
prioritized,2,150,41130,0.05,-1.0,194,21.63,131.43,0.041438,41130,0.6,0.9484,0.35061,16.276478,0.603879,0.110041,3.223197,12.925392
prioritized,2,151,41311,0.05,1.0,181,131.49,26.3,0.042246,41311,0.6,0.950813,0.352774,16.276478,0.603412,0.126195,3.296775,12.935902
prioritized,2,152,41499,0.05,-1.0,188,26.26,131.46,0.040542,41499,0.6,0.95332,0.353027,16.276478,0.614587,0.056165,3.366573,13.025809
prioritized,2,153,41713,0.05,-1.0,214,23.93,131.33,0.041098,41713,0.6,0.956173,0.349217,16.276478,0.612049,0.115173,3.488925,13.366612
prioritized,2,154,41963,0.05,-1.0,250,23.75,131.15,0.041459,41963,0.6,0.959507,0.34717,16.276478,0.601377,0.116816,3.701023,13.796971
prioritized,2,155,42224,0.05,1.0,261,131.09,26.7,0.038942,42224,0.6,0.962987,0.352013,16.276478,0.609072,0.038557,3.588001,13.596707
prioritized,2,156,42369,0.05,1.0,145,131.67,23.28,0.042611,42369,0.6,0.96492,0.354355,16.276478,0.629102,0.057776,3.457944,13.131222
prioritized,2,157,42567,0.05,-1.0,198,27.01,131.41,0.042663,42567,0.6,0.96756,0.355257,16.276478,0.664111,0.149325,3.637746,13.756042
prioritized,2,158,42855,0.05,-1.0,288,28.76,130.96,0.037958,42855,0.6,0.9714,0.347855,16.276478,0.619079,0.195767,3.554366,13.576401
prioritized,2,159,43155,0.05,,300,26.5,26.1,0.042639,43155,0.6,0.9754,0.353108,16.276478,0.630278,0.023583,3.945234,14.452242
prioritized,2,160,43396,0.05,1.0,241,131.19,26.0,0.040648,43396,0.6,0.978613,0.35492,16.276478,0.618853,-0.156115,3.895669,14.090793
prioritized,2,161,43655,0.05,1.0,259,131.1,24.11,0.038807,43655,0.6,0.982067,0.356161,16.276478,0.646987,-0.246942,3.908291,14.166997
prioritized,2,162,43955,0.05,,300,21.3,23.1,0.04157,43955,0.6,0.986067,0.355086,16.276478,0.641076,-0.338728,3.909261,14.328628
prioritized,2,163,44121,0.05,-1.0,166,28.77,131.57,0.037153,44121,0.6,0.98828,0.354647,16.276478,0.628733,0.041578,3.575874,13.751323
prioritized,2,164,44311,0.05,-1.0,190,24.45,131.45,0.039943,44311,0.6,0.990813,0.355115,16.276478,0.637198,0.105607,3.993507,14.592751
prioritized,2,165,44601,0.05,-1.0,290,20.75,130.95,0.040241,44601,0.6,0.99468,0.351932,16.276478,0.629259,0.289986,3.946997,14.638171
prioritized,2,166,44762,0.05,1.0,161,131.59,23.6,0.038215,44762,0.6,0.996827,0.351144,16.276478,0.644288,0.329877,3.730047,14.209612
prioritized,2,167,44989,0.05,1.0,227,131.26,29.07,0.036428,44989,0.6,0.999853,0.349373,16.276478,0.643331,0.241456,3.879578,14.492055
prioritized,2,168,45274,0.05,1.0,285,130.97,26.38,0.037797,45274,0.6,1.0,0.353174,16.276478,0.63356,-0.071849,3.971493,14.770926
prioritized,2,169,45505,0.05,1.0,231,131.24,24.65,0.040122,45505,0.6,1.0,0.354517,16.276478,0.622117,0.169602,4.255004,15.380981
prioritized,2,170,45654,0.05,1.0,149,131.65,26.86,0.038735,45654,0.6,1.0,0.354359,16.276478,0.631147,-0.179868,3.919846,14.537248
prioritized,2,171,45847,0.05,1.0,193,131.43,28.64,0.039729,45847,0.6,1.0,0.355766,16.276478,0.629293,-0.000831,3.889951,14.477597
prioritized,2,172,45982,0.05,1.0,135,131.72,19.93,0.039611,45982,0.6,1.0,0.357442,16.276478,0.665391,0.028125,3.952933,14.387254
prioritized,2,173,46184,0.05,-1.0,202,26.99,131.39,0.043597,46184,0.6,1.0,0.359454,16.276478,0.671542,-0.050266,4.467758,15.969935
prioritized,2,174,46349,0.05,1.0,165,131.57,23.58,0.041991,46349,0.6,1.0,0.357983,16.276478,0.658365,-0.12219,4.562535,16.188993
prioritized,2,175,46523,0.05,-1.0,174,26.93,131.53,0.042999,46523,0.6,1.0,0.35997,16.276478,0.68498,-0.200537,4.508345,16.089275
prioritized,2,176,46669,0.05,-1.0,146,29.47,131.67,0.040342,46669,0.6,1.0,0.358717,16.276478,0.671978,-0.148915,4.285507,15.343261
prioritized,2,177,46926,0.05,1.0,257,131.11,26.32,0.041423,46926,0.6,1.0,0.358368,16.276478,0.660253,-0.2195,4.428514,15.544187
prioritized,2,178,47215,0.05,1.0,289,130.95,26.36,0.041878,47215,0.6,1.0,0.359759,16.276478,0.663835,-0.438506,4.541987,15.883451
prioritized,2,179,47326,0.05,1.0,111,131.84,23.25,0.04303,47326,0.6,1.0,0.360286,16.276478,0.671075,-0.46449,4.583687,15.890491
prioritized,2,180,47473,0.05,1.0,147,131.66,27.07,0.041198,47473,0.6,1.0,0.35951,16.276478,0.671223,-0.45935,5.070288,16.865738
prioritized,2,181,47663,0.05,-1.0,190,24.05,131.45,0.044992,47663,0.6,1.0,0.360426,16.276478,0.694804,-0.450496,4.982418,16.772463
prioritized,2,182,47789,0.05,-1.0,126,26.17,131.77,0.049494,47789,0.6,1.0,0.359891,16.276478,0.679963,-0.719505,4.864227,16.330286
prioritized,2,183,47913,0.05,-1.0,124,22.98,131.78,0.043556,47913,0.6,1.0,0.356933,16.276478,0.662296,-0.941089,4.777868,16.329849
prioritized,2,184,48064,0.05,1.0,151,131.64,29.25,0.039811,48064,0.6,1.0,0.360018,16.276478,0.687218,-0.53814,4.909699,16.759481
prioritized,2,185,48364,0.05,,300,23.5,25.3,0.044829,48364,0.6,1.0,0.360798,16.276478,0.692092,-0.969092,4.97199,16.630777
prioritized,2,186,48613,0.05,1.0,249,131.15,26.16,0.045252,48613,0.6,1.0,0.357758,16.276478,0.661697,-1.111233,4.803382,16.282387
prioritized,2,187,48753,0.05,-1.0,140,23.9,131.7,0.04067,48753,0.6,1.0,0.358051,16.276478,0.672528,-1.330828,4.996747,16.670361
prioritized,2,188,48960,0.05,1.0,207,131.36,25.77,0.042556,48960,0.6,1.0,0.3583,16.276478,0.678322,-0.968829,4.931939,16.516905
prioritized,2,189,49260,0.05,,300,28.3,23.9,0.046377,49260,0.6,1.0,0.364678,16.276478,0.706982,-1.916916,5.449861,18.033014
prioritized,2,190,49560,0.05,,300,28.7,23.1,0.045328,49560,0.6,1.0,0.37014,16.276478,0.727221,-2.155708,5.403036,17.834425
prioritized,2,191,49702,0.05,-1.0,142,29.49,131.69,0.043469,49702,0.6,1.0,0.367396,16.276478,0.701544,-2.143787,4.898888,16.739731
prioritized,2,192,49883,0.05,1.0,181,131.49,24.3,0.04571,49883,0.6,1.0,0.365426,16.276478,0.684206,-1.985213,5.149229,17.429262
prioritized,2,193,50129,0.05,-1.0,246,21.77,131.17,0.050339,50129,0.6,1.0,0.36834,16.362089,0.713865,-2.292649,5.212348,17.795532
prioritized,2,194,50429,0.05,-1.0,300,26.3,130.9,0.047397,50429,0.6,1.0,0.3692,16.362089,0.725092,-2.831028,5.904663,19.30826
prioritized,2,195,50531,0.05,-1.0,102,21.69,131.89,0.047934,50531,0.6,1.0,0.369662,16.362089,0.731009,-2.504029,5.40686,18.022427
prioritized,2,196,50831,0.05,,300,25.9,26.3,0.043821,50831,0.6,1.0,0.370995,16.510136,0.744277,-2.801203,5.726095,18.71303
prioritized,2,197,51131,0.05,,300,23.9,28.7,0.047921,51131,0.6,1.0,0.369247,16.510136,0.731275,-2.7119,5.664967,18.738516
prioritized,2,198,51360,0.05,1.0,229,131.25,26.06,0.045482,51360,0.6,1.0,0.368044,16.510136,0.725362,-2.873911,5.662838,18.82888
prioritized,2,199,51530,0.05,-1.0,170,24.95,131.55,0.048154,51530,0.6,1.0,0.367432,16.510136,0.711104,-3.024698,6.012077,19.578581
prioritized,2,200,51652,0.05,-1.0,122,23.59,131.79,0.044159,51652,0.6,1.0,0.368569,16.510136,0.736261,-3.360481,5.673274,18.814892
prioritized,2,201,51844,0.05,-1.0,192,23.44,131.44,0.045123,51844,0.6,1.0,0.365567,16.510136,0.720118,-2.880832,5.610267,18.746265
prioritized,2,202,52143,0.05,1.0,299,130.9,23.71,0.048335,52143,0.6,1.0,0.369623,16.611673,0.739697,-3.319938,6.023019,19.548367
prioritized,2,203,52443,0.05,,300,22.1,24.9,0.051315,52443,0.6,1.0,0.378207,16.611673,0.764714,-3.478007,6.149531,19.775194
prioritized,2,204,52669,0.05,-1.0,226,26.47,131.27,0.052088,52669,0.6,1.0,0.377471,16.611673,0.762057,-3.546711,6.093552,19.414654
prioritized,2,205,52792,0.05,1.0,123,131.78,21.99,0.047324,52792,0.6,1.0,0.378019,16.611673,0.773512,-3.449691,6.14386,19.522932
prioritized,2,206,52929,0.05,1.0,137,131.71,26.92,0.053359,52929,0.6,1.0,0.375531,16.611673,0.748291,-3.936287,6.216744,19.770433
prioritized,2,207,53229,0.05,,300,26.5,23.5,0.052096,53229,0.6,1.0,0.374262,16.611673,0.738845,-3.735681,6.179542,19.817713
prioritized,2,208,53407,0.05,-1.0,178,26.31,131.51,0.048409,53407,0.6,1.0,0.375539,16.611673,0.754355,-3.66331,6.165864,19.941685
prioritized,2,209,53707,0.05,,300,24.9,23.7,0.045412,53707,0.6,1.0,0.373943,16.611673,0.7492,-3.920561,5.905835,19.342697
prioritized,2,210,53818,0.05,1.0,111,131.84,22.05,0.049311,53818,0.6,1.0,0.372194,16.611673,0.740212,-3.949615,6.191971,19.981022
prioritized,2,211,53967,0.05,1.0,149,131.65,26.06,0.041502,53967,0.6,1.0,0.371547,16.611673,0.746894,-3.605605,6.04935,19.50263
prioritized,2,212,54116,0.05,1.0,149,131.65,26.26,0.053184,54116,0.6,1.0,0.371759,16.743099,0.758673,-4.334953,6.667267,21.247536
prioritized,2,213,54231,0.05,1.0,115,131.82,23.43,0.051991,54231,0.6,1.0,0.369832,16.743099,0.747574,-4.889708,7.095426,22.176271
prioritized,2,214,54430,0.05,1.0,199,131.4,28.41,0.048214,54430,0.6,1.0,0.372276,16.768663,0.774712,-4.658027,6.708306,21.554461
prioritized,2,215,54563,0.05,1.0,133,131.73,24.54,0.051312,54563,0.6,1.0,0.370785,16.77363,0.753923,-4.802895,6.870449,21.747458
prioritized,2,216,54683,0.05,-1.0,120,25.2,131.8,0.05136,54683,0.6,1.0,0.370598,16.77363,0.752244,-4.862539,6.732504,21.515244
prioritized,2,217,54961,0.05,-1.0,278,27.81,131.01,0.052462,54961,0.6,1.0,0.372496,16.77363,0.763488,-4.476233,6.762661,21.558903
prioritized,2,218,55082,0.05,1.0,121,131.79,24.2,0.049373,55082,0.6,1.0,0.370671,16.77363,0.763174,-4.285452,6.548314,21.272638
prioritized,2,219,55195,0.05,1.0,113,131.83,19.64,0.053414,55195,0.6,1.0,0.371473,16.77363,0.772865,-4.309341,6.798629,21.82235
prioritized,2,220,55307,0.05,-1.0,112,26.44,131.84,0.052046,55307,0.6,1.0,0.369702,16.77363,0.764366,-4.516603,6.568237,21.046886
prioritized,2,221,55502,0.05,1.0,195,131.42,24.03,0.046518,55502,0.6,1.0,0.366862,16.77363,0.74263,-4.304012,6.658203,21.486488
prioritized,2,222,55725,0.05,1.0,223,131.28,25.89,0.048696,55725,0.6,1.0,0.369942,16.77363,0.773688,-4.558354,6.780518,21.457129
prioritized,2,223,55971,0.05,-1.0,246,26.17,131.17,0.045404,55971,0.6,1.0,0.368886,16.77363,0.761522,-4.125375,6.474399,20.928671
prioritized,2,224,56222,0.05,1.0,251,131.14,26.75,0.050853,56222,0.6,1.0,0.36898,16.77363,0.753708,-4.200056,6.882022,22.068491
prioritized,2,225,56474,0.05,-1.0,252,28.34,131.14,0.051807,56474,0.6,1.0,0.368946,16.77363,0.765689,-4.299213,6.947822,22.206064
prioritized,2,226,56666,0.05,-1.0,192,29.24,131.44,0.04899,56666,0.6,1.0,0.36949,16.77363,0.771791,-4.892871,7.050985,22.350016
prioritized,2,227,56850,0.05,-1.0,184,24.68,131.48,0.05025,56850,0.6,1.0,0.368904,16.77363,0.770289,-4.258144,6.605129,21.544107
prioritized,2,228,57017,0.05,1.0,167,131.56,28.77,0.05362,57017,0.6,1.0,0.369228,16.77363,0.762086,-4.662026,7.020708,22.169024
prioritized,2,229,57315,0.05,-1.0,298,28.11,130.91,0.047859,57315,0.6,1.0,0.367385,16.77363,0.747757,-4.082466,6.50939,20.696917
prioritized,2,230,57460,0.05,1.0,145,131.67,27.08,0.043908,57460,0.6,1.0,0.365177,16.77363,0.733767,-4.371682,6.630121,21.080845
prioritized,2,231,57640,0.05,-1.0,180,23.9,131.5,0.04285,57640,0.6,1.0,0.365866,16.77363,0.748962,-4.192916,6.32165,20.417305
prioritized,2,232,57940,0.05,,300,26.5,28.1,0.047494,57940,0.6,1.0,0.363887,16.77363,0.727492,-4.427769,6.582023,20.817211
prioritized,2,233,58240,0.05,,300,26.5,28.7,0.051741,58240,0.6,1.0,0.369572,16.976318,0.788259,-5.446542,7.537252,23.284012
prioritized,2,234,58345,0.05,1.0,105,131.87,27.48,0.053745,58345,0.6,1.0,0.371551,16.976318,0.813484,-5.672336,8.008292,24.095716
prioritized,2,235,58449,0.05,-1.0,104,26.48,131.88,0.051214,58449,0.6,1.0,0.367778,16.976318,0.7801,-5.265603,7.410264,23.299385
prioritized,2,236,58582,0.05,1.0,133,131.73,25.14,0.051124,58582,0.6,1.0,0.368446,16.976318,0.786803,-5.617586,7.727297,23.881592
prioritized,2,237,58713,0.05,1.0,131,131.74,24.35,0.049382,58713,0.6,1.0,0.365326,16.976318,0.77296,-5.751049,7.927209,24.081047
prioritized,2,238,58873,0.05,-1.0,160,23.8,131.6,0.048381,58873,0.6,1.0,0.364817,16.976318,0.780829,-5.101165,7.267129,22.951508
prioritized,2,239,58968,0.05,1.0,95,131.92,25.33,0.045788,58968,0.6,1.0,0.365323,16.976318,0.783765,-5.35517,7.40523,23.091028
prioritized,2,240,59114,0.05,-1.0,146,25.87,131.67,0.051208,59114,0.6,1.0,0.368535,17.102678,0.798156,-5.789439,7.874498,23.869942
prioritized,2,241,59257,0.05,1.0,143,131.68,29.49,0.058588,59257,0.6,1.0,0.369568,17.122902,0.801687,-5.857855,7.931533,23.881926
prioritized,2,242,59450,0.05,1.0,193,131.43,26.44,0.052717,59450,0.6,1.0,0.369662,17.152058,0.79772,-5.959218,7.936783,24.131691
prioritized,2,243,59564,0.05,-1.0,114,26.83,131.83,0.052868,59564,0.6,1.0,0.369485,17.152344,0.800147,-5.444432,7.223344,22.846361
prioritized,2,244,59733,0.05,1.0,169,131.55,24.36,0.054456,59733,0.6,1.0,0.369446,17.152344,0.801315,-6.115964,8.297552,24.528879
prioritized,2,245,59930,0.05,1.0,197,131.41,26.82,0.055021,59930,0.6,1.0,0.370074,17.152344,0.810805,-6.28898,8.284383,24.471344
prioritized,2,246,60103,0.05,1.0,173,131.53,27.14,0.048005,60103,0.6,1.0,0.368921,17.152344,0.788273,-5.799067,7.714161,23.406305
prioritized,2,247,60222,0.05,1.0,119,131.8,27.21,0.050039,60222,0.6,1.0,0.368801,17.152344,0.786875,-5.998682,7.747484,23.66855
prioritized,2,248,60359,0.05,1.0,137,131.71,28.72,0.056321,60359,0.6,1.0,0.370257,17.152344,0.808883,-6.304035,8.055136,23.84796
prioritized,2,249,60479,0.05,-1.0,120,24.2,131.8,0.05161,60479,0.6,1.0,0.370979,17.152344,0.820691,-6.347338,8.098504,24.042944
prioritized,2,250,60597,0.05,-1.0,118,29.61,131.81,0.049368,60597,0.6,1.0,0.368758,17.152344,0.795175,-5.830986,7.961106,23.753044
prioritized,2,251,60765,0.05,-1.0,168,27.16,131.56,0.05686,60765,0.6,1.0,0.369592,17.152344,0.80228,-6.404367,8.201014,24.112406
prioritized,2,252,61065,0.05,,300,24.3,25.3,0.053753,61065,0.6,1.0,0.371427,17.487894,0.821352,-6.240148,8.342564,24.468695
prioritized,2,253,61178,0.05,1.0,113,131.83,27.44,0.061548,61178,0.6,1.0,0.37378,17.487894,0.833907,-6.749804,8.86505,25.447521
prioritized,2,254,61331,0.05,1.0,153,131.63,28.84,0.056835,61331,0.6,1.0,0.372843,17.490896,0.822353,-6.562745,8.516404,25.069183
prioritized,2,255,61456,0.05,1.0,125,131.77,26.18,0.055179,61456,0.6,1.0,0.373449,17.490896,0.824544,-6.805123,8.708078,25.261606
prioritized,2,256,61576,0.05,-1.0,120,24.4,131.8,0.055361,61576,0.6,1.0,0.372482,17.490896,0.815353,-6.539241,8.53159,24.889425
prioritized,2,257,61735,0.05,1.0,159,131.6,27.01,0.053959,61735,0.6,1.0,0.373785,17.490896,0.832715,-6.523674,8.553525,25.017683
prioritized,2,258,61944,0.05,1.0,209,131.35,26.96,0.053935,61944,0.6,1.0,0.370649,17.490896,0.812609,-6.439401,8.33704,24.540279
prioritized,2,259,62061,0.05,1.0,117,131.81,24.42,0.049879,62061,0.6,1.0,0.370312,17.490896,0.810503,-6.145655,7.952788,24.052097
prioritized,2,260,62229,0.05,-1.0,168,26.16,131.56,0.059066,62229,0.6,1.0,0.371547,17.490896,0.815209,-6.745414,8.576042,24.688637
prioritized,2,261,62435,0.05,-1.0,206,26.57,131.37,0.054491,62435,0.6,1.0,0.371644,17.490896,0.820026,-6.882493,8.563199,24.652359
prioritized,2,262,62640,0.05,1.0,205,131.37,26.98,0.048279,62640,0.6,1.0,0.372596,17.490896,0.82235,-6.333008,7.861172,23.50844
prioritized,2,263,62921,0.05,1.0,281,130.99,23.6,0.05663,62921,0.6,1.0,0.370574,17.490896,0.807826,-6.813966,8.325011,24.30617
prioritized,2,264,63035,0.05,-1.0,114,25.03,131.83,0.05904,63035,0.6,1.0,0.373305,17.490896,0.84586,-6.752751,8.189232,24.362621
prioritized,2,265,63142,0.05,1.0,107,131.86,22.27,0.059516,63142,0.6,1.0,0.374889,17.640831,0.845064,-8.00473,9.576984,26.693464
prioritized,2,266,63313,0.05,1.0,171,131.54,28.95,0.053027,63313,0.6,1.0,0.375781,17.640831,0.847508,-7.863336,9.500809,26.660505
prioritized,2,267,63613,0.05,,300,26.5,25.5,0.059016,63613,0.6,1.0,0.375122,17.652786,0.845112,-7.662827,9.205407,26.288065
prioritized,2,268,63752,0.05,1.0,139,131.7,27.11,0.058932,63752,0.6,1.0,0.374853,17.654518,0.848143,-7.60827,8.996927,25.961079
prioritized,2,269,64052,0.05,,300,28.3,26.1,0.055309,64052,0.6,1.0,0.374853,17.654518,0.843506,-7.339302,8.841845,25.72834
prioritized,2,270,64238,0.05,-1.0,186,26.67,131.47,0.054125,64238,0.6,1.0,0.37615,17.654518,0.848882,-7.209129,8.691811,25.074429
prioritized,2,271,64388,0.05,-1.0,150,26.05,131.65,0.053766,64388,0.6,1.0,0.376152,17.654518,0.848129,-7.159846,8.500575,24.62989
prioritized,2,272,64547,0.05,1.0,159,131.6,27.01,0.05997,64547,0.6,1.0,0.374431,17.654518,0.83245,-7.546087,9.037931,25.587929
prioritized,2,273,64676,0.05,1.0,129,131.75,24.36,0.057012,64676,0.6,1.0,0.374635,17.654518,0.838847,-7.466338,8.807373,25.067312
prioritized,2,274,64840,0.05,-1.0,164,26.18,131.58,0.052702,64840,0.6,1.0,0.372721,17.654518,0.827151,-7.036458,8.326639,24.473366
prioritized,2,275,65140,0.05,,300,27.5,28.7,0.060142,65140,0.6,1.0,0.378981,17.654518,0.869685,-7.769045,9.088763,25.817411
prioritized,2,276,65283,0.05,1.0,143,131.68,26.49,0.062245,65283,0.6,1.0,0.380742,17.654518,0.873451,-8.22753,9.373943,26.506628
prioritized,2,277,65374,0.05,1.0,91,131.94,23.35,0.065082,65374,0.6,1.0,0.379963,17.654518,0.863738,-7.917621,9.156468,26.099785
prioritized,2,278,65505,0.05,1.0,131,131.74,22.95,0.060153,65505,0.6,1.0,0.380126,17.654518,0.872009,-8.323314,9.599997,26.852827
prioritized,2,279,65677,0.05,-1.0,172,28.94,131.54,0.061714,65677,0.6,1.0,0.379857,17.654518,0.873487,-7.684882,8.89724,25.821928
prioritized,2,280,65977,0.05,,300,27.1,28.7,0.055829,65977,0.6,1.0,0.381485,17.654518,0.865837,-8.102816,9.457201,26.476238
prioritized,2,281,66185,0.05,-1.0,208,26.56,131.36,0.056192,66185,0.6,1.0,0.372977,17.654518,0.794296,-6.927277,8.28498,23.789299
prioritized,2,282,66331,0.05,-1.0,146,28.67,131.67,0.053231,66331,0.6,1.0,0.373022,17.654518,0.812952,-6.947052,8.116313,23.338846
prioritized,2,283,66552,0.05,1.0,221,131.29,26.9,0.054718,66552,0.6,1.0,0.372118,17.654518,0.816562,-6.705827,7.963657,23.22077
prioritized,2,284,66679,0.05,1.0,127,131.76,29.57,0.051644,66679,0.6,1.0,0.373048,17.654518,0.823912,-6.987566,8.340753,23.688057
prioritized,2,285,66877,0.05,-1.0,198,24.61,131.41,0.05013,66877,0.6,1.0,0.373024,17.654518,0.82684,-6.831225,8.123959,23.461946
prioritized,2,286,67002,0.05,1.0,125,131.77,28.78,0.059042,67002,0.6,1.0,0.370695,17.654518,0.810652,-7.496987,8.494178,23.919426
prioritized,2,287,67119,0.05,1.0,117,131.81,21.02,0.057091,67119,0.6,1.0,0.373234,17.654518,0.841392,-7.372428,8.522218,24.65963
prioritized,2,288,67222,0.05,1.0,103,131.88,23.89,0.057144,67222,0.6,1.0,0.374107,17.654518,0.85347,-7.671281,8.871881,25.160057
prioritized,2,289,67522,0.05,,300,25.7,26.1,0.05939,67522,0.6,1.0,0.373975,17.654518,0.840273,-7.684392,8.942025,25.184006
prioritized,2,290,67634,0.05,-1.0,112,24.04,131.84,0.062878,67634,0.6,1.0,0.374343,17.654518,0.841112,-7.499145,8.638745,24.749363
prioritized,2,291,67934,0.05,,300,24.3,27.9,0.055887,67934,0.6,1.0,0.37383,17.654518,0.837524,-7.753206,8.871812,25.122057
prioritized,2,292,68054,0.05,-1.0,120,27.0,131.8,0.067052,68054,0.6,1.0,0.373618,17.654518,0.840265,-8.074439,9.19861,25.796944
prioritized,2,293,68343,0.05,1.0,289,130.95,25.96,0.059612,68343,0.6,1.0,0.374873,17.654518,0.852908,-8.101155,9.211226,26.10293
prioritized,2,294,68466,0.05,1.0,123,131.78,29.59,0.055431,68466,0.6,1.0,0.374179,17.654518,0.855167,-8.300315,9.267605,26.240395
prioritized,2,295,68612,0.05,-1.0,146,24.27,131.67,0.056653,68612,0.6,1.0,0.372551,17.654518,0.841628,-8.48386,9.438099,26.351067
prioritized,2,296,68912,0.05,,300,26.5,27.7,0.053099,68912,0.6,1.0,0.374351,17.654518,0.848975,-8.436831,9.407326,26.158775
prioritized,2,297,69107,0.05,1.0,195,131.42,26.43,0.062265,69107,0.6,1.0,0.37345,17.654518,0.840637,-8.388656,9.399111,26.124559
prioritized,2,298,69407,0.05,,300,26.3,25.9,0.060755,69407,0.6,1.0,0.374578,17.654518,0.849784,-8.407715,9.292243,25.742214
prioritized,2,299,69515,0.05,-1.0,108,24.66,131.86,0.056779,69515,0.6,1.0,0.374002,17.654518,0.851219,-8.05579,8.985761,25.37229
prioritized,2,300,69646,0.05,1.0,131,131.74,28.55,0.052216,69646,0.6,1.0,0.371908,17.654518,0.830075,-7.780279,8.831903,25.251472
prioritized,2,301,69746,0.05,-1.0,100,29.7,131.9,0.062272,69746,0.6,1.0,0.373383,17.654518,0.840975,-7.728831,8.601348,24.762493
prioritized,2,302,69909,0.05,1.0,163,131.58,26.59,0.055975,69909,0.6,1.0,0.373043,17.654518,0.835868,-7.602689,8.47959,24.576675
prioritized,2,303,70038,0.05,1.0,129,131.75,24.16,0.056938,70038,0.6,1.0,0.374841,17.654518,0.860137,-8.281886,9.225684,25.732428
prioritized,2,304,70172,0.05,-1.0,134,24.13,131.73,0.057332,70172,0.6,1.0,0.374314,17.654518,0.849004,-8.637889,9.581894,26.314751
prioritized,2,305,70472,0.05,,300,26.3,26.5,0.063075,70472,0.6,1.0,0.373894,17.654518,0.846161,-8.481134,9.330587,25.914787
prioritized,2,306,70597,0.05,1.0,125,131.77,22.78,0.052739,70597,0.6,1.0,0.372598,17.654518,0.838781,-7.819438,8.574706,24.95804
prioritized,2,307,70698,0.05,1.0,101,131.89,23.5,0.061643,70698,0.6,1.0,0.373074,17.654518,0.848164,-8.763577,9.739178,26.429598
prioritized,2,308,70808,0.05,-1.0,110,23.85,131.85,0.061799,70808,0.6,1.0,0.372684,17.654518,0.842163,-8.4098,9.251544,25.875481
prioritized,2,309,71019,0.05,1.0,211,131.34,29.15,0.055224,71019,0.6,1.0,0.37218,17.654518,0.822129,-7.889746,8.802691,25.040407
prioritized,2,310,71248,0.05,1.0,229,131.25,26.86,0.049927,71248,0.6,1.0,0.366715,17.654518,0.775272,-6.473933,7.391402,21.248245
prioritized,2,311,71362,0.05,-1.0,114,25.03,131.83,0.048267,71362,0.6,1.0,0.367074,17.654518,0.785831,-6.144197,6.973927,20.613062
prioritized,2,312,71532,0.05,-1.0,170,24.15,131.55,0.048594,71532,0.6,1.0,0.366656,17.654518,0.784997,-6.354027,7.157568,20.872967
prioritized,2,313,71656,0.05,-1.0,124,26.58,131.78,0.052523,71656,0.6,1.0,0.364788,17.654518,0.769871,-6.377563,7.293773,20.954138
prioritized,2,314,71802,0.05,-1.0,146,22.07,131.67,0.044858,71802,0.6,1.0,0.36608,17.654518,0.785981,-6.377861,7.12187,20.75791
prioritized,2,315,71920,0.05,-1.0,118,27.21,131.81,0.050567,71920,0.6,1.0,0.365159,17.654518,0.776068,-6.633274,7.451707,21.245436
prioritized,2,316,72047,0.05,1.0,127,131.76,24.37,0.051672,72047,0.6,1.0,0.371367,17.654518,0.854822,-6.899874,7.645294,22.660131
prioritized,2,317,72166,0.05,1.0,119,131.8,27.21,0.063983,72166,0.6,1.0,0.373508,17.654518,0.871374,-8.590401,9.346725,26.242105
prioritized,2,318,72356,0.05,-1.0,190,26.45,131.45,0.061994,72356,0.6,1.0,0.373358,17.654518,0.864508,-9.114433,9.822696,26.891964
prioritized,2,319,72520,0.05,-1.0,164,25.98,131.58,0.060754,72520,0.6,1.0,0.375526,17.654518,0.88317,-8.725211,9.401386,26.182701
prioritized,2,320,72680,0.05,-1.0,160,28.8,131.6,0.05498,72680,0.6,1.0,0.373975,17.654518,0.865118,-9.175108,9.79503,26.854446
prioritized,2,321,72820,0.05,-1.0,140,24.5,131.7,0.056852,72820,0.6,1.0,0.373768,17.654518,0.870998,-9.112988,9.805001,26.909592
prioritized,2,322,72927,0.05,1.0,107,131.86,21.07,0.060377,72927,0.6,1.0,0.37332,17.654518,0.866012,-9.546636,10.22756,27.301863
prioritized,2,323,73050,0.05,1.0,123,131.78,28.99,0.055906,73050,0.6,1.0,0.371608,17.654518,0.851192,-8.586996,9.334691,26.096457
prioritized,2,324,73194,0.05,-1.0,144,24.48,131.68,0.058844,73194,0.6,1.0,0.371905,17.654518,0.846443,-8.568004,9.315654,25.81835
prioritized,2,325,73339,0.05,1.0,145,131.67,24.08,0.058944,73339,0.6,1.0,0.373362,17.654518,0.860316,-8.521439,9.275492,25.850491
prioritized,2,326,73548,0.05,1.0,209,131.35,26.56,0.057486,73548,0.6,1.0,0.372732,17.654518,0.858149,-8.755133,9.419895,26.12816
prioritized,2,327,73654,0.05,-1.0,106,27.27,131.87,0.055342,73654,0.6,1.0,0.371394,17.654518,0.846753,-8.391929,9.114503,25.589518
prioritized,2,328,73784,0.05,-1.0,130,24.35,131.75,0.051754,73784,0.6,1.0,0.371689,17.654518,0.855234,-9.055041,9.701288,26.4599
prioritized,2,329,73890,0.05,-1.0,106,29.67,131.87,0.053772,73890,0.6,1.0,0.371784,17.654518,0.857129,-8.975761,9.673036,26.306751
prioritized,2,330,74061,0.05,1.0,171,131.54,26.55,0.058966,74061,0.6,1.0,0.375306,17.654518,0.901432,-9.094605,9.837197,26.976503
prioritized,2,331,74299,0.05,-1.0,238,26.61,131.21,0.064404,74299,0.6,1.0,0.375143,17.654518,0.889218,-10.546134,11.226012,29.484409
prioritized,2,332,74599,0.05,,300,25.9,28.7,0.060976,74599,0.6,1.0,0.376585,17.654518,0.899929,-10.224844,10.794505,28.871296
prioritized,2,333,74700,0.05,1.0,101,131.89,18.1,0.061864,74700,0.6,1.0,0.376335,17.654518,0.895851,-10.284504,10.925121,29.000334
prioritized,2,334,74854,0.05,-1.0,154,29.43,131.63,0.056516,74854,0.6,1.0,0.375744,17.654518,0.888615,-9.74284,10.386714,28.229296
prioritized,2,335,74975,0.05,1.0,121,131.79,26.8,0.055237,74975,0.6,1.0,0.375242,17.654518,0.882399,-9.99512,10.627286,28.732689
prioritized,2,336,75114,0.05,1.0,139,131.7,26.51,0.064143,75000,0.6,1.0,0.376185,17.654518,0.877635,-10.568293,11.284479,29.288553
prioritized,2,337,75299,0.05,1.0,185,131.47,27.08,0.062143,75000,0.6,1.0,0.378446,17.654518,0.887548,-9.470554,10.227009,27.789503
prioritized,2,338,75452,0.05,1.0,153,131.63,24.44,0.065239,75000,0.6,1.0,0.380685,17.654518,0.896897,-9.560373,10.379736,28.050488
prioritized,2,339,75711,0.05,1.0,259,131.1,26.11,0.066083,75000,0.6,1.0,0.381045,17.654518,0.893983,-9.610512,10.233161,27.884804
prioritized,2,340,75933,0.05,-1.0,222,26.89,131.29,0.05933,75000,0.6,1.0,0.378511,17.654518,0.874085,-9.804398,10.404148,28.126814
prioritized,2,341,76073,0.05,-1.0,140,27.3,131.7,0.057781,75000,0.6,1.0,0.379721,17.654518,0.880081,-9.355313,9.935412,27.193613
prioritized,2,342,76207,0.05,-1.0,134,25.13,131.73,0.059983,75000,0.6,1.0,0.378527,17.654518,0.875908,-9.204455,9.784017,26.538023
prioritized,2,343,76388,0.05,1.0,181,131.49,26.7,0.065834,75000,0.6,1.0,0.380163,17.654518,0.896954,-9.905843,10.481409,27.568207
prioritized,2,344,76491,0.05,1.0,103,131.88,24.89,0.055842,75000,0.6,1.0,0.377725,17.654518,0.875864,-9.397947,9.907784,26.680674
prioritized,2,345,76715,0.05,-1.0,224,26.68,131.28,0.057895,75000,0.6,1.0,0.376962,17.654518,0.872421,-9.389899,9.953939,26.727917
prioritized,2,346,76833,0.05,-1.0,118,29.61,131.81,0.062691,75000,0.6,1.0,0.377983,17.654518,0.878789,-9.416997,10.033836,26.694284
prioritized,2,347,76982,0.05,1.0,149,131.65,26.66,0.060846,75000,0.6,1.0,0.376964,17.654518,0.870637,-9.34731,9.936523,26.662584
prioritized,2,348,77126,0.05,-1.0,144,27.28,131.68,0.063603,75000,0.6,1.0,0.379848,17.654518,0.91333,-10.684425,11.176934,29.688711
prioritized,2,349,77227,0.05,1.0,101,131.89,25.1,0.065314,75000,0.6,1.0,0.379843,17.654518,0.911707,-11.281037,11.81169,30.473005
prioritized,2,350,77317,0.05,-1.0,90,23.55,131.95,0.064276,75000,0.6,1.0,0.38112,17.654518,0.930003,-11.314454,11.862613,30.592239
prioritized,2,351,77429,0.05,-1.0,112,29.64,131.84,0.071273,75000,0.6,1.0,0.380629,17.654518,0.926454,-11.86637,12.513319,31.341951
prioritized,2,352,77537,0.05,-1.0,108,26.86,131.86,0.070673,75000,0.6,1.0,0.379434,17.654518,0.917708,-11.524549,11.994355,30.677698
prioritized,2,353,77652,0.05,1.0,115,131.82,27.23,0.065444,75000,0.6,1.0,0.381168,17.654518,0.932037,-11.2259,11.810581,30.491726
prioritized,2,354,77786,0.05,-1.0,134,22.73,131.73,0.059395,75000,0.6,1.0,0.381377,17.654518,0.927124,-11.013871,11.52594,30.125519
prioritized,2,355,77900,0.05,-1.0,114,21.83,131.83,0.064107,75000,0.6,1.0,0.382814,17.654518,0.940181,-11.557503,12.107107,30.821386
prioritized,2,356,78093,0.05,1.0,193,131.43,26.24,0.061082,75000,0.6,1.0,0.378117,17.654518,0.880826,-10.589907,11.182449,29.118429
prioritized,2,357,78201,0.05,-1.0,108,25.06,131.86,0.060202,75000,0.6,1.0,0.380376,17.654518,0.901688,-9.206956,9.817284,26.753315
prioritized,2,358,78466,0.05,1.0,265,131.07,26.48,0.063762,75000,0.6,1.0,0.379252,17.654518,0.894167,-9.721506,10.31669,27.324488
prioritized,2,359,78676,0.05,-1.0,210,26.95,131.35,0.05794,75000,0.6,1.0,0.37778,17.654518,0.886025,-9.707761,10.286678,27.363279
prioritized,2,360,78777,0.05,1.0,101,131.89,22.3,0.061278,75000,0.6,1.0,0.378429,17.654518,0.896332,-9.333655,9.875038,26.601349
prioritized,2,361,78933,0.05,-1.0,156,26.62,131.62,0.061724,75000,0.6,1.0,0.378558,17.654518,0.891207,-9.668086,10.223753,27.110985
prioritized,2,362,79030,0.05,1.0,97,131.91,26.92,0.061934,75000,0.6,1.0,0.38033,17.654518,0.908584,-10.266484,10.848738,28.213886
prioritized,2,363,79146,0.05,-1.0,116,29.62,131.82,0.068837,75000,0.6,1.0,0.382356,17.654518,0.926864,-10.867665,11.423601,29.475506
prioritized,2,364,79237,0.05,1.0,91,131.94,26.95,0.064025,75000,0.6,1.0,0.382075,17.654518,0.919429,-10.93665,11.437394,29.445852
prioritized,2,365,79354,0.05,1.0,117,131.81,27.22,0.06535,75000,0.6,1.0,0.384409,17.654518,0.935242,-10.957206,11.610444,29.611921
prioritized,2,366,79487,0.05,1.0,133,131.73,27.14,0.069473,75000,0.6,1.0,0.384281,17.654518,0.925676,-11.213147,11.724562,29.878675
prioritized,2,367,79700,0.05,1.0,213,131.33,24.74,0.071799,75000,0.6,1.0,0.386281,17.654518,0.936844,-11.211379,11.789164,29.836838
prioritized,2,368,80000,0.05,,300,26.5,23.1,0.065605,75000,0.6,1.0,0.384544,17.654518,0.922721,-11.044265,11.610418,29.64258
prioritized,2,369,80151,0.05,1.0,151,131.64,27.05,0.062976,75000,0.6,1.0,0.382841,17.654518,0.916339,-10.229248,10.772704,28.233833
prioritized,2,370,80252,0.05,1.0,101,131.89,27.1,0.067644,75000,0.6,1.0,0.384586,17.654518,0.936755,-10.700019,11.232862,28.779926
prioritized,2,371,80373,0.05,1.0,121,131.79,29.0,0.067532,75000,0.6,1.0,0.384161,17.654518,0.934148,-10.838026,11.495594,29.272089
prioritized,2,372,80522,0.05,1.0,149,131.65,27.26,0.066348,75000,0.6,1.0,0.384293,17.654518,0.94065,-10.683523,11.24988,28.885487
prioritized,2,373,80822,0.05,,300,26.5,27.5,0.068426,75000,0.6,1.0,0.38159,17.654518,0.916987,-11.060144,11.596211,29.336115
prioritized,2,374,80939,0.05,1.0,117,131.81,25.02,0.071603,75000,0.6,1.0,0.380946,17.654518,0.914971,-10.307407,10.889795,28.306152
prioritized,2,375,81115,0.05,-1.0,176,24.72,131.52,0.065877,75000,0.6,1.0,0.38173,17.654518,0.914171,-10.629162,11.165676,28.462404
prioritized,2,376,81225,0.05,-1.0,110,29.05,131.85,0.070042,75000,0.6,1.0,0.381608,17.654518,0.915825,-10.120131,10.638946,27.641445
prioritized,2,377,81360,0.05,1.0,135,131.72,26.33,0.064809,75000,0.6,1.0,0.379496,17.654518,0.896867,-10.111865,10.580435,27.524128
prioritized,2,378,81498,0.05,-1.0,138,25.11,131.71,0.063339,75000,0.6,1.0,0.379346,17.654518,0.895022,-10.828518,11.366379,28.399254
prioritized,2,379,81729,0.05,1.0,231,131.24,26.85,0.057758,75000,0.6,1.0,0.381625,17.654518,0.910264,-10.195175,10.669406,27.645674
prioritized,2,380,81844,0.05,1.0,115,131.82,24.43,0.059673,75000,0.6,1.0,0.380814,17.654518,0.906845,-10.412379,10.873119,27.860432
prioritized,2,381,82030,0.05,-1.0,186,28.47,131.47,0.061922,75000,0.6,1.0,0.380315,17.654518,0.908519,-10.240083,10.727682,27.729523
prioritized,2,382,82114,0.05,-1.0,84,27.58,131.98,0.069709,75000,0.6,1.0,0.380534,17.654518,0.907525,-10.59684,11.076056,28.339506
prioritized,2,383,82201,0.05,1.0,87,131.96,25.17,0.068704,75000,0.6,1.0,0.380121,17.654518,0.908098,-10.087454,10.592093,27.842928
prioritized,2,384,82291,0.05,-1.0,90,19.15,131.95,0.05704,75000,0.6,1.0,0.382486,17.654518,0.928141,-10.536262,11.064496,28.311113
prioritized,2,385,82417,0.05,-1.0,126,27.17,131.77,0.061626,75000,0.6,1.0,0.382888,17.654518,0.930245,-10.760839,11.228716,28.581064
prioritized,2,386,82523,0.05,-1.0,106,27.47,131.87,0.068362,75000,0.6,1.0,0.381063,17.654518,0.917552,-11.271408,11.710216,29.171534
prioritized,2,387,82619,0.05,-1.0,96,27.52,131.92,0.063146,75000,0.6,1.0,0.382015,17.654518,0.920045,-11.451465,11.923678,29.274029
prioritized,2,388,82802,0.05,1.0,183,131.48,26.29,0.058432,75000,0.6,1.0,0.383991,17.654518,0.933191,-10.398949,10.894039,28.14608
prioritized,2,389,82916,0.05,-1.0,114,27.23,131.83,0.066942,75000,0.6,1.0,0.3832,17.654518,0.91343,-10.553966,11.133961,28.344509
prioritized,2,390,83059,0.05,1.0,143,131.68,27.09,0.072049,75000,0.6,1.0,0.386881,17.654518,0.944573,-11.473483,11.962296,29.614304
prioritized,2,391,83179,0.05,-1.0,120,27.0,131.8,0.07723,75000,0.6,1.0,0.387907,17.654518,0.94555,-11.835235,12.37007,30.525139
prioritized,2,392,83308,0.05,1.0,129,131.75,24.56,0.072752,75000,0.6,1.0,0.38885,17.654518,0.954086,-11.931545,12.443641,30.469378
prioritized,2,393,83393,0.05,1.0,85,131.97,24.78,0.061742,75000,0.6,1.0,0.388693,17.654518,0.948182,-10.750792,11.291916,29.125982
prioritized,2,394,83517,0.05,-1.0,124,27.18,131.78,0.067316,75000,0.6,1.0,0.389425,17.654518,0.960668,-10.919811,11.424438,29.321796
prioritized,2,395,83610,0.05,1.0,93,131.93,21.74,0.064957,75000,0.6,1.0,0.390316,17.654518,0.96767,-11.495584,12.024312,29.980799
prioritized,2,396,83805,0.05,1.0,195,131.42,24.43,0.069886,75000,0.6,1.0,0.389416,17.654518,0.95969,-11.622355,12.128701,30.227341
prioritized,2,397,83942,0.05,1.0,137,131.71,26.12,0.069695,75000,0.6,1.0,0.389006,17.654518,0.955947,-11.644976,12.104228,30.199728
prioritized,2,398,84048,0.05,-1.0,106,29.47,131.87,0.068429,75000,0.6,1.0,0.387688,17.654518,0.942554,-12.104264,12.621119,30.705944
prioritized,2,399,84214,0.05,-1.0,166,24.77,131.57,0.065885,75000,0.6,1.0,0.388909,17.654518,0.958808,-11.33008,11.820597,29.76432
prioritized,2,400,84336,0.05,-1.0,122,24.39,131.79,0.069108,75000,0.6,1.0,0.389601,17.654518,0.964973,-11.809849,12.312675,30.411201
prioritized,2,401,84453,0.05,1.0,117,131.81,27.02,0.070139,75000,0.6,1.0,0.388779,17.654518,0.957099,-11.915284,12.496798,30.483644
prioritized,2,402,84568,0.05,1.0,115,131.82,29.63,0.071541,75000,0.6,1.0,0.388319,17.654518,0.952262,-12.010621,12.545175,30.639898
prioritized,2,403,84724,0.05,-1.0,156,25.02,131.62,0.072192,75000,0.6,1.0,0.389262,17.654518,0.966826,-12.241013,12.750405,30.850388
prioritized,2,404,84883,0.05,1.0,159,131.6,26.61,0.070261,75000,0.6,1.0,0.387663,17.654518,0.963524,-11.969674,12.473077,30.520596
prioritized,2,405,85023,0.05,-1.0,140,26.7,131.7,0.073402,75000,0.6,1.0,0.388568,17.654518,0.976797,-12.037366,12.511872,30.581438
prioritized,2,406,85118,0.05,1.0,95,131.92,29.73,0.072515,75000,0.6,1.0,0.390242,17.654518,0.989643,-12.748794,13.327007,32.229797
prioritized,2,407,85242,0.05,-1.0,124,22.38,131.78,0.078611,75000,0.6,1.0,0.39077,17.654518,0.987515,-12.761688,13.304296,32.072411
prioritized,2,408,85340,0.05,-1.0,98,27.11,131.91,0.08064,75000,0.6,1.0,0.392022,17.654518,0.99207,-13.071771,13.576932,32.351936
prioritized,2,409,85545,0.05,1.0,205,131.37,26.78,0.075476,75000,0.6,1.0,0.393056,17.654518,0.990237,-12.959223,13.510784,32.253517
prioritized,2,410,85644,0.05,1.0,99,131.9,23.71,0.071693,75000,0.6,1.0,0.393358,17.654518,0.997435,-12.562008,13.007467,31.75182
prioritized,2,411,85813,0.05,1.0,169,131.55,24.36,0.072478,75000,0.6,1.0,0.394071,17.654518,0.999253,-12.676599,13.153048,31.941532
prioritized,2,412,85975,0.05,-1.0,162,26.59,131.59,0.07058,75000,0.6,1.0,0.394221,17.654518,0.99778,-12.281773,12.79393,31.464706
prioritized,2,413,86275,0.05,,300,28.7,25.5,0.079684,75000,0.6,1.0,0.391906,17.654518,0.961041,-12.010415,12.542727,30.361214
prioritized,2,414,86362,0.05,1.0,87,131.96,24.77,0.076362,75000,0.6,1.0,0.392232,17.654518,0.961293,-12.146173,12.665672,30.431313
prioritized,2,415,86501,0.05,1.0,139,131.7,26.71,0.073645,75000,0.6,1.0,0.393669,17.654518,0.975087,-11.596077,12.088044,29.764502
prioritized,2,416,86731,0.05,-1.0,230,25.85,131.25,0.067411,75000,0.6,1.0,0.394439,17.654518,0.972671,-11.474494,11.960513,29.640287
prioritized,2,417,86872,0.05,1.0,141,131.69,27.1,0.081205,75000,0.6,1.0,0.395523,17.654518,0.975825,-11.993462,12.568553,30.264023
prioritized,2,418,86999,0.05,1.0,127,131.76,27.17,0.070882,75000,0.6,1.0,0.394281,17.654518,0.962679,-11.985431,12.496962,30.279106
prioritized,2,419,87126,0.05,1.0,127,131.76,23.97,0.068559,75000,0.6,1.0,0.393949,17.654518,0.954434,-11.182235,11.711864,29.103281
prioritized,2,420,87305,0.05,1.0,179,131.5,26.31,0.073648,75000,0.6,1.0,0.394684,17.654518,0.966023,-11.302752,11.820708,29.263933
prioritized,2,421,87424,0.05,1.0,119,131.8,28.81,0.074469,75000,0.6,1.0,0.39529,17.654518,0.972967,-11.773917,12.271648,29.740593
prioritized,2,422,87588,0.05,-1.0,164,26.58,131.58,0.07341,75000,0.6,1.0,0.393975,17.654518,0.964984,-11.327319,11.847836,29.13649
prioritized,2,423,87693,0.05,1.0,105,131.87,25.88,0.070307,75000,0.6,1.0,0.394941,17.654518,0.971806,-11.77254,12.316256,29.728498
prioritized,2,424,87993,0.05,,300,28.7,23.7,0.074433,75000,0.6,1.0,0.393632,17.654518,0.964623,-11.650992,12.168864,29.695215
prioritized,2,425,88128,0.05,1.0,135,131.72,26.53,0.07604,75000,0.6,1.0,0.3968,17.654518,0.991158,-12.402778,12.964781,30.94293
prioritized,2,426,88252,0.05,-1.0,124,22.18,131.78,0.07923,75000,0.6,1.0,0.397718,17.654518,0.993757,-12.306315,12.871417,30.954498
prioritized,2,427,88359,0.05,1.0,107,131.86,26.67,0.077234,75000,0.6,1.0,0.396916,17.654518,0.986332,-13.309356,13.888016,31.863842
prioritized,2,428,88659,0.05,,300,23.3,26.5,0.073422,75000,0.6,1.0,0.395158,17.654518,0.971408,-12.483067,13.024049,30.882786
prioritized,2,429,88779,0.05,-1.0,120,26.4,131.8,0.068654,75000,0.6,1.0,0.396041,17.654518,0.979601,-11.747209,12.235738,29.999262
prioritized,2,430,88977,0.05,-1.0,198,26.41,131.41,0.073625,75000,0.6,1.0,0.396675,17.654518,0.985334,-12.084758,12.58048,30.489605
prioritized,2,431,89150,0.05,1.0,173,131.53,26.34,0.075829,75000,0.6,1.0,0.396138,17.654518,0.97448,-12.457737,12.992587,30.793133
prioritized,2,432,89290,0.05,-1.0,140,24.1,131.7,0.069776,75000,0.6,1.0,0.395811,17.654518,0.972386,-11.787349,12.282523,29.923838
prioritized,2,433,89393,0.05,1.0,103,131.88,26.49,0.081959,75000,0.6,1.0,0.397204,17.654518,0.986758,-12.075046,12.618183,30.406256
prioritized,2,434,89499,0.05,-1.0,106,24.67,131.87,0.072155,75000,0.6,1.0,0.397856,17.654518,0.990408,-11.779673,12.306579,29.915434
prioritized,2,435,89585,0.05,-1.0,86,23.97,131.97,0.07607,75000,0.6,1.0,0.398494,17.654518,0.997319,-11.462094,11.987026,29.518425
prioritized,2,436,89795,0.05,-1.0,210,25.75,131.35,0.080849,75000,0.6,1.0,0.396433,17.654518,0.967447,-12.453405,12.989079,30.59576
prioritized,2,437,90018,0.05,1.0,223,131.28,22.09,0.075041,75000,0.6,1.0,0.397903,17.654518,0.982643,-12.144326,12.66902,30.294775
prioritized,2,438,90170,0.05,-1.0,152,29.44,131.64,0.083412,75000,0.6,1.0,0.395978,17.654518,0.968701,-12.144549,12.692857,30.443708
prioritized,2,439,90265,0.05,1.0,95,131.92,24.33,0.081932,75000,0.6,1.0,0.399114,17.654518,0.988652,-12.170297,12.715128,30.550188
prioritized,2,440,90387,0.05,-1.0,122,23.19,131.79,0.073278,75000,0.6,1.0,0.397683,17.654518,0.986753,-12.482476,12.983132,30.874611
prioritized,2,441,90556,0.05,1.0,169,131.55,26.56,0.076017,75000,0.6,1.0,0.40038,17.654518,1.009377,-12.274966,12.809501,30.610287
prioritized,2,442,90856,0.05,,300,26.5,23.1,0.074857,75000,0.6,1.0,0.396839,17.654518,0.990196,-12.562493,13.06219,30.910341
prioritized,2,443,91018,0.05,-1.0,162,26.99,131.59,0.069559,75000,0.6,1.0,0.397282,17.654518,0.990467,-12.312732,12.784032,30.510746
prioritized,2,444,91209,0.05,1.0,191,131.44,19.65,0.071649,75000,0.6,1.0,0.395696,17.654518,0.974108,-12.055336,12.602096,30.098455
prioritized,2,445,91298,0.05,1.0,89,131.95,27.16,0.082416,75000,0.6,1.0,0.396459,17.654518,0.982199,-11.662451,12.191457,29.505116
prioritized,2,446,91396,0.05,-1.0,98,25.71,131.91,0.075053,75000,0.6,1.0,0.396285,17.654518,0.982687,-12.308803,12.80299,30.146275
prioritized,2,447,91696,0.05,,300,26.5,23.1,0.075492,75000,0.6,1.0,0.396819,17.654518,0.979851,-11.954718,12.505723,29.8538
prioritized,2,448,91873,0.05,1.0,177,131.51,26.52,0.070402,75000,0.6,1.0,0.395171,17.654518,0.964257,-12.2304,12.760949,30.061302
prioritized,2,449,91985,0.05,-1.0,112,25.04,131.84,0.072141,75000,0.6,1.0,0.397187,17.654518,0.979384,-12.100987,12.682143,30.013401
prioritized,2,450,92096,0.05,1.0,111,131.84,27.05,0.081138,75000,0.6,1.0,0.398274,17.654518,0.991379,-12.649419,13.320045,31.410475
prioritized,2,451,92192,0.05,-1.0,96,20.32,131.92,0.07926,75000,0.6,1.0,0.39906,17.654518,0.999027,-12.575231,13.148091,31.180227
prioritized,2,452,92325,0.05,1.0,133,131.73,26.54,0.074823,75000,0.6,1.0,0.400099,17.654518,1.005219,-12.708965,13.224003,31.359406
prioritized,2,453,92437,0.05,-1.0,112,24.44,131.84,0.077496,75000,0.6,1.0,0.39996,17.654518,1.003704,-13.109156,13.652773,31.843796
prioritized,2,454,92532,0.05,1.0,95,131.92,26.73,0.076467,75000,0.6,1.0,0.398781,17.654518,0.99274,-12.674223,13.204628,31.336025
prioritized,2,455,92637,0.05,1.0,105,131.87,20.28,0.080066,75000,0.6,1.0,0.399949,17.654518,0.999499,-13.00497,13.512617,31.647554
prioritized,2,456,92799,0.05,-1.0,162,26.99,131.59,0.076096,75000,0.6,1.0,0.4003,17.654518,1.004517,-12.856128,13.405515,31.519138
prioritized,2,457,92896,0.05,1.0,97,131.91,24.32,0.07609,75000,0.6,1.0,0.40125,17.654518,1.00928,-12.579764,13.212611,31.265566
prioritized,2,458,92998,0.05,-1.0,102,27.29,131.89,0.079079,75000,0.6,1.0,0.399713,17.654518,0.993097,-12.606268,13.176473,31.107447
prioritized,2,459,93099,0.05,1.0,101,131.89,15.9,0.077196,75000,0.6,1.0,0.398533,17.654518,0.972525,-11.75211,12.313783,29.566462
prioritized,2,460,93209,0.05,-1.0,110,24.45,131.85,0.08158,75000,0.6,1.0,0.399302,17.654518,0.977934,-11.912762,12.517345,29.780146
prioritized,2,461,93354,0.05,1.0,145,131.67,26.88,0.078754,75000,0.6,1.0,0.401164,17.654518,0.980838,-12.022035,12.613033,29.827438
prioritized,2,462,93482,0.05,-1.0,128,25.16,131.76,0.071863,75000,0.6,1.0,0.399441,17.654518,0.972244,-12.08182,12.6565,30.004589
prioritized,2,463,93631,0.05,1.0,149,131.65,24.86,0.077002,75000,0.6,1.0,0.400892,17.654518,0.984154,-11.794919,12.412107,29.663868
prioritized,2,464,93830,0.05,1.0,199,131.4,27.01,0.07301,75000,0.6,1.0,0.401417,17.654518,0.995183,-11.541462,12.125754,29.292955
prioritized,2,465,93938,0.05,-1.0,108,24.46,131.86,0.073342,75000,0.6,1.0,0.401278,17.654518,0.992297,-11.990614,12.53578,29.924162
prioritized,2,466,94034,0.05,-1.0,96,22.92,131.92,0.075474,75000,0.6,1.0,0.401135,17.654518,0.988476,-12.262834,12.803304,30.319088
prioritized,2,467,94171,0.05,1.0,137,131.71,26.32,0.072191,75000,0.6,1.0,0.404907,17.654518,1.014673,-12.070454,12.789634,30.493856
prioritized,2,468,94279,0.05,-1.0,108,27.06,131.86,0.085059,75000,0.6,1.0,0.403868,17.654518,1.006707,-12.612142,13.159575,31.019009
prioritized,2,469,94560,0.05,1.0,281,130.99,23.6,0.078652,75000,0.6,1.0,0.403434,17.654518,1.00827,-12.764681,13.326838,31.174297
prioritized,2,470,94860,0.05,,300,28.7,22.7,0.07815,75000,0.6,1.0,0.403134,17.654518,1.007256,-12.499124,13.019608,30.852152
prioritized,2,471,95018,0.05,-1.0,158,24.21,131.61,0.075598,75000,0.6,1.0,0.400357,17.654518,0.985125,-12.578794,13.095307,30.753674
prioritized,2,472,95135,0.05,1.0,117,131.81,24.02,0.081779,75000,0.6,1.0,0.402748,17.654518,0.989223,-11.840702,12.470429,29.563692
prioritized,2,473,95203,0.05,-1.0,68,23.86,132.06,0.076566,75000,0.6,1.0,0.402788,17.654518,0.995115,-12.030496,12.578748,29.589838
prioritized,2,474,95408,0.05,1.0,205,131.37,22.18,0.073782,75000,0.6,1.0,0.399605,17.654518,0.977007,-12.096421,12.656025,29.789806
prioritized,2,475,95572,0.05,-1.0,164,24.78,131.58,0.07337,75000,0.6,1.0,0.398642,17.654518,0.969903,-11.825099,12.366584,29.361191
prioritized,2,476,95770,0.05,-1.0,198,24.41,131.41,0.076103,75000,0.6,1.0,0.40045,17.654518,0.976808,-12.097845,12.618699,29.590708
prioritized,2,477,96013,0.05,1.0,243,131.18,23.79,0.07621,75000,0.6,1.0,0.400793,17.654518,0.976239,-11.766603,12.31144,29.286762
prioritized,2,478,96279,0.05,-1.0,266,21.47,131.07,0.069712,75000,0.6,1.0,0.400314,17.654518,0.965614,-11.203962,11.776714,28.173943
prioritized,2,479,96477,0.05,-1.0,198,24.01,131.41,0.071854,75000,0.6,1.0,0.399776,17.654518,0.964676,-10.880867,11.43063,27.970331
prioritized,2,480,96632,0.05,1.0,155,131.62,24.83,0.075526,75000,0.6,1.0,0.40063,17.654518,0.965009,-11.011673,11.539936,27.940418
prioritized,2,481,96807,0.05,1.0,175,131.52,26.53,0.072036,75000,0.6,1.0,0.400721,17.654518,0.963635,-11.11358,11.683548,28.213591
prioritized,2,482,96920,0.05,1.0,113,131.83,24.84,0.071993,75000,0.6,1.0,0.402004,17.654518,0.975013,-11.242613,11.772673,28.271494
prioritized,2,483,97220,0.05,,300,26.5,25.5,0.073371,75000,0.6,1.0,0.4003,17.654518,0.972119,-11.140317,11.651443,28.504198
prioritized,2,484,97433,0.05,1.0,213,131.33,25.94,0.070872,75000,0.6,1.0,0.401562,17.654518,0.98761,-11.838021,12.359137,29.406279
prioritized,2,485,97672,0.05,1.0,239,131.2,20.01,0.069357,75000,0.6,1.0,0.399499,17.654518,0.973976,-11.557163,12.089151,28.999813
prioritized,2,486,97972,0.05,-1.0,300,26.3,130.9,0.071441,75000,0.6,1.0,0.4008,17.654518,0.983099,-11.371904,11.99122,28.821089
prioritized,2,487,98214,0.05,-1.0,242,28.79,131.19,0.075499,75000,0.6,1.0,0.402563,17.654518,0.979937,-11.358727,11.971127,28.866632
prioritized,2,488,98426,0.05,-1.0,212,21.74,131.34,0.076125,75000,0.6,1.0,0.403015,17.654518,0.97996,-11.386563,11.989663,28.834833
prioritized,2,489,98542,0.05,-1.0,116,24.62,131.82,0.074051,75000,0.6,1.0,0.403131,17.654518,0.974757,-11.364275,12.000501,28.800367
prioritized,2,490,98639,0.05,1.0,97,131.91,24.72,0.067654,75000,0.6,1.0,0.403041,17.654518,0.974826,-11.69616,12.249145,29.214987
prioritized,2,491,98749,0.05,-1.0,110,23.05,131.85,0.073806,75000,0.6,1.0,0.403398,17.654518,0.974106,-10.550681,11.181973,28.128325
prioritized,2,492,98901,0.05,-1.0,152,24.64,131.64,0.073458,75000,0.6,1.0,0.403892,17.654518,0.974233,-11.780899,12.350255,29.09531
prioritized,2,493,99011,0.05,-1.0,110,23.85,131.85,0.068775,75000,0.6,1.0,0.403046,17.654518,0.966967,-11.006679,11.528345,28.23435
prioritized,2,494,99121,0.05,-1.0,110,29.25,131.85,0.071321,75000,0.6,1.0,0.403334,17.654518,0.960089,-10.461729,11.019085,27.173252
prioritized,2,495,99213,0.05,-1.0,92,23.34,131.94,0.079692,75000,0.6,1.0,0.402648,17.654518,0.946674,-10.697016,11.405083,27.426485
prioritized,2,496,99342,0.05,1.0,129,131.75,22.36,0.068366,75000,0.6,1.0,0.403321,17.654518,0.957233,-10.375375,10.978319,27.111252
prioritized,2,497,99437,0.05,1.0,95,131.92,23.93,0.07481,75000,0.6,1.0,0.403208,17.654518,0.956921,-10.738438,11.396086,27.593273
prioritized,2,498,99698,0.05,1.0,261,131.09,28.5,0.072213,75000,0.6,1.0,0.402184,17.654518,0.956108,-10.332079,10.983545,27.115049
prioritized,2,499,99833,0.05,1.0,135,131.72,21.93,0.068012,75000,0.6,1.0,0.401731,17.654518,0.952813,-10.20546,10.793978,26.724962
prioritized,2,500,99938,0.05,1.0,105,131.87,24.28,0.074316,75000,0.6,1.0,0.401326,17.654518,0.942267,-10.272602,10.836088,26.795399
prioritized,2,501,100030,0.05,-1.0,92,26.74,131.94,0.074852,75000,0.6,1.0,0.404975,17.654518,0.971936,-10.393183,11.035095,27.296774
prioritized,2,502,100330,0.05,,300,26.3,25.5,0.072288,75000,0.6,1.0,0.404757,17.654518,0.959196,-10.891247,11.483629,27.966431
prioritized,2,503,100408,0.05,-1.0,78,22.21,132.01,0.07423,75000,0.6,1.0,0.406762,17.654518,0.973106,-10.855815,11.515134,28.207668
prioritized,2,504,100620,0.05,-1.0,212,26.54,131.34,0.072706,75000,0.6,1.0,0.408251,17.654518,0.976138,-10.87777,11.534313,27.986322
prioritized,2,505,100871,0.05,1.0,251,131.14,25.95,0.070356,75000,0.6,1.0,0.406951,17.654518,0.969272,-10.735812,11.336858,27.745535
prioritized,2,506,100983,0.05,-1.0,112,26.44,131.84,0.080666,75000,0.6,1.0,0.405374,17.654518,0.954343,-11.199376,11.778334,28.321896
prioritized,2,507,101283,0.05,,300,25.5,24.3,0.073331,75000,0.6,1.0,0.406725,17.654518,0.961289,-9.859694,10.478895,26.391088
prioritized,2,508,101385,0.05,-1.0,102,24.49,131.89,0.068113,75000,0.6,1.0,0.404169,17.654518,0.943509,-10.129931,10.759023,26.788534
prioritized,2,509,101559,0.05,-1.0,174,26.53,131.53,0.074897,75000,0.6,1.0,0.403362,17.654518,0.942476,-9.859001,10.592149,26.540087
prioritized,2,510,101701,0.05,-1.0,142,26.49,131.69,0.070791,75000,0.6,1.0,0.404658,17.654518,0.956909,-10.303967,10.965236,27.069098
prioritized,2,511,101831,0.05,-1.0,130,24.35,131.75,0.063333,75000,0.6,1.0,0.403145,17.654518,0.945341,-9.90884,10.605291,26.476294
prioritized,2,512,101902,0.05,1.0,71,132.04,22.65,0.066448,75000,0.6,1.0,0.402947,17.654518,0.94348,-9.978336,10.723944,26.491608
prioritized,2,513,102038,0.05,-1.0,136,23.32,131.72,0.072133,75000,0.6,1.0,0.40417,17.654518,0.947785,-9.616168,10.271134,26.150492
prioritized,2,514,102150,0.05,-1.0,112,27.04,131.84,0.071025,75000,0.6,1.0,0.405421,17.654518,0.952041,-10.127034,10.805425,26.767233
prioritized,2,515,102238,0.05,-1.0,88,22.76,131.96,0.069836,75000,0.6,1.0,0.404594,17.654518,0.938426,-10.452526,11.133512,27.029112
prioritized,2,516,102350,0.05,-1.0,112,27.24,131.84,0.07323,75000,0.6,1.0,0.406413,17.654518,0.943528,-9.808401,10.48849,26.370417
prioritized,2,517,102476,0.05,-1.0,126,24.77,131.77,0.074553,75000,0.6,1.0,0.407118,17.654518,0.944555,-10.183573,10.922212,26.727484
prioritized,2,518,102563,0.05,1.0,87,131.96,27.37,0.065853,75000,0.6,1.0,0.406966,17.654518,0.942861,-9.83878,10.539032,26.431044
prioritized,2,519,102684,0.05,1.0,121,131.79,26.8,0.066954,75000,0.6,1.0,0.408196,17.654518,0.953819,-9.965325,10.686764,26.455936
prioritized,2,520,102767,0.05,1.0,83,131.98,22.19,0.081845,75000,0.6,1.0,0.406824,17.654518,0.939447,-10.203502,10.884831,26.727818
prioritized,2,521,102892,0.05,1.0,125,131.77,24.58,0.072289,75000,0.6,1.0,0.407888,17.654518,0.948946,-10.055153,10.78236,26.672726
prioritized,2,522,103068,0.05,-1.0,176,24.12,131.52,0.069423,75000,0.6,1.0,0.410085,17.654518,0.959828,-10.044886,10.735795,26.638943
prioritized,2,523,103195,0.05,1.0,127,131.76,24.17,0.082024,75000,0.6,1.0,0.411258,17.654518,0.955743,-10.260534,10.979952,27.09425
prioritized,2,524,103299,0.05,-1.0,104,25.08,131.88,0.082117,75000,0.6,1.0,0.414466,17.654518,0.969205,-10.323763,11.165524,27.298019
prioritized,2,525,103410,0.05,1.0,111,131.84,26.85,0.079433,75000,0.6,1.0,0.412564,17.654518,0.949234,-10.501434,11.297323,27.376259
prioritized,2,526,103524,0.05,-1.0,114,27.03,131.83,0.073864,75000,0.6,1.0,0.414358,17.654518,0.965981,-9.734485,10.467672,26.379877
prioritized,2,527,103683,0.05,1.0,159,131.6,27.01,0.07786,75000,0.6,1.0,0.41301,17.654518,0.947318,-10.109702,10.848092,26.852278
prioritized,2,528,103829,0.05,-1.0,146,25.07,131.67,0.079505,75000,0.6,1.0,0.415732,17.654518,0.964242,-10.1757,10.977574,26.979883
prioritized,2,529,104043,0.05,-1.0,214,24.13,131.33,0.081285,75000,0.6,1.0,0.416994,18.076292,0.958121,-10.200145,10.927305,26.763306
prioritized,2,530,104152,0.05,1.0,109,131.85,25.06,0.082051,75000,0.6,1.0,0.418007,18.140032,0.963957,-10.518871,11.299212,27.563812
prioritized,2,531,104236,0.05,-1.0,84,20.18,131.98,0.082987,75000,0.6,1.0,0.418085,18.145149,0.957916,-9.654397,10.485491,26.480146
prioritized,2,532,104341,0.05,1.0,105,131.87,22.28,0.078696,75000,0.6,1.0,0.419388,18.145149,0.963358,-9.893118,10.686865,26.753345
prioritized,2,533,104463,0.05,-1.0,122,21.99,131.79,0.080113,75000,0.6,1.0,0.419713,18.145149,0.96078,-9.987173,10.845222,26.960749
prioritized,2,534,104667,0.05,-1.0,204,19.38,131.38,0.079875,75000,0.6,1.0,0.422232,18.145149,0.980197,-9.978628,10.665621,26.697964
prioritized,2,535,104757,0.05,-1.0,90,23.95,131.95,0.070217,75000,0.6,1.0,0.422938,18.145149,0.981191,-9.580219,10.455849,26.41778
prioritized,2,536,104838,0.05,1.0,81,131.99,24.6,0.075855,75000,0.6,1.0,0.421992,18.145149,0.969529,-9.985113,10.697159,26.820688
prioritized,2,537,105011,0.05,1.0,173,131.53,24.14,0.075926,75000,0.6,1.0,0.421247,18.145149,0.9543,-10.120932,10.840206,26.783493
prioritized,2,538,105111,0.05,-1.0,100,26.9,131.9,0.07543,75000,0.6,1.0,0.421232,18.145149,0.948378,-9.810401,10.618198,26.336834
prioritized,2,539,105206,0.05,1.0,95,131.92,24.13,0.077559,75000,0.6,1.0,0.424749,18.145149,0.977035,-10.059359,10.742761,26.815346
prioritized,2,540,105506,0.05,,300,26.5,25.5,0.071926,75000,0.6,1.0,0.42477,18.145149,0.972036,-9.312634,10.105153,25.802052
prioritized,2,541,105664,0.05,-1.0,158,24.81,131.61,0.071886,75000,0.6,1.0,0.423715,18.145149,0.958359,-9.820866,10.602818,26.355284
prioritized,2,542,105765,0.05,1.0,101,131.89,24.9,0.079628,75000,0.6,1.0,0.42304,18.145149,0.951314,-9.519236,10.313921,25.988243
prioritized,2,543,105926,0.05,1.0,161,131.59,26.4,0.066797,75000,0.6,1.0,0.423889,18.145149,0.958769,-9.597999,10.325974,25.991234
prioritized,2,544,106079,0.05,1.0,153,131.63,26.84,0.076254,75000,0.6,1.0,0.423646,18.145149,0.947271,-9.445974,10.241581,25.528988
prioritized,2,545,106379,0.05,,300,27.5,26.5,0.075124,75000,0.6,1.0,0.42287,18.145149,0.933622,-8.518057,9.370792,24.1127
prioritized,2,546,106501,0.05,-1.0,122,26.79,131.79,0.071329,75000,0.6,1.0,0.423977,18.145149,0.950295,-7.907935,8.744036,23.348061
prioritized,2,547,106589,0.05,-1.0,88,18.76,131.96,0.074419,75000,0.6,1.0,0.422246,18.145149,0.932704,-8.990688,9.716146,24.406601
prioritized,2,548,106889,0.05,,300,27.7,26.5,0.073395,75000,0.6,1.0,0.421472,18.145149,0.928652,-8.79685,9.617867,24.398428
prioritized,2,549,107004,0.05,1.0,115,131.82,27.03,0.07141,75000,0.6,1.0,0.421221,18.145149,0.928587,-8.057588,8.84646,23.055422
prioritized,2,550,107216,0.05,-1.0,212,23.54,131.34,0.076543,75000,0.6,1.0,0.422171,18.145149,0.91667,-8.772743,9.561699,24.280081
prioritized,2,551,107307,0.05,1.0,91,131.94,22.55,0.06333,75000,0.6,1.0,0.421591,18.145149,0.910619,-7.984844,8.748585,23.30023
prioritized,2,552,107434,0.05,1.0,127,131.76,23.77,0.067396,75000,0.6,1.0,0.423476,18.145149,0.931137,-8.102868,8.82719,23.15823
prioritized,2,553,107535,0.05,1.0,101,131.89,21.7,0.079891,75000,0.6,1.0,0.422823,18.145149,0.913584,-8.154623,9.037834,23.460981
prioritized,2,554,107627,0.05,-1.0,92,26.34,131.94,0.070203,75000,0.6,1.0,0.424361,18.145149,0.921672,-8.004385,8.868701,23.178995
prioritized,2,555,107711,0.05,-1.0,84,24.98,131.98,0.068898,75000,0.6,1.0,0.424162,18.145149,0.922356,-8.76055,9.554412,24.395218
prioritized,2,556,107879,0.05,-1.0,168,20.96,131.56,0.070999,75000,0.6,1.0,0.424273,18.145149,0.921184,-8.239354,9.090768,23.456491
prioritized,2,557,107981,0.05,-1.0,102,22.29,131.89,0.071277,75000,0.6,1.0,0.421793,18.145149,0.901303,-8.171935,9.036171,23.342314
prioritized,2,558,108140,0.05,1.0,159,131.6,27.01,0.076705,75000,0.6,1.0,0.425371,18.145149,0.918913,-8.270361,9.142311,23.566761
prioritized,2,559,108230,0.05,-1.0,90,24.15,131.95,0.078734,75000,0.6,1.0,0.427755,18.145149,0.934507,-8.514047,9.40587,24.030762
prioritized,2,560,108327,0.05,1.0,97,131.91,27.52,0.072774,75000,0.6,1.0,0.426575,18.145149,0.917324,-7.740588,8.632965,23.019859
prioritized,2,561,108627,0.05,,300,27.7,26.5,0.073833,75000,0.6,1.0,0.425443,18.145149,0.904977,-7.87468,8.775877,22.980268
prioritized,2,562,108927,0.05,,300,26.5,27.7,0.069545,75000,0.6,1.0,0.428539,18.145149,0.924055,-8.001335,8.934203,23.18836
prioritized,2,563,109047,0.05,-1.0,120,24.4,131.8,0.069572,75000,0.6,1.0,0.426126,18.145149,0.884987,-7.423843,8.380741,21.969904
prioritized,2,564,109192,0.05,1.0,145,131.67,26.48,0.074758,75000,0.6,1.0,0.426842,18.145149,0.887653,-6.462635,7.427485,20.369678
prioritized,2,565,109293,0.05,1.0,101,131.89,24.3,0.06632,75000,0.6,1.0,0.425497,18.145149,0.86472,-6.51802,7.418189,20.391012
prioritized,2,566,109469,0.05,-1.0,176,23.32,131.52,0.066618,75000,0.6,1.0,0.427426,18.145149,0.878874,-6.529872,7.488798,20.564497
prioritized,2,567,109563,0.05,-1.0,94,29.73,131.93,0.076998,75000,0.6,1.0,0.427584,18.145149,0.878326,-6.500134,7.476532,20.296442
prioritized,2,568,109863,0.05,,300,23.3,26.5,0.069842,75000,0.6,1.0,0.424874,18.145149,0.861125,-6.888019,7.841694,20.899853
prioritized,2,569,110022,0.05,1.0,159,131.6,22.41,0.069844,75000,0.6,1.0,0.425643,18.145149,0.871253,-6.278124,7.2417,20.035063
prioritized,2,570,110205,0.05,1.0,183,131.48,25.89,0.068578,75000,0.6,1.0,0.427478,18.145149,0.886986,-6.931671,7.938117,21.311052
prioritized,2,571,110342,0.05,1.0,137,131.71,24.32,0.064574,75000,0.6,1.0,0.427213,18.145149,0.883575,-6.94821,7.918286,21.245506
prioritized,2,572,110456,0.05,-1.0,114,24.23,131.83,0.059353,75000,0.6,1.0,0.425934,18.145149,0.876033,-6.561694,7.540668,20.843704
prioritized,2,573,110580,0.05,-1.0,124,26.38,131.78,0.067862,75000,0.6,1.0,0.424156,18.145149,0.862088,-6.719188,7.671983,20.939981
prioritized,2,574,110678,0.05,-1.0,98,20.71,131.91,0.06291,75000,0.6,1.0,0.423539,18.145149,0.85578,-6.547144,7.575035,20.872364
prioritized,2,575,110905,0.05,1.0,227,131.26,25.87,0.07074,75000,0.6,1.0,0.424069,18.145149,0.858156,-6.668961,7.648514,20.877779
prioritized,2,576,111013,0.05,-1.0,108,24.66,131.86,0.074961,75000,0.6,1.0,0.424573,18.145149,0.857811,-6.470351,7.465587,20.567507
prioritized,2,577,111294,0.05,1.0,281,130.99,26.0,0.069002,75000,0.6,1.0,0.426862,18.145149,0.855872,-6.306508,7.372479,20.375109
prioritized,2,578,111418,0.05,-1.0,124,26.78,131.78,0.060626,75000,0.6,1.0,0.426961,18.145149,0.857797,-6.043618,7.062787,19.988398
prioritized,2,579,111502,0.05,-1.0,84,21.18,131.98,0.063017,75000,0.6,1.0,0.425627,18.145149,0.845313,-5.836222,6.872985,19.480988
prioritized,2,580,111802,0.05,,300,26.5,23.1,0.069592,75000,0.6,1.0,0.428387,18.145149,0.866252,-6.248539,7.296122,20.144205
prioritized,2,581,112024,0.05,-1.0,222,23.29,131.29,0.065102,75000,0.6,1.0,0.427448,18.145149,0.847402,-5.65039,6.674024,19.044485
prioritized,2,582,112127,0.05,1.0,103,131.88,26.69,0.066406,75000,0.6,1.0,0.426827,18.145149,0.829107,-5.512341,6.588444,18.831934
prioritized,2,583,112427,0.05,,300,24.3,25.5,0.06657,75000,0.6,1.0,0.426991,18.145149,0.833066,-5.686406,6.846,19.31361
prioritized,2,584,112727,0.05,,300,26.5,25.3,0.063706,75000,0.6,1.0,0.425731,18.145149,0.828086,-5.080834,6.187808,18.062511
prioritized,2,585,112855,0.05,-1.0,128,24.36,131.76,0.063985,75000,0.6,1.0,0.426041,18.145149,0.834721,-5.18249,6.22019,18.147915
prioritized,2,586,112956,0.05,1.0,101,131.89,27.1,0.066309,75000,0.6,1.0,0.425546,18.145149,0.82755,-5.392941,6.444766,18.422594
prioritized,2,587,113194,0.05,-1.0,238,25.61,131.21,0.066868,75000,0.6,1.0,0.425637,18.145149,0.811888,-4.989281,6.172651,17.987286
prioritized,2,588,113494,0.05,,300,21.1,28.7,0.063215,75000,0.6,1.0,0.425749,18.145149,0.8092,-4.931812,6.173251,18.016678
prioritized,2,589,113602,0.05,-1.0,108,24.26,131.86,0.060426,75000,0.6,1.0,0.424708,18.145149,0.798072,-4.690534,5.811876,17.549006
prioritized,2,590,113902,0.05,,300,25.3,28.3,0.06233,75000,0.6,1.0,0.426739,18.145149,0.819484,-5.086424,6.238058,18.158442
prioritized,2,591,114008,0.05,-1.0,106,22.67,131.87,0.068088,75000,0.6,1.0,0.424794,18.145149,0.793786,-4.569282,5.863356,17.182159
prioritized,2,592,114199,0.05,1.0,191,131.44,26.45,0.064992,75000,0.6,1.0,0.426548,18.145149,0.807417,-4.311315,5.532316,16.680716
prioritized,2,593,114291,0.05,-1.0,92,22.94,131.94,0.063671,75000,0.6,1.0,0.425297,18.145149,0.793292,-4.17474,5.369388,16.157167
prioritized,2,594,114521,0.05,-1.0,230,24.25,131.25,0.058755,75000,0.6,1.0,0.423035,18.145149,0.782953,-4.231868,5.471813,16.468729
prioritized,2,595,114620,0.05,1.0,99,131.9,27.11,0.058132,75000,0.6,1.0,0.422711,18.145149,0.790993,-3.951868,5.056224,16.029657
prioritized,2,596,114724,0.05,-1.0,104,29.68,131.88,0.053004,75000,0.6,1.0,0.421689,18.145149,0.783576,-4.06144,5.309558,16.159203
prioritized,2,597,114921,0.05,1.0,197,131.41,26.22,0.063143,75000,0.6,1.0,0.422181,18.145149,0.784557,-4.154946,5.533139,16.408571
prioritized,2,598,115221,0.05,,300,26.5,25.3,0.065519,75000,0.6,1.0,0.42677,18.145149,0.813937,-4.250729,5.529682,16.805037
prioritized,2,599,115299,0.05,-1.0,78,27.41,132.01,0.062528,75000,0.6,1.0,0.426638,18.145149,0.810579,-4.284461,5.581329,17.224047
prioritized,2,600,115446,0.05,1.0,147,131.66,23.87,0.064384,75000,0.6,1.0,0.427173,18.145149,0.808172,-4.39007,5.716081,17.20834
prioritized,2,601,115559,0.05,1.0,113,131.83,27.24,0.061105,75000,0.6,1.0,0.426702,18.145149,0.803243,-4.214334,5.562688,16.731888
prioritized,2,602,115664,0.05,1.0,105,131.87,26.48,0.057216,75000,0.6,1.0,0.42643,18.145149,0.797298,-3.884912,5.351233,16.314932
prioritized,2,603,115778,0.05,-1.0,114,22.43,131.83,0.059913,75000,0.6,1.0,0.42805,18.145149,0.819833,-4.469004,5.812881,17.579973
prioritized,2,604,116078,0.05,,300,25.1,26.5,0.064849,75000,0.6,1.0,0.426092,18.145149,0.788415,-4.218431,5.557098,16.88098
prioritized,2,605,116378,0.05,,300,26.3,27.3,0.056728,75000,0.6,1.0,0.426724,18.145149,0.790225,-3.689326,5.206639,15.854568
prioritized,2,606,116603,0.05,1.0,225,131.27,23.68,0.061929,75000,0.6,1.0,0.426239,18.145149,0.787337,-3.692616,5.228867,15.784371
prioritized,2,607,116709,0.05,-1.0,106,26.67,131.87,0.069508,75000,0.6,1.0,0.426313,18.145149,0.777349,-3.56688,5.123312,15.797986
prioritized,2,608,116814,0.05,1.0,105,131.87,24.28,0.05483,75000,0.6,1.0,0.425798,18.145149,0.776174,-3.628547,5.073097,15.583695
prioritized,2,609,117114,0.05,,300,25.3,28.7,0.059711,75000,0.6,1.0,0.428143,18.145149,0.783822,-3.480378,5.011356,15.533937
prioritized,2,610,117203,0.05,1.0,89,131.95,20.36,0.061867,75000,0.6,1.0,0.428283,18.145149,0.776514,-3.210574,4.9145,14.926457
prioritized,2,611,117390,0.05,1.0,187,131.46,22.07,0.058371,75000,0.6,1.0,0.427439,18.145149,0.754705,-3.162496,4.838758,15.172669
prioritized,2,612,117496,0.05,-1.0,106,22.27,131.87,0.056961,75000,0.6,1.0,0.429407,18.145149,0.771985,-2.763617,4.44427,13.994698
prioritized,2,613,117579,0.05,1.0,83,131.98,23.79,0.061399,75000,0.6,1.0,0.430475,18.145149,0.784041,-3.072046,4.778835,15.057
prioritized,2,614,117745,0.05,-1.0,166,23.97,131.57,0.059941,75000,0.6,1.0,0.429241,18.145149,0.766484,-3.21391,4.892333,15.169019
prioritized,2,615,117825,0.05,-1.0,80,24.8,132.0,0.057269,75000,0.6,1.0,0.429424,18.145149,0.765275,-3.456468,4.996274,15.49411
prioritized,2,616,118081,0.05,-1.0,256,19.52,131.12,0.06599,75000,0.6,1.0,0.433151,18.145149,0.772428,-2.948097,4.671321,14.654238
prioritized,2,617,118162,0.05,1.0,81,131.99,24.4,0.063299,75000,0.6,1.0,0.433967,18.145149,0.77273,-2.531102,4.453012,13.841074
prioritized,2,618,118313,0.05,1.0,151,131.64,24.05,0.062652,75000,0.6,1.0,0.434235,18.145149,0.778443,-2.769422,4.708857,14.445235
prioritized,2,619,118459,0.05,-1.0,146,26.67,131.67,0.058677,75000,0.6,1.0,0.43294,18.145149,0.765644,-2.832167,4.710022,14.708691
prioritized,2,620,118552,0.05,1.0,93,131.93,23.54,0.064222,75000,0.6,1.0,0.432918,18.145149,0.770387,-3.13545,4.932361,15.090207
prioritized,2,621,118649,0.05,1.0,97,131.91,22.52,0.063234,75000,0.6,1.0,0.429591,18.145149,0.742591,-2.467438,4.289537,13.722609
prioritized,2,622,118769,0.05,-1.0,120,25.0,131.8,0.064239,75000,0.6,1.0,0.430882,18.145149,0.756206,-3.01155,4.818755,14.871403
prioritized,2,623,119069,0.05,,300,26.5,25.1,0.058681,75000,0.6,1.0,0.430936,18.145149,0.759831,-2.698514,4.51689,14.141481
prioritized,2,624,119166,0.05,1.0,97,131.91,23.12,0.067526,75000,0.6,1.0,0.430626,18.145149,0.75581,-2.784339,4.679166,14.907398
prioritized,2,625,119269,0.05,1.0,103,131.88,25.09,0.061005,75000,0.6,1.0,0.433084,18.145149,0.780529,-2.434013,4.570671,14.419695
prioritized,2,626,119494,0.05,1.0,225,131.27,26.28,0.059444,75000,0.6,1.0,0.432476,18.145149,0.748413,-2.490512,4.473791,14.257546
prioritized,2,627,119628,0.05,-1.0,134,26.73,131.73,0.05654,75000,0.6,1.0,0.43191,18.145149,0.749879,-2.457674,4.363211,14.069083
prioritized,2,628,119899,0.05,1.0,271,131.04,23.85,0.058339,75000,0.6,1.0,0.433051,18.145149,0.772281,-2.539986,4.549955,14.540815
prioritized,2,629,120002,0.05,1.0,103,131.88,29.49,0.060333,75000,0.6,1.0,0.429614,18.145149,0.740061,-2.743373,4.730045,14.727077
prioritized,2,630,120302,0.05,,300,26.5,25.3,0.056427,75000,0.6,1.0,0.432964,18.145149,0.762408,-2.277891,4.307333,13.932309
prioritized,2,631,120462,0.05,-1.0,160,26.2,131.6,0.054526,75000,0.6,1.0,0.432206,18.145149,0.758098,-2.131525,4.166254,13.468295
prioritized,2,632,120548,0.05,-1.0,86,26.37,131.97,0.053215,75000,0.6,1.0,0.432859,18.145149,0.766955,-2.294011,4.390792,13.884714
prioritized,2,633,120642,0.05,-1.0,94,27.53,131.93,0.058944,75000,0.6,1.0,0.42997,18.145149,0.73328,-2.36008,4.473552,14.08364
prioritized,2,634,120855,0.05,1.0,213,131.33,26.14,0.056673,75000,0.6,1.0,0.431945,18.145149,0.745716,-2.217881,4.273944,13.78316
prioritized,2,635,120957,0.05,-1.0,102,23.69,131.89,0.060325,75000,0.6,1.0,0.433931,18.145149,0.769792,-2.323105,4.2888,13.884497
prioritized,2,636,121257,0.05,,300,28.7,27.5,0.061074,75000,0.6,1.0,0.431589,18.145149,0.743344,-1.928979,4.165531,13.391057
prioritized,2,637,121557,0.05,,300,27.7,25.9,0.060289,75000,0.6,1.0,0.431501,18.145149,0.740418,-1.832544,4.051483,12.944862
prioritized,2,638,121857,0.05,,300,28.7,25.3,0.053691,75000,0.6,1.0,0.428167,18.145149,0.728215,-1.759455,3.866776,12.658215
prioritized,2,639,121952,0.05,1.0,95,131.92,29.13,0.05228,75000,0.6,1.0,0.429391,18.145149,0.737858,-1.636721,3.804366,12.567957
prioritized,2,640,122091,0.05,1.0,139,131.7,19.11,0.05732,75000,0.6,1.0,0.429446,18.145149,0.737354,-1.900644,3.953121,12.964966
prioritized,2,641,122391,0.05,,300,23.3,28.7,0.055721,75000,0.6,1.0,0.429584,18.145149,0.729708,-1.765145,3.900759,12.79149
prioritized,2,642,122545,0.05,-1.0,154,28.43,131.63,0.061706,75000,0.6,1.0,0.429046,18.145149,0.735489,-1.675135,3.712044,12.349891
prioritized,2,643,122845,0.05,,300,23.3,26.5,0.057664,75000,0.6,1.0,0.425651,18.145149,0.706242,-1.638742,3.738663,12.444237
prioritized,2,644,122936,0.05,1.0,91,131.94,21.75,0.051873,75000,0.6,1.0,0.427459,18.145149,0.736087,-1.737587,3.567686,12.166978
prioritized,2,645,123026,0.05,-1.0,90,24.15,131.95,0.055279,75000,0.6,1.0,0.428904,18.145149,0.735739,-1.597616,3.739414,12.420738
prioritized,2,646,123251,0.05,1.0,225,131.27,21.88,0.065536,75000,0.6,1.0,0.435284,18.145149,0.751915,-1.756652,4.184652,13.705656
prioritized,2,647,123355,0.05,-1.0,104,21.68,131.88,0.064208,75000,0.6,1.0,0.437734,18.145149,0.769092,-1.724898,4.052608,13.333372
prioritized,2,648,123524,0.05,1.0,169,131.55,24.16,0.060357,75000,0.6,1.0,0.436917,18.145149,0.751158,-1.80207,4.168924,13.669705
prioritized,2,649,123824,0.05,,300,26.5,25.5,0.059549,75000,0.6,1.0,0.436356,18.145149,0.755465,-1.755448,4.249435,13.636136
prioritized,2,650,124124,0.05,,300,28.5,24.9,0.062401,75000,0.6,1.0,0.437387,18.145149,0.728622,-1.569393,4.040732,13.299393
prioritized,2,651,124424,0.05,,300,25.3,26.5,0.061589,75000,0.6,1.0,0.440257,18.145149,0.751445,-1.315026,3.91386,12.577843
prioritized,2,652,124543,0.05,1.0,119,131.8,25.81,0.060092,75000,0.6,1.0,0.437797,18.145149,0.732664,-1.239954,4.026853,12.868282
prioritized,2,653,124651,0.05,-1.0,108,26.26,131.86,0.059625,75000,0.6,1.0,0.438444,18.145149,0.748921,-1.568658,4.037677,13.274273
prioritized,2,654,124785,0.05,-1.0,134,24.73,131.73,0.062877,75000,0.6,1.0,0.437939,18.145149,0.744175,-1.27303,3.906412,12.731437
prioritized,2,655,125085,0.05,,300,27.7,28.5,0.059621,75000,0.6,1.0,0.440293,18.145149,0.743659,-1.205136,3.775551,12.224895
prioritized,2,656,125221,0.05,-1.0,136,22.12,131.72,0.063932,75000,0.6,1.0,0.439505,18.145149,0.732294,-1.16043,3.951437,12.420796
prioritized,2,657,125466,0.05,1.0,245,131.17,23.78,0.058894,75000,0.6,1.0,0.44023,18.145149,0.72925,-0.951874,3.763324,11.962313
prioritized,2,658,125685,0.05,1.0,219,131.3,26.91,0.057654,75000,0.6,1.0,0.440023,18.145149,0.731148,-0.869185,3.646905,11.663045
prioritized,2,659,125985,0.05,,300,26.5,27.5,0.059066,75000,0.6,1.0,0.439139,18.145149,0.729207,-0.85952,3.708263,11.875126
prioritized,2,660,126088,0.05,1.0,103,131.88,22.09,0.05966,75000,0.6,1.0,0.441672,18.145149,0.74275,-1.010852,3.867476,12.403187
prioritized,2,661,126331,0.05,1.0,243,131.18,23.19,0.059602,75000,0.6,1.0,0.441335,18.145149,0.723274,-0.826761,3.809433,12.302236
prioritized,2,662,126631,0.05,,300,23.1,28.7,0.059403,75000,0.6,1.0,0.44375,18.145149,0.738188,-0.923408,3.745517,12.203561
prioritized,2,663,126747,0.05,-1.0,116,21.62,131.82,0.057167,75000,0.6,1.0,0.442842,18.145149,0.724927,-0.447484,3.453974,11.211663
prioritized,2,664,127047,0.05,,300,25.5,28.5,0.057672,75000,0.6,1.0,0.44468,18.145149,0.752242,-1.030668,3.75307,12.067407
prioritized,2,665,127146,0.05,1.0,99,131.9,26.51,0.058421,75000,0.6,1.0,0.443631,18.145149,0.743454,-0.654187,3.403169,11.033578
prioritized,2,666,127267,0.05,1.0,121,131.79,26.2,0.056158,75000,0.6,1.0,0.442361,18.145149,0.741628,-0.858807,3.480965,11.426939
prioritized,2,667,127567,0.05,,300,25.3,26.5,0.058833,75000,0.6,1.0,0.43794,18.145149,0.720082,-0.894078,3.654823,11.829285
prioritized,2,668,127766,0.05,1.0,199,131.4,26.81,0.059646,75000,0.6,1.0,0.437676,18.145149,0.732713,-1.077442,3.587552,12.001885
prioritized,2,669,128034,0.05,-1.0,268,28.86,131.06,0.055485,75000,0.6,1.0,0.435333,18.145149,0.714792,-0.76071,3.588184,11.66196
prioritized,2,670,128302,0.05,-1.0,268,28.06,131.06,0.058511,75000,0.6,1.0,0.437837,18.145149,0.739729,-0.971412,3.624264,11.938802
prioritized,2,671,128399,0.05,1.0,97,131.91,26.52,0.066218,75000,0.6,1.0,0.436176,18.145149,0.722735,-0.904937,3.686924,11.904941
prioritized,2,672,128699,0.05,,300,26.3,24.1,0.053201,75000,0.6,1.0,0.433922,18.145149,0.722115,-0.848366,3.561784,11.759783
prioritized,2,673,128999,0.05,,300,27.7,26.5,0.056544,75000,0.6,1.0,0.43122,18.145149,0.70658,-0.963748,3.596525,11.962388
prioritized,2,674,129227,0.05,-1.0,228,23.86,131.26,0.061898,75000,0.6,1.0,0.43284,18.145149,0.712907,-0.482721,3.427488,11.451426
prioritized,2,675,129392,0.05,1.0,165,131.57,26.58,0.05785,75000,0.6,1.0,0.433721,18.145149,0.726573,-0.583733,3.707965,12.026559
prioritized,2,676,129692,0.05,,300,25.5,28.7,0.056979,75000,0.6,1.0,0.434114,18.145149,0.740459,-0.570064,3.54674,11.545806
prioritized,2,677,129991,0.05,1.0,299,130.9,25.71,0.054757,75000,0.6,1.0,0.430943,18.145149,0.71227,-0.592473,3.526162,11.600853
prioritized,2,678,130136,0.05,1.0,145,131.67,26.08,0.065343,75000,0.6,1.0,0.432688,18.145149,0.715827,-0.461465,3.606046,11.590419
prioritized,2,679,130224,0.05,-1.0,88,22.96,131.96,0.056166,75000,0.6,1.0,0.433611,18.145149,0.722388,-0.457576,3.482987,11.154388
prioritized,2,680,130318,0.05,-1.0,94,26.53,131.93,0.063441,75000,0.6,1.0,0.432894,18.145149,0.717409,-0.852428,3.653694,11.721628
prioritized,2,681,130618,0.05,,300,22.9,28.7,0.056625,75000,0.6,1.0,0.432263,18.145149,0.720686,-0.398989,3.319198,10.847985
prioritized,2,682,130903,0.05,1.0,285,130.97,28.78,0.052044,75000,0.6,1.0,0.430647,18.145149,0.712111,-0.405179,3.263508,10.735833
prioritized,2,683,131015,0.05,-1.0,112,26.84,131.84,0.056826,75000,0.6,1.0,0.430422,18.145149,0.702296,-0.411735,3.280848,10.920346
prioritized,2,684,131145,0.05,-1.0,130,24.95,131.75,0.052274,75000,0.6,1.0,0.431316,18.145149,0.714428,-0.380025,3.326101,10.956611
prioritized,2,685,131445,0.05,,300,26.1,25.9,0.058548,75000,0.6,1.0,0.432777,18.145149,0.708204,-0.490442,3.408031,10.989569
prioritized,2,686,131642,0.05,1.0,197,131.41,26.22,0.057653,75000,0.6,1.0,0.432257,18.145149,0.715803,-0.637655,3.5762,11.547427
prioritized,2,687,131942,0.05,,300,25.5,28.7,0.054374,75000,0.6,1.0,0.428358,18.145149,0.693322,-0.48256,3.384098,11.123054
prioritized,2,688,132242,0.05,,300,25.5,26.3,0.062469,75000,0.6,1.0,0.434852,18.145149,0.724886,-0.742359,3.675701,11.917874
prioritized,2,689,132542,0.05,,300,23.1,26.5,0.057675,75000,0.6,1.0,0.436523,18.145149,0.72826,-0.615887,3.484253,11.250744
prioritized,2,690,132641,0.05,1.0,99,131.9,21.91,0.063836,75000,0.6,1.0,0.435308,18.145149,0.70656,-0.582683,3.473213,11.293717
prioritized,2,691,132941,0.05,,300,26.5,25.5,0.05503,75000,0.6,1.0,0.434061,18.145149,0.711107,-0.593645,3.451038,11.368903
prioritized,2,692,133241,0.05,,300,26.5,25.3,0.063086,75000,0.6,1.0,0.439557,18.145149,0.731325,-0.284758,3.761709,12.094922
prioritized,2,693,133441,0.05,-1.0,200,20.6,131.4,0.058719,75000,0.6,1.0,0.439391,18.145149,0.724707,-0.189068,3.618622,11.54173
prioritized,2,694,133531,0.05,-1.0,90,29.55,131.95,0.061873,75000,0.6,1.0,0.440278,18.145149,0.737265,-0.061293,3.5181,11.493401
prioritized,2,695,133831,0.05,,300,25.3,26.5,0.058759,75000,0.6,1.0,0.43924,18.145149,0.720833,-0.25961,3.65135,11.818985
prioritized,2,696,133993,0.05,-1.0,162,25.99,131.59,0.056817,75000,0.6,1.0,0.437932,18.145149,0.712716,-0.020434,3.427101,11.06741
prioritized,2,697,134077,0.05,-1.0,84,21.38,131.98,0.062315,75000,0.6,1.0,0.438671,18.145149,0.705661,-0.216639,3.401798,10.679774
prioritized,2,698,134377,0.05,,300,27.7,24.3,0.062306,75000,0.6,1.0,0.437766,18.145149,0.710512,-0.211717,3.246412,10.430285
prioritized,2,699,134677,0.05,,300,25.5,26.5,0.056354,75000,0.6,1.0,0.434069,18.145149,0.695071,-0.182414,3.186546,10.230644
prioritized,2,700,134778,0.05,1.0,101,131.89,29.5,0.060568,75000,0.6,1.0,0.434416,18.145149,0.706052,-0.323131,3.308911,10.724325
prioritized,2,701,134992,0.05,-1.0,214,29.13,131.33,0.0555,75000,0.6,1.0,0.432915,18.145149,0.705451,-0.126205,3.108659,10.023371
prioritized,2,702,135292,0.05,,300,28.5,25.3,0.058972,75000,0.6,1.0,0.436441,18.145149,0.721766,-0.120314,3.414547,10.744227
prioritized,2,703,135592,0.05,,300,23.1,26.3,0.057625,75000,0.6,1.0,0.434844,18.145149,0.722263,-0.093967,3.326364,10.57738
prioritized,2,704,135696,0.05,-1.0,104,29.08,131.88,0.056928,75000,0.6,1.0,0.433689,18.145149,0.704883,-0.178345,3.167466,10.302021
prioritized,2,705,135996,0.05,,300,25.5,28.5,0.0532,75000,0.6,1.0,0.430533,18.145149,0.712441,-0.121296,3.221006,10.38413
prioritized,2,706,136095,0.05,1.0,99,131.9,23.31,0.064712,75000,0.6,1.0,0.433953,18.145149,0.715094,-0.345581,3.559123,11.318323
prioritized,2,707,136395,0.05,,300,28.7,23.1,0.065427,75000,0.6,1.0,0.438142,18.145149,0.710103,-0.217243,3.511642,10.99145
prioritized,2,708,136477,0.05,-1.0,82,24.79,131.99,0.060176,75000,0.6,1.0,0.437752,18.145149,0.701215,-0.420999,3.55119,11.430494
prioritized,2,709,136777,0.05,,300,27.7,28.7,0.061324,75000,0.6,1.0,0.439131,18.145149,0.717027,-0.291283,3.367549,10.784664
prioritized,2,710,136910,0.05,1.0,133,131.73,24.34,0.053471,75000,0.6,1.0,0.44048,18.145149,0.730407,-0.173338,3.215361,10.39609
prioritized,2,711,137078,0.05,-1.0,168,26.76,131.56,0.061214,75000,0.6,1.0,0.440921,18.145149,0.728101,-0.116247,3.275234,10.466542
prioritized,2,712,137154,0.05,-1.0,76,22.62,132.02,0.06328,75000,0.6,1.0,0.439189,18.145149,0.707351,-0.027486,3.35616,10.507796
prioritized,2,713,137454,0.05,,300,26.5,23.3,0.060675,75000,0.6,1.0,0.437853,18.145149,0.701154,-0.257715,3.276837,10.44851
prioritized,2,714,137754,0.05,,300,23.1,26.5,0.053377,75000,0.6,1.0,0.435764,18.145149,0.70269,-0.150624,3.152961,10.018969
prioritized,2,715,137989,0.05,1.0,235,131.22,28.43,0.055955,75000,0.6,1.0,0.43349,18.145149,0.700837,-0.206034,3.049389,9.905595
prioritized,2,716,138148,0.05,1.0,159,131.6,24.41,0.056119,75000,0.6,1.0,0.43041,18.145149,0.668338,-0.369186,2.854708,9.371636
prioritized,2,717,138448,0.05,,300,27.7,28.7,0.054281,75000,0.6,1.0,0.426622,18.145149,0.671064,-0.513571,2.664486,8.854452
prioritized,2,718,138639,0.05,1.0,191,131.44,26.25,0.054451,75000,0.6,1.0,0.424252,18.145149,0.665214,-0.458279,2.78586,9.263204
prioritized,2,719,138939,0.05,,300,25.3,26.5,0.047298,75000,0.6,1.0,0.421953,18.145149,0.653285,-0.283355,2.665428,8.888821
prioritized,2,720,139239,0.05,,300,23.1,26.5,0.054915,75000,0.6,1.0,0.421724,18.145149,0.667956,-0.585748,2.939733,9.868746
prioritized,2,721,139369,0.05,-1.0,130,27.15,131.75,0.056607,75000,0.6,1.0,0.419669,18.145149,0.644172,-0.361978,2.904609,9.773014
prioritized,2,722,139669,0.05,,300,28.5,22.7,0.047221,75000,0.6,1.0,0.41945,18.145149,0.663882,-0.426352,2.783259,9.420886
prioritized,2,723,139960,0.05,1.0,291,130.94,27.75,0.051228,75000,0.6,1.0,0.419017,18.145149,0.659654,-0.506132,2.761736,9.494103
prioritized,2,724,140260,0.05,,300,27.7,28.7,0.054785,75000,0.6,1.0,0.425882,18.145149,0.711195,-0.226129,2.801497,9.37463
prioritized,2,725,140560,0.05,,300,27.7,28.7,0.057519,75000,0.6,1.0,0.423962,18.145149,0.692875,-0.229355,2.875984,9.350074
prioritized,2,726,140860,0.05,,300,25.5,26.3,0.050934,75000,0.6,1.0,0.420729,18.145149,0.662059,-0.229309,2.773646,9.22391
prioritized,2,727,140947,0.05,1.0,87,131.96,26.57,0.050561,75000,0.6,1.0,0.420076,18.145149,0.663258,-0.121455,2.898156,9.408388
prioritized,2,728,141247,0.05,,300,26.1,23.5,0.051914,75000,0.6,1.0,0.422755,18.145149,0.669217,0.108959,2.725385,8.849002
prioritized,2,729,141547,0.05,,300,25.3,26.5,0.056445,75000,0.6,1.0,0.424171,18.145149,0.672329,0.093599,2.869624,9.044731
prioritized,2,730,141847,0.05,,300,25.5,26.5,0.049492,75000,0.6,1.0,0.422655,18.145149,0.674857,-0.013318,2.777422,9.027832
prioritized,2,731,142147,0.05,,300,26.5,25.5,0.052975,75000,0.6,1.0,0.423068,18.145149,0.667375,0.09007,2.701893,8.639013
prioritized,2,732,142447,0.05,,300,26.3,25.5,0.051368,75000,0.6,1.0,0.420825,18.145149,0.657627,0.03927,2.565013,8.394028
prioritized,2,733,142747,0.05,,300,27.7,28.7,0.050384,75000,0.6,1.0,0.422956,18.145149,0.671065,-0.158392,2.620498,8.606625
prioritized,2,734,143047,0.05,,300,18.7,26.5,0.049548,75000,0.6,1.0,0.42365,18.145149,0.672218,-0.053213,2.647766,8.649257
prioritized,2,735,143347,0.05,,300,26.5,23.1,0.0508,75000,0.6,1.0,0.422141,18.145149,0.646371,0.007679,2.540559,8.171136
prioritized,2,736,143475,0.05,-1.0,128,23.96,131.76,0.04368,75000,0.6,1.0,0.420503,18.145149,0.642543,0.008936,2.49047,8.048327
prioritized,2,737,143775,0.05,,300,25.5,26.5,0.05044,75000,0.6,1.0,0.418685,18.145149,0.639635,-0.025108,2.604411,8.52508
prioritized,2,738,144075,0.05,,300,26.3,21.1,0.053845,75000,0.6,1.0,0.41942,18.145149,0.63354,-0.1262,2.452113,8.032648
prioritized,2,739,144375,0.05,,300,26.3,23.1,0.049248,75000,0.6,1.0,0.420735,18.145149,0.6569,-0.005221,2.424532,7.755783
prioritized,2,740,144629,0.05,-1.0,254,23.33,131.13,0.048194,75000,0.6,1.0,0.417736,18.145149,0.624679,-0.26371,2.427678,8.052779
prioritized,2,741,144929,0.05,,300,27.7,26.5,0.048688,75000,0.6,1.0,0.420756,18.145149,0.67304,-0.053148,2.392581,7.8641
prioritized,2,742,145229,0.05,,300,28.3,27.7,0.048881,75000,0.6,1.0,0.417531,18.145149,0.639489,0.002242,2.333065,7.600692
prioritized,2,743,145529,0.05,,300,28.5,23.3,0.051441,75000,0.6,1.0,0.41323,18.145149,0.624133,-0.073758,2.301757,7.638616
prioritized,2,744,145829,0.05,,300,22.9,28.7,0.047571,75000,0.6,1.0,0.413712,18.145149,0.634799,-0.060729,2.343145,7.783497
prioritized,2,745,145914,0.05,1.0,85,131.97,19.98,0.045235,75000,0.6,1.0,0.413757,18.145149,0.643175,-0.047262,2.236182,7.156044
prioritized,2,746,146214,0.05,,300,26.1,25.5,0.047145,75000,0.6,1.0,0.411408,18.145149,0.644526,-0.113614,2.346465,7.842577
prioritized,2,747,146323,0.05,1.0,109,131.85,26.86,0.047431,75000,0.6,1.0,0.411986,18.145149,0.645483,-0.157827,2.351762,8.120925
prioritized,2,748,146528,0.05,1.0,205,131.37,26.18,0.046945,75000,0.6,1.0,0.409788,18.145149,0.630121,-0.155551,2.472842,8.333144
prioritized,2,749,146694,0.05,-1.0,166,23.97,131.57,0.044155,75000,0.6,1.0,0.408804,18.145149,0.639913,-0.022324,2.3074,7.577401
prioritized,2,750,146994,0.05,,300,26.5,27.7,0.045229,75000,0.6,1.0,0.406969,18.145149,0.623379,-0.093154,2.300079,7.724294
prioritized,2,751,147294,0.05,,300,27.5,24.3,0.045962,75000,0.6,1.0,0.406428,18.145149,0.629953,-0.167703,2.261757,7.60563
prioritized,2,752,147594,0.05,,300,23.3,25.5,0.047665,75000,0.6,1.0,0.403203,18.145149,0.613539,-0.219184,2.201241,7.492807
prioritized,2,753,147871,0.05,1.0,277,131.01,23.02,0.039983,75000,0.6,1.0,0.401263,18.145149,0.604154,-0.108965,2.175632,7.519538
prioritized,2,754,148171,0.05,,300,25.5,24.1,0.047785,75000,0.6,1.0,0.403089,18.145149,0.624905,-0.068573,2.21598,7.402926
prioritized,2,755,148471,0.05,,300,25.3,28.7,0.043515,75000,0.6,1.0,0.399076,18.145149,0.596164,-0.051799,2.291481,7.592645
prioritized,2,756,148771,0.05,,300,25.5,28.5,0.044016,75000,0.6,1.0,0.395683,18.145149,0.587071,0.068363,2.052701,6.788526
prioritized,2,757,149011,0.05,-1.0,240,22.4,131.2,0.040758,75000,0.6,1.0,0.396809,18.145149,0.625812,-0.119635,2.037955,7.140637
prioritized,2,758,149311,0.05,,300,26.5,25.5,0.045333,75000,0.6,1.0,0.399395,18.145149,0.631691,-0.115812,2.151524,7.236005
prioritized,2,759,149611,0.05,,300,28.5,27.7,0.044708,75000,0.6,1.0,0.394724,18.145149,0.592482,-0.179707,2.101189,7.194108
prioritized,2,760,149690,0.05,1.0,79,132.0,27.01,0.04406,75000,0.6,1.0,0.395396,18.145149,0.590105,-0.02783,2.130172,7.319981
prioritized,2,761,149990,0.05,,300,26.3,23.3,0.045212,75000,0.6,1.0,0.395532,18.145149,0.596721,-0.210155,2.032049,6.880264
prioritized,2,762,150128,0.05,-1.0,138,24.51,131.71,0.042755,75000,0.6,1.0,0.396748,18.145149,0.609738,-0.216871,2.07289,6.900067
prioritized,2,763,150428,0.05,,300,25.1,28.7,0.044614,75000,0.6,1.0,0.395061,18.145149,0.61061,-0.356367,2.056854,7.104617
prioritized,2,764,150520,0.05,-1.0,92,22.94,131.94,0.040427,75000,0.6,1.0,0.39411,18.145149,0.604572,-0.109209,1.942574,6.278414
prioritized,2,765,150820,0.05,,300,28.5,27.5,0.040014,75000,0.6,1.0,0.391453,18.145149,0.573547,-0.261955,2.017644,6.902923
prioritized,2,766,151120,0.05,,300,24.1,25.5,0.046222,75000,0.6,1.0,0.395364,18.145149,0.609205,-0.218935,2.057231,6.964447
prioritized,2,767,151420,0.05,,300,26.3,27.7,0.043231,75000,0.6,1.0,0.398255,18.145149,0.6203,-0.013434,2.11063,7.082919
prioritized,2,768,151720,0.05,,300,26.3,25.5,0.043417,75000,0.6,1.0,0.396388,18.145149,0.615667,-0.15611,2.101851,7.100849
prioritized,2,769,152020,0.05,,300,25.3,25.7,0.040498,75000,0.6,1.0,0.39307,18.145149,0.57913,-0.166091,1.999136,7.01315
prioritized,2,770,152320,0.05,,300,28.7,25.5,0.040526,75000,0.6,1.0,0.394143,18.145149,0.588919,-0.060498,1.986518,6.765435
prioritized,2,771,152499,0.05,1.0,179,131.5,24.51,0.040568,75000,0.6,1.0,0.391604,18.145149,0.573966,-0.184602,1.957232,6.851566
prioritized,2,772,152629,0.05,-1.0,130,26.35,131.75,0.044068,75000,0.6,1.0,0.39311,18.145149,0.58358,-0.113635,2.083795,7.472127
prioritized,2,773,152746,0.05,1.0,117,131.81,22.02,0.041269,75000,0.6,1.0,0.393218,18.145149,0.591009,-0.207344,1.99738,6.909633
prioritized,2,774,153046,0.05,,300,27.5,24.3,0.044723,75000,0.6,1.0,0.393912,18.145149,0.608445,-0.242338,2.102122,7.35762
prioritized,2,775,153346,0.05,,300,26.1,27.7,0.043981,75000,0.6,1.0,0.392456,18.145149,0.583288,-0.272388,2.047649,7.135411
prioritized,2,776,153646,0.05,,300,25.5,28.7,0.04286,75000,0.6,1.0,0.391911,18.145149,0.590212,-0.249512,1.977463,6.667082
prioritized,2,777,153946,0.05,,300,25.5,25.5,0.041854,75000,0.6,1.0,0.388955,18.145149,0.586299,-0.315419,1.990989,6.984271
prioritized,2,778,154065,0.05,1.0,119,131.8,24.61,0.043993,75000,0.6,1.0,0.389265,18.145149,0.586179,-0.088055,1.932972,6.426095
prioritized,2,779,154365,0.05,,300,24.3,25.3,0.045359,75000,0.6,1.0,0.390605,18.145149,0.594945,-0.340432,2.008588,7.109008
prioritized,2,780,154665,0.05,,300,26.5,24.9,0.041962,75000,0.6,1.0,0.390044,18.145149,0.598579,-0.272242,2.042142,7.141919
prioritized,2,781,154754,0.05,1.0,89,131.95,23.96,0.044731,75000,0.6,1.0,0.387584,18.145149,0.577161,-0.195418,2.048368,6.998643
prioritized,2,782,155054,0.05,,300,25.5,24.1,0.037286,75000,0.6,1.0,0.384308,18.145149,0.554505,-0.151222,1.871418,6.580483
prioritized,2,783,155354,0.05,,300,27.7,28.5,0.045714,75000,0.6,1.0,0.387101,18.145149,0.597993,-0.123322,1.902243,6.592097
prioritized,2,784,155443,0.05,1.0,89,131.95,22.56,0.040615,75000,0.6,1.0,0.384131,18.145149,0.560579,0.039105,1.793182,6.199821
prioritized,2,785,155743,0.05,,300,26.3,25.5,0.038998,75000,0.6,1.0,0.383806,18.145149,0.570544,-0.141524,1.8465,6.451846
prioritized,2,786,156033,0.05,-1.0,290,25.55,130.95,0.037403,75000,0.6,1.0,0.384755,18.145149,0.587159,-0.141754,1.803669,6.152816
prioritized,2,787,156333,0.05,,300,27.7,28.7,0.041714,75000,0.6,1.0,0.381571,18.145149,0.556361,-0.32805,1.871022,6.791045
prioritized,2,788,156633,0.05,,300,26.5,23.3,0.038131,75000,0.6,1.0,0.378963,18.145149,0.559648,-0.162986,1.636492,5.783641
prioritized,2,789,156808,0.05,1.0,175,131.52,29.33,0.037893,75000,0.6,1.0,0.378909,18.145149,0.566897,-0.313522,1.724449,6.247577
prioritized,2,790,157000,0.05,-1.0,192,26.24,131.44,0.035331,75000,0.6,1.0,0.37788,18.145149,0.558912,-0.309938,1.692882,6.18558
prioritized,2,791,157300,0.05,,300,26.5,23.3,0.041833,75000,0.6,1.0,0.382304,18.145149,0.580227,-0.317142,1.772719,6.382944
prioritized,2,792,157533,0.05,1.0,233,131.23,25.84,0.036415,75000,0.6,1.0,0.378328,18.145149,0.553783,-0.216637,1.595298,5.677231
prioritized,2,793,157744,0.05,1.0,211,131.34,21.55,0.041232,75000,0.6,1.0,0.377659,18.145149,0.542718,-0.174137,1.739815,6.393332
prioritized,2,794,158044,0.05,,300,26.3,24.3,0.03662,75000,0.6,1.0,0.378065,18.145149,0.558547,-0.329514,1.693848,6.427373
prioritized,2,795,158344,0.05,,300,27.5,28.7,0.037053,75000,0.6,1.0,0.374667,18.145149,0.543379,-0.243777,1.656349,5.970217
prioritized,2,796,158542,0.05,-1.0,198,26.61,131.41,0.032825,75000,0.6,1.0,0.374092,18.145149,0.558761,-0.121237,1.559001,5.703616
prioritized,2,797,158842,0.05,,300,21.9,28.3,0.034597,75000,0.6,1.0,0.371951,18.145149,0.53915,-0.351123,1.746384,6.623726
prioritized,2,798,159142,0.05,,300,23.1,26.5,0.034846,75000,0.6,1.0,0.375622,18.145149,0.566051,-0.246833,1.622711,5.80742
prioritized,2,799,159442,0.05,,300,25.5,26.5,0.037108,75000,0.6,1.0,0.373308,18.145149,0.550298,-0.144325,1.61127,5.623026
prioritized,2,800,159513,0.05,1.0,71,132.04,22.05,0.036462,75000,0.6,1.0,0.374374,18.145149,0.569216,-0.277427,1.697452,6.043853
prioritized,2,801,159813,0.05,,300,27.7,28.5,0.038092,75000,0.6,1.0,0.369377,18.145149,0.535945,-0.155549,1.694555,6.39727
prioritized,2,802,160113,0.05,,300,25.5,26.5,0.034333,75000,0.6,1.0,0.366379,18.145149,0.52796,-0.241828,1.549351,5.765073
prioritized,2,803,160413,0.05,,300,28.7,25.5,0.035715,75000,0.6,1.0,0.366766,18.145149,0.531302,-0.289511,1.571906,5.882431
prioritized,2,804,160713,0.05,,300,26.5,25.5,0.03414,75000,0.6,1.0,0.365596,18.145149,0.529034,-0.322219,1.54611,5.709275
prioritized,2,805,160840,0.05,1.0,127,131.76,24.17,0.030808,75000,0.6,1.0,0.364218,18.145149,0.526266,-0.132077,1.428094,5.367939
prioritized,2,806,161032,0.05,-1.0,192,25.84,131.44,0.035482,75000,0.6,1.0,0.365553,18.145149,0.536655,-0.273093,1.625692,6.011438
prioritized,2,807,161332,0.05,,300,23.1,26.5,0.038836,75000,0.6,1.0,0.36857,18.145149,0.537881,-0.179363,1.735979,6.165025
prioritized,2,808,161632,0.05,,300,23.3,26.5,0.036368,75000,0.6,1.0,0.369707,18.145149,0.572437,-0.253183,1.78615,6.515427
prioritized,2,809,161932,0.05,,300,23.1,26.5,0.032463,75000,0.6,1.0,0.368046,18.145149,0.57022,-0.34361,1.689003,6.273417
prioritized,2,810,162232,0.05,,300,26.3,27.7,0.038041,75000,0.6,1.0,0.372288,18.145149,0.560082,-0.33851,1.683837,6.067272
prioritized,2,811,162327,0.05,1.0,95,131.92,19.33,0.037147,75000,0.6,1.0,0.371811,18.145149,0.552065,-0.430522,1.861212,6.340062
prioritized,2,812,162462,0.05,1.0,135,131.72,19.53,0.035318,75000,0.6,1.0,0.373086,18.145149,0.566026,-0.50754,1.810147,6.842805
prioritized,2,813,162686,0.05,-1.0,224,23.68,131.28,0.038357,75000,0.6,1.0,0.372457,18.145149,0.550873,-0.322547,1.719606,6.36822
prioritized,2,814,162986,0.05,,300,25.5,26.5,0.037442,75000,0.6,1.0,0.371146,18.145149,0.549724,-0.397794,1.746426,6.386209
prioritized,2,815,163097,0.05,1.0,111,131.84,24.45,0.041327,75000,0.6,1.0,0.373287,18.145149,0.563649,-0.284604,1.801466,6.420174
prioritized,2,816,163397,0.05,,300,25.5,26.5,0.038496,75000,0.6,1.0,0.37269,18.145149,0.546624,-0.279542,1.80965,6.370057
prioritized,2,817,163511,0.05,-1.0,114,29.63,131.83,0.040526,75000,0.6,1.0,0.37458,18.145149,0.578345,-0.181474,1.795139,6.335531
prioritized,2,818,163811,0.05,,300,25.5,28.5,0.037951,75000,0.6,1.0,0.369685,18.145149,0.538755,-0.165903,1.825678,6.946387
prioritized,2,819,164111,0.05,,300,28.7,27.7,0.038834,75000,0.6,1.0,0.369909,18.145149,0.533761,-0.299525,1.762525,6.424074
prioritized,2,820,164239,0.05,-1.0,128,24.76,131.76,0.040464,75000,0.6,1.0,0.372671,18.145149,0.563252,-0.233869,1.773487,6.769098
prioritized,2,821,164539,0.05,,300,20.7,28.5,0.037449,75000,0.6,1.0,0.372645,18.145149,0.576519,-0.336189,1.674861,6.235864
prioritized,2,822,164667,0.05,-1.0,128,21.16,131.76,0.033467,75000,0.6,1.0,0.371088,18.145149,0.559975,-0.438347,1.604059,6.077871
prioritized,2,823,164967,0.05,,300,26.5,25.5,0.032685,75000,0.6,1.0,0.3674,18.145149,0.536004,-0.35651,1.659708,6.416489
prioritized,2,824,165267,0.05,,300,26.3,27.5,0.043492,75000,0.6,1.0,0.369144,18.145149,0.551653,-0.223736,1.808631,6.50758
prioritized,2,825,165567,0.05,,300,25.5,26.3,0.035029,75000,0.6,1.0,0.366143,18.145149,0.538496,-0.089595,1.677125,6.026984
prioritized,2,826,165789,0.05,-1.0,222,23.09,131.29,0.039967,75000,0.6,1.0,0.367138,18.145149,0.558946,-0.119364,1.662177,5.874835
prioritized,2,827,166024,0.05,1.0,235,131.22,28.03,0.035503,75000,0.6,1.0,0.366935,18.145149,0.548256,-0.209156,1.677112,6.115204
prioritized,2,828,166119,0.05,1.0,95,131.92,21.53,0.036713,75000,0.6,1.0,0.368215,18.145149,0.551684,-0.357731,1.546164,5.763067
prioritized,2,829,166419,0.05,,300,27.7,26.5,0.038363,75000,0.6,1.0,0.367326,18.145149,0.556904,-0.518525,1.542806,5.924668
prioritized,2,830,166719,0.05,,300,24.9,28.7,0.035439,75000,0.6,1.0,0.365389,18.145149,0.536274,-0.396122,1.53771,5.833135
prioritized,2,831,167019,0.05,,300,24.3,25.5,0.033762,75000,0.6,1.0,0.364147,18.145149,0.541363,-0.334447,1.476306,5.827981
prioritized,2,832,167319,0.05,,300,27.5,26.3,0.035526,75000,0.6,1.0,0.364347,18.145149,0.541605,-0.231024,1.665185,6.417057
prioritized,2,833,167619,0.05,,300,27.7,28.7,0.034005,75000,0.6,1.0,0.360597,18.145149,0.535714,-0.171931,1.584178,6.067577
prioritized,2,834,167853,0.05,-1.0,234,23.43,131.23,0.032908,75000,0.6,1.0,0.35947,18.145149,0.53158,-0.137433,1.622933,6.458258
prioritized,2,835,168153,0.05,,300,27.7,24.3,0.037136,75000,0.6,1.0,0.359353,18.145149,0.522023,-0.243137,1.459006,5.664779
prioritized,2,836,168453,0.05,,300,25.5,26.3,0.030711,75000,0.6,1.0,0.356668,18.145149,0.521237,-0.22613,1.416323,5.672062
prioritized,2,837,168753,0.05,,300,26.5,27.7,0.030791,75000,0.6,1.0,0.353941,18.145149,0.495156,-0.250212,1.368566,5.456561
prioritized,2,838,169053,0.05,,300,25.3,24.3,0.03133,75000,0.6,1.0,0.355085,18.145149,0.515345,-0.227143,1.359244,5.585794
prioritized,2,839,169353,0.05,,300,25.1,24.1,0.032928,75000,0.6,1.0,0.355043,18.145149,0.543772,-0.254549,1.456565,6.08893
prioritized,2,840,169533,0.05,-1.0,180,24.1,131.5,0.031047,75000,0.6,1.0,0.352091,18.145149,0.519582,-0.280038,1.398063,5.764214
prioritized,2,841,169681,0.05,-1.0,148,21.66,131.66,0.030126,75000,0.6,1.0,0.351668,18.145149,0.516764,-0.22427,1.48695,6.625502
prioritized,2,842,169981,0.05,,300,25.1,24.1,0.027904,75000,0.6,1.0,0.34985,18.145149,0.511539,-0.396267,1.453032,6.074894
prioritized,2,843,170281,0.05,,300,28.7,27.7,0.034142,75000,0.6,1.0,0.350816,18.145149,0.500239,-0.311137,1.435918,5.920937
prioritized,2,844,170581,0.05,,300,26.5,27.7,0.030103,75000,0.6,1.0,0.350903,18.145149,0.527937,-0.396689,1.419373,5.858451
prioritized,2,845,170821,0.05,-1.0,240,28.6,131.2,0.02623,75000,0.6,1.0,0.346566,18.145149,0.508756,-0.316389,1.39385,5.945051
prioritized,2,846,171121,0.05,,300,23.3,24.1,0.03218,75000,0.6,1.0,0.346779,18.145149,0.485531,-0.258794,1.412674,5.760779
prioritized,2,847,171421,0.05,,300,26.3,27.5,0.033604,75000,0.6,1.0,0.349354,18.145149,0.519847,-0.22991,1.459588,5.744094
prioritized,2,848,171611,0.05,-1.0,190,24.25,131.45,0.029532,75000,0.6,1.0,0.348742,18.145149,0.515672,-0.18717,1.361332,5.352647
prioritized,2,849,171911,0.05,,300,24.3,25.3,0.031184,75000,0.6,1.0,0.34594,18.145149,0.504634,-0.210041,1.405765,5.71932
prioritized,2,850,172166,0.05,1.0,255,131.12,23.73,0.031715,75000,0.6,1.0,0.347079,18.145149,0.494069,-0.323239,1.377992,5.442317
prioritized,2,851,172466,0.05,,300,28.7,25.1,0.032295,75000,0.6,1.0,0.346952,18.145149,0.508279,-0.314455,1.395398,5.686336
prioritized,2,852,172766,0.05,,300,27.7,28.5,0.030593,75000,0.6,1.0,0.345814,18.145149,0.517992,-0.228043,1.414843,5.968559
prioritized,2,853,173066,0.05,,300,28.5,27.7,0.028815,75000,0.6,1.0,0.346087,18.145149,0.528978,-0.264512,1.304277,5.300748
prioritized,2,854,173366,0.05,,300,27.7,28.5,0.030033,75000,0.6,1.0,0.341615,18.145149,0.489872,-0.293664,1.336534,5.414162
prioritized,2,855,173666,0.05,,300,24.3,27.5,0.029037,75000,0.6,1.0,0.341437,18.145149,0.524552,-0.189781,1.399454,5.805181
prioritized,2,856,173752,0.05,-1.0,86,27.17,131.97,0.026758,75000,0.6,1.0,0.339725,18.145149,0.51168,-0.214318,1.336748,5.639327
prioritized,2,857,173926,0.05,-1.0,174,29.13,131.53,0.028123,75000,0.6,1.0,0.339075,18.145149,0.506769,-0.379498,1.480224,6.559381
prioritized,2,858,174226,0.05,,300,25.1,28.5,0.030766,75000,0.6,1.0,0.338834,18.145149,0.489785,-0.419999,1.448315,6.28941
prioritized,2,859,174448,0.05,-1.0,222,26.49,131.29,0.02773,75000,0.6,1.0,0.337423,18.145149,0.489541,-0.493076,1.439789,6.323523
prioritized,2,860,174748,0.05,,300,26.3,27.5,0.02734,75000,0.6,1.0,0.336665,18.145149,0.491282,-0.377755,1.428172,6.238075
prioritized,2,861,175048,0.05,-1.0,300,23.9,130.9,0.029794,75000,0.6,1.0,0.336831,18.145149,0.476786,-0.37785,1.40011,5.994101
prioritized,2,862,175348,0.05,,300,28.5,27.7,0.026942,75000,0.6,1.0,0.33859,18.145149,0.523393,-0.321211,1.390744,5.965313
prioritized,2,863,175648,0.05,,300,25.5,26.5,0.027197,75000,0.6,1.0,0.335242,18.145149,0.505352,-0.346443,1.349046,5.651955
prioritized,2,864,175948,0.05,,300,26.5,25.3,0.025163,75000,0.6,1.0,0.332436,18.145149,0.47867,-0.272151,1.37609,5.842278
prioritized,2,865,176034,0.05,-1.0,86,26.17,131.97,0.027506,75000,0.6,1.0,0.33312,18.145149,0.479065,-0.39775,1.382442,6.162672
prioritized,2,866,176334,0.05,,300,28.7,25.3,0.027846,75000,0.6,1.0,0.334663,18.145149,0.49695,-0.319214,1.30548,5.48559
prioritized,2,867,176634,0.05,,300,24.9,26.5,0.025098,75000,0.6,1.0,0.331792,18.145149,0.472074,-0.222272,1.161003,5.062226
prioritized,2,868,176934,0.05,,300,25.5,26.5,0.025555,75000,0.6,1.0,0.331648,18.145149,0.480037,-0.232597,1.144204,5.036115
prioritized,2,869,177234,0.05,,300,27.5,26.1,0.027696,75000,0.6,1.0,0.330396,18.145149,0.47722,-0.162828,1.111078,4.653333
prioritized,2,870,177427,0.05,1.0,193,131.43,26.44,0.025723,75000,0.6,1.0,0.32762,18.145149,0.467709,-0.119171,1.168888,5.173912
prioritized,2,871,177580,0.05,1.0,153,131.63,22.24,0.023229,75000,0.6,1.0,0.326263,18.145149,0.465276,-0.185695,1.173867,5.026408
prioritized,2,872,177880,0.05,,300,24.3,24.3,0.021608,75000,0.6,1.0,0.322609,18.145149,0.450937,-0.292064,1.08033,4.748158
prioritized,2,873,178180,0.05,,300,27.5,26.3,0.024245,75000,0.6,1.0,0.324982,18.145149,0.470783,-0.234187,1.165264,5.099542
prioritized,2,874,178480,0.05,,300,25.5,26.3,0.025186,75000,0.6,1.0,0.323161,18.145149,0.453587,-0.244356,1.081742,4.668548
prioritized,2,875,178780,0.05,,300,26.5,24.3,0.02528,75000,0.6,1.0,0.321794,18.145149,0.457199,-0.168148,1.042472,4.492405
prioritized,2,876,178943,0.05,1.0,163,131.58,23.99,0.021644,75000,0.6,1.0,0.320301,18.145149,0.449272,-0.187641,1.004824,4.28281
prioritized,2,877,179243,0.05,,300,28.3,25.5,0.025026,75000,0.6,1.0,0.322082,18.145149,0.478188,-0.181628,1.0661,4.625831
prioritized,2,878,179332,0.05,1.0,89,131.95,29.56,0.02465,75000,0.6,1.0,0.322484,18.145149,0.485873,-0.316851,1.190157,5.216793
prioritized,2,879,179613,0.05,1.0,281,130.99,23.8,0.023369,75000,0.6,1.0,0.319014,18.145149,0.463772,-0.215468,1.13271,5.03535
prioritized,2,880,179840,0.05,1.0,227,131.26,26.87,0.022913,75000,0.6,1.0,0.316396,18.145149,0.445424,-0.225167,1.198575,5.818871
prioritized,2,881,180107,0.05,1.0,267,131.06,25.47,0.024317,75000,0.6,1.0,0.318997,18.145149,0.475627,-0.201925,1.199653,5.330167
prioritized,2,882,180407,0.05,,300,23.7,26.5,0.024308,75000,0.6,1.0,0.317998,18.145149,0.437879,-0.249456,1.211007,5.212712
prioritized,2,883,180707,0.05,,300,23.3,27.7,0.022934,75000,0.6,1.0,0.318123,18.145149,0.468315,-0.200004,1.130958,5.061103
prioritized,2,884,181007,0.05,,300,27.7,26.1,0.023618,75000,0.6,1.0,0.319213,18.145149,0.473771,-0.24444,1.153456,5.278095
prioritized,2,885,181307,0.05,,300,27.7,28.3,0.030656,75000,0.6,1.0,0.323774,18.145149,0.488201,-0.116534,1.244644,4.722465
prioritized,2,886,181607,0.05,,300,26.1,25.5,0.025164,75000,0.6,1.0,0.322074,18.145149,0.47822,-0.128329,1.164402,4.541729
prioritized,2,887,181907,0.05,,300,28.5,27.7,0.025493,75000,0.6,1.0,0.320909,18.145149,0.475092,-0.152016,1.122773,4.635131
prioritized,2,888,182005,0.05,-1.0,98,24.31,131.91,0.026521,75000,0.6,1.0,0.321965,18.145149,0.492866,-0.078309,1.091888,4.404447
prioritized,2,889,182305,0.05,,300,26.1,27.7,0.02765,75000,0.6,1.0,0.321827,18.145149,0.478679,-0.258287,1.218299,5.371145
prioritized,2,890,182605,0.05,,300,25.5,27.7,0.024348,75000,0.6,1.0,0.318618,18.145149,0.492381,-0.209217,1.131302,4.719784
prioritized,2,891,182905,0.05,,300,28.3,27.7,0.023428,75000,0.6,1.0,0.315398,18.145149,0.462548,-0.14938,1.066576,4.361059
prioritized,2,892,183205,0.05,,300,26.5,27.5,0.022958,75000,0.6,1.0,0.31404,18.145149,0.444925,-0.160996,1.027889,4.412163
prioritized,2,893,183505,0.05,,300,25.9,27.5,0.023531,75000,0.6,1.0,0.313859,18.145149,0.48317,-0.080978,1.027565,4.456241
prioritized,2,894,183805,0.05,,300,27.3,25.9,0.022564,75000,0.6,1.0,0.309574,18.145149,0.458235,-0.129629,0.972871,4.203458
prioritized,2,895,184105,0.05,,300,27.7,28.3,0.022394,75000,0.6,1.0,0.307318,18.145149,0.417301,-0.052251,0.96709,4.018613
prioritized,2,896,184405,0.05,,300,27.7,28.5,0.022514,75000,0.6,1.0,0.309244,18.145149,0.444962,-0.132361,1.02933,4.159787
prioritized,2,897,184705,0.05,,300,26.5,27.7,0.019082,75000,0.6,1.0,0.305574,18.145149,0.423183,-0.192285,0.958401,4.065166
prioritized,2,898,185005,0.05,,300,27.5,26.3,0.020267,75000,0.6,1.0,0.305479,18.145149,0.437071,-0.129176,0.969496,4.238583
prioritized,2,899,185305,0.05,,300,28.5,27.7,0.02089,75000,0.6,1.0,0.305315,18.145149,0.442652,-0.164947,0.921331,3.853296
prioritized,2,900,185605,0.05,,300,22.9,27.5,0.020848,75000,0.6,1.0,0.303737,18.145149,0.422409,-0.092469,0.910857,3.895043
prioritized,2,901,185729,0.05,-1.0,124,23.78,131.78,0.018337,75000,0.6,1.0,0.302748,18.145149,0.417032,-0.174432,0.964634,4.374546
prioritized,2,902,185835,0.05,-1.0,106,19.27,131.87,0.019598,75000,0.6,1.0,0.306227,18.145149,0.476147,-0.128699,0.933467,4.319893
prioritized,2,903,186070,0.05,1.0,235,131.22,28.03,0.018904,75000,0.6,1.0,0.304996,18.145149,0.444929,-0.111561,0.944205,4.125024
prioritized,2,904,186370,0.05,,300,25.5,25.3,0.019153,75000,0.6,1.0,0.301798,18.145149,0.433251,-0.07597,0.956169,4.631568
prioritized,2,905,186670,0.05,,300,27.7,24.3,0.019305,75000,0.6,1.0,0.300172,18.145149,0.4325,-0.180703,0.970332,4.609002
prioritized,2,906,186970,0.05,,300,25.5,23.3,0.020912,75000,0.6,1.0,0.299483,18.145149,0.447685,-0.123558,0.981845,4.654149
prioritized,2,907,187270,0.05,,300,25.5,25.5,0.020166,75000,0.6,1.0,0.297924,18.145149,0.428315,-0.151558,0.992273,4.915906
prioritized,2,908,187420,0.05,-1.0,150,24.65,131.65,0.018677,75000,0.6,1.0,0.297233,18.145149,0.424954,-0.058429,0.875913,4.207831
prioritized,2,909,187720,0.05,,300,26.3,24.9,0.020255,75000,0.6,1.0,0.298215,18.145149,0.45664,-0.25887,1.031755,5.113957
prioritized,2,910,188020,0.05,,300,25.5,25.5,0.018719,75000,0.6,1.0,0.294374,18.145149,0.409212,-0.236636,0.961079,4.989284
prioritized,2,911,188320,0.05,,300,23.9,26.3,0.019554,75000,0.6,1.0,0.296727,18.145149,0.435386,-0.173745,1.011825,4.972806
prioritized,2,912,188620,0.05,,300,25.3,25.5,0.019425,75000,0.6,1.0,0.294904,18.145149,0.429648,-0.29132,1.054773,5.382928
prioritized,2,913,188920,0.05,,300,25.3,22.9,0.0169,75000,0.6,1.0,0.291787,18.145149,0.40779,-0.110051,0.891898,4.432051
prioritized,2,914,189220,0.05,,300,25.3,26.5,0.021116,75000,0.6,1.0,0.294526,18.145149,0.437871,-0.154518,0.956297,4.468742
prioritized,2,915,189520,0.05,,300,25.5,27.5,0.018146,75000,0.6,1.0,0.292882,18.145149,0.434853,-0.071837,0.921711,4.258527
prioritized,2,916,189820,0.05,,300,28.7,27.5,0.018913,75000,0.6,1.0,0.290883,18.145149,0.427728,-0.185368,0.935276,4.438762
prioritized,2,917,189998,0.05,-1.0,178,28.31,131.51,0.016731,75000,0.6,1.0,0.290474,18.145149,0.4533,-0.145644,0.942425,4.61285
prioritized,2,918,190298,0.05,,300,25.3,27.7,0.019215,75000,0.6,1.0,0.289352,18.145149,0.433668,-0.183697,0.938143,4.465308
prioritized,2,919,190598,0.05,,300,27.7,25.5,0.01625,75000,0.6,1.0,0.287529,18.145149,0.452124,-0.150381,0.874605,3.989942
prioritized,2,920,190833,0.05,1.0,235,131.22,29.03,0.017577,75000,0.6,1.0,0.286764,18.145149,0.4361,-0.143901,0.881319,4.101467
prioritized,2,921,191133,0.05,,300,28.7,23.1,0.019126,75000,0.6,1.0,0.28752,18.145149,0.426704,-0.184301,0.955916,4.654079
prioritized,2,922,191433,0.05,,300,26.5,27.5,0.017023,75000,0.6,1.0,0.285798,18.145149,0.405196,-0.264606,0.911054,4.59716
prioritized,2,923,191733,0.05,,300,26.3,27.7,0.016673,75000,0.6,1.0,0.283786,18.145149,0.393055,-0.250309,0.873712,4.39757
prioritized,2,924,191938,0.05,1.0,205,131.37,26.78,0.016159,75000,0.6,1.0,0.283928,18.145149,0.418823,-0.187217,0.857372,4.156314
prioritized,2,925,192163,0.05,1.0,225,131.27,28.68,0.01711,75000,0.6,1.0,0.285501,18.145149,0.421321,-0.137334,0.868546,4.119967
prioritized,2,926,192459,0.05,-1.0,296,25.92,130.92,0.01709,75000,0.6,1.0,0.286371,18.145149,0.44969,-0.136294,0.87699,4.161738
prioritized,2,927,192759,0.05,,300,25.5,25.3,0.017991,75000,0.6,1.0,0.2838,18.145149,0.423949,-0.238293,0.892893,4.300849
prioritized,2,928,193059,0.05,,300,23.1,21.9,0.015033,75000,0.6,1.0,0.28246,18.145149,0.404907,-0.191163,0.839717,3.883793
prioritized,2,929,193359,0.05,,300,25.3,25.5,0.01763,75000,0.6,1.0,0.280679,18.145149,0.42354,-0.14072,0.870554,3.932225
prioritized,2,930,193659,0.05,,300,25.5,28.3,0.016821,75000,0.6,1.0,0.277339,18.145149,0.410304,-0.165105,0.894969,4.274189
prioritized,2,931,193870,0.05,1.0,211,131.34,26.95,0.014957,75000,0.6,1.0,0.276094,18.145149,0.406866,-0.119738,0.853506,4.030686
prioritized,2,932,194170,0.05,,300,25.5,27.5,0.016949,75000,0.6,1.0,0.278831,18.145149,0.414766,-0.112383,0.817719,3.583814
prioritized,2,933,194470,0.05,,300,27.7,28.5,0.016043,75000,0.6,1.0,0.278372,18.145149,0.441611,-0.151141,0.839799,3.71785
prioritized,2,934,194580,0.05,-1.0,110,21.85,131.85,0.01741,75000,0.6,1.0,0.276026,18.145149,0.399857,-0.054523,0.712587,2.827229
prioritized,2,935,194880,0.05,,300,27.5,26.1,0.015871,75000,0.6,1.0,0.274919,18.145149,0.383566,-0.207936,0.871357,3.902069
prioritized,2,936,195180,0.05,,300,27.7,26.5,0.016215,75000,0.6,1.0,0.276611,18.145149,0.413081,-0.195272,0.856766,3.862102
prioritized,2,937,195480,0.05,,300,25.5,25.5,0.015416,75000,0.6,1.0,0.274733,18.145149,0.427923,-0.194158,0.780144,3.416008
prioritized,2,938,195780,0.05,,300,27.3,26.3,0.014261,75000,0.6,1.0,0.269813,18.145149,0.375846,-0.185133,0.729652,3.29512
prioritized,2,939,195998,0.05,-1.0,218,24.11,131.31,0.013188,75000,0.6,1.0,0.270714,18.145149,0.41566,-0.15807,0.714969,3.202512
prioritized,2,940,196298,0.05,,300,27.7,26.5,0.014813,75000,0.6,1.0,0.270408,18.145149,0.410075,-0.250503,0.838342,4.035108
prioritized,2,941,196598,0.05,,300,27.7,26.5,0.016322,75000,0.6,1.0,0.269204,18.145149,0.395636,-0.227931,0.870942,4.136755
prioritized,2,942,196898,0.05,,300,27.5,28.7,0.013713,75000,0.6,1.0,0.26783,18.145149,0.400376,-0.172078,0.74684,3.495662
prioritized,2,943,197010,0.05,-1.0,112,23.84,131.84,0.013428,75000,0.6,1.0,0.267759,18.145149,0.400313,-0.201153,0.769959,3.466172
prioritized,2,944,197310,0.05,,300,27.5,26.5,0.015309,75000,0.6,1.0,0.270602,18.145149,0.438288,-0.205656,0.839111,3.811496
prioritized,2,945,197610,0.05,,300,27.5,28.3,0.015178,75000,0.6,1.0,0.265871,18.145149,0.372854,-0.243467,0.832977,4.046826
prioritized,2,946,197910,0.05,,300,23.1,28.5,0.015563,75000,0.6,1.0,0.267178,18.145149,0.415346,-0.223754,0.777878,3.671425
prioritized,2,947,198210,0.05,,300,28.5,27.7,0.014807,75000,0.6,1.0,0.265797,18.145149,0.352243,-0.157046,0.738687,3.211773
prioritized,2,948,198510,0.05,,300,28.5,27.5,0.015522,75000,0.6,1.0,0.267208,18.145149,0.398268,-0.173216,0.748781,3.146694
prioritized,2,949,198810,0.05,,300,27.7,25.5,0.014368,75000,0.6,1.0,0.265405,18.145149,0.380916,-0.183946,0.723106,3.242761
prioritized,2,950,199110,0.05,,300,28.3,25.3,0.014312,75000,0.6,1.0,0.266993,18.145149,0.393628,-0.134661,0.709159,3.221212
prioritized,2,951,199403,0.05,1.0,293,130.93,25.74,0.01319,75000,0.6,1.0,0.266701,18.145149,0.411414,-0.139428,0.702417,3.262017
prioritized,2,952,199703,0.05,,300,27.5,24.3,0.013387,75000,0.6,1.0,0.265248,18.145149,0.382881,-0.128964,0.724955,3.254377
prioritized,2,953,200003,0.05,,300,22.9,28.7,0.01367,75000,0.6,1.0,0.263845,18.145149,0.373641,-0.095385,0.716139,2.922121
prioritized,2,954,200303,0.05,,300,22.9,28.5,0.014188,75000,0.6,1.0,0.264996,18.145149,0.385944,-0.13645,0.688867,2.897856
prioritized,2,955,200603,0.05,,300,28.5,25.5,0.015907,75000,0.6,1.0,0.264603,18.145149,0.389565,-0.177831,0.732996,3.206204
prioritized,2,956,200903,0.05,,300,25.3,25.5,0.013703,75000,0.6,1.0,0.263593,18.145149,0.396632,-0.152508,0.654191,2.895077
prioritized,2,957,201203,0.05,,300,28.5,27.7,0.01768,75000,0.6,1.0,0.265551,18.145149,0.3965,-0.002188,0.78402,3.070922
prioritized,2,958,201503,0.05,,300,28.5,25.5,0.015642,75000,0.6,1.0,0.266329,18.145149,0.410823,-0.014401,0.742575,2.796488
prioritized,2,959,201803,0.05,,300,26.5,27.1,0.014843,75000,0.6,1.0,0.265199,18.145149,0.388378,-0.053635,0.680801,2.50508
prioritized,2,960,201933,0.05,-1.0,130,28.55,131.75,0.014368,75000,0.6,1.0,0.264829,18.145149,0.39151,-0.116204,0.688356,2.764029
prioritized,2,961,202233,0.05,,300,26.3,27.5,0.019449,75000,0.6,1.0,0.269243,18.145149,0.412541,-0.218246,0.843953,3.526033
prioritized,2,962,202533,0.05,,300,25.3,25.5,0.014123,75000,0.6,1.0,0.266376,18.145149,0.392266,-0.2322,0.754793,3.178326
prioritized,2,963,202833,0.05,,300,25.3,27.7,0.016352,75000,0.6,1.0,0.265549,18.145149,0.385388,-0.253978,0.761016,3.208891
prioritized,2,964,203107,0.05,-1.0,274,23.43,131.03,0.016871,75000,0.6,1.0,0.265216,18.145149,0.375481,-0.17785,0.773704,3.15614
prioritized,2,965,203407,0.05,,300,27.5,28.3,0.015418,75000,0.6,1.0,0.264386,18.145149,0.392626,-0.090849,0.731107,2.771667
prioritized,2,966,203577,0.05,-1.0,170,26.15,131.55,0.014711,75000,0.6,1.0,0.263836,18.145149,0.391981,-0.039388,0.672558,2.501837
prioritized,2,967,203842,0.05,1.0,265,131.07,21.68,0.014058,75000,0.6,1.0,0.263112,18.145149,0.376893,-0.141932,0.720354,3.052517
prioritized,2,968,204117,0.05,1.0,275,131.02,26.03,0.016532,75000,0.6,1.0,0.265441,18.145149,0.401824,-0.038169,0.794803,3.405455
prioritized,2,969,204417,0.05,,300,25.1,28.3,0.015438,75000,0.6,1.0,0.264325,18.145149,0.403277,-0.096653,0.751153,2.954048
prioritized,2,970,204717,0.05,,300,25.5,25.3,0.014079,75000,0.6,1.0,0.264106,18.145149,0.438574,-0.039923,0.68523,2.560267
prioritized,2,971,205017,0.05,,300,27.7,25.3,0.012814,75000,0.6,1.0,0.260049,18.145149,0.380391,-0.104513,0.649548,2.416422
prioritized,2,972,205317,0.05,,300,23.7,27.5,0.014099,75000,0.6,1.0,0.259022,18.145149,0.379558,-0.094065,0.655898,2.486585
prioritized,2,973,205590,0.05,1.0,273,131.03,23.84,0.013276,75000,0.6,1.0,0.258644,18.145149,0.384328,-0.124743,0.638561,2.38208
prioritized,2,974,205890,0.05,,300,27.5,26.3,0.012549,75000,0.6,1.0,0.254958,18.145149,0.349587,-0.062225,0.582126,2.138221
prioritized,2,975,206190,0.05,,300,27.5,25.3,0.013502,75000,0.6,1.0,0.256894,18.145149,0.381983,-0.060324,0.617618,2.252074
prioritized,2,976,206490,0.05,,300,25.9,27.5,0.012723,75000,0.6,1.0,0.255718,18.145149,0.379282,-0.034388,0.587276,2.122985
prioritized,2,977,206671,0.05,1.0,181,131.49,26.1,0.011172,75000,0.6,1.0,0.253567,18.145149,0.357332,-0.049538,0.527042,1.810759
prioritized,2,978,206971,0.05,,300,23.1,27.7,0.0133,75000,0.6,1.0,0.253057,18.145149,0.35484,0.009997,0.573457,1.952102
prioritized,2,979,207271,0.05,,300,22.7,28.3,0.013029,75000,0.6,1.0,0.255251,18.145149,0.384293,-0.064246,0.622094,2.299727
prioritized,2,980,207571,0.05,,300,27.5,26.5,0.011877,75000,0.6,1.0,0.253042,18.145149,0.348465,-0.035348,0.61779,2.250132
prioritized,2,981,207871,0.05,,300,25.3,25.1,0.012149,75000,0.6,1.0,0.252947,18.145149,0.370849,-0.126292,0.584164,2.241303
prioritized,2,982,208171,0.05,,300,27.5,25.3,0.011971,75000,0.6,1.0,0.252602,18.145149,0.376895,-0.054118,0.568838,2.030513
prioritized,2,983,208332,0.05,1.0,161,131.59,26.0,0.012037,75000,0.6,1.0,0.252633,18.145149,0.38464,-0.069943,0.584288,1.933408
prioritized,2,984,208632,0.05,,300,28.3,27.7,0.011416,75000,0.6,1.0,0.250903,18.145149,0.376049,-0.023297,0.580249,2.17811
prioritized,2,985,208922,0.05,-1.0,290,25.75,130.95,0.012838,75000,0.6,1.0,0.249404,18.145149,0.35843,0.027223,0.582398,2.09753
prioritized,2,986,209222,0.05,,300,25.5,27.5,0.011934,75000,0.6,1.0,0.249763,18.145149,0.366443,-0.109317,0.657471,2.963847
prioritized,2,987,209522,0.05,,300,27.5,28.7,0.010686,75000,0.6,1.0,0.248487,18.145149,0.34878,-0.088733,0.548829,2.24585
prioritized,2,988,209822,0.05,,300,26.5,24.3,0.01049,75000,0.6,1.0,0.248931,18.145149,0.376919,-0.076178,0.560051,2.353116
prioritized,2,989,210122,0.05,,300,27.9,25.5,0.012357,75000,0.6,1.0,0.248429,18.145149,0.367079,0.028535,0.571296,2.02196
prioritized,2,990,210422,0.05,,300,26.3,24.3,0.011701,75000,0.6,1.0,0.248497,18.145149,0.379334,0.026955,0.536732,1.763648
prioritized,2,991,210722,0.05,,300,25.5,25.3,0.011147,75000,0.6,1.0,0.245544,18.145149,0.334102,0.021584,0.519381,1.689808
prioritized,2,992,211022,0.05,,300,23.3,24.3,0.009854,75000,0.6,1.0,0.246538,18.145149,0.334738,-0.015087,0.51225,1.655503
prioritized,2,993,211322,0.05,,300,19.9,21.3,0.011989,75000,0.6,1.0,0.248841,18.145149,0.36066,-0.066441,0.522048,1.641018
prioritized,2,994,211622,0.05,,300,25.3,28.3,0.010175,75000,0.6,1.0,0.247257,18.145149,0.372043,-0.051479,0.487003,1.525089
prioritized,2,995,211922,0.05,,300,27.7,27.5,0.010037,75000,0.6,1.0,0.245159,18.145149,0.351178,-0.032603,0.459442,1.444667
prioritized,2,996,212222,0.05,,300,27.7,26.3,0.012695,75000,0.6,1.0,0.246692,18.145149,0.368435,-0.011522,0.492058,1.483145
prioritized,2,997,212522,0.05,,300,27.7,28.3,0.010436,75000,0.6,1.0,0.244471,18.145149,0.365181,-0.059327,0.478447,1.394529
prioritized,2,998,212822,0.05,,300,27.5,28.3,0.010788,75000,0.6,1.0,0.241925,18.145149,0.320745,-0.021045,0.448427,1.313186
prioritized,2,999,213049,0.05,1.0,227,131.26,23.67,0.009727,75000,0.6,1.0,0.244034,18.145149,0.360782,-0.0337,0.448869,1.319861
prioritized,2,1000,213349,0.05,,300,28.7,27.5,0.011556,75000,0.6,1.0,0.241531,18.145149,0.351455,-0.17058,0.604053,2.949094
prioritized,2,1001,213480,0.05,1.0,131,131.74,24.35,0.008215,75000,0.6,1.0,0.240668,18.145149,0.370158,-0.237633,0.588577,3.032779
prioritized,2,1002,213780,0.05,,300,28.3,27.5,0.010391,75000,0.6,1.0,0.239449,18.145149,0.36989,-0.178917,0.628698,3.333104
prioritized,2,1003,213897,0.05,1.0,117,131.81,22.42,0.008936,75000,0.6,1.0,0.240021,18.145149,0.402175,-0.107528,0.549779,2.845435
prioritized,2,1004,213998,0.05,1.0,101,131.89,22.5,0.011476,75000,0.6,1.0,0.238342,18.145149,0.350893,-0.243048,0.659914,3.56627
prioritized,2,1005,214276,0.05,-1.0,278,25.61,131.01,0.013077,75000,0.6,1.0,0.242125,18.145149,0.400516,-0.367133,0.806575,4.645205
prioritized,2,1006,214543,0.05,1.0,267,131.06,25.67,0.010297,75000,0.6,1.0,0.24033,18.145149,0.377221,-0.3622,0.762672,4.313407
prioritized,2,1007,214843,0.05,,300,28.3,27.7,0.011287,75000,0.6,1.0,0.239681,18.145149,0.380103,-0.323009,0.800752,4.513595
prioritized,2,1008,215143,0.05,,300,28.1,25.5,0.011379,75000,0.6,1.0,0.238835,18.145149,0.3368,-0.198862,0.708323,3.768252
prioritized,2,1009,215443,0.05,,300,25.3,25.3,0.012327,75000,0.6,1.0,0.240289,18.145149,0.386102,-0.236696,0.724949,3.935033
prioritized,2,1010,215743,0.05,,300,25.3,27.5,0.009003,75000,0.6,1.0,0.238919,18.145149,0.390017,-0.206249,0.612441,3.064339
prioritized,2,1011,216043,0.05,,300,22.9,27.7,0.01172,75000,0.6,1.0,0.2382,18.145149,0.354126,-0.239859,0.677054,3.460085
prioritized,2,1012,216343,0.05,,300,27.7,27.7,0.010552,75000,0.6,1.0,0.237076,18.145149,0.36238,-0.18403,0.66845,3.46973
prioritized,2,1013,216643,0.05,,300,27.5,28.3,0.010216,75000,0.6,1.0,0.235055,18.145149,0.381663,-0.141283,0.598473,2.969896
prioritized,2,1014,216943,0.05,,300,25.5,27.7,0.009612,75000,0.6,1.0,0.232601,18.145149,0.342001,-0.141547,0.561859,2.892587
prioritized,2,1015,217243,0.05,,300,25.3,25.3,0.010143,75000,0.6,1.0,0.232874,18.145149,0.316135,-0.158452,0.591602,2.861495
prioritized,2,1016,217543,0.05,,300,28.3,27.5,0.010184,75000,0.6,1.0,0.232236,18.145149,0.321241,-0.141175,0.57565,2.671965
prioritized,2,1017,217843,0.05,,300,25.3,25.5,0.008673,75000,0.6,1.0,0.232299,18.145149,0.351194,-0.166572,0.528866,2.785917
prioritized,2,1018,218143,0.05,,300,25.3,23.9,0.011012,75000,0.6,1.0,0.234141,18.145149,0.345739,-0.166861,0.595073,3.082256
prioritized,2,1019,218443,0.05,,300,27.7,28.3,0.009584,75000,0.6,1.0,0.233984,18.145149,0.367109,-0.137365,0.574558,3.321361
prioritized,2,1020,218743,0.05,,300,27.5,28.3,0.009978,75000,0.6,1.0,0.234314,18.145149,0.376943,-0.1209,0.536518,2.894841
prioritized,2,1021,219043,0.05,,300,28.3,27.7,0.009223,75000,0.6,1.0,0.233291,18.145149,0.347501,-0.125648,0.522995,2.76755
prioritized,2,1022,219343,0.05,,300,25.5,27.7,0.010821,75000,0.6,1.0,0.232997,18.145149,0.349037,-0.087328,0.592531,2.910003
prioritized,2,1023,219643,0.05,,300,25.3,25.3,0.008766,75000,0.6,1.0,0.231938,18.145149,0.378838,-0.135749,0.520434,2.773039
prioritized,2,1024,219943,0.05,,300,27.5,25.9,0.008638,75000,0.6,1.0,0.229415,18.145149,0.335252,-0.087291,0.503162,2.473307
prioritized,2,1025,220243,0.05,,300,25.3,26.3,0.010286,75000,0.6,1.0,0.23089,18.145149,0.344763,-0.082653,0.524308,2.299822
prioritized,2,1026,220543,0.05,,300,28.3,27.7,0.009873,75000,0.6,1.0,0.231244,18.145149,0.326438,-0.095595,0.576775,2.713011
prioritized,2,1027,220753,0.05,-1.0,210,21.55,131.35,0.010128,75000,0.6,1.0,0.231598,18.145149,0.351085,-0.058061,0.522778,2.348981
prioritized,2,1028,220900,0.05,1.0,147,131.66,21.87,0.009199,75000,0.6,1.0,0.231157,18.145149,0.358218,0.001135,0.587783,3.491143
prioritized,2,1029,221200,0.05,,300,27.7,22.9,0.01154,75000,0.6,1.0,0.232017,18.145149,0.357468,-0.057754,0.694603,3.864192
prioritized,2,1030,221500,0.05,,300,27.5,25.3,0.008515,75000,0.6,1.0,0.229664,18.145149,0.375017,-0.020216,0.57254,3.348078
prioritized,2,1031,221723,0.05,1.0,223,131.28,29.09,0.009531,75000,0.6,1.0,0.225872,18.145149,0.327528,-0.0105,0.606554,3.824198
prioritized,2,1032,222014,0.05,1.0,291,130.94,23.75,0.010428,75000,0.6,1.0,0.228074,18.145149,0.355542,-0.057815,0.74504,4.928833
prioritized,2,1033,222314,0.05,,300,25.3,25.5,0.010589,75000,0.6,1.0,0.22824,18.145149,0.336049,0.007033,0.692207,4.242887
prioritized,2,1034,222614,0.05,,300,24.1,23.1,0.009556,75000,0.6,1.0,0.228116,18.145149,0.353694,-0.038861,0.632987,3.827374
prioritized,2,1035,222914,0.05,,300,27.7,28.3,0.010347,75000,0.6,1.0,0.228218,18.145149,0.364398,-0.114284,0.716987,4.796674
prioritized,2,1036,223091,0.05,1.0,177,131.51,21.72,0.010093,75000,0.6,1.0,0.230978,18.145149,0.377899,-0.151206,0.759421,4.913764
prioritized,2,1037,223391,0.05,,300,25.5,25.3,0.011575,75000,0.6,1.0,0.228816,18.145149,0.35927,-0.186042,0.800735,4.93414
prioritized,2,1038,223691,0.05,,300,26.5,24.3,0.009067,75000,0.6,1.0,0.22671,18.145149,0.350952,-0.0922,0.666217,4.09791
prioritized,2,1039,223991,0.05,,300,27.7,28.3,0.010193,75000,0.6,1.0,0.228456,18.145149,0.390928,-0.15935,0.696082,4.400714
prioritized,2,1040,224273,0.05,-1.0,282,25.99,130.99,0.009999,75000,0.6,1.0,0.230742,18.145149,0.386558,-0.085881,0.701716,3.762966
prioritized,2,1041,224573,0.05,,300,25.3,24.1,0.01092,75000,0.6,1.0,0.230066,18.145149,0.364543,-0.106443,0.727633,3.654397
prioritized,2,1042,224873,0.05,,300,25.5,25.5,0.009082,75000,0.6,1.0,0.226866,18.145149,0.33947,-0.032273,0.594806,3.227846
prioritized,2,1043,225107,0.05,-1.0,234,29.03,131.23,0.010542,75000,0.6,1.0,0.229977,18.145149,0.36945,-0.028708,0.638497,3.093505
prioritized,2,1044,225407,0.05,,300,25.3,25.5,0.010596,75000,0.6,1.0,0.226582,18.145149,0.337781,-0.080086,0.649664,3.267188
prioritized,2,1045,225707,0.05,,300,25.3,25.3,0.008719,75000,0.6,1.0,0.223627,18.145149,0.340927,-0.064864,0.583083,3.060086
prioritized,2,1046,225793,0.05,-1.0,86,27.57,131.97,0.009216,75000,0.6,1.0,0.223785,18.145149,0.338563,-0.070278,0.653182,3.576744
prioritized,2,1047,226068,0.05,1.0,275,131.02,21.83,0.009891,75000,0.6,1.0,0.224561,18.145149,0.342677,-0.109509,0.675912,3.504652
prioritized,2,1048,226368,0.05,,300,25.3,25.3,0.010326,75000,0.6,1.0,0.225053,18.145149,0.352295,-0.30883,0.808596,4.469966
prioritized,2,1049,226552,0.05,-1.0,184,24.68,131.48,0.010449,75000,0.6,1.0,0.225193,18.145149,0.353835,-0.307744,0.760678,4.013755
prioritized,2,1050,226828,0.05,-1.0,276,28.82,131.02,0.009712,75000,0.6,1.0,0.225843,18.145149,0.363227,-0.456426,0.937268,5.33464
prioritized,2,1051,227128,0.05,,300,25.3,25.3,0.010688,75000,0.6,1.0,0.22707,18.145149,0.362473,-0.321543,0.847808,4.507889
prioritized,2,1052,227248,0.05,-1.0,120,21.4,131.8,0.011293,75000,0.6,1.0,0.227833,18.145149,0.378855,-0.316796,0.793542,4.149324
prioritized,2,1053,227548,0.05,,300,25.3,25.1,0.011621,75000,0.6,1.0,0.227745,18.145149,0.363921,-0.270499,0.796141,4.001684
prioritized,2,1054,227848,0.05,,300,24.3,25.3,0.01066,75000,0.6,1.0,0.226575,18.145149,0.379862,-0.178758,0.72989,3.549923
prioritized,2,1055,228148,0.05,,300,25.3,27.5,0.008843,75000,0.6,1.0,0.224368,18.145149,0.331522,-0.148128,0.636974,3.13767
prioritized,2,1056,228448,0.05,,300,28.3,27.5,0.010003,75000,0.6,1.0,0.225146,18.145149,0.349793,-0.209159,0.678738,3.253512
prioritized,2,1057,228748,0.05,,300,23.1,27.7,0.009458,75000,0.6,1.0,0.224246,18.145149,0.341374,-0.095354,0.632838,2.888419
prioritized,2,1058,229048,0.05,,300,23.1,23.1,0.010441,75000,0.6,1.0,0.22527,18.145149,0.357048,-0.082015,0.634034,2.957493
prioritized,2,1059,229348,0.05,,300,25.3,26.3,0.011208,75000,0.6,1.0,0.225227,18.145149,0.361431,-0.01753,0.695467,3.210857
prioritized,2,1060,229648,0.05,,300,23.1,23.1,0.010094,75000,0.6,1.0,0.223363,18.145149,0.344878,-0.065158,0.65409,2.996555
prioritized,2,1061,229948,0.05,,300,21.9,23.3,0.009953,75000,0.6,1.0,0.222496,18.145149,0.348499,-0.105182,0.615065,2.928449
prioritized,2,1062,230088,0.05,-1.0,140,26.3,131.7,0.011783,75000,0.6,1.0,0.224515,18.145149,0.366212,-0.149156,0.704666,3.519125
prioritized,2,1063,230388,0.05,,300,27.9,27.7,0.010342,75000,0.6,1.0,0.224719,18.145149,0.361299,-0.093114,0.719755,3.611233
prioritized,2,1064,230688,0.05,,300,25.3,25.5,0.008884,75000,0.6,1.0,0.222766,18.145149,0.353285,-0.167775,0.678135,3.401301
prioritized,2,1065,230988,0.05,,300,26.1,27.7,0.008987,75000,0.6,1.0,0.22365,18.145149,0.380063,-0.152413,0.630449,3.295292
prioritized,2,1066,231288,0.05,,300,25.5,27.7,0.010452,75000,0.6,1.0,0.221366,18.145149,0.343469,-0.185621,0.618197,3.128247
prioritized,2,1067,231588,0.05,,300,25.3,25.5,0.010337,75000,0.6,1.0,0.220265,18.145149,0.34054,-0.164702,0.554106,2.585645
prioritized,2,1068,231888,0.05,,300,25.1,24.3,0.008151,75000,0.6,1.0,0.222075,18.145149,0.396379,-0.133117,0.584257,3.159451
prioritized,2,1069,232188,0.05,,300,24.1,23.1,0.009476,75000,0.6,1.0,0.220698,18.145149,0.34787,-0.125588,0.59954,2.783319
prioritized,2,1070,232488,0.05,,300,25.3,25.3,0.00855,75000,0.6,1.0,0.218286,18.145149,0.322039,-0.186604,0.583518,3.393925
prioritized,2,1071,232788,0.05,,300,28.3,27.5,0.008517,75000,0.6,1.0,0.219599,18.145149,0.350058,-0.170815,0.548928,2.885548
prioritized,2,1072,233088,0.05,,300,23.3,23.1,0.008159,75000,0.6,1.0,0.219438,18.145149,0.354963,-0.161689,0.528775,2.768318
prioritized,2,1073,233270,0.05,-1.0,182,29.29,131.49,0.011331,75000,0.6,1.0,0.219978,18.145149,0.3519,-0.194723,0.582378,2.963607
prioritized,2,1074,233570,0.05,,300,25.9,23.1,0.009341,75000,0.6,1.0,0.218619,18.145149,0.336129,-0.177894,0.575094,2.827883
prioritized,2,1075,233870,0.05,,300,24.3,24.1,0.00908,75000,0.6,1.0,0.217908,18.145149,0.334212,-0.136438,0.585443,2.903596
prioritized,2,1076,234058,0.05,-1.0,188,29.26,131.46,0.009097,75000,0.6,1.0,0.218144,18.145149,0.354256,-0.153412,0.572342,2.839572
prioritized,2,1077,234358,0.05,,300,27.5,26.1,0.009547,75000,0.6,1.0,0.217631,18.145149,0.342167,-0.149461,0.638737,3.189243
prioritized,2,1078,234658,0.05,,300,26.3,27.5,0.008378,75000,0.6,1.0,0.21626,18.145149,0.325556,-0.11451,0.587094,2.836336
prioritized,2,1079,234958,0.05,,300,27.5,26.5,0.007446,75000,0.6,1.0,0.214762,18.145149,0.321697,-0.138577,0.535024,2.685085
prioritized,2,1080,235258,0.05,,300,25.7,27.7,0.0097,75000,0.6,1.0,0.215232,18.145149,0.331384,-0.095808,0.56239,2.692477
prioritized,2,1081,235558,0.05,,300,27.7,27.5,0.008682,75000,0.6,1.0,0.215058,18.145149,0.322245,-0.024542,0.559444,2.58043
prioritized,2,1082,235858,0.05,,300,25.5,25.5,0.007791,75000,0.6,1.0,0.212813,18.145149,0.307755,-0.085535,0.476943,2.302983
prioritized,2,1083,236158,0.05,,300,22.9,24.3,0.007102,75000,0.6,1.0,0.214292,18.145149,0.34967,-0.113411,0.493969,2.572837
prioritized,2,1084,236458,0.05,,300,25.5,26.5,0.008074,75000,0.6,1.0,0.21158,18.145149,0.31488,-0.075065,0.500289,2.464922
prioritized,2,1085,236758,0.05,,300,25.3,27.7,0.006706,75000,0.6,1.0,0.210609,18.145149,0.312526,-0.08408,0.480084,2.331353
prioritized,2,1086,237058,0.05,,300,27.7,28.5,0.008303,75000,0.6,1.0,0.211964,18.145149,0.324661,-0.077395,0.499304,2.411603
prioritized,2,1087,237358,0.05,,300,27.5,27.5,0.009691,75000,0.6,1.0,0.212683,18.145149,0.338472,-0.106766,0.546985,2.346723
prioritized,2,1088,237658,0.05,,300,25.3,24.1,0.007636,75000,0.6,1.0,0.21246,18.145149,0.336398,-0.089546,0.478779,2.097356
prioritized,2,1089,237958,0.05,,300,27.7,28.5,0.006522,75000,0.6,1.0,0.211298,18.145149,0.33888,-0.109209,0.467315,2.283591
prioritized,2,1090,238065,0.05,1.0,107,131.86,20.87,0.008025,75000,0.6,1.0,0.210927,18.145149,0.315617,-0.077335,0.461674,2.23585
prioritized,2,1091,238365,0.05,,300,25.3,25.5,0.008643,75000,0.6,1.0,0.212259,18.145149,0.331416,-0.262967,0.692926,4.146841
prioritized,2,1092,238462,0.05,1.0,97,131.91,27.12,0.007452,75000,0.6,1.0,0.212931,18.145149,0.36408,-0.283912,0.624499,3.580369
prioritized,2,1093,238762,0.05,,300,25.3,26.1,0.007107,75000,0.6,1.0,0.212453,18.145149,0.365039,-0.235438,0.641334,3.804824
prioritized,2,1094,239062,0.05,,300,25.3,25.1,0.007917,75000,0.6,1.0,0.212211,18.145149,0.345278,-0.198879,0.5924,3.286931
prioritized,2,1095,239362,0.05,,300,25.3,27.7,0.009001,75000,0.6,1.0,0.210613,18.145149,0.316334,-0.184602,0.610892,3.120034
prioritized,2,1096,239662,0.05,,300,25.7,27.7,0.009453,75000,0.6,1.0,0.21133,18.145149,0.334634,-0.134254,0.559249,2.8089
prioritized,2,1097,239962,0.05,,300,27.7,25.3,0.008161,75000,0.6,1.0,0.210622,18.145149,0.33673,-0.128524,0.519991,2.540983
prioritized,2,1098,240262,0.05,,300,25.7,27.5,0.008467,75000,0.6,1.0,0.212163,18.145149,0.347598,0.03179,0.571411,2.586327
prioritized,2,1099,240562,0.05,,300,27.9,25.5,0.009021,75000,0.6,1.0,0.20983,18.145149,0.330319,-0.028705,0.505081,2.159202
prioritized,2,1100,240862,0.05,,300,23.3,25.3,0.009719,75000,0.6,1.0,0.208616,18.145149,0.299703,0.027222,0.544718,2.384286
prioritized,2,1101,241162,0.05,,300,23.1,24.1,0.009219,75000,0.6,1.0,0.211029,18.145149,0.343065,-0.025674,0.555312,2.239007
prioritized,2,1102,241462,0.05,,300,28.5,27.5,0.010138,75000,0.6,1.0,0.211436,18.145149,0.339071,-0.123016,0.561468,2.188394
prioritized,2,1103,241662,0.05,-1.0,200,19.2,131.4,0.008402,75000,0.6,1.0,0.211757,18.145149,0.332918,-0.168076,0.569188,2.473199
prioritized,2,1104,241962,0.05,,300,25.5,25.3,0.007106,75000,0.6,1.0,0.211476,18.145149,0.336928,-0.169455,0.581555,2.758763
prioritized,2,1105,242262,0.05,,300,25.5,25.1,0.008076,75000,0.6,1.0,0.211014,18.145149,0.346246,0.002713,0.561701,2.445838
prioritized,2,1106,242562,0.05,,300,28.5,21.5,0.008145,75000,0.6,1.0,0.208078,18.145149,0.32064,-0.056785,0.497987,2.149913
prioritized,2,1107,242862,0.05,,300,27.5,26.5,0.006958,75000,0.6,1.0,0.206407,18.145149,0.303988,-0.016532,0.435437,1.680256
prioritized,2,1108,243162,0.05,,300,23.1,27.5,0.009117,75000,0.6,1.0,0.208631,18.145149,0.333875,-0.049609,0.503697,2.034431
prioritized,2,1109,243370,0.05,-1.0,208,26.36,131.36,0.00825,75000,0.6,1.0,0.208693,18.145149,0.339427,-0.065396,0.542423,2.211897
prioritized,2,1110,243670,0.05,,300,27.5,25.3,0.008875,75000,0.6,1.0,0.20812,18.145149,0.320192,-0.015269,0.579802,2.365126
prioritized,2,1111,243970,0.05,,300,25.3,27.5,0.007133,75000,0.6,1.0,0.206758,18.145149,0.315165,-0.024402,0.498466,1.967618
prioritized,2,1112,244087,0.05,1.0,117,131.81,24.42,0.007346,75000,0.6,1.0,0.208234,18.145149,0.337619,0.050215,0.517468,2.058221
prioritized,2,1113,244387,0.05,,300,25.9,28.7,0.008759,75000,0.6,1.0,0.209981,18.145149,0.343814,0.022507,0.589981,2.515378
prioritized,2,1114,244687,0.05,,300,27.7,27.7,0.006983,75000,0.6,1.0,0.207019,18.145149,0.311202,-0.04746,0.525384,2.261302
prioritized,2,1115,244987,0.05,,300,25.5,25.5,0.007129,75000,0.6,1.0,0.20682,18.145149,0.333932,-0.034891,0.512575,2.205802
prioritized,2,1116,245246,0.05,1.0,259,131.1,21.51,0.008811,75000,0.6,1.0,0.208888,18.145149,0.33969,-0.049198,0.545398,2.114301
prioritized,2,1117,245546,0.05,,300,27.5,25.5,0.00851,75000,0.6,1.0,0.207407,18.145149,0.324185,-0.050071,0.564889,2.138828
prioritized,2,1118,245846,0.05,,300,25.3,25.1,0.008229,75000,0.6,1.0,0.208905,18.145149,0.373924,-0.005012,0.507152,1.95193
prioritized,2,1119,246146,0.05,,300,27.5,27.5,0.007055,75000,0.6,1.0,0.206854,18.145149,0.33458,0.016665,0.444923,1.568365
prioritized,2,1120,246446,0.05,,300,27.5,28.1,0.007926,75000,0.6,1.0,0.205035,18.145149,0.327797,0.027665,0.472643,1.73671
prioritized,2,1121,246746,0.05,,300,25.5,25.1,0.007492,75000,0.6,1.0,0.203255,18.145149,0.323239,0.006155,0.442424,1.567138
prioritized,2,1122,247046,0.05,,300,25.3,25.1,0.007024,75000,0.6,1.0,0.203913,18.145149,0.326243,-0.026192,0.419991,1.449654
prioritized,2,1123,247346,0.05,,300,25.3,27.7,0.007647,75000,0.6,1.0,0.204238,18.145149,0.325448,-0.016602,0.455947,1.544935
prioritized,2,1124,247646,0.05,,300,25.3,25.3,0.007266,75000,0.6,1.0,0.203045,18.145149,0.314981,-0.038688,0.422978,1.386477
prioritized,2,1125,247946,0.05,,300,24.3,26.3,0.006673,75000,0.6,1.0,0.201663,18.145149,0.31136,-0.013106,0.392107,1.283779
prioritized,2,1126,248246,0.05,,300,28.5,27.5,0.00705,75000,0.6,1.0,0.202062,18.145149,0.304893,0.008694,0.412944,1.312034
prioritized,2,1127,248546,0.05,,300,27.7,25.7,0.006816,75000,0.6,1.0,0.202464,18.145149,0.332431,-0.019493,0.387574,1.236919
prioritized,2,1128,248835,0.05,1.0,289,130.95,26.56,0.007748,75000,0.6,1.0,0.201178,18.145149,0.314285,0.015789,0.442428,1.608098
prioritized,2,1129,249135,0.05,,300,25.3,25.3,0.00856,75000,0.6,1.0,0.203298,18.145149,0.332938,-0.067574,0.583674,3.26871
prioritized,2,1130,249309,0.05,-1.0,174,26.33,131.53,0.013925,75000,0.6,1.0,0.205117,18.145149,0.337967,-0.035822,0.63429,2.96764
prioritized,2,1131,249609,0.05,,300,25.1,25.5,0.008167,75000,0.6,1.0,0.202529,18.145149,0.29411,-0.138792,0.57259,2.780691
prioritized,2,1132,249754,0.05,1.0,145,131.67,28.48,0.006731,75000,0.6,1.0,0.204156,18.145149,0.351964,-0.167204,0.560583,2.912527
prioritized,2,1133,250054,0.05,,300,28.1,25.3,0.007919,75000,0.6,1.0,0.204469,18.145149,0.343205,-0.214029,0.619495,3.478128
prioritized,2,1134,250354,0.05,,300,27.5,28.7,0.007862,75000,0.6,1.0,0.202845,18.145149,0.305131,-0.199695,0.584458,3.259104
prioritized,2,1135,250654,0.05,,300,28.5,25.1,0.00868,75000,0.6,1.0,0.203741,18.145149,0.328245,-0.123188,0.54926,2.974563
prioritized,2,1136,250954,0.05,,300,28.3,27.5,0.007598,75000,0.6,1.0,0.202755,18.145149,0.32302,-0.152661,0.527111,2.831614
prioritized,2,1137,251254,0.05,,300,25.3,25.3,0.007806,75000,0.6,1.0,0.203008,18.145149,0.323295,-0.131309,0.559266,3.14121
prioritized,2,1138,251554,0.05,,300,25.3,25.3,0.007879,75000,0.6,1.0,0.202755,18.145149,0.314499,-0.098097,0.524601,2.856662
prioritized,2,1139,251712,0.05,-1.0,158,18.61,131.61,0.007081,75000,0.6,1.0,0.205018,18.145149,0.335555,-0.157459,0.557443,3.101212
prioritized,2,1140,252012,0.05,,300,28.5,22.9,0.008915,75000,0.6,1.0,0.206155,18.145149,0.338919,-0.357415,0.799125,4.743617
prioritized,2,1141,252312,0.05,,300,28.3,25.3,0.009821,75000,0.6,1.0,0.206213,18.145149,0.328871,-0.244736,0.721287,3.853575
prioritized,2,1142,252612,0.05,,300,25.3,27.5,0.008982,75000,0.6,1.0,0.205449,18.145149,0.347859,-0.298102,0.669731,3.561034
prioritized,2,1143,252858,0.05,-1.0,246,28.97,131.17,0.008738,75000,0.6,1.0,0.206005,18.145149,0.35486,-0.243501,0.665229,3.494788
prioritized,2,1144,253158,0.05,,300,23.1,25.3,0.008892,75000,0.6,1.0,0.205834,18.145149,0.338056,-0.105473,0.657749,3.548202
prioritized,2,1145,253458,0.05,,300,27.7,28.3,0.008663,75000,0.6,1.0,0.205148,18.145149,0.326439,-0.116358,0.650446,3.345516
prioritized,2,1146,253758,0.05,,300,28.5,25.5,0.007714,75000,0.6,1.0,0.202539,18.145149,0.312436,-0.122178,0.568889,2.991209
prioritized,2,1147,254058,0.05,,300,27.7,25.5,0.009347,75000,0.6,1.0,0.203321,18.145149,0.291445,-0.090408,0.577703,2.91967
prioritized,2,1148,254195,0.05,1.0,137,131.71,24.12,0.0108,75000,0.6,1.0,0.207094,18.145149,0.376957,-0.056834,0.604463,2.833196
prioritized,2,1149,254495,0.05,,300,25.3,25.1,0.007519,75000,0.6,1.0,0.203775,18.145149,0.320569,-0.17212,0.625845,3.204386
prioritized,2,1150,254795,0.05,,300,25.3,25.3,0.006564,75000,0.6,1.0,0.202545,18.145149,0.320674,-0.153645,0.548328,2.758193
prioritized,2,1151,255005,0.05,-1.0,210,20.75,131.35,0.006147,75000,0.6,1.0,0.202333,18.145149,0.330024,-0.127789,0.489427,2.359309
prioritized,2,1152,255146,0.05,1.0,141,131.69,24.1,0.008131,75000,0.6,1.0,0.203401,18.145149,0.326205,-0.203048,0.654005,3.754881
prioritized,2,1153,255440,0.05,-1.0,294,20.73,130.93,0.007855,75000,0.6,1.0,0.203469,18.145149,0.326541,-0.125725,0.601578,3.213283
prioritized,2,1154,255587,0.05,1.0,147,131.66,22.07,0.005774,75000,0.6,1.0,0.203391,18.145149,0.341303,-0.126654,0.565406,3.076671
prioritized,2,1155,255714,0.05,1.0,127,131.76,26.97,0.006766,75000,0.6,1.0,0.20439,18.145149,0.36726,-0.2423,0.727678,4.146301
prioritized,2,1156,255809,0.05,1.0,95,131.92,19.73,0.007715,75000,0.6,1.0,0.203058,18.145149,0.330949,-0.274034,0.770405,3.963192
prioritized,2,1157,256109,0.05,,300,24.1,25.3,0.0085,75000,0.6,1.0,0.204966,18.145149,0.325864,-0.212095,0.727878,3.764837
prioritized,2,1158,256409,0.05,,300,28.7,25.3,0.00836,75000,0.6,1.0,0.205212,18.145149,0.340218,-0.079853,0.646469,2.979708
prioritized,2,1159,256709,0.05,,300,25.5,27.7,0.007572,75000,0.6,1.0,0.203492,18.145149,0.317633,-0.065923,0.595993,2.80604
prioritized,2,1160,257009,0.05,,300,27.5,25.5,0.009337,75000,0.6,1.0,0.206261,18.145149,0.361836,-0.03773,0.604736,2.731554
prioritized,2,1161,257309,0.05,,300,28.5,27.7,0.010667,75000,0.6,1.0,0.205885,18.145149,0.344124,-0.083618,0.656366,2.975413
prioritized,2,1162,257609,0.05,,300,27.3,28.7,0.007299,75000,0.6,1.0,0.205,18.145149,0.349762,-0.096408,0.570085,2.406277
prioritized,2,1163,257909,0.05,,300,28.3,27.7,0.00726,75000,0.6,1.0,0.202628,18.145149,0.3344,-0.124653,0.540375,2.392145
prioritized,2,1164,258209,0.05,,300,25.5,27.5,0.008293,75000,0.6,1.0,0.204951,18.145149,0.330289,-0.088769,0.584517,2.520795
prioritized,2,1165,258509,0.05,,300,23.3,25.3,0.007996,75000,0.6,1.0,0.205621,18.145149,0.34004,-0.079251,0.550031,2.335527
prioritized,2,1166,258809,0.05,,300,25.1,28.7,0.009194,75000,0.6,1.0,0.205718,18.145149,0.327871,-0.086634,0.541208,2.167242
prioritized,2,1167,259011,0.05,-1.0,202,24.19,131.39,0.006998,75000,0.6,1.0,0.205279,18.145149,0.320337,-0.117067,0.502458,2.016089
prioritized,2,1168,259311,0.05,,300,25.5,27.7,0.008705,75000,0.6,1.0,0.206556,18.145149,0.334457,-0.149257,0.558299,2.27697
prioritized,2,1169,259484,0.05,1.0,173,131.53,23.94,0.007667,75000,0.6,1.0,0.205865,18.145149,0.3421,-0.183513,0.557479,2.640327
prioritized,2,1170,259784,0.05,,300,24.9,27.5,0.008388,75000,0.6,1.0,0.204658,18.145149,0.343247,-0.300577,0.693853,4.303118
prioritized,2,1171,260084,0.05,,300,28.1,27.5,0.007971,75000,0.6,1.0,0.204725,18.145149,0.344042,-0.181236,0.620419,3.458534
prioritized,2,1172,260384,0.05,,300,28.1,25.7,0.009001,75000,0.6,1.0,0.205254,18.145149,0.345833,-0.164275,0.636455,3.273792
prioritized,2,1173,260492,0.05,-1.0,108,26.66,131.86,0.010702,75000,0.6,1.0,0.205439,18.145149,0.340224,-0.064713,0.605692,2.838228
prioritized,2,1174,260754,0.05,-1.0,262,25.89,131.09,0.008077,75000,0.6,1.0,0.205647,18.145149,0.333986,-0.158176,0.671491,3.576317
prioritized,2,1175,261054,0.05,,300,25.1,25.3,0.010399,75000,0.6,1.0,0.206753,18.145149,0.326476,-0.120581,0.64209,3.001232
prioritized,2,1176,261247,0.05,1.0,193,131.43,23.64,0.008634,75000,0.6,1.0,0.209606,18.145149,0.373636,-0.097615,0.686873,3.121369
prioritized,2,1177,261415,0.05,-1.0,168,24.36,131.56,0.009136,75000,0.6,1.0,0.208889,18.145149,0.347288,-0.175027,0.698523,3.064757
prioritized,2,1178,261715,0.05,,300,25.3,25.3,0.008138,75000,0.6,1.0,0.207069,18.145149,0.338693,-0.22743,0.730302,3.849968
prioritized,2,1179,261920,0.05,1.0,205,131.37,24.58,0.008072,75000,0.6,1.0,0.207707,18.145149,0.372105,-0.170251,0.620214,2.824996
prioritized,2,1180,262069,0.05,1.0,149,131.65,26.46,0.008752,75000,0.6,1.0,0.211008,18.145149,0.356423,-0.085662,0.696622,3.117218
prioritized,2,1181,262369,0.05,,300,25.1,28.1,0.009607,75000,0.6,1.0,0.210943,18.145149,0.364077,-0.155659,0.751456,3.721844
prioritized,2,1182,262501,0.05,-1.0,132,26.94,131.74,0.00876,75000,0.6,1.0,0.20959,18.145149,0.354626,-0.127353,0.675723,3.135506
prioritized,2,1183,262801,0.05,,300,26.5,27.5,0.008017,75000,0.6,1.0,0.207623,18.145149,0.339239,-0.10323,0.676147,3.10473
prioritized,2,1184,263101,0.05,,300,25.3,27.5,0.008878,75000,0.6,1.0,0.208238,18.145149,0.314523,-0.050119,0.649178,2.783524
prioritized,2,1185,263297,0.05,-1.0,196,23.42,131.42,0.010327,75000,0.6,1.0,0.209218,18.145149,0.329161,-0.07172,0.682889,2.80836
prioritized,2,1186,263578,0.05,1.0,281,130.99,22.8,0.010002,75000,0.6,1.0,0.20896,18.145149,0.343896,-0.058928,0.640439,2.497105
prioritized,2,1187,263796,0.05,-1.0,218,21.51,131.31,0.009339,75000,0.6,1.0,0.207236,18.145149,0.299273,-0.093496,0.67509,3.348786
prioritized,2,1188,264096,0.05,,300,28.3,23.7,0.009239,75000,0.6,1.0,0.211684,18.145149,0.373201,-0.076781,0.73192,3.815998
prioritized,2,1189,264396,0.05,,300,28.7,27.5,0.011148,75000,0.6,1.0,0.210697,18.145149,0.340182,-0.1184,0.789219,3.837086
prioritized,2,1190,264696,0.05,,300,23.3,22.3,0.009256,75000,0.6,1.0,0.209438,18.145149,0.34426,-0.098831,0.676601,3.137068
prioritized,2,1191,264996,0.05,,300,28.5,25.3,0.008042,75000,0.6,1.0,0.208564,18.145149,0.341038,-0.065544,0.627897,2.867795
prioritized,2,1192,265112,0.05,-1.0,116,29.22,131.82,0.012558,75000,0.6,1.0,0.210595,18.145149,0.334737,-0.081965,0.698734,3.125492
prioritized,2,1193,265412,0.05,,300,24.7,27.5,0.010688,75000,0.6,1.0,0.21132,18.145149,0.355603,-0.169603,0.727236,3.759887
prioritized,2,1194,265712,0.05,,300,27.5,25.3,0.009342,75000,0.6,1.0,0.209144,18.145149,0.320446,-0.075599,0.638553,3.156917
prioritized,2,1195,266012,0.05,,300,25.3,25.3,0.008775,75000,0.6,1.0,0.209319,18.145149,0.36482,-0.065813,0.608843,3.099554
prioritized,2,1196,266312,0.05,,300,25.3,27.1,0.010058,75000,0.6,1.0,0.208355,18.145149,0.327022,-0.096943,0.66923,3.619057
prioritized,2,1197,266612,0.05,,300,27.5,26.5,0.008377,75000,0.6,1.0,0.208619,18.145149,0.350813,-0.151859,0.624427,3.345519
prioritized,2,1198,266739,0.05,1.0,127,131.76,25.77,0.007221,75000,0.6,1.0,0.208136,18.145149,0.342292,-0.210404,0.640768,3.77442
prioritized,2,1199,267039,0.05,,300,28.7,27.5,0.00885,75000,0.6,1.0,0.209696,18.145149,0.341336,-0.127629,0.669682,3.417336
prioritized,2,1200,267339,0.05,,300,26.1,27.5,0.009683,75000,0.6,1.0,0.213704,18.145149,0.404358,-0.105839,0.691317,3.354099
prioritized,2,1201,267639,0.05,,300,28.1,24.7,0.008762,75000,0.6,1.0,0.210404,18.145149,0.368513,-0.136823,0.668056,3.415952
prioritized,2,1202,267939,0.05,,300,26.3,27.7,0.008312,75000,0.6,1.0,0.208589,18.145149,0.333522,-0.10924,0.615841,3.238374
prioritized,2,1203,268103,0.05,-1.0,164,21.18,131.58,0.011361,75000,0.6,1.0,0.211231,18.145149,0.348293,-0.084222,0.617178,2.863535
prioritized,2,1204,268251,0.05,-1.0,148,24.46,131.66,0.010809,75000,0.6,1.0,0.212718,18.145149,0.361964,-0.166914,0.693905,3.289747
prioritized,2,1205,268427,0.05,-1.0,176,24.32,131.52,0.008898,75000,0.6,1.0,0.213306,18.145149,0.379198,-0.169644,0.736105,3.349617
prioritized,2,1206,268632,0.05,1.0,205,131.37,21.38,0.01079,75000,0.6,1.0,0.213402,18.145149,0.351198,-0.041349,0.742661,3.133812
prioritized,2,1207,268854,0.05,-1.0,222,28.89,131.29,0.010372,75000,0.6,1.0,0.212525,18.145149,0.343607,-0.215176,0.816015,4.29272
prioritized,2,1208,269042,0.05,-1.0,188,22.86,131.46,0.008766,75000,0.6,1.0,0.213007,18.145149,0.367068,-0.0377,0.731198,3.698647
prioritized,2,1209,269213,0.05,1.0,171,131.54,24.55,0.009454,75000,0.6,1.0,0.214146,18.145149,0.383361,-0.02935,0.806934,3.682345
prioritized,2,1210,269513,0.05,,300,21.1,25.3,0.010126,75000,0.6,1.0,0.214849,18.145149,0.375884,-0.307843,1.015167,5.672461
prioritized,2,1211,269749,0.05,-1.0,236,26.02,131.22,0.009473,75000,0.6,1.0,0.213353,18.145149,0.359066,-0.262215,0.904496,4.995084
prioritized,2,1212,270049,0.05,,300,25.5,25.3,0.010641,75000,0.6,1.0,0.213549,18.145149,0.377614,-0.225322,0.833798,4.477603
prioritized,2,1213,270337,0.05,-1.0,288,28.16,130.96,0.010599,75000,0.6,1.0,0.213619,18.145149,0.373856,-0.200246,0.836601,4.038361
prioritized,2,1214,270453,0.05,-1.0,116,23.62,131.82,0.010481,75000,0.6,1.0,0.214151,18.145149,0.366921,-0.322704,0.902738,4.342892
prioritized,2,1215,270571,0.05,-1.0,118,24.41,131.81,0.011145,75000,0.6,1.0,0.21503,18.145149,0.37856,-0.351446,0.932355,4.353364
prioritized,2,1216,270871,0.05,,300,27.5,24.9,0.009511,75000,0.6,1.0,0.214099,18.145149,0.385948,-0.264074,0.921219,4.189594
prioritized,2,1217,271171,0.05,,300,27.7,27.7,0.012198,75000,0.6,1.0,0.21754,18.145149,0.399459,-0.054209,0.891174,3.820246
prioritized,2,1218,271302,0.05,1.0,131,131.74,28.55,0.01059,75000,0.6,1.0,0.217271,18.145149,0.382416,-0.003533,0.858009,3.568082
prioritized,2,1219,271596,0.05,-1.0,294,28.73,130.93,0.011321,75000,0.6,1.0,0.216533,18.145149,0.358255,-0.054368,0.897936,4.026227
prioritized,2,1220,271816,0.05,-1.0,220,26.9,131.3,0.01059,75000,0.6,1.0,0.216728,18.145149,0.371827,-0.098585,0.906152,4.232026
prioritized,2,1221,272018,0.05,-1.0,202,25.79,131.39,0.012246,75000,0.6,1.0,0.21837,18.145149,0.379529,-0.129046,0.883545,3.988238
prioritized,2,1222,272318,0.05,,300,27.5,27.7,0.013106,75000,0.6,1.0,0.218659,18.145149,0.353952,-0.279349,0.953954,4.222495
prioritized,2,1223,272618,0.05,,300,25.5,26.5,0.012827,75000,0.6,1.0,0.22015,18.145149,0.388471,-0.274999,0.922473,4.026469
prioritized,2,1224,272759,0.05,1.0,141,131.69,21.7,0.010558,75000,0.6,1.0,0.21937,18.145149,0.370391,-0.29532,0.871874,3.99449
prioritized,2,1225,273059,0.05,,300,28.5,27.5,0.012101,75000,0.6,1.0,0.220608,18.145149,0.359921,-0.258155,0.918328,4.140986
prioritized,2,1226,273156,0.05,1.0,97,131.91,21.72,0.013646,75000,0.6,1.0,0.221962,18.145149,0.389427,-0.274654,1.052547,4.769327
prioritized,2,1227,273346,0.05,-1.0,190,26.65,131.45,0.012242,75000,0.6,1.0,0.221955,18.145149,0.375447,-0.177422,1.037357,4.472381
prioritized,2,1228,273646,0.05,,300,26.5,27.7,0.012262,75000,0.6,1.0,0.219252,18.145149,0.368268,-0.162873,0.970244,4.314952
prioritized,2,1229,273946,0.05,,300,25.5,26.5,0.011648,75000,0.6,1.0,0.21865,18.145149,0.369649,-0.132506,0.887969,3.800888
prioritized,2,1230,274044,0.05,-1.0,98,28.91,131.91,0.01224,75000,0.6,1.0,0.221314,18.145149,0.403349,-0.239172,0.946487,4.117604
prioritized,2,1231,274344,0.05,,300,27.7,27.7,0.012833,75000,0.6,1.0,0.219468,18.145149,0.35392,-0.153445,0.947991,4.06891
prioritized,2,1232,274644,0.05,,300,25.5,27.7,0.012031,75000,0.6,1.0,0.220898,18.145149,0.400772,-0.105934,0.934733,3.917717
prioritized,2,1233,274944,0.05,,300,25.5,27.5,0.011039,75000,0.6,1.0,0.217376,18.145149,0.361696,-0.131334,0.80123,3.485164
prioritized,2,1234,275053,0.05,1.0,109,131.85,29.06,0.013412,75000,0.6,1.0,0.220285,18.145149,0.371989,-0.182772,0.802002,3.224617
prioritized,2,1235,275353,0.05,,300,25.3,27.7,0.012414,75000,0.6,1.0,0.221264,18.145149,0.378062,-0.28804,0.941794,4.122086
prioritized,2,1236,275653,0.05,,300,25.5,25.5,0.010672,75000,0.6,1.0,0.218329,18.145149,0.355216,-0.161374,0.785461,3.360371
prioritized,2,1237,275856,0.05,1.0,203,131.38,23.99,0.009932,75000,0.6,1.0,0.217614,18.145149,0.34094,-0.222308,0.758735,3.512292
prioritized,2,1238,276156,0.05,,300,25.5,25.5,0.011915,75000,0.6,1.0,0.220588,18.145149,0.376908,-0.165122,0.80399,3.844599
prioritized,2,1239,276456,0.05,,300,25.5,25.5,0.013523,75000,0.6,1.0,0.218282,18.145149,0.351183,-0.191177,0.824892,4.165942
prioritized,2,1240,276756,0.05,,300,25.1,26.3,0.010139,75000,0.6,1.0,0.21817,18.145149,0.380192,-0.179505,0.808115,3.986476
prioritized,2,1241,276886,0.05,-1.0,130,22.15,131.75,0.012493,75000,0.6,1.0,0.216719,18.145149,0.340238,-0.150646,0.696352,3.284238
prioritized,2,1242,277008,0.05,-1.0,122,19.79,131.79,0.014009,75000,0.6,1.0,0.217755,18.145149,0.346312,-0.204379,0.774053,3.659171
prioritized,2,1243,277116,0.05,-1.0,108,25.86,131.86,0.013673,75000,0.6,1.0,0.223136,18.145149,0.421799,-0.381486,1.002665,4.682525
prioritized,2,1244,277416,0.05,,300,25.5,25.3,0.010553,75000,0.6,1.0,0.21926,18.145149,0.37679,-0.206158,0.894309,4.216123
prioritized,2,1245,277716,0.05,,300,25.5,28.1,0.009807,75000,0.6,1.0,0.216154,18.145149,0.360161,-0.10024,0.829792,4.041081
prioritized,2,1246,277895,0.05,1.0,179,131.5,26.11,0.011198,75000,0.6,1.0,0.215761,18.145149,0.352875,-0.140057,0.808243,3.832101
prioritized,2,1247,278092,0.05,1.0,197,131.41,23.62,0.011315,75000,0.6,1.0,0.217744,18.145149,0.360872,-0.212402,0.887642,4.593508
prioritized,2,1248,278392,0.05,,300,25.3,27.5,0.011116,75000,0.6,1.0,0.216377,18.145149,0.34896,-0.187459,0.914546,4.699984
prioritized,2,1249,278692,0.05,,300,25.5,25.5,0.010199,75000,0.6,1.0,0.215451,18.145149,0.357506,-0.235276,0.885171,4.391614
prioritized,2,1250,278992,0.05,,300,27.7,25.3,0.009943,75000,0.6,1.0,0.213938,18.145149,0.349655,-0.12329,0.799621,4.066657
prioritized,2,1251,279292,0.05,,300,28.3,25.5,0.012086,75000,0.6,1.0,0.217682,18.145149,0.373722,-0.116537,0.80555,3.87837
prioritized,2,1252,279467,0.05,1.0,175,131.52,26.73,0.010216,75000,0.6,1.0,0.216057,18.145149,0.363464,-0.172916,0.769471,3.848156
prioritized,2,1253,279627,0.05,-1.0,160,29.4,131.6,0.012218,75000,0.6,1.0,0.215391,18.145149,0.353088,-0.132344,0.846489,4.174361
prioritized,2,1254,279927,0.05,,300,25.5,25.5,0.009984,75000,0.6,1.0,0.214568,18.145149,0.366568,-0.198702,0.864479,4.861784
prioritized,2,1255,280129,0.05,-1.0,202,26.19,131.39,0.011596,75000,0.6,1.0,0.217121,18.145149,0.379923,-0.195313,0.897684,4.833412
prioritized,2,1256,280337,0.05,-1.0,208,29.16,131.36,0.011859,75000,0.6,1.0,0.217661,18.145149,0.382731,-0.125686,0.93881,4.744866
prioritized,2,1257,280637,0.05,,300,27.5,25.3,0.01331,75000,0.6,1.0,0.217747,18.145149,0.368593,-0.217587,1.03613,5.177989
prioritized,2,1258,280797,0.05,-1.0,160,24.6,131.6,0.010963,75000,0.6,1.0,0.217275,18.145149,0.375081,-0.176516,0.938499,4.716477
prioritized,2,1259,280976,0.05,1.0,179,131.5,26.71,0.010124,75000,0.6,1.0,0.216002,18.145149,0.355047,-0.15954,0.892964,4.382746
prioritized,2,1260,281276,0.05,,300,25.5,25.5,0.013594,75000,0.6,1.0,0.217881,18.145149,0.367576,-0.215532,1.005508,4.60966
prioritized,2,1261,281576,0.05,,300,25.3,25.3,0.010347,75000,0.6,1.0,0.216112,18.145149,0.359276,-0.171095,0.857151,3.826588
prioritized,2,1262,281876,0.05,,300,27.5,25.5,0.010567,75000,0.6,1.0,0.214624,18.145149,0.347207,-0.122094,0.818462,3.736165
prioritized,2,1263,282071,0.05,1.0,195,131.42,23.63,0.01272,75000,0.6,1.0,0.21901,18.145149,0.397382,-0.084338,0.83086,3.529263
prioritized,2,1264,282371,0.05,,300,27.5,28.5,0.011964,75000,0.6,1.0,0.219037,18.145149,0.384988,-0.069477,0.947002,4.185978
prioritized,2,1265,282671,0.05,,300,27.7,25.3,0.011187,75000,0.6,1.0,0.215381,18.145149,0.371999,-0.056233,0.839886,3.639819
prioritized,2,1266,282844,0.05,1.0,173,131.53,22.14,0.011128,75000,0.6,1.0,0.216012,18.145149,0.373873,0.016391,0.862458,3.602641
prioritized,2,1267,283144,0.05,,300,27.7,23.5,0.011347,75000,0.6,1.0,0.218749,18.145149,0.370261,-0.082078,0.876696,4.294539
prioritized,2,1268,283444,0.05,,300,27.5,28.1,0.013786,75000,0.6,1.0,0.219754,18.145149,0.397054,-0.05894,0.937457,4.364202
prioritized,2,1269,283717,0.05,1.0,273,131.03,28.84,0.011706,75000,0.6,1.0,0.219036,18.145149,0.390687,-0.012981,0.836438,3.895098
prioritized,2,1270,283958,0.05,1.0,241,131.19,29.0,0.010097,75000,0.6,1.0,0.216473,18.145149,0.367378,-0.051938,0.825701,3.810859
prioritized,2,1271,284068,0.05,-1.0,110,26.85,131.85,0.015057,75000,0.6,1.0,0.219069,18.145149,0.369739,-0.0233,0.936731,3.86467
prioritized,2,1272,284368,0.05,,300,27.7,27.5,0.011634,75000,0.6,1.0,0.219188,18.145149,0.365774,-0.003855,0.815007,3.293403
prioritized,2,1273,284481,0.05,1.0,113,131.83,24.84,0.011813,75000,0.6,1.0,0.219051,18.145149,0.366586,-0.006314,0.772629,3.198218
prioritized,2,1274,284781,0.05,,300,25.3,24.1,0.011391,75000,0.6,1.0,0.218695,18.145149,0.389216,-0.051618,0.816152,3.529275
prioritized,2,1275,285081,0.05,,300,25.3,27.7,0.010249,75000,0.6,1.0,0.218364,18.145149,0.363304,0.036931,0.770814,3.256023
prioritized,2,1276,285215,0.05,-1.0,134,26.93,131.73,0.013401,75000,0.6,1.0,0.221914,18.145149,0.418166,-0.025324,0.840888,3.403471
prioritized,2,1277,285515,0.05,,300,25.3,27.5,0.013144,75000,0.6,1.0,0.220505,18.145149,0.364432,0.075385,0.902632,3.745896
prioritized,2,1278,285815,0.05,,300,25.3,27.7,0.010868,75000,0.6,1.0,0.218765,18.145149,0.361732,0.056794,0.784234,3.240384
prioritized,2,1279,286115,0.05,,300,27.7,28.5,0.012967,75000,0.6,1.0,0.220399,18.145149,0.351835,-0.000333,0.798653,3.163906
prioritized,2,1280,286415,0.05,,300,25.5,25.5,0.010931,75000,0.6,1.0,0.220839,18.145149,0.378273,0.034596,0.77613,3.027218
prioritized,2,1281,286511,0.05,-1.0,96,20.72,131.92,0.019359,75000,0.6,1.0,0.220488,18.145149,0.362979,-0.019038,0.755573,2.774465
prioritized,2,1282,286811,0.05,,300,26.3,24.3,0.01142,75000,0.6,1.0,0.220341,18.145149,0.351656,-0.005477,0.779775,2.949229
prioritized,2,1283,287111,0.05,,300,25.3,25.5,0.013211,75000,0.6,1.0,0.22515,18.145149,0.396361,0.03621,0.855526,3.29733
prioritized,2,1284,287411,0.05,,300,25.5,27.3,0.013227,75000,0.6,1.0,0.225403,18.145149,0.376969,-0.014409,0.801792,2.953132
prioritized,2,1285,287711,0.05,,300,25.5,25.5,0.012952,75000,0.6,1.0,0.225624,18.145149,0.364665,-0.053789,0.758915,2.802275
prioritized,2,1286,288011,0.05,,300,25.3,27.7,0.011768,75000,0.6,1.0,0.223635,18.145149,0.349898,-0.032967,0.718492,2.76467
prioritized,2,1287,288311,0.05,,300,27.5,25.3,0.015064,75000,0.6,1.0,0.226997,18.145149,0.395169,-0.22126,0.823239,3.038246
prioritized,2,1288,288611,0.05,,300,25.3,26.1,0.012685,75000,0.6,1.0,0.226159,18.145149,0.387929,-0.101788,0.733177,2.735737
prioritized,2,1289,288911,0.05,,300,25.5,25.5,0.010722,75000,0.6,1.0,0.223464,18.145149,0.35767,-0.140561,0.697382,2.735722
prioritized,2,1290,289077,0.05,-1.0,166,29.37,131.57,0.013716,75000,0.6,1.0,0.226226,18.145149,0.38031,-0.058723,0.727058,2.755471
prioritized,2,1291,289278,0.05,1.0,201,131.39,28.4,0.015729,75000,0.6,1.0,0.227259,18.145149,0.391103,0.189046,0.980184,4.604916
prioritized,2,1292,289578,0.05,,300,27.7,25.3,0.013197,75000,0.6,1.0,0.224399,18.145149,0.380741,0.058444,0.939472,4.324433
prioritized,2,1293,289878,0.05,,300,27.5,26.5,0.011198,75000,0.6,1.0,0.222963,18.145149,0.392976,0.120858,0.839343,3.894129
prioritized,2,1294,290178,0.05,,300,27.5,27.5,0.010982,75000,0.6,1.0,0.222511,18.145149,0.362891,0.041573,0.766917,3.510696
prioritized,2,1295,290281,0.05,1.0,103,131.88,29.29,0.014517,75000,0.6,1.0,0.222646,18.145149,0.354583,-0.112867,0.764408,3.223239
prioritized,2,1296,290581,0.05,,300,25.3,25.3,0.011926,75000,0.6,1.0,0.222316,18.145149,0.36309,-0.044983,0.777231,3.286783
prioritized,2,1297,290700,0.05,1.0,119,131.8,24.81,0.011818,75000,0.6,1.0,0.222306,18.145149,0.36253,-0.017817,0.74223,3.228313
prioritized,2,1298,291000,0.05,,300,27.5,27.5,0.010985,75000,0.6,1.0,0.222217,18.145149,0.373292,-0.084265,0.763633,3.439124
prioritized,2,1299,291300,0.05,,300,23.3,25.5,0.014009,75000,0.6,1.0,0.225079,18.145149,0.38562,-0.020234,0.799961,3.353098
prioritized,2,1300,291508,0.05,-1.0,208,29.16,131.36,0.015223,75000,0.6,1.0,0.225891,18.145149,0.390569,-0.056356,0.742794,2.807312
prioritized,2,1301,291808,0.05,,300,27.7,25.5,0.01189,75000,0.6,1.0,0.22315,18.145149,0.37288,0.024189,0.859788,3.792409
prioritized,2,1302,291943,0.05,1.0,135,131.72,23.93,0.015424,75000,0.6,1.0,0.223785,18.145149,0.384185,-0.052434,0.792828,3.528153
prioritized,2,1303,292243,0.05,,300,25.5,25.5,0.012358,75000,0.6,1.0,0.226091,18.145149,0.376916,0.009188,0.87018,3.658132
prioritized,2,1304,292543,0.05,,300,28.3,27.5,0.012173,75000,0.6,1.0,0.227098,18.145149,0.382052,-0.007707,0.863922,3.749259
prioritized,2,1305,292789,0.05,-1.0,246,28.17,131.17,0.013683,75000,0.6,1.0,0.22784,18.145149,0.377306,-0.069401,0.842902,3.37904
prioritized,2,1306,293089,0.05,,300,27.9,27.5,0.014064,75000,0.6,1.0,0.230639,18.145149,0.392878,-0.080135,0.896718,3.822603
prioritized,2,1307,293332,0.05,1.0,243,131.18,26.39,0.013386,75000,0.6,1.0,0.231455,18.145149,0.367959,-0.060678,0.875089,3.577927
prioritized,2,1308,293545,0.05,1.0,213,131.33,26.34,0.013036,75000,0.6,1.0,0.233328,18.145149,0.422128,-0.108428,0.999377,4.39401
prioritized,2,1309,293845,0.05,,300,25.3,27.7,0.011356,75000,0.6,1.0,0.229298,18.145149,0.386779,-0.214667,0.923238,4.234759
prioritized,2,1310,294145,0.05,,300,25.7,28.3,0.013909,75000,0.6,1.0,0.230999,18.145149,0.3719,-0.217088,0.909253,4.260102
prioritized,2,1311,294445,0.05,,300,25.1,28.7,0.013506,75000,0.6,1.0,0.23236,18.145149,0.391956,-0.225652,0.882965,3.965848
prioritized,2,1312,294659,0.05,-1.0,214,26.73,131.33,0.011556,75000,0.6,1.0,0.23201,18.145149,0.383529,-0.163938,0.887624,4.06438
prioritized,2,1313,294959,0.05,,300,23.3,25.3,0.012141,75000,0.6,1.0,0.232212,18.145149,0.415961,-0.292124,0.953694,4.626603
prioritized,2,1314,295059,0.05,-1.0,100,27.3,131.9,0.019564,75000,0.6,1.0,0.232263,18.145149,0.373706,-0.139133,0.993031,4.186079
prioritized,2,1315,295228,0.05,1.0,169,131.55,29.36,0.014249,75000,0.6,1.0,0.232847,18.145149,0.392784,-0.202993,1.082254,4.769302
prioritized,2,1316,295528,0.05,,300,23.3,27.7,0.01475,75000,0.6,1.0,0.232029,18.145149,0.396795,-0.21727,1.09781,4.830343
prioritized,2,1317,295828,0.05,,300,25.5,25.3,0.012729,75000,0.6,1.0,0.230688,18.145149,0.423407,-0.164329,0.977128,4.297287
prioritized,2,1318,296128,0.05,,300,28.1,27.7,0.013994,75000,0.6,1.0,0.232041,18.145149,0.400245,-0.172738,0.958743,4.042964
prioritized,2,1319,296428,0.05,,300,23.1,28.1,0.014889,75000,0.6,1.0,0.233788,18.145149,0.423315,-0.239946,1.002731,4.189588
prioritized,2,1320,296728,0.05,,300,25.3,27.7,0.012083,75000,0.6,1.0,0.232591,18.145149,0.409612,-0.270759,0.943037,3.988314
prioritized,2,1321,297028,0.05,,300,27.5,27.9,0.013127,75000,0.6,1.0,0.232125,18.145149,0.389985,-0.236298,0.89651,3.719489
prioritized,2,1322,297328,0.05,,300,25.3,25.5,0.01285,75000,0.6,1.0,0.23155,18.145149,0.368726,-0.170962,0.873417,3.784523
prioritized,2,1323,297628,0.05,,300,25.3,25.5,0.012323,75000,0.6,1.0,0.231377,18.145149,0.385494,-0.122292,0.818203,3.415301
prioritized,2,1324,297928,0.05,,300,25.3,25.3,0.01398,75000,0.6,1.0,0.229658,18.145149,0.359261,-0.128485,0.819166,3.544305
prioritized,2,1325,298228,0.05,,300,25.3,25.5,0.014673,75000,0.6,1.0,0.232022,18.145149,0.381358,-0.22597,0.835847,3.815802
prioritized,2,1326,298528,0.05,,300,25.3,27.5,0.013706,75000,0.6,1.0,0.231211,18.145149,0.376219,-0.161885,0.764075,3.394953
prioritized,2,1327,298828,0.05,,300,23.1,24.3,0.012718,75000,0.6,1.0,0.230339,18.145149,0.381404,-0.201134,0.774102,3.433875
prioritized,2,1328,299128,0.05,,300,25.3,27.5,0.013163,75000,0.6,1.0,0.232957,18.145149,0.385487,-0.107404,0.744485,3.042919
prioritized,2,1329,299253,0.05,1.0,125,131.77,29.58,0.013635,75000,0.6,1.0,0.234319,18.145149,0.399832,-0.119976,0.827562,3.488636
prioritized,2,1330,299513,0.05,-1.0,260,20.7,131.1,0.012911,75000,0.6,1.0,0.231854,18.145149,0.369159,-0.108648,0.814845,3.265689
prioritized,2,1331,299813,0.05,,300,27.3,25.5,0.011196,75000,0.6,1.0,0.228438,18.145149,0.349828,-0.161585,0.778343,3.296592
prioritized,2,1332,300113,0.05,,300,21.1,28.1,0.012369,75000,0.6,1.0,0.231248,18.145149,0.3748,-0.089874,0.745889,3.013288
prioritized,2,1333,300413,0.05,,300,25.3,22.9,0.013286,75000,0.6,1.0,0.231578,18.145149,0.372681,-0.115627,0.771823,2.924475
prioritized,2,1334,300699,0.05,-1.0,286,28.77,130.97,0.012712,75000,0.6,1.0,0.230573,18.145149,0.375864,-0.188866,0.800403,3.232389
prioritized,2,1335,300981,0.05,-1.0,282,25.79,130.99,0.011981,75000,0.6,1.0,0.229728,18.145149,0.396625,-0.137699,0.790299,3.302941
prioritized,2,1336,301281,0.05,,300,28.7,25.3,0.014381,75000,0.6,1.0,0.23125,18.145149,0.372797,-0.245754,0.876124,3.8423
prioritized,2,1337,301543,0.05,-1.0,262,26.09,131.09,0.012553,75000,0.6,1.0,0.231154,18.145149,0.400938,-0.258054,0.854718,3.781039
prioritized,2,1338,301843,0.05,,300,27.7,27.7,0.012249,75000,0.6,1.0,0.230753,18.145149,0.410142,-0.255501,0.900157,3.934258
prioritized,2,1339,301978,0.05,1.0,135,131.72,22.13,0.011982,75000,0.6,1.0,0.229298,18.145149,0.378091,-0.241376,0.80433,3.39288
prioritized,2,1340,302278,0.05,,300,27.5,25.3,0.014644,75000,0.6,1.0,0.230308,18.145149,0.372615,-0.33988,0.914596,4.516344
prioritized,2,1341,302532,0.05,-1.0,254,28.73,131.13,0.014796,75000,0.6,1.0,0.230732,18.145149,0.396,-0.260975,0.892648,4.178532
prioritized,2,1342,302832,0.05,,300,25.1,28.3,0.0121,75000,0.6,1.0,0.230002,18.145149,0.398743,-0.307041,0.974233,4.733724
prioritized,2,1343,303108,0.05,-1.0,276,28.42,131.02,0.014757,75000,0.6,1.0,0.232616,18.145149,0.390903,-0.215693,0.996655,4.710098
prioritized,2,1344,303408,0.05,,300,27.7,25.5,0.014495,75000,0.6,1.0,0.230796,18.145149,0.376282,-0.279903,0.94368,4.372486
prioritized,2,1345,303708,0.05,,300,26.3,24.3,0.013678,75000,0.6,1.0,0.230725,18.145149,0.38098,-0.312638,0.938112,3.831077
prioritized,2,1346,303997,0.05,1.0,289,130.95,27.76,0.013357,75000,0.6,1.0,0.230171,18.145149,0.385393,-0.245832,0.844997,3.635335
prioritized,2,1347,304297,0.05,,300,25.3,27.7,0.013974,75000,0.6,1.0,0.233008,18.145149,0.392879,-0.383007,1.003406,4.350674
prioritized,2,1348,304597,0.05,,300,27.7,27.5,0.013099,75000,0.6,1.0,0.231504,18.145149,0.397931,-0.253666,0.887615,3.898036
prioritized,2,1349,304897,0.05,,300,27.5,28.1,0.012681,75000,0.6,1.0,0.22975,18.145149,0.391575,-0.234692,0.82651,3.604514
prioritized,2,1350,305197,0.05,,300,27.9,27.3,0.015229,75000,0.6,1.0,0.231852,18.145149,0.372725,-0.230098,0.917641,3.954109
prioritized,2,1351,305316,0.05,1.0,119,131.8,25.01,0.012499,75000,0.6,1.0,0.234158,18.145149,0.411721,-0.171186,0.919113,4.059202
prioritized,2,1352,305616,0.05,,300,27.7,27.9,0.014,75000,0.6,1.0,0.23437,18.145149,0.406967,-0.296252,1.001268,4.349899
prioritized,2,1353,305916,0.05,,300,28.7,25.5,0.013713,75000,0.6,1.0,0.233209,18.145149,0.399632,-0.231546,0.888127,3.603561
prioritized,2,1354,306127,0.05,1.0,211,131.34,28.95,0.013272,75000,0.6,1.0,0.236097,18.145149,0.404396,-0.268902,0.948778,3.779263
prioritized,2,1355,306427,0.05,,300,24.3,27.5,0.014129,75000,0.6,1.0,0.23638,18.145149,0.39263,-0.139146,0.977963,3.804261
prioritized,2,1356,306539,0.05,-1.0,112,23.24,131.84,0.011845,75000,0.6,1.0,0.236876,18.145149,0.411457,-0.115893,0.838042,3.191178
prioritized,2,1357,306839,0.05,,300,27.7,28.1,0.015726,75000,0.6,1.0,0.237505,18.145149,0.42796,-0.21645,0.963962,3.843675
prioritized,2,1358,307139,0.05,,300,25.3,22.9,0.013188,75000,0.6,1.0,0.23705,18.145149,0.408905,-0.138404,0.836432,3.332286
prioritized,2,1359,307439,0.05,,300,25.3,25.5,0.014903,75000,0.6,1.0,0.235171,18.145149,0.382834,-0.196867,0.862419,3.436068
prioritized,2,1360,307739,0.05,,300,25.5,26.1,0.014095,75000,0.6,1.0,0.235039,18.145149,0.405482,-0.13922,0.818717,3.131834
prioritized,2,1361,308039,0.05,,300,28.5,27.5,0.013418,75000,0.6,1.0,0.234106,18.145149,0.370287,-0.121888,0.810203,3.162327
prioritized,2,1362,308339,0.05,,300,25.1,25.1,0.01221,75000,0.6,1.0,0.232626,18.145149,0.388262,-0.169401,0.753164,2.957469
prioritized,2,1363,308536,0.05,1.0,197,131.41,21.22,0.012392,75000,0.6,1.0,0.231235,18.145149,0.360514,-0.157455,0.800617,3.37233
prioritized,2,1364,308663,0.05,1.0,127,131.76,23.57,0.013693,75000,0.6,1.0,0.233585,18.145149,0.402616,-0.110489,0.79107,3.084349
prioritized,2,1365,308963,0.05,,300,27.5,28.3,0.01485,75000,0.6,1.0,0.233604,18.145149,0.383815,-0.261031,0.864346,3.378852
prioritized,2,1366,309225,0.05,-1.0,262,28.49,131.09,0.01777,75000,0.6,1.0,0.236811,18.145149,0.396653,-0.099641,0.935384,3.565924
prioritized,2,1367,309398,0.05,1.0,173,131.53,23.54,0.013018,75000,0.6,1.0,0.235473,18.145149,0.388421,-0.161752,0.929325,3.696682
prioritized,2,1368,309698,0.05,,300,23.1,23.1,0.013523,75000,0.6,1.0,0.234346,18.145149,0.386102,-0.188517,0.911069,3.608183
prioritized,2,1369,309998,0.05,,300,27.7,25.3,0.011785,75000,0.6,1.0,0.231731,18.145149,0.387628,-0.173613,0.829752,3.42892
prioritized,2,1370,310154,0.05,-1.0,156,24.22,131.62,0.014875,75000,0.6,1.0,0.234095,18.145149,0.395515,-0.225447,0.843537,3.346376
prioritized,2,1371,310454,0.05,,300,28.1,27.7,0.014279,75000,0.6,1.0,0.233527,18.145149,0.397524,-0.229086,0.886193,3.792832
prioritized,2,1372,310754,0.05,,300,25.3,27.5,0.01324,75000,0.6,1.0,0.231993,18.145149,0.377151,-0.243678,0.839378,3.497169
prioritized,2,1373,311054,0.05,,300,27.5,25.5,0.013228,75000,0.6,1.0,0.233062,18.145149,0.384978,-0.203952,0.853054,3.669555
prioritized,2,1374,311354,0.05,,300,25.5,27.5,0.015287,75000,0.6,1.0,0.232373,18.145149,0.3763,-0.234104,0.921502,3.846292
prioritized,2,1375,311654,0.05,,300,25.5,25.5,0.013667,75000,0.6,1.0,0.231821,18.145149,0.393043,-0.147274,0.864505,3.474425
prioritized,2,1376,311952,0.05,-1.0,298,27.71,130.91,0.011385,75000,0.6,1.0,0.229681,18.145149,0.384355,-0.125683,0.763375,3.247619
prioritized,2,1377,312058,0.05,-1.0,106,26.87,131.87,0.015497,75000,0.6,1.0,0.233598,18.145149,0.396611,-0.164595,0.880411,3.6465
prioritized,2,1378,312358,0.05,,300,25.3,27.5,0.014018,75000,0.6,1.0,0.232115,18.145149,0.37408,-0.184921,0.90761,3.67242
prioritized,2,1379,312658,0.05,,300,21.1,28.3,0.012098,75000,0.6,1.0,0.22993,18.145149,0.371074,-0.239765,0.871409,3.672561
prioritized,2,1380,312871,0.05,1.0,213,131.33,29.14,0.012702,75000,0.6,1.0,0.22905,18.145149,0.38017,-0.121651,0.738849,2.931155
prioritized,2,1381,313171,0.05,,300,27.7,27.7,0.014877,75000,0.6,1.0,0.232264,18.145149,0.392233,-0.105677,0.948184,3.905219
prioritized,2,1382,313422,0.05,1.0,251,131.14,21.55,0.015504,75000,0.6,1.0,0.233418,18.145149,0.374975,-0.123948,0.917514,3.770579
prioritized,2,1383,313541,0.05,1.0,119,131.8,24.81,0.015192,75000,0.6,1.0,0.234689,18.145149,0.392653,-0.291601,1.042505,4.390379
prioritized,2,1384,313841,0.05,,300,28.5,27.5,0.014614,75000,0.6,1.0,0.231876,18.145149,0.370768,-0.36415,1.142091,5.727262
prioritized,2,1385,314141,0.05,,300,25.5,25.3,0.014958,75000,0.6,1.0,0.235021,18.145149,0.396066,-0.352521,1.074608,4.911416
prioritized,2,1386,314441,0.05,,300,27.7,28.5,0.01434,75000,0.6,1.0,0.234846,18.145149,0.410812,-0.195349,1.086689,4.721128
prioritized,2,1387,314592,0.05,1.0,151,131.64,26.65,0.01593,75000,0.6,1.0,0.234135,18.145149,0.38837,-0.143942,1.026969,4.404707
prioritized,2,1388,314766,0.05,-1.0,174,28.73,131.53,0.014443,75000,0.6,1.0,0.235152,18.145149,0.401368,-0.186697,1.001605,4.207923
prioritized,2,1389,315066,0.05,,300,25.3,25.3,0.014957,75000,0.6,1.0,0.234785,18.145149,0.398486,-0.264062,1.052024,4.894051
prioritized,2,1390,315366,0.05,,300,25.7,25.1,0.01596,75000,0.6,1.0,0.236279,18.145149,0.404644,-0.083932,1.045122,4.503621
prioritized,2,1391,315541,0.05,1.0,175,131.52,29.13,0.015792,75000,0.6,1.0,0.234762,18.145149,0.380163,-0.181184,1.140625,4.942225
prioritized,2,1392,315841,0.05,,300,25.5,27.5,0.013455,75000,0.6,1.0,0.233881,18.145149,0.382714,-0.160404,1.007178,4.422588
prioritized,2,1393,316141,0.05,,300,25.5,27.9,0.014025,75000,0.6,1.0,0.236234,18.145149,0.407688,-0.198785,1.009902,4.519097
prioritized,2,1394,316437,0.05,-1.0,296,28.72,130.92,0.016152,75000,0.6,1.0,0.235255,18.145149,0.399968,-0.198319,1.065747,4.557235
prioritized,2,1395,316737,0.05,,300,25.3,25.3,0.015837,75000,0.6,1.0,0.232589,18.145149,0.391518,-0.323441,1.177881,5.655751
prioritized,2,1396,316874,0.05,1.0,137,131.71,28.72,0.010703,75000,0.6,1.0,0.230479,18.145149,0.370143,-0.178435,0.970467,4.863661
prioritized,2,1397,317135,0.05,1.0,261,131.09,26.5,0.014314,75000,0.6,1.0,0.234745,18.145149,0.392684,-0.129978,1.086846,5.009608
prioritized,2,1398,317435,0.05,,300,25.5,25.5,0.014727,75000,0.6,1.0,0.236098,18.145149,0.411443,-0.173794,1.163408,5.313437
prioritized,2,1399,317735,0.05,,300,25.5,25.5,0.013787,75000,0.6,1.0,0.233839,18.145149,0.417376,-0.183806,1.066087,4.970607
prioritized,2,1400,318035,0.05,,300,25.5,25.5,0.013697,75000,0.6,1.0,0.234594,18.145149,0.396972,-0.201074,1.098883,4.956577
prioritized,2,1401,318335,0.05,,300,25.3,23.1,0.015922,75000,0.6,1.0,0.235062,18.145149,0.400253,-0.181478,1.060862,4.308501
prioritized,2,1402,318635,0.05,,300,25.3,25.3,0.014324,75000,0.6,1.0,0.232204,18.145149,0.379615,-0.19919,0.972885,4.251146
prioritized,2,1403,318935,0.05,,300,25.3,25.3,0.011975,75000,0.6,1.0,0.23069,18.145149,0.386881,-0.157722,0.889344,3.971545
prioritized,2,1404,319235,0.05,,300,27.7,25.5,0.015139,75000,0.6,1.0,0.233538,18.145149,0.391725,-0.161405,0.918007,4.076377
prioritized,2,1405,319535,0.05,,300,27.5,27.7,0.012479,75000,0.6,1.0,0.232664,18.145149,0.424176,-0.216435,0.983707,4.495604
prioritized,2,1406,319835,0.05,,300,27.5,23.3,0.012931,75000,0.6,1.0,0.228598,18.145149,0.369961,-0.186395,0.889421,3.988277
prioritized,2,1407,320044,0.05,1.0,209,131.35,25.36,0.015439,75000,0.6,1.0,0.233124,18.145149,0.396901,-0.168767,0.905805,3.776765
prioritized,2,1408,320344,0.05,,300,25.3,25.3,0.013868,75000,0.6,1.0,0.232292,18.145149,0.388183,-0.152454,1.024621,4.236388
prioritized,2,1409,320644,0.05,,300,25.3,27.7,0.011726,75000,0.6,1.0,0.228605,18.145149,0.367011,-0.1311,0.918848,3.848515
prioritized,2,1410,320944,0.05,,300,27.7,25.3,0.01327,75000,0.6,1.0,0.228279,18.145149,0.374133,-0.168812,0.867733,3.664315
prioritized,2,1411,321244,0.05,,300,25.3,25.5,0.016426,75000,0.6,1.0,0.233044,18.145149,0.391872,-0.123256,1.022609,4.302805
prioritized,2,1412,321544,0.05,,300,23.1,25.1,0.01417,75000,0.6,1.0,0.231766,18.145149,0.386609,-0.119006,1.028458,4.100088
prioritized,2,1413,321844,0.05,,300,25.5,25.5,0.012555,75000,0.6,1.0,0.230966,18.145149,0.395333,-0.087917,0.863893,3.487002
prioritized,2,1414,322144,0.05,,300,27.7,25.5,0.0144,75000,0.6,1.0,0.233267,18.145149,0.403434,-0.120236,0.853692,3.243787
prioritized,2,1415,322444,0.05,,300,25.5,24.3,0.013941,75000,0.6,1.0,0.232124,18.145149,0.409329,-0.166946,0.852866,3.464916
prioritized,2,1416,322564,0.05,-1.0,120,24.0,131.8,0.012058,75000,0.6,1.0,0.230842,18.145149,0.383672,-0.165553,0.88956,3.450623
prioritized,2,1417,322864,0.05,,300,24.1,27.3,0.012564,75000,0.6,1.0,0.231815,18.145149,0.400575,-0.135578,0.841451,3.319112
prioritized,2,1418,323164,0.05,,300,25.3,27.5,0.014364,75000,0.6,1.0,0.234384,18.145149,0.410836,-0.192351,0.907391,3.570981
prioritized,2,1419,323464,0.05,,300,25.5,27.7,0.012089,75000,0.6,1.0,0.231221,18.145149,0.378105,-0.118921,0.836757,3.467147
prioritized,2,1420,323572,0.05,-1.0,108,25.06,131.86,0.013571,75000,0.6,1.0,0.231826,18.145149,0.377981,-0.22399,0.895709,3.622189
prioritized,2,1421,323872,0.05,,300,27.5,25.5,0.013325,75000,0.6,1.0,0.229932,18.145149,0.376829,-0.187428,0.876293,3.592006
prioritized,2,1422,324055,0.05,1.0,183,131.48,25.89,0.013093,75000,0.6,1.0,0.231799,18.145149,0.387869,-0.136067,0.807802,3.298582
prioritized,2,1423,324355,0.05,,300,26.3,27.7,0.015163,75000,0.6,1.0,0.231166,18.145149,0.394037,-0.128141,0.956452,3.858034
prioritized,2,1424,324655,0.05,,300,25.3,27.7,0.013865,75000,0.6,1.0,0.228443,18.145149,0.364107,-0.033352,0.904112,3.573291
prioritized,2,1425,324955,0.05,,300,25.3,25.3,0.011959,75000,0.6,1.0,0.227162,18.145149,0.376317,-0.081578,0.841045,3.408147
prioritized,2,1426,325255,0.05,,300,25.7,26.3,0.014151,75000,0.6,1.0,0.228435,18.145149,0.362094,-0.08219,0.844753,3.279381
prioritized,2,1427,325555,0.05,,300,25.1,27.5,0.011801,75000,0.6,1.0,0.22946,18.145149,0.393042,-0.081661,0.782495,3.090026
prioritized,2,1428,325855,0.05,,300,25.3,25.3,0.011971,75000,0.6,1.0,0.227496,18.145149,0.356128,-0.07341,0.761343,2.909111
prioritized,2,1429,326155,0.05,,300,25.1,24.9,0.013092,75000,0.6,1.0,0.231939,18.145149,0.395655,-0.125824,0.8348,3.160261
prioritized,2,1430,326455,0.05,,300,25.5,25.5,0.01289,75000,0.6,1.0,0.231887,18.145149,0.410545,-0.183845,0.829285,3.104631
prioritized,2,1431,326755,0.05,,300,25.3,25.3,0.012903,75000,0.6,1.0,0.226327,18.145149,0.350687,-0.12911,0.764742,2.951084
prioritized,2,1432,327012,0.05,1.0,257,131.11,25.72,0.012331,75000,0.6,1.0,0.22865,18.145149,0.381192,-0.062806,0.794814,2.983538
prioritized,2,1433,327281,0.05,1.0,269,131.05,28.06,0.014388,75000,0.6,1.0,0.231225,18.145149,0.393882,-0.085611,0.849429,3.045357
prioritized,2,1434,327581,0.05,,300,27.5,27.5,0.014282,75000,0.6,1.0,0.230678,18.145149,0.399917,-0.067191,0.825589,3.12941
prioritized,2,1435,327685,0.05,-1.0,104,26.08,131.88,0.014465,75000,0.6,1.0,0.229268,18.145149,0.371035,-0.22649,0.910269,3.64549
prioritized,2,1436,327985,0.05,,300,25.3,25.5,0.012286,75000,0.6,1.0,0.227198,18.145149,0.371365,-0.155941,0.86835,3.57636
prioritized,2,1437,328149,0.05,-1.0,164,28.98,131.58,0.016058,75000,0.6,1.0,0.231451,18.145149,0.388078,-0.09454,0.935103,3.570035
prioritized,2,1438,328449,0.05,,300,27.7,25.3,0.014862,75000,0.6,1.0,0.231613,18.145149,0.39688,-0.099472,0.966376,4.024084
prioritized,2,1439,328749,0.05,,300,27.5,27.5,0.014839,75000,0.6,1.0,0.230436,18.145149,0.37784,-0.073652,0.936748,3.615176
prioritized,2,1440,329049,0.05,,300,27.5,27.5,0.013828,75000,0.6,1.0,0.232462,18.145149,0.388614,0.006032,0.941725,3.55666
prioritized,2,1441,329349,0.05,,300,26.3,27.5,0.016433,75000,0.6,1.0,0.234108,18.145149,0.400928,-0.097574,0.901303,3.148872
prioritized,2,1442,329538,0.05,1.0,189,131.45,26.06,0.01326,75000,0.6,1.0,0.230851,18.145149,0.362589,-0.194788,0.861474,3.278468
prioritized,2,1443,329675,0.05,1.0,137,131.71,26.72,0.015881,75000,0.6,1.0,0.232176,18.145149,0.384497,-0.173939,0.96975,3.563453
prioritized,2,1444,329975,0.05,,300,25.5,27.7,0.012886,75000,0.6,1.0,0.230082,18.145149,0.388057,-0.128161,0.964723,3.648759
prioritized,2,1445,330275,0.05,,300,25.1,28.3,0.016547,75000,0.6,1.0,0.232617,18.145149,0.376301,0.068433,0.977997,3.495104
prioritized,2,1446,330430,0.05,1.0,155,131.62,28.43,0.015252,75000,0.6,1.0,0.233748,18.145149,0.39179,-0.018715,1.003535,3.585175
prioritized,2,1447,330730,0.05,,300,27.5,25.5,0.013693,75000,0.6,1.0,0.232261,18.145149,0.401422,-0.033382,0.939529,3.434335
prioritized,2,1448,331030,0.05,,300,28.5,27.7,0.013933,75000,0.6,1.0,0.233815,18.145149,0.41423,-0.049776,0.831752,2.970193
prioritized,2,1449,331330,0.05,,300,25.3,25.3,0.016149,75000,0.6,1.0,0.234518,18.145149,0.400273,-0.124215,0.854797,3.068579
prioritized,2,1450,331624,0.05,-1.0,294,22.73,130.93,0.013999,75000,0.6,1.0,0.229829,18.145149,0.356562,-0.129533,0.809667,2.891642
prioritized,2,1451,331924,0.05,,300,25.5,25.3,0.015468,75000,0.6,1.0,0.231758,18.145149,0.388028,-0.138781,0.797641,2.851983
prioritized,2,1452,332224,0.05,,300,27.3,21.5,0.014941,75000,0.6,1.0,0.233366,18.145149,0.388017,-0.076962,0.777677,2.582833
prioritized,2,1453,332524,0.05,,300,27.7,27.7,0.012353,75000,0.6,1.0,0.230101,18.145149,0.385265,-0.044899,0.744148,2.609083
prioritized,2,1454,332824,0.05,,300,27.5,23.1,0.012824,75000,0.6,1.0,0.227897,18.145149,0.357905,-0.011891,0.675383,2.224423
prioritized,2,1455,333087,0.05,1.0,263,131.08,20.89,0.012626,75000,0.6,1.0,0.230778,18.145149,0.382766,-0.132497,0.71908,2.637201
prioritized,2,1456,333387,0.05,,300,27.9,27.7,0.014026,75000,0.6,1.0,0.232823,18.145149,0.386169,-0.306321,0.944278,4.902771
prioritized,2,1457,333687,0.05,,300,23.3,20.5,0.015113,75000,0.6,1.0,0.231368,18.145149,0.369995,-0.22679,0.824808,4.110373
prioritized,2,1458,333987,0.05,,300,25.3,22.9,0.012155,75000,0.6,1.0,0.230518,18.145149,0.377403,-0.14655,0.734642,3.558018
prioritized,2,1459,334287,0.05,,300,25.7,25.1,0.015415,75000,0.6,1.0,0.233561,18.145149,0.390849,-0.144553,0.883635,4.073812
prioritized,2,1460,334587,0.05,,300,23.3,24.9,0.012479,75000,0.6,1.0,0.229739,18.145149,0.366947,-0.138339,0.759638,3.712887
prioritized,2,1461,334707,0.05,-1.0,120,22.0,131.8,0.011511,75000,0.6,1.0,0.229884,18.145149,0.390933,-0.131922,0.732817,3.419669
prioritized,2,1462,335007,0.05,,300,23.3,25.3,0.012423,75000,0.6,1.0,0.228823,18.145149,0.365963,-0.096282,0.801001,4.106142
prioritized,2,1463,335307,0.05,,300,25.3,24.9,0.016104,75000,0.6,1.0,0.229796,18.145149,0.366563,-0.26163,0.885989,4.420877
prioritized,2,1464,335607,0.05,,300,25.5,25.5,0.012673,75000,0.6,1.0,0.227665,18.145149,0.382607,-0.072395,0.734756,3.433136
prioritized,2,1465,335719,0.05,-1.0,112,28.64,131.84,0.011895,75000,0.6,1.0,0.226484,18.145149,0.349302,-0.129397,0.730324,3.638669
prioritized,2,1466,336019,0.05,,300,25.3,25.3,0.012683,75000,0.6,1.0,0.228715,18.145149,0.369762,-0.065899,0.898539,4.7063
prioritized,2,1467,336319,0.05,,300,25.3,25.3,0.01388,75000,0.6,1.0,0.229046,18.145149,0.384636,-0.040741,0.954384,4.362285
prioritized,2,1468,336619,0.05,,300,24.9,25.5,0.011555,75000,0.6,1.0,0.226493,18.145149,0.375645,0.009208,0.803366,3.915002
prioritized,2,1469,336785,0.05,-1.0,166,27.17,131.57,0.013064,75000,0.6,1.0,0.227835,18.145149,0.387757,0.05025,0.792993,3.724275
prioritized,2,1470,337085,0.05,,300,25.5,25.5,0.012426,75000,0.6,1.0,0.226907,18.145149,0.348346,0.038861,0.867818,4.15108
prioritized,2,1471,337334,0.05,1.0,249,131.15,24.16,0.014669,75000,0.6,1.0,0.22989,18.145149,0.399572,-0.034809,0.924769,4.363818
prioritized,2,1472,337495,0.05,1.0,161,131.59,28.2,0.013236,75000,0.6,1.0,0.228303,18.145149,0.365138,-0.134972,0.947799,4.458914
prioritized,2,1473,337661,0.05,-1.0,166,28.97,131.57,0.011025,75000,0.6,1.0,0.228708,18.145149,0.383897,-0.158442,0.896056,4.127069
prioritized,2,1474,337961,0.05,,300,23.1,27.5,0.012843,75000,0.6,1.0,0.2271,18.145149,0.36467,-0.178022,0.930362,4.289633
prioritized,2,1475,338207,0.05,-1.0,246,28.77,131.17,0.016333,75000,0.6,1.0,0.234387,18.145149,0.400001,-0.0382,1.042456,4.583519
prioritized,2,1476,338507,0.05,,300,27.5,27.7,0.01436,75000,0.6,1.0,0.231804,18.145149,0.390896,0.055835,1.057289,4.380098
prioritized,2,1477,338651,0.05,-1.0,144,28.88,131.68,0.013072,75000,0.6,1.0,0.231598,18.145149,0.395662,0.000788,0.925504,3.995499
prioritized,2,1478,338951,0.05,,300,27.9,26.1,0.014199,75000,0.6,1.0,0.230645,18.145149,0.393496,0.022556,1.039367,4.470997
prioritized,2,1479,339251,0.05,,300,27.7,27.7,0.015652,75000,0.6,1.0,0.2313,18.145149,0.385597,-0.099407,1.005595,4.057861
prioritized,2,1480,339551,0.05,,300,25.5,25.3,0.014928,75000,0.6,1.0,0.230668,18.145149,0.383655,-0.146912,0.949544,3.683046
prioritized,2,1481,339851,0.05,,300,25.5,25.5,0.013432,75000,0.6,1.0,0.229624,18.145149,0.395227,-0.121142,0.829004,3.315612
prioritized,2,1482,340151,0.05,,300,27.7,25.3,0.014098,75000,0.6,1.0,0.23053,18.145149,0.388886,-0.1,0.831938,3.379239
prioritized,2,1483,340451,0.05,,300,25.3,25.3,0.013244,75000,0.6,1.0,0.22933,18.145149,0.395321,-0.061135,0.778225,3.20646
prioritized,2,1484,340751,0.05,,300,26.5,17.3,0.013413,75000,0.6,1.0,0.229185,18.145149,0.378376,-0.075585,0.782905,3.291275
prioritized,2,1485,341051,0.05,,300,25.3,25.5,0.012585,75000,0.6,1.0,0.230466,18.145149,0.374345,-0.084779,0.86691,3.866162
prioritized,2,1486,341207,0.05,-1.0,156,28.42,131.62,0.01593,75000,0.6,1.0,0.23191,18.145149,0.383622,-0.253357,0.958181,3.992368
prioritized,2,1487,341507,0.05,,300,25.3,25.3,0.015395,75000,0.6,1.0,0.230944,18.145149,0.350996,-0.187388,0.949574,3.930902
prioritized,2,1488,341633,0.05,-1.0,126,27.17,131.77,0.013914,75000,0.6,1.0,0.232751,18.145149,0.396069,-0.157962,0.857478,3.37102
prioritized,2,1489,341904,0.05,1.0,271,131.04,25.45,0.014577,75000,0.6,1.0,0.231556,18.145149,0.385659,-0.226835,0.908198,3.667583
prioritized,2,1490,342204,0.05,,300,25.3,24.1,0.016389,75000,0.6,1.0,0.235027,18.145149,0.391099,-0.122267,0.982929,3.760687
prioritized,2,1491,342504,0.05,,300,23.5,24.1,0.01262,75000,0.6,1.0,0.231944,18.145149,0.395054,-0.084669,0.8655,3.408427
prioritized,2,1492,342804,0.05,,300,26.5,25.3,0.01234,75000,0.6,1.0,0.229497,18.145149,0.369115,-0.085281,0.78699,3.031178
prioritized,2,1493,343104,0.05,,300,27.5,25.1,0.014593,75000,0.6,1.0,0.230845,18.145149,0.375593,-0.055233,0.817295,3.158713
prioritized,2,1494,343404,0.05,,300,25.3,25.3,0.01266,75000,0.6,1.0,0.2292,18.145149,0.388232,-0.050849,0.824171,3.211533
prioritized,2,1495,343704,0.05,-1.0,300,28.5,130.9,0.013317,75000,0.6,1.0,0.230198,18.145149,0.395262,-0.075169,0.736678,2.762819
prioritized,2,1496,344004,0.05,,300,25.5,25.5,0.012143,75000,0.6,1.0,0.226042,18.145149,0.34696,-0.078109,0.775963,3.041521
prioritized,2,1497,344304,0.05,,300,25.3,25.3,0.013407,75000,0.6,1.0,0.229197,18.145149,0.393949,-0.031073,0.784261,3.051976
prioritized,2,1498,344491,0.05,1.0,187,131.46,26.47,0.017554,75000,0.6,1.0,0.229613,18.145149,0.381435,-0.040822,0.878458,3.248381
prioritized,2,1499,344791,0.05,,300,27.5,25.5,0.013728,75000,0.6,1.0,0.22842,18.145149,0.397869,-0.095406,0.840223,3.214296
prioritized,2,1500,345091,0.05,,300,27.7,27.9,0.012033,75000,0.6,1.0,0.227453,18.145149,0.359517,-0.050485,0.755917,2.879119
