episode,total_steps,epsilon,winner,moves,total_reward_player1,total_reward_player_minus1,loss_mean,buffer_size,replay_type,per_alpha,per_beta,priority_mean,priority_max,priority_std,td_error_mean,td_error_abs_mean,td_error_std
1,300,0.9905,,300,5.7,12.9,1.864689,300,prioritized,0.6,0.404,1.122851,6.025778,1.002863,-3.473086,5.053751,5.488738
2,600,0.981,,300,7.3,5.5,0.777288,600,prioritized,0.6,0.408,0.982051,4.349902,0.784082,-0.632215,2.817407,3.759357
3,900,0.9715,,300,4.9,5.5,0.611905,900,prioritized,0.6,0.412,0.838541,6.201308,0.720517,-0.415119,2.2999,3.122357
4,1200,0.962,,300,10.9,7.1,1.169375,1200,prioritized,0.6,0.416,1.497017,6.201308,1.093311,0.43783,3.671844,4.567953
5,1500,0.9525,,300,8.5,10.3,1.312485,1500,prioritized,0.6,0.42,1.3687,6.201308,1.024793,0.161968,3.998352,4.781482
6,1800,0.943,,300,10.1,4.5,1.061782,1800,prioritized,0.6,0.424,1.175853,6.201308,0.926835,0.139217,3.380142,4.129679
7,2100,0.9335,,300,8.7,16.9,0.832991,2100,prioritized,0.6,0.428,0.993068,6.201308,0.765918,-0.207247,2.867346,3.716056
8,2400,0.924,,300,2.9,7.7,0.466023,2400,prioritized,0.6,0.432,0.827616,6.201308,0.607887,-0.265053,1.776035,2.21822
9,2700,0.9145,,300,6.3,8.9,0.327186,2700,prioritized,0.6,0.436,0.711718,6.201308,0.55583,-0.114457,1.377759,1.757414
10,3000,0.905,,300,10.7,6.9,0.245212,3000,prioritized,0.6,0.44,0.596365,6.201308,0.491466,-0.13407,1.135806,1.551557
11,3300,0.8955,,300,9.5,11.1,0.307781,3300,prioritized,0.6,0.444,0.683241,6.201308,0.51051,0.159321,1.283632,1.606655
12,3600,0.886,,300,10.7,9.5,0.192692,3600,prioritized,0.6,0.448,0.601918,6.201308,0.453325,0.014344,0.966272,1.21388
13,3900,0.8765,,300,8.3,11.7,0.136656,3900,prioritized,0.6,0.452,0.51722,6.201308,0.40822,-0.002967,0.768402,0.999368
14,4200,0.867,,300,17.1,17.9,0.13965,4200,prioritized,0.6,0.456,0.494566,6.201308,0.353921,-0.159079,0.749037,0.965272
15,4500,0.8575,,300,13.1,10.9,0.070297,4500,prioritized,0.6,0.46,0.429514,6.201308,0.321354,-0.046427,0.521811,0.653965
16,4800,0.848,,300,10.3,8.1,0.043911,4800,prioritized,0.6,0.464,0.382161,6.201308,0.303037,-0.017859,0.407548,0.511285
17,5100,0.8385,,300,13.1,7.7,0.070622,5100,prioritized,0.6,0.468,0.48147,6.201308,0.400681,0.088869,0.488126,0.655105
18,5400,0.829,,300,11.7,9.1,0.07642,5400,prioritized,0.6,0.472,0.436211,6.201308,0.313646,0.041305,0.571698,0.714613
19,5700,0.8195,,300,10.7,9.1,0.049482,5700,prioritized,0.6,0.476,0.390248,6.201308,0.300122,0.009582,0.448667,0.580585
20,6000,0.81,,300,11.5,11.1,0.037226,6000,prioritized,0.6,0.48,0.350795,6.201308,0.298031,-0.000504,0.378709,0.501888
21,6300,0.8005,,300,17.7,16.7,0.060578,6300,prioritized,0.6,0.484,0.365442,6.201308,0.312768,-0.104748,0.47487,0.629001
22,6600,0.791,,300,11.7,11.9,0.02801,6600,prioritized,0.6,0.488,0.314048,6.201308,0.251016,-0.017576,0.333032,0.446147
23,6900,0.7815,,300,19.1,15.5,0.019523,6900,prioritized,0.6,0.492,0.272858,6.201308,0.229587,-0.007653,0.272659,0.373225
24,7200,0.772,,300,20.1,17.5,0.038464,7200,prioritized,0.6,0.496,0.331844,6.201308,0.308165,0.040759,0.378185,0.519066
25,7500,0.7625,,300,13.1,23.9,0.026729,7500,prioritized,0.6,0.5,0.305832,6.201308,0.276239,0.013141,0.332076,0.44731
26,7800,0.753,,300,12.3,17.3,0.019289,7800,prioritized,0.6,0.504,0.275002,6.201308,0.264678,0.004687,0.276914,0.381367
27,8100,0.7435,,300,13.3,22.5,0.024806,8100,prioritized,0.6,0.508,0.291988,6.201308,0.287076,-0.035585,0.298439,0.433575
28,8400,0.734,,300,15.7,20.5,0.020105,8400,prioritized,0.6,0.512,0.259148,6.201308,0.260896,-0.01926,0.276694,0.390697
29,8700,0.7245,,300,19.3,15.1,0.01367,8700,prioritized,0.6,0.516,0.225224,6.201308,0.196496,-0.008196,0.227471,0.342466
30,9000,0.715,,300,18.1,15.3,0.011012,9000,prioritized,0.6,0.52,0.204965,6.201308,0.201273,-0.017556,0.202756,0.360679
31,9300,0.7055,,300,15.3,20.5,0.026107,9300,prioritized,0.6,0.524,0.258866,6.201308,0.251482,0.030282,0.325393,0.457472
32,9600,0.696,,300,19.5,17.3,0.015221,9600,prioritized,0.6,0.528,0.233535,6.201308,0.196013,-0.004946,0.248741,0.37252
33,9900,0.6865,,300,24.3,18.1,0.010855,9900,prioritized,0.6,0.532,0.210343,6.201308,0.207738,0.004166,0.204394,0.320348
34,10200,0.677,,300,23.3,19.9,0.018397,10200,prioritized,0.6,0.536,0.239552,6.201308,0.251525,-0.030495,0.261786,0.390189
35,10500,0.6675,,300,22.7,16.9,0.012663,10500,prioritized,0.6,0.54,0.217576,6.201308,0.240953,-0.013094,0.220234,0.338806
36,10800,0.658,,300,19.7,22.9,0.009762,10800,prioritized,0.6,0.544,0.195604,6.201308,0.189415,-0.015633,0.197779,0.324312
37,11100,0.6485,,300,23.7,22.5,0.013436,11100,prioritized,0.6,0.548,0.227278,6.201308,0.251929,0.013479,0.220372,0.341027
38,11400,0.639,,300,20.5,16.5,0.013607,11400,prioritized,0.6,0.552,0.219933,6.201308,0.22903,-0.00288,0.244646,0.366986
39,11700,0.6295,,300,23.9,21.3,0.010781,11700,prioritized,0.6,0.556,0.205703,6.201308,0.225504,-0.006182,0.213899,0.349639
40,12000,0.62,,300,25.1,15.1,0.008983,12000,prioritized,0.6,0.56,0.189131,6.201308,0.217309,-0.016609,0.192777,0.344874
41,12300,0.6105,,300,20.5,25.5,0.01634,12300,prioritized,0.6,0.564,0.215771,6.201308,0.230738,-0.036427,0.26205,0.405155
42,12600,0.601,,300,23.7,28.3,0.009479,12600,prioritized,0.6,0.568,0.196581,6.201308,0.21535,-0.014546,0.195622,0.31264
43,12900,0.5915,,300,23.7,22.9,0.008119,12900,prioritized,0.6,0.572,0.181882,6.201308,0.209753,-0.016025,0.181365,0.331737
44,13200,0.582,,300,25.3,21.3,0.013818,13200,prioritized,0.6,0.576,0.217415,6.201308,0.259616,0.009345,0.239424,0.36232
45,13500,0.5725,,300,25.5,26.1,0.01067,13500,prioritized,0.6,0.58,0.205472,6.201308,0.231683,-0.001794,0.217562,0.336886
46,13800,0.563,,300,19.1,23.7,0.007847,13800,prioritized,0.6,0.584,0.1893,6.201308,0.226634,-0.001546,0.183044,0.28988
47,14100,0.5535,,300,18.9,23.1,0.011111,14100,prioritized,0.6,0.588,0.210619,6.201308,0.241742,-0.026984,0.215894,0.354647
48,14390,0.544317,-1,290,25.55,130.95,0.010634,14390,prioritized,0.6,0.591867,0.204368,6.201308,0.213207,-0.022421,0.219723,0.344567
49,14690,0.534817,,300,16.9,16.5,0.022494,14690,prioritized,0.6,0.595867,0.188226,15.926521,0.244855,0.541852,0.746323,7.449522
50,14990,0.525317,,300,18.5,27.7,0.02109,14990,prioritized,0.6,0.599867,0.180887,15.926521,0.325211,0.526352,0.71903,7.304348
51,15290,0.515817,,300,20.1,24.9,0.023898,15290,prioritized,0.6,0.603867,0.210212,15.926521,0.28524,0.445566,0.697881,6.527514
52,15524,0.508407,-1,234,22.83,131.23,0.020547,15524,prioritized,0.6,0.606987,0.205619,15.926521,0.330594,0.461743,0.683916,6.715491
53,15824,0.498907,,300,23.3,25.3,0.032057,15824,prioritized,0.6,0.610987,0.195916,15.926521,0.344063,0.997029,1.208067,9.863265
54,16116,0.48966,-1,292,25.14,130.94,0.031996,16116,prioritized,0.6,0.61488,0.213963,15.926521,0.354943,0.942362,1.187458,9.595895
55,16397,0.480762,1,281,130.99,25.0,0.039058,16397,prioritized,0.6,0.618627,0.209918,15.945127,0.386593,1.263348,1.508605,11.097953
56,16697,0.471262,,300,22.9,23.1,0.044495,16697,prioritized,0.6,0.622627,0.195811,15.947579,0.33558,1.61644,1.839359,12.521771
57,16997,0.461762,,300,24.3,23.5,0.046899,16997,prioritized,0.6,0.626627,0.185054,15.947579,0.328201,1.788489,1.987064,13.047784
58,17297,0.452262,,300,24.7,26.1,0.044192,17297,prioritized,0.6,0.630627,0.214336,15.947579,0.360864,1.53474,1.801908,11.975838
59,17514,0.44539,1,217,131.31,25.72,0.046578,17514,prioritized,0.6,0.63352,0.208979,15.947579,0.373722,1.706967,1.942827,12.541283
60,17814,0.43589,,300,26.1,20.9,0.048524,17814,prioritized,0.6,0.63752,0.201381,15.947579,0.417921,2.010149,2.222969,13.583315
61,18019,0.429398,1,205,131.37,25.38,0.042909,18019,prioritized,0.6,0.640253,0.202773,15.947579,0.368009,1.732902,1.969441,12.611441
62,18281,0.421102,-1,262,26.09,131.09,0.056515,18281,prioritized,0.6,0.643747,0.213495,15.947579,0.385541,2.189641,2.5028,14.301571
63,18576,0.41176,1,295,130.92,26.33,0.058643,18576,prioritized,0.6,0.64768,0.209253,15.964849,0.413988,2.309015,2.594969,14.689645
64,18827,0.403812,1,251,131.14,26.75,0.064283,18827,prioritized,0.6,0.651027,0.201674,15.964849,0.404914,2.804492,3.075781,16.047785
65,19036,0.397193,1,209,131.35,26.36,0.064269,19036,prioritized,0.6,0.653813,0.211126,16.042292,0.440627,3.025442,3.295231,16.638683
66,19327,0.387978,1,291,130.94,26.55,0.076677,19327,prioritized,0.6,0.657693,0.226294,16.042292,0.426732,3.342244,3.720399,17.465553
67,19539,0.381265,-1,212,24.14,131.34,0.073875,19539,prioritized,0.6,0.66052,0.224507,16.042292,0.46105,3.131226,3.513951,16.956779
68,19802,0.372937,1,263,131.08,23.49,0.081067,19802,prioritized,0.6,0.664027,0.219591,16.042292,0.478985,3.693135,4.008529,18.199659
69,20102,0.363437,,300,27.5,26.3,0.084234,20102,prioritized,0.6,0.668027,0.235656,16.047089,0.46518,3.965748,4.391113,19.040834
70,20402,0.353937,,300,24.3,26.5,0.08151,20402,prioritized,0.6,0.672027,0.247052,16.047089,0.516117,3.096809,3.695443,16.999634
71,20702,0.344437,,300,25.9,28.3,0.076574,20702,prioritized,0.6,0.676027,0.235514,16.047089,0.438691,3.034877,3.628767,16.854959
72,20972,0.335887,-1,270,23.85,131.05,0.07577,20972,prioritized,0.6,0.679627,0.23299,16.158312,0.481217,3.090152,3.59416,16.709326
73,21222,0.32797,-1,250,28.95,131.15,0.079704,21222,prioritized,0.6,0.68296,0.256608,16.159502,0.516866,3.082722,3.757357,16.882967
74,21503,0.319072,1,281,130.99,26.2,0.076791,21503,prioritized,0.6,0.686707,0.255789,16.159502,0.523908,2.852135,3.581395,16.343904
75,21720,0.3122,1,217,131.31,26.32,0.079607,21720,prioritized,0.6,0.6896,0.251482,16.159502,0.489609,3.185394,4.00117,17.445784
76,21919,0.305898,1,199,131.4,26.21,0.087205,21919,prioritized,0.6,0.692253,0.251216,16.159502,0.517698,3.569088,4.266191,18.056536
77,22186,0.297443,1,267,131.06,26.07,0.094712,22186,prioritized,0.6,0.695813,0.270862,16.159502,0.530242,3.39135,4.287067,17.886854
78,22454,0.288957,-1,268,20.86,131.06,0.094617,22454,prioritized,0.6,0.699387,0.274754,16.159502,0.559378,3.348786,4.38105,17.984568
79,22661,0.282402,1,207,131.36,26.77,0.085108,22661,prioritized,0.6,0.702147,0.270544,16.159502,0.56305,3.520736,4.404231,18.103456
80,22961,0.272902,,300,25.9,23.7,0.08528,22961,prioritized,0.6,0.706147,0.262431,16.159502,0.510156,3.497039,4.329249,17.933928
81,23261,0.263402,,300,23.3,26.5,0.093477,23261,prioritized,0.6,0.710147,0.283867,16.159502,0.553534,3.158308,4.269219,17.27994
82,23561,0.253902,,300,28.3,28.1,0.087048,23561,prioritized,0.6,0.714147,0.283248,16.159502,0.547608,3.1452,4.20929,16.967909
83,23785,0.246808,-1,224,21.68,131.28,0.074994,23785,prioritized,0.6,0.717133,0.280979,16.159502,0.566017,2.723312,3.674535,15.721732
84,23979,0.240665,-1,194,23.83,131.43,0.082109,23979,prioritized,0.6,0.71972,0.276319,16.159502,0.539316,2.988233,3.886046,16.230556
85,24279,0.231165,,300,26.5,18.9,0.087787,24279,prioritized,0.6,0.72372,0.294665,16.159502,0.54285,2.781034,4.102429,16.47933
86,24579,0.221665,,300,27.9,25.5,0.077261,24579,prioritized,0.6,0.72772,0.292789,16.159502,0.558261,2.379724,3.611478,15.197248
87,24836,0.213527,1,257,131.11,26.72,0.077428,24836,prioritized,0.6,0.731147,0.289092,16.159502,0.559532,2.395257,3.620122,14.956461
88,25136,0.204027,,300,25.5,25.1,0.077983,25136,prioritized,0.6,0.735147,0.296393,16.159502,0.538765,2.349113,3.628657,14.996851
89,25436,0.194527,,300,24.3,26.5,0.079988,25436,prioritized,0.6,0.739147,0.301188,16.159502,0.571837,2.174203,3.625693,14.570431
90,25736,0.185027,,300,23.5,25.1,0.072839,25736,prioritized,0.6,0.743147,0.295649,16.159502,0.532538,1.910294,3.29274,13.639592
91,26036,0.175527,,300,27.9,20.5,0.06636,26036,prioritized,0.6,0.747147,0.29927,16.159502,0.535939,1.669376,2.992022,12.77615
92,26336,0.166027,,300,24.1,20.7,0.071801,26336,prioritized,0.6,0.751147,0.309118,16.159502,0.543633,1.505981,3.155381,12.918302
93,26619,0.157065,1,283,130.98,23.99,0.067395,26619,prioritized,0.6,0.75492,0.30766,16.159502,0.515043,1.422235,3.110559,12.650975
94,26872,0.149053,1,253,131.13,26.54,0.069162,26872,prioritized,0.6,0.758293,0.302955,16.159502,0.517914,1.379931,2.933237,12.240129
95,27119,0.141232,1,247,131.16,26.77,0.071442,27119,prioritized,0.6,0.761587,0.311164,16.159502,0.547635,1.538262,3.193619,13.076496
96,27349,0.133948,-1,230,22.45,131.25,0.072878,27349,prioritized,0.6,0.764653,0.316636,16.276478,0.566967,1.365828,3.178603,13.039937
97,27649,0.124448,,300,26.5,22.3,0.073125,27649,prioritized,0.6,0.768653,0.313887,16.276478,0.54444,1.715581,3.385568,13.866708
98,27949,0.114948,,300,26.1,20.3,0.058869,27949,prioritized,0.6,0.772653,0.313789,16.276478,0.565988,1.213349,2.965489,12.628752
99,28193,0.107222,-1,244,21.78,131.18,0.069477,28193,prioritized,0.6,0.775907,0.322145,16.276478,0.553484,1.143737,3.23201,13.302705
100,28493,0.097722,,300,23.7,26.3,0.067883,28493,prioritized,0.6,0.779907,0.322809,16.276478,0.560801,0.902456,3.164382,13.017304
101,28793,0.088222,,300,23.5,19.1,0.063336,28793,prioritized,0.6,0.783907,0.320004,16.276478,0.551351,0.960866,2.960574,12.565402
102,29093,0.078722,,300,26.5,23.3,0.06562,29093,prioritized,0.6,0.787907,0.32312,16.276478,0.557943,0.933468,3.116166,12.86917
103,29393,0.069222,,300,28.7,23.1,0.064908,29393,prioritized,0.6,0.791907,0.326003,16.276478,0.567346,0.917748,3.106858,12.805339
104,29693,0.059722,,300,25.3,28.5,0.063531,29693,prioritized,0.6,0.795907,0.320737,16.276478,0.521003,0.726099,2.923107,12.167192
105,29993,0.050222,,300,20.1,26.5,0.057384,29993,prioritized,0.6,0.799907,0.320819,16.276478,0.563828,0.677993,2.745353,11.758758
106,30244,0.05,1,251,131.14,22.35,0.060408,30244,prioritized,0.6,0.803253,0.328033,16.276478,0.569993,0.448148,2.797882,11.697141
107,30419,0.05,1,175,131.52,24.93,0.053443,30419,prioritized,0.6,0.805587,0.327092,16.276478,0.565072,0.518722,2.917976,12.189779
108,30575,0.05,-1,156,24.22,131.62,0.057299,30575,prioritized,0.6,0.807667,0.32408,16.276478,0.549286,0.525469,2.905279,12.086976
109,30844,0.05,1,269,131.05,28.46,0.055626,30844,prioritized,0.6,0.811253,0.31936,16.276478,0.53145,0.860275,3.095457,13.041206
110,31144,0.05,,300,26.5,20.7,0.060134,31144,prioritized,0.6,0.815253,0.329663,16.276478,0.565199,0.687784,2.963828,12.548679
111,31375,0.05,1,231,131.24,24.45,0.058371,31375,prioritized,0.6,0.818333,0.3319,16.276478,0.574765,0.894192,2.927759,12.506508
112,31675,0.05,,300,26.5,22.5,0.054902,31675,prioritized,0.6,0.822333,0.328801,16.276478,0.564348,0.796876,2.939317,12.600266
113,31824,0.05,1,149,131.65,26.26,0.054116,31824,prioritized,0.6,0.82432,0.325526,16.276478,0.54134,0.959443,3.014838,12.837625
114,32074,0.05,-1,250,21.15,131.15,0.057988,32074,prioritized,0.6,0.827653,0.330278,16.276478,0.587756,0.958131,3.212254,13.374609
115,32294,0.05,-1,220,24.3,131.3,0.061839,32294,prioritized,0.6,0.830587,0.336425,16.276478,0.591641,0.525839,3.312429,13.579126
116,32411,0.05,1,117,131.81,18.62,0.070147,32411,prioritized,0.6,0.832147,0.337266,16.276478,0.607136,0.750403,3.690878,14.452446
117,32711,0.05,,300,20.9,24.1,0.062629,32711,prioritized,0.6,0.836147,0.333634,16.276478,0.58465,0.713829,3.530588,14.218055
118,33011,0.05,,300,24.3,26.5,0.058303,33011,prioritized,0.6,0.840147,0.331931,16.276478,0.573089,0.61816,3.384998,13.751073
119,33311,0.05,,300,24.1,20.9,0.058502,33311,prioritized,0.6,0.844147,0.338183,16.276478,0.590876,0.677346,3.332845,13.67343
120,33611,0.05,,300,22.1,26.5,0.054385,33611,prioritized,0.6,0.848147,0.334109,16.276478,0.553339,0.549588,3.145204,13.102785
121,33911,0.05,,300,23.1,25.5,0.052215,33911,prioritized,0.6,0.852147,0.333394,16.276478,0.583335,0.482485,3.015513,12.638056
122,34112,0.05,1,201,131.39,24.4,0.053999,34112,prioritized,0.6,0.854827,0.335292,16.276478,0.566504,0.460833,3.111282,12.81937
123,34356,0.05,-1,244,26.78,131.18,0.0482,34356,prioritized,0.6,0.85808,0.338754,16.276478,0.603367,0.269043,2.884937,12.053651
124,34656,0.05,,300,23.5,24.3,0.051917,34656,prioritized,0.6,0.86208,0.335173,16.276478,0.555826,0.458722,3.157513,12.894685
125,34956,0.05,,300,23.7,23.5,0.050226,34956,prioritized,0.6,0.86608,0.333664,16.276478,0.554507,0.369515,3.098414,12.70725
126,35115,0.05,1,159,131.6,18.21,0.053648,35115,prioritized,0.6,0.8682,0.339661,16.276478,0.586107,0.211679,3.246671,12.875824
127,35415,0.05,,300,22.5,26.5,0.054058,35415,prioritized,0.6,0.8722,0.341469,16.276478,0.587513,0.149361,3.195607,12.9878
128,35631,0.05,-1,216,22.92,131.32,0.047688,35631,prioritized,0.6,0.87508,0.340046,16.276478,0.567665,0.281799,3.010969,12.454288
129,35931,0.05,,300,23.7,22.9,0.048169,35931,prioritized,0.6,0.87908,0.339589,16.276478,0.578868,0.509894,3.149721,13.084722
130,36116,0.05,1,185,131.47,21.08,0.054061,36116,prioritized,0.6,0.881547,0.344313,16.276478,0.581163,0.375965,3.119145,12.983294
131,36315,0.05,1,199,131.4,27.01,0.050733,36315,prioritized,0.6,0.8842,0.351888,16.276478,0.601505,0.293893,3.068672,12.802094
132,36615,0.05,,300,23.5,22.7,0.05614,36615,prioritized,0.6,0.8882,0.351136,16.276478,0.602678,0.532456,3.470835,13.864551
133,36896,0.05,1,281,130.99,21.6,0.053182,36896,prioritized,0.6,0.891947,0.348185,16.276478,0.611051,0.421679,3.344425,13.350546
134,37034,0.05,-1,138,17.71,131.71,0.051381,37034,prioritized,0.6,0.893787,0.350194,16.276478,0.609722,0.409697,3.365145,13.512027
135,37271,0.05,1,237,131.21,19.42,0.055241,37271,prioritized,0.6,0.896947,0.356028,16.276478,0.622662,0.622629,3.648665,14.309419
136,37382,0.05,1,111,131.84,21.65,0.059686,37382,prioritized,0.6,0.898427,0.353645,16.276478,0.61372,0.37665,3.800325,14.712572
137,37682,0.05,,300,26.3,21.3,0.049115,37682,prioritized,0.6,0.902427,0.354869,16.276478,0.619818,0.510361,3.50611,13.969972
138,37982,0.05,,300,26.5,24.3,0.052777,37982,prioritized,0.6,0.906427,0.353763,16.276478,0.602226,0.255658,3.605197,14.006925
139,38282,0.05,,300,21.1,26.1,0.054709,38282,prioritized,0.6,0.910427,0.355709,16.276478,0.611091,0.516705,3.496515,13.830201
140,38582,0.05,,300,26.1,23.3,0.049435,38582,prioritized,0.6,0.914427,0.352861,16.276478,0.576749,0.393772,3.477742,13.629851
141,38882,0.05,,300,25.9,24.3,0.043785,38882,prioritized,0.6,0.918427,0.350592,16.276478,0.593262,0.366763,3.297745,13.238333
142,39182,0.05,,300,26.5,23.5,0.050053,39182,prioritized,0.6,0.922427,0.351579,16.276478,0.602679,0.39613,3.415542,13.538516
143,39482,0.05,,300,26.5,20.7,0.047524,39482,prioritized,0.6,0.926427,0.353504,16.276478,0.605544,0.309932,3.370376,13.337526
144,39782,0.05,,300,26.5,25.9,0.044983,39782,prioritized,0.6,0.930427,0.349403,16.276478,0.588162,0.107144,3.277497,12.926085
145,40082,0.05,,300,22.5,26.5,0.044804,40082,prioritized,0.6,0.934427,0.349088,16.276478,0.569181,0.00686,3.253483,12.743938
146,40304,0.05,-1,222,23.89,131.29,0.041169,40304,prioritized,0.6,0.937387,0.349374,16.276478,0.582111,0.25897,3.003534,12.389498
147,40604,0.05,,300,23.5,26.1,0.044161,40604,prioritized,0.6,0.941387,0.351936,16.276478,0.600517,0.415942,3.170964,12.788769
148,40726,0.05,-1,122,27.39,131.79,0.038371,40726,prioritized,0.6,0.943013,0.351085,16.276478,0.600599,0.221813,3.183653,13.046638
149,40936,0.05,-1,210,26.95,131.35,0.04025,40936,prioritized,0.6,0.945813,0.34892,16.276478,0.593853,0.38185,3.201338,12.854178
150,41130,0.05,-1,194,21.63,131.43,0.041438,41130,prioritized,0.6,0.9484,0.35061,16.276478,0.603879,0.110041,3.223197,12.925392
151,41311,0.05,1,181,131.49,26.3,0.042246,41311,prioritized,0.6,0.950813,0.352774,16.276478,0.603412,0.126195,3.296775,12.935902
152,41499,0.05,-1,188,26.26,131.46,0.040542,41499,prioritized,0.6,0.95332,0.353027,16.276478,0.614587,0.056165,3.366573,13.025809
153,41713,0.05,-1,214,23.93,131.33,0.041098,41713,prioritized,0.6,0.956173,0.349217,16.276478,0.612049,0.115173,3.488925,13.366612
154,41963,0.05,-1,250,23.75,131.15,0.041459,41963,prioritized,0.6,0.959507,0.34717,16.276478,0.601377,0.116816,3.701023,13.796971
155,42224,0.05,1,261,131.09,26.7,0.038942,42224,prioritized,0.6,0.962987,0.352013,16.276478,0.609072,0.038557,3.588001,13.596707
156,42369,0.05,1,145,131.67,23.28,0.042611,42369,prioritized,0.6,0.96492,0.354355,16.276478,0.629102,0.057776,3.457944,13.131222
157,42567,0.05,-1,198,27.01,131.41,0.042663,42567,prioritized,0.6,0.96756,0.355257,16.276478,0.664111,0.149325,3.637746,13.756042
158,42855,0.05,-1,288,28.76,130.96,0.037958,42855,prioritized,0.6,0.9714,0.347855,16.276478,0.619079,0.195767,3.554366,13.576401
159,43155,0.05,,300,26.5,26.1,0.042639,43155,prioritized,0.6,0.9754,0.353108,16.276478,0.630278,0.023583,3.945234,14.452242
160,43396,0.05,1,241,131.19,26.0,0.040648,43396,prioritized,0.6,0.978613,0.35492,16.276478,0.618853,-0.156115,3.895669,14.090793
161,43655,0.05,1,259,131.1,24.11,0.038807,43655,prioritized,0.6,0.982067,0.356161,16.276478,0.646987,-0.246942,3.908291,14.166997
162,43955,0.05,,300,21.3,23.1,0.04157,43955,prioritized,0.6,0.986067,0.355086,16.276478,0.641076,-0.338728,3.909261,14.328628
163,44121,0.05,-1,166,28.77,131.57,0.037153,44121,prioritized,0.6,0.98828,0.354647,16.276478,0.628733,0.041578,3.575874,13.751323
164,44311,0.05,-1,190,24.45,131.45,0.039943,44311,prioritized,0.6,0.990813,0.355115,16.276478,0.637198,0.105607,3.993507,14.592751
165,44601,0.05,-1,290,20.75,130.95,0.040241,44601,prioritized,0.6,0.99468,0.351932,16.276478,0.629259,0.289986,3.946997,14.638171
166,44762,0.05,1,161,131.59,23.6,0.038215,44762,prioritized,0.6,0.996827,0.351144,16.276478,0.644288,0.329877,3.730047,14.209612
167,44989,0.05,1,227,131.26,29.07,0.036428,44989,prioritized,0.6,0.999853,0.349373,16.276478,0.643331,0.241456,3.879578,14.492055
168,45274,0.05,1,285,130.97,26.38,0.037797,45274,prioritized,0.6,1.0,0.353174,16.276478,0.63356,-0.071849,3.971493,14.770926
169,45505,0.05,1,231,131.24,24.65,0.040122,45505,prioritized,0.6,1.0,0.354517,16.276478,0.622117,0.169602,4.255004,15.380981
170,45654,0.05,1,149,131.65,26.86,0.038735,45654,prioritized,0.6,1.0,0.354359,16.276478,0.631147,-0.179868,3.919846,14.537248
171,45847,0.05,1,193,131.43,28.64,0.039729,45847,prioritized,0.6,1.0,0.355766,16.276478,0.629293,-0.000831,3.889951,14.477597
172,45982,0.05,1,135,131.72,19.93,0.039611,45982,prioritized,0.6,1.0,0.357442,16.276478,0.665391,0.028125,3.952933,14.387254
173,46184,0.05,-1,202,26.99,131.39,0.043597,46184,prioritized,0.6,1.0,0.359454,16.276478,0.671542,-0.050266,4.467758,15.969935
174,46349,0.05,1,165,131.57,23.58,0.041991,46349,prioritized,0.6,1.0,0.357983,16.276478,0.658365,-0.12219,4.562535,16.188993
175,46523,0.05,-1,174,26.93,131.53,0.042999,46523,prioritized,0.6,1.0,0.35997,16.276478,0.68498,-0.200537,4.508345,16.089275
176,46669,0.05,-1,146,29.47,131.67,0.040342,46669,prioritized,0.6,1.0,0.358717,16.276478,0.671978,-0.148915,4.285507,15.343261
177,46926,0.05,1,257,131.11,26.32,0.041423,46926,prioritized,0.6,1.0,0.358368,16.276478,0.660253,-0.2195,4.428514,15.544187
178,47215,0.05,1,289,130.95,26.36,0.041878,47215,prioritized,0.6,1.0,0.359759,16.276478,0.663835,-0.438506,4.541987,15.883451
179,47326,0.05,1,111,131.84,23.25,0.04303,47326,prioritized,0.6,1.0,0.360286,16.276478,0.671075,-0.46449,4.583687,15.890491
180,47473,0.05,1,147,131.66,27.07,0.041198,47473,prioritized,0.6,1.0,0.35951,16.276478,0.671223,-0.45935,5.070288,16.865738
181,47663,0.05,-1,190,24.05,131.45,0.044992,47663,prioritized,0.6,1.0,0.360426,16.276478,0.694804,-0.450496,4.982418,16.772463
182,47789,0.05,-1,126,26.17,131.77,0.049494,47789,prioritized,0.6,1.0,0.359891,16.276478,0.679963,-0.719505,4.864227,16.330286
183,47913,0.05,-1,124,22.98,131.78,0.043556,47913,prioritized,0.6,1.0,0.356933,16.276478,0.662296,-0.941089,4.777868,16.329849
184,48064,0.05,1,151,131.64,29.25,0.039811,48064,prioritized,0.6,1.0,0.360018,16.276478,0.687218,-0.53814,4.909699,16.759481
185,48364,0.05,,300,23.5,25.3,0.044829,48364,prioritized,0.6,1.0,0.360798,16.276478,0.692092,-0.969092,4.97199,16.630777
186,48613,0.05,1,249,131.15,26.16,0.045252,48613,prioritized,0.6,1.0,0.357758,16.276478,0.661697,-1.111233,4.803382,16.282387
187,48753,0.05,-1,140,23.9,131.7,0.04067,48753,prioritized,0.6,1.0,0.358051,16.276478,0.672528,-1.330828,4.996747,16.670361
188,48960,0.05,1,207,131.36,25.77,0.042556,48960,prioritized,0.6,1.0,0.3583,16.276478,0.678322,-0.968829,4.931939,16.516905
189,49260,0.05,,300,28.3,23.9,0.046377,49260,prioritized,0.6,1.0,0.364678,16.276478,0.706982,-1.916916,5.449861,18.033014
190,49560,0.05,,300,28.7,23.1,0.045328,49560,prioritized,0.6,1.0,0.37014,16.276478,0.727221,-2.155708,5.403036,17.834425
191,49702,0.05,-1,142,29.49,131.69,0.043469,49702,prioritized,0.6,1.0,0.367396,16.276478,0.701544,-2.143787,4.898888,16.739731
192,49883,0.05,1,181,131.49,24.3,0.04571,49883,prioritized,0.6,1.0,0.365426,16.276478,0.684206,-1.985213,5.149229,17.429262
193,50129,0.05,-1,246,21.77,131.17,0.050339,50129,prioritized,0.6,1.0,0.36834,16.362089,0.713865,-2.292649,5.212348,17.795532
194,50429,0.05,-1,300,26.3,130.9,0.047397,50429,prioritized,0.6,1.0,0.3692,16.362089,0.725092,-2.831028,5.904663,19.30826
195,50531,0.05,-1,102,21.69,131.89,0.047934,50531,prioritized,0.6,1.0,0.369662,16.362089,0.731009,-2.504029,5.40686,18.022427
196,50831,0.05,,300,25.9,26.3,0.043821,50831,prioritized,0.6,1.0,0.370995,16.510136,0.744277,-2.801203,5.726095,18.71303
197,51131,0.05,,300,23.9,28.7,0.047921,51131,prioritized,0.6,1.0,0.369247,16.510136,0.731275,-2.7119,5.664967,18.738516
198,51360,0.05,1,229,131.25,26.06,0.045482,51360,prioritized,0.6,1.0,0.368044,16.510136,0.725362,-2.873911,5.662838,18.82888
199,51530,0.05,-1,170,24.95,131.55,0.048154,51530,prioritized,0.6,1.0,0.367432,16.510136,0.711104,-3.024698,6.012077,19.578581
200,51652,0.05,-1,122,23.59,131.79,0.044159,51652,prioritized,0.6,1.0,0.368569,16.510136,0.736261,-3.360481,5.673274,18.814892
201,51844,0.05,-1,192,23.44,131.44,0.045123,51844,prioritized,0.6,1.0,0.365567,16.510136,0.720118,-2.880832,5.610267,18.746265
202,52143,0.05,1,299,130.9,23.71,0.048335,52143,prioritized,0.6,1.0,0.369623,16.611673,0.739697,-3.319938,6.023019,19.548367
203,52443,0.05,,300,22.1,24.9,0.051315,52443,prioritized,0.6,1.0,0.378207,16.611673,0.764714,-3.478007,6.149531,19.775194
204,52669,0.05,-1,226,26.47,131.27,0.052088,52669,prioritized,0.6,1.0,0.377471,16.611673,0.762057,-3.546711,6.093552,19.414654
205,52792,0.05,1,123,131.78,21.99,0.047324,52792,prioritized,0.6,1.0,0.378019,16.611673,0.773512,-3.449691,6.14386,19.522932
206,52929,0.05,1,137,131.71,26.92,0.053359,52929,prioritized,0.6,1.0,0.375531,16.611673,0.748291,-3.936287,6.216744,19.770433
207,53229,0.05,,300,26.5,23.5,0.052096,53229,prioritized,0.6,1.0,0.374262,16.611673,0.738845,-3.735681,6.179542,19.817713
208,53407,0.05,-1,178,26.31,131.51,0.048409,53407,prioritized,0.6,1.0,0.375539,16.611673,0.754355,-3.66331,6.165864,19.941685
209,53707,0.05,,300,24.9,23.7,0.045412,53707,prioritized,0.6,1.0,0.373943,16.611673,0.7492,-3.920561,5.905835,19.342697
210,53818,0.05,1,111,131.84,22.05,0.049311,53818,prioritized,0.6,1.0,0.372194,16.611673,0.740212,-3.949615,6.191971,19.981022
211,53967,0.05,1,149,131.65,26.06,0.041502,53967,prioritized,0.6,1.0,0.371547,16.611673,0.746894,-3.605605,6.04935,19.50263
212,54116,0.05,1,149,131.65,26.26,0.053184,54116,prioritized,0.6,1.0,0.371759,16.743099,0.758673,-4.334953,6.667267,21.247536
213,54231,0.05,1,115,131.82,23.43,0.051991,54231,prioritized,0.6,1.0,0.369832,16.743099,0.747574,-4.889708,7.095426,22.176271
214,54430,0.05,1,199,131.4,28.41,0.048214,54430,prioritized,0.6,1.0,0.372276,16.768663,0.774712,-4.658027,6.708306,21.554461
215,54563,0.05,1,133,131.73,24.54,0.051312,54563,prioritized,0.6,1.0,0.370785,16.77363,0.753923,-4.802895,6.870449,21.747458
216,54683,0.05,-1,120,25.2,131.8,0.05136,54683,prioritized,0.6,1.0,0.370598,16.77363,0.752244,-4.862539,6.732504,21.515244
217,54961,0.05,-1,278,27.81,131.01,0.052462,54961,prioritized,0.6,1.0,0.372496,16.77363,0.763488,-4.476233,6.762661,21.558903
218,55082,0.05,1,121,131.79,24.2,0.049373,55082,prioritized,0.6,1.0,0.370671,16.77363,0.763174,-4.285452,6.548314,21.272638
219,55195,0.05,1,113,131.83,19.64,0.053414,55195,prioritized,0.6,1.0,0.371473,16.77363,0.772865,-4.309341,6.798629,21.82235
220,55307,0.05,-1,112,26.44,131.84,0.052046,55307,prioritized,0.6,1.0,0.369702,16.77363,0.764366,-4.516603,6.568237,21.046886
221,55502,0.05,1,195,131.42,24.03,0.046518,55502,prioritized,0.6,1.0,0.366862,16.77363,0.74263,-4.304012,6.658203,21.486488
222,55725,0.05,1,223,131.28,25.89,0.048696,55725,prioritized,0.6,1.0,0.369942,16.77363,0.773688,-4.558354,6.780518,21.457129
223,55971,0.05,-1,246,26.17,131.17,0.045404,55971,prioritized,0.6,1.0,0.368886,16.77363,0.761522,-4.125375,6.474399,20.928671
224,56222,0.05,1,251,131.14,26.75,0.050853,56222,prioritized,0.6,1.0,0.36898,16.77363,0.753708,-4.200056,6.882022,22.068491
225,56474,0.05,-1,252,28.34,131.14,0.051807,56474,prioritized,0.6,1.0,0.368946,16.77363,0.765689,-4.299213,6.947822,22.206064
226,56666,0.05,-1,192,29.24,131.44,0.04899,56666,prioritized,0.6,1.0,0.36949,16.77363,0.771791,-4.892871,7.050985,22.350016
227,56850,0.05,-1,184,24.68,131.48,0.05025,56850,prioritized,0.6,1.0,0.368904,16.77363,0.770289,-4.258144,6.605129,21.544107
228,57017,0.05,1,167,131.56,28.77,0.05362,57017,prioritized,0.6,1.0,0.369228,16.77363,0.762086,-4.662026,7.020708,22.169024
229,57315,0.05,-1,298,28.11,130.91,0.047859,57315,prioritized,0.6,1.0,0.367385,16.77363,0.747757,-4.082466,6.50939,20.696917
230,57460,0.05,1,145,131.67,27.08,0.043908,57460,prioritized,0.6,1.0,0.365177,16.77363,0.733767,-4.371682,6.630121,21.080845
231,57640,0.05,-1,180,23.9,131.5,0.04285,57640,prioritized,0.6,1.0,0.365866,16.77363,0.748962,-4.192916,6.32165,20.417305
232,57940,0.05,,300,26.5,28.1,0.047494,57940,prioritized,0.6,1.0,0.363887,16.77363,0.727492,-4.427769,6.582023,20.817211
233,58240,0.05,,300,26.5,28.7,0.051741,58240,prioritized,0.6,1.0,0.369572,16.976318,0.788259,-5.446542,7.537252,23.284012
234,58345,0.05,1,105,131.87,27.48,0.053745,58345,prioritized,0.6,1.0,0.371551,16.976318,0.813484,-5.672336,8.008292,24.095716
235,58449,0.05,-1,104,26.48,131.88,0.051214,58449,prioritized,0.6,1.0,0.367778,16.976318,0.7801,-5.265603,7.410264,23.299385
236,58582,0.05,1,133,131.73,25.14,0.051124,58582,prioritized,0.6,1.0,0.368446,16.976318,0.786803,-5.617586,7.727297,23.881592
237,58713,0.05,1,131,131.74,24.35,0.049382,58713,prioritized,0.6,1.0,0.365326,16.976318,0.77296,-5.751049,7.927209,24.081047
238,58873,0.05,-1,160,23.8,131.6,0.048381,58873,prioritized,0.6,1.0,0.364817,16.976318,0.780829,-5.101165,7.267129,22.951508
239,58968,0.05,1,95,131.92,25.33,0.045788,58968,prioritized,0.6,1.0,0.365323,16.976318,0.783765,-5.35517,7.40523,23.091028
240,59114,0.05,-1,146,25.87,131.67,0.051208,59114,prioritized,0.6,1.0,0.368535,17.102678,0.798156,-5.789439,7.874498,23.869942
241,59257,0.05,1,143,131.68,29.49,0.058588,59257,prioritized,0.6,1.0,0.369568,17.122902,0.801687,-5.857855,7.931533,23.881926
242,59450,0.05,1,193,131.43,26.44,0.052717,59450,prioritized,0.6,1.0,0.369662,17.152058,0.79772,-5.959218,7.936783,24.131691
243,59564,0.05,-1,114,26.83,131.83,0.052868,59564,prioritized,0.6,1.0,0.369485,17.152344,0.800147,-5.444432,7.223344,22.846361
244,59733,0.05,1,169,131.55,24.36,0.054456,59733,prioritized,0.6,1.0,0.369446,17.152344,0.801315,-6.115964,8.297552,24.528879
245,59930,0.05,1,197,131.41,26.82,0.055021,59930,prioritized,0.6,1.0,0.370074,17.152344,0.810805,-6.28898,8.284383,24.471344
246,60103,0.05,1,173,131.53,27.14,0.048005,60103,prioritized,0.6,1.0,0.368921,17.152344,0.788273,-5.799067,7.714161,23.406305
247,60222,0.05,1,119,131.8,27.21,0.050039,60222,prioritized,0.6,1.0,0.368801,17.152344,0.786875,-5.998682,7.747484,23.66855
248,60359,0.05,1,137,131.71,28.72,0.056321,60359,prioritized,0.6,1.0,0.370257,17.152344,0.808883,-6.304035,8.055136,23.84796
249,60479,0.05,-1,120,24.2,131.8,0.05161,60479,prioritized,0.6,1.0,0.370979,17.152344,0.820691,-6.347338,8.098504,24.042944
250,60597,0.05,-1,118,29.61,131.81,0.049368,60597,prioritized,0.6,1.0,0.368758,17.152344,0.795175,-5.830986,7.961106,23.753044
251,60765,0.05,-1,168,27.16,131.56,0.05686,60765,prioritized,0.6,1.0,0.369592,17.152344,0.80228,-6.404367,8.201014,24.112406
252,61065,0.05,,300,24.3,25.3,0.053753,61065,prioritized,0.6,1.0,0.371427,17.487894,0.821352,-6.240148,8.342564,24.468695
253,61178,0.05,1,113,131.83,27.44,0.061548,61178,prioritized,0.6,1.0,0.37378,17.487894,0.833907,-6.749804,8.86505,25.447521
254,61331,0.05,1,153,131.63,28.84,0.056835,61331,prioritized,0.6,1.0,0.372843,17.490896,0.822353,-6.562745,8.516404,25.069183
255,61456,0.05,1,125,131.77,26.18,0.055179,61456,prioritized,0.6,1.0,0.373449,17.490896,0.824544,-6.805123,8.708078,25.261606
256,61576,0.05,-1,120,24.4,131.8,0.055361,61576,prioritized,0.6,1.0,0.372482,17.490896,0.815353,-6.539241,8.53159,24.889425
257,61735,0.05,1,159,131.6,27.01,0.053959,61735,prioritized,0.6,1.0,0.373785,17.490896,0.832715,-6.523674,8.553525,25.017683
258,61944,0.05,1,209,131.35,26.96,0.053935,61944,prioritized,0.6,1.0,0.370649,17.490896,0.812609,-6.439401,8.33704,24.540279
259,62061,0.05,1,117,131.81,24.42,0.049879,62061,prioritized,0.6,1.0,0.370312,17.490896,0.810503,-6.145655,7.952788,24.052097
260,62229,0.05,-1,168,26.16,131.56,0.059066,62229,prioritized,0.6,1.0,0.371547,17.490896,0.815209,-6.745414,8.576042,24.688637
261,62435,0.05,-1,206,26.57,131.37,0.054491,62435,prioritized,0.6,1.0,0.371644,17.490896,0.820026,-6.882493,8.563199,24.652359
262,62640,0.05,1,205,131.37,26.98,0.048279,62640,prioritized,0.6,1.0,0.372596,17.490896,0.82235,-6.333008,7.861172,23.50844
263,62921,0.05,1,281,130.99,23.6,0.05663,62921,prioritized,0.6,1.0,0.370574,17.490896,0.807826,-6.813966,8.325011,24.30617
264,63035,0.05,-1,114,25.03,131.83,0.05904,63035,prioritized,0.6,1.0,0.373305,17.490896,0.84586,-6.752751,8.189232,24.362621
265,63142,0.05,1,107,131.86,22.27,0.059516,63142,prioritized,0.6,1.0,0.374889,17.640831,0.845064,-8.00473,9.576984,26.693464
266,63313,0.05,1,171,131.54,28.95,0.053027,63313,prioritized,0.6,1.0,0.375781,17.640831,0.847508,-7.863336,9.500809,26.660505
267,63613,0.05,,300,26.5,25.5,0.059016,63613,prioritized,0.6,1.0,0.375122,17.652786,0.845112,-7.662827,9.205407,26.288065
268,63752,0.05,1,139,131.7,27.11,0.058932,63752,prioritized,0.6,1.0,0.374853,17.654518,0.848143,-7.60827,8.996927,25.961079
269,64052,0.05,,300,28.3,26.1,0.055309,64052,prioritized,0.6,1.0,0.374853,17.654518,0.843506,-7.339302,8.841845,25.72834
270,64238,0.05,-1,186,26.67,131.47,0.054125,64238,prioritized,0.6,1.0,0.37615,17.654518,0.848882,-7.209129,8.691811,25.074429
271,64388,0.05,-1,150,26.05,131.65,0.053766,64388,prioritized,0.6,1.0,0.376152,17.654518,0.848129,-7.159846,8.500575,24.62989
272,64547,0.05,1,159,131.6,27.01,0.05997,64547,prioritized,0.6,1.0,0.374431,17.654518,0.83245,-7.546087,9.037931,25.587929
273,64676,0.05,1,129,131.75,24.36,0.057012,64676,prioritized,0.6,1.0,0.374635,17.654518,0.838847,-7.466338,8.807373,25.067312
274,64840,0.05,-1,164,26.18,131.58,0.052702,64840,prioritized,0.6,1.0,0.372721,17.654518,0.827151,-7.036458,8.326639,24.473366
275,65140,0.05,,300,27.5,28.7,0.060142,65140,prioritized,0.6,1.0,0.378981,17.654518,0.869685,-7.769045,9.088763,25.817411
276,65283,0.05,1,143,131.68,26.49,0.062245,65283,prioritized,0.6,1.0,0.380742,17.654518,0.873451,-8.22753,9.373943,26.506628
277,65374,0.05,1,91,131.94,23.35,0.065082,65374,prioritized,0.6,1.0,0.379963,17.654518,0.863738,-7.917621,9.156468,26.099785
278,65505,0.05,1,131,131.74,22.95,0.060153,65505,prioritized,0.6,1.0,0.380126,17.654518,0.872009,-8.323314,9.599997,26.852827
279,65677,0.05,-1,172,28.94,131.54,0.061714,65677,prioritized,0.6,1.0,0.379857,17.654518,0.873487,-7.684882,8.89724,25.821928
280,65977,0.05,,300,27.1,28.7,0.055829,65977,prioritized,0.6,1.0,0.381485,17.654518,0.865837,-8.102816,9.457201,26.476238
281,66185,0.05,-1,208,26.56,131.36,0.056192,66185,prioritized,0.6,1.0,0.372977,17.654518,0.794296,-6.927277,8.28498,23.789299
282,66331,0.05,-1,146,28.67,131.67,0.053231,66331,prioritized,0.6,1.0,0.373022,17.654518,0.812952,-6.947052,8.116313,23.338846
283,66552,0.05,1,221,131.29,26.9,0.054718,66552,prioritized,0.6,1.0,0.372118,17.654518,0.816562,-6.705827,7.963657,23.22077
284,66679,0.05,1,127,131.76,29.57,0.051644,66679,prioritized,0.6,1.0,0.373048,17.654518,0.823912,-6.987566,8.340753,23.688057
285,66877,0.05,-1,198,24.61,131.41,0.05013,66877,prioritized,0.6,1.0,0.373024,17.654518,0.82684,-6.831225,8.123959,23.461946
286,67002,0.05,1,125,131.77,28.78,0.059042,67002,prioritized,0.6,1.0,0.370695,17.654518,0.810652,-7.496987,8.494178,23.919426
287,67119,0.05,1,117,131.81,21.02,0.057091,67119,prioritized,0.6,1.0,0.373234,17.654518,0.841392,-7.372428,8.522218,24.65963
288,67222,0.05,1,103,131.88,23.89,0.057144,67222,prioritized,0.6,1.0,0.374107,17.654518,0.85347,-7.671281,8.871881,25.160057
289,67522,0.05,,300,25.7,26.1,0.05939,67522,prioritized,0.6,1.0,0.373975,17.654518,0.840273,-7.684392,8.942025,25.184006
290,67634,0.05,-1,112,24.04,131.84,0.062878,67634,prioritized,0.6,1.0,0.374343,17.654518,0.841112,-7.499145,8.638745,24.749363
291,67934,0.05,,300,24.3,27.9,0.055887,67934,prioritized,0.6,1.0,0.37383,17.654518,0.837524,-7.753206,8.871812,25.122057
292,68054,0.05,-1,120,27.0,131.8,0.067052,68054,prioritized,0.6,1.0,0.373618,17.654518,0.840265,-8.074439,9.19861,25.796944
293,68343,0.05,1,289,130.95,25.96,0.059612,68343,prioritized,0.6,1.0,0.374873,17.654518,0.852908,-8.101155,9.211226,26.10293
294,68466,0.05,1,123,131.78,29.59,0.055431,68466,prioritized,0.6,1.0,0.374179,17.654518,0.855167,-8.300315,9.267605,26.240395
295,68612,0.05,-1,146,24.27,131.67,0.056653,68612,prioritized,0.6,1.0,0.372551,17.654518,0.841628,-8.48386,9.438099,26.351067
296,68912,0.05,,300,26.5,27.7,0.053099,68912,prioritized,0.6,1.0,0.374351,17.654518,0.848975,-8.436831,9.407326,26.158775
297,69107,0.05,1,195,131.42,26.43,0.062265,69107,prioritized,0.6,1.0,0.37345,17.654518,0.840637,-8.388656,9.399111,26.124559
298,69407,0.05,,300,26.3,25.9,0.060755,69407,prioritized,0.6,1.0,0.374578,17.654518,0.849784,-8.407715,9.292243,25.742214
299,69515,0.05,-1,108,24.66,131.86,0.056779,69515,prioritized,0.6,1.0,0.374002,17.654518,0.851219,-8.05579,8.985761,25.37229
300,69646,0.05,1,131,131.74,28.55,0.052216,69646,prioritized,0.6,1.0,0.371908,17.654518,0.830075,-7.780279,8.831903,25.251472
301,69746,0.05,-1,100,29.7,131.9,0.062272,69746,prioritized,0.6,1.0,0.373383,17.654518,0.840975,-7.728831,8.601348,24.762493
302,69909,0.05,1,163,131.58,26.59,0.055975,69909,prioritized,0.6,1.0,0.373043,17.654518,0.835868,-7.602689,8.47959,24.576675
303,70038,0.05,1,129,131.75,24.16,0.056938,70038,prioritized,0.6,1.0,0.374841,17.654518,0.860137,-8.281886,9.225684,25.732428
304,70172,0.05,-1,134,24.13,131.73,0.057332,70172,prioritized,0.6,1.0,0.374314,17.654518,0.849004,-8.637889,9.581894,26.314751
305,70472,0.05,,300,26.3,26.5,0.063075,70472,prioritized,0.6,1.0,0.373894,17.654518,0.846161,-8.481134,9.330587,25.914787
306,70597,0.05,1,125,131.77,22.78,0.052739,70597,prioritized,0.6,1.0,0.372598,17.654518,0.838781,-7.819438,8.574706,24.95804
307,70698,0.05,1,101,131.89,23.5,0.061643,70698,prioritized,0.6,1.0,0.373074,17.654518,0.848164,-8.763577,9.739178,26.429598
308,70808,0.05,-1,110,23.85,131.85,0.061799,70808,prioritized,0.6,1.0,0.372684,17.654518,0.842163,-8.4098,9.251544,25.875481
309,71019,0.05,1,211,131.34,29.15,0.055224,71019,prioritized,0.6,1.0,0.37218,17.654518,0.822129,-7.889746,8.802691,25.040407
310,71248,0.05,1,229,131.25,26.86,0.049927,71248,prioritized,0.6,1.0,0.366715,17.654518,0.775272,-6.473933,7.391402,21.248245
311,71362,0.05,-1,114,25.03,131.83,0.048267,71362,prioritized,0.6,1.0,0.367074,17.654518,0.785831,-6.144197,6.973927,20.613062
312,71532,0.05,-1,170,24.15,131.55,0.048594,71532,prioritized,0.6,1.0,0.366656,17.654518,0.784997,-6.354027,7.157568,20.872967
313,71656,0.05,-1,124,26.58,131.78,0.052523,71656,prioritized,0.6,1.0,0.364788,17.654518,0.769871,-6.377563,7.293773,20.954138
314,71802,0.05,-1,146,22.07,131.67,0.044858,71802,prioritized,0.6,1.0,0.36608,17.654518,0.785981,-6.377861,7.12187,20.75791
315,71920,0.05,-1,118,27.21,131.81,0.050567,71920,prioritized,0.6,1.0,0.365159,17.654518,0.776068,-6.633274,7.451707,21.245436
316,72047,0.05,1,127,131.76,24.37,0.051672,72047,prioritized,0.6,1.0,0.371367,17.654518,0.854822,-6.899874,7.645294,22.660131
317,72166,0.05,1,119,131.8,27.21,0.063983,72166,prioritized,0.6,1.0,0.373508,17.654518,0.871374,-8.590401,9.346725,26.242105
318,72356,0.05,-1,190,26.45,131.45,0.061994,72356,prioritized,0.6,1.0,0.373358,17.654518,0.864508,-9.114433,9.822696,26.891964
319,72520,0.05,-1,164,25.98,131.58,0.060754,72520,prioritized,0.6,1.0,0.375526,17.654518,0.88317,-8.725211,9.401386,26.182701
320,72680,0.05,-1,160,28.8,131.6,0.05498,72680,prioritized,0.6,1.0,0.373975,17.654518,0.865118,-9.175108,9.79503,26.854446
321,72820,0.05,-1,140,24.5,131.7,0.056852,72820,prioritized,0.6,1.0,0.373768,17.654518,0.870998,-9.112988,9.805001,26.909592
322,72927,0.05,1,107,131.86,21.07,0.060377,72927,prioritized,0.6,1.0,0.37332,17.654518,0.866012,-9.546636,10.22756,27.301863
323,73050,0.05,1,123,131.78,28.99,0.055906,73050,prioritized,0.6,1.0,0.371608,17.654518,0.851192,-8.586996,9.334691,26.096457
324,73194,0.05,-1,144,24.48,131.68,0.058844,73194,prioritized,0.6,1.0,0.371905,17.654518,0.846443,-8.568004,9.315654,25.81835
325,73339,0.05,1,145,131.67,24.08,0.058944,73339,prioritized,0.6,1.0,0.373362,17.654518,0.860316,-8.521439,9.275492,25.850491
326,73548,0.05,1,209,131.35,26.56,0.057486,73548,prioritized,0.6,1.0,0.372732,17.654518,0.858149,-8.755133,9.419895,26.12816
327,73654,0.05,-1,106,27.27,131.87,0.055342,73654,prioritized,0.6,1.0,0.371394,17.654518,0.846753,-8.391929,9.114503,25.589518
328,73784,0.05,-1,130,24.35,131.75,0.051754,73784,prioritized,0.6,1.0,0.371689,17.654518,0.855234,-9.055041,9.701288,26.4599
329,73890,0.05,-1,106,29.67,131.87,0.053772,73890,prioritized,0.6,1.0,0.371784,17.654518,0.857129,-8.975761,9.673036,26.306751
330,74061,0.05,1,171,131.54,26.55,0.058966,74061,prioritized,0.6,1.0,0.375306,17.654518,0.901432,-9.094605,9.837197,26.976503
331,74299,0.05,-1,238,26.61,131.21,0.064404,74299,prioritized,0.6,1.0,0.375143,17.654518,0.889218,-10.546134,11.226012,29.484409
332,74599,0.05,,300,25.9,28.7,0.060976,74599,prioritized,0.6,1.0,0.376585,17.654518,0.899929,-10.224844,10.794505,28.871296
333,74700,0.05,1,101,131.89,18.1,0.061864,74700,prioritized,0.6,1.0,0.376335,17.654518,0.895851,-10.284504,10.925121,29.000334
334,74854,0.05,-1,154,29.43,131.63,0.056516,74854,prioritized,0.6,1.0,0.375744,17.654518,0.888615,-9.74284,10.386714,28.229296
335,74975,0.05,1,121,131.79,26.8,0.055237,74975,prioritized,0.6,1.0,0.375242,17.654518,0.882399,-9.99512,10.627286,28.732689
336,75114,0.05,1,139,131.7,26.51,0.064143,75000,prioritized,0.6,1.0,0.376185,17.654518,0.877635,-10.568293,11.284479,29.288553
337,75299,0.05,1,185,131.47,27.08,0.062143,75000,prioritized,0.6,1.0,0.378446,17.654518,0.887548,-9.470554,10.227009,27.789503
338,75452,0.05,1,153,131.63,24.44,0.065239,75000,prioritized,0.6,1.0,0.380685,17.654518,0.896897,-9.560373,10.379736,28.050488
339,75711,0.05,1,259,131.1,26.11,0.066083,75000,prioritized,0.6,1.0,0.381045,17.654518,0.893983,-9.610512,10.233161,27.884804
340,75933,0.05,-1,222,26.89,131.29,0.05933,75000,prioritized,0.6,1.0,0.378511,17.654518,0.874085,-9.804398,10.404148,28.126814
341,76073,0.05,-1,140,27.3,131.7,0.057781,75000,prioritized,0.6,1.0,0.379721,17.654518,0.880081,-9.355313,9.935412,27.193613
342,76207,0.05,-1,134,25.13,131.73,0.059983,75000,prioritized,0.6,1.0,0.378527,17.654518,0.875908,-9.204455,9.784017,26.538023
343,76388,0.05,1,181,131.49,26.7,0.065834,75000,prioritized,0.6,1.0,0.380163,17.654518,0.896954,-9.905843,10.481409,27.568207
344,76491,0.05,1,103,131.88,24.89,0.055842,75000,prioritized,0.6,1.0,0.377725,17.654518,0.875864,-9.397947,9.907784,26.680674
345,76715,0.05,-1,224,26.68,131.28,0.057895,75000,prioritized,0.6,1.0,0.376962,17.654518,0.872421,-9.389899,9.953939,26.727917
346,76833,0.05,-1,118,29.61,131.81,0.062691,75000,prioritized,0.6,1.0,0.377983,17.654518,0.878789,-9.416997,10.033836,26.694284
347,76982,0.05,1,149,131.65,26.66,0.060846,75000,prioritized,0.6,1.0,0.376964,17.654518,0.870637,-9.34731,9.936523,26.662584
348,77126,0.05,-1,144,27.28,131.68,0.063603,75000,prioritized,0.6,1.0,0.379848,17.654518,0.91333,-10.684425,11.176934,29.688711
349,77227,0.05,1,101,131.89,25.1,0.065314,75000,prioritized,0.6,1.0,0.379843,17.654518,0.911707,-11.281037,11.81169,30.473005
350,77317,0.05,-1,90,23.55,131.95,0.064276,75000,prioritized,0.6,1.0,0.38112,17.654518,0.930003,-11.314454,11.862613,30.592239
351,77429,0.05,-1,112,29.64,131.84,0.071273,75000,prioritized,0.6,1.0,0.380629,17.654518,0.926454,-11.86637,12.513319,31.341951
352,77537,0.05,-1,108,26.86,131.86,0.070673,75000,prioritized,0.6,1.0,0.379434,17.654518,0.917708,-11.524549,11.994355,30.677698
353,77652,0.05,1,115,131.82,27.23,0.065444,75000,prioritized,0.6,1.0,0.381168,17.654518,0.932037,-11.2259,11.810581,30.491726
354,77786,0.05,-1,134,22.73,131.73,0.059395,75000,prioritized,0.6,1.0,0.381377,17.654518,0.927124,-11.013871,11.52594,30.125519
355,77900,0.05,-1,114,21.83,131.83,0.064107,75000,prioritized,0.6,1.0,0.382814,17.654518,0.940181,-11.557503,12.107107,30.821386
356,78093,0.05,1,193,131.43,26.24,0.061082,75000,prioritized,0.6,1.0,0.378117,17.654518,0.880826,-10.589907,11.182449,29.118429
357,78201,0.05,-1,108,25.06,131.86,0.060202,75000,prioritized,0.6,1.0,0.380376,17.654518,0.901688,-9.206956,9.817284,26.753315
358,78466,0.05,1,265,131.07,26.48,0.063762,75000,prioritized,0.6,1.0,0.379252,17.654518,0.894167,-9.721506,10.31669,27.324488
359,78676,0.05,-1,210,26.95,131.35,0.05794,75000,prioritized,0.6,1.0,0.37778,17.654518,0.886025,-9.707761,10.286678,27.363279
360,78777,0.05,1,101,131.89,22.3,0.061278,75000,prioritized,0.6,1.0,0.378429,17.654518,0.896332,-9.333655,9.875038,26.601349
361,78933,0.05,-1,156,26.62,131.62,0.061724,75000,prioritized,0.6,1.0,0.378558,17.654518,0.891207,-9.668086,10.223753,27.110985
362,79030,0.05,1,97,131.91,26.92,0.061934,75000,prioritized,0.6,1.0,0.38033,17.654518,0.908584,-10.266484,10.848738,28.213886
363,79146,0.05,-1,116,29.62,131.82,0.068837,75000,prioritized,0.6,1.0,0.382356,17.654518,0.926864,-10.867665,11.423601,29.475506
364,79237,0.05,1,91,131.94,26.95,0.064025,75000,prioritized,0.6,1.0,0.382075,17.654518,0.919429,-10.93665,11.437394,29.445852
365,79354,0.05,1,117,131.81,27.22,0.06535,75000,prioritized,0.6,1.0,0.384409,17.654518,0.935242,-10.957206,11.610444,29.611921
366,79487,0.05,1,133,131.73,27.14,0.069473,75000,prioritized,0.6,1.0,0.384281,17.654518,0.925676,-11.213147,11.724562,29.878675
367,79700,0.05,1,213,131.33,24.74,0.071799,75000,prioritized,0.6,1.0,0.386281,17.654518,0.936844,-11.211379,11.789164,29.836838
368,80000,0.05,,300,26.5,23.1,0.065605,75000,prioritized,0.6,1.0,0.384544,17.654518,0.922721,-11.044265,11.610418,29.64258
369,80151,0.05,1,151,131.64,27.05,0.062976,75000,prioritized,0.6,1.0,0.382841,17.654518,0.916339,-10.229248,10.772704,28.233833
370,80252,0.05,1,101,131.89,27.1,0.067644,75000,prioritized,0.6,1.0,0.384586,17.654518,0.936755,-10.700019,11.232862,28.779926
371,80373,0.05,1,121,131.79,29.0,0.067532,75000,prioritized,0.6,1.0,0.384161,17.654518,0.934148,-10.838026,11.495594,29.272089
372,80522,0.05,1,149,131.65,27.26,0.066348,75000,prioritized,0.6,1.0,0.384293,17.654518,0.94065,-10.683523,11.24988,28.885487
373,80822,0.05,,300,26.5,27.5,0.068426,75000,prioritized,0.6,1.0,0.38159,17.654518,0.916987,-11.060144,11.596211,29.336115
374,80939,0.05,1,117,131.81,25.02,0.071603,75000,prioritized,0.6,1.0,0.380946,17.654518,0.914971,-10.307407,10.889795,28.306152
375,81115,0.05,-1,176,24.72,131.52,0.065877,75000,prioritized,0.6,1.0,0.38173,17.654518,0.914171,-10.629162,11.165676,28.462404
376,81225,0.05,-1,110,29.05,131.85,0.070042,75000,prioritized,0.6,1.0,0.381608,17.654518,0.915825,-10.120131,10.638946,27.641445
377,81360,0.05,1,135,131.72,26.33,0.064809,75000,prioritized,0.6,1.0,0.379496,17.654518,0.896867,-10.111865,10.580435,27.524128
378,81498,0.05,-1,138,25.11,131.71,0.063339,75000,prioritized,0.6,1.0,0.379346,17.654518,0.895022,-10.828518,11.366379,28.399254
379,81729,0.05,1,231,131.24,26.85,0.057758,75000,prioritized,0.6,1.0,0.381625,17.654518,0.910264,-10.195175,10.669406,27.645674
380,81844,0.05,1,115,131.82,24.43,0.059673,75000,prioritized,0.6,1.0,0.380814,17.654518,0.906845,-10.412379,10.873119,27.860432
381,82030,0.05,-1,186,28.47,131.47,0.061922,75000,prioritized,0.6,1.0,0.380315,17.654518,0.908519,-10.240083,10.727682,27.729523
382,82114,0.05,-1,84,27.58,131.98,0.069709,75000,prioritized,0.6,1.0,0.380534,17.654518,0.907525,-10.59684,11.076056,28.339506
383,82201,0.05,1,87,131.96,25.17,0.068704,75000,prioritized,0.6,1.0,0.380121,17.654518,0.908098,-10.087454,10.592093,27.842928
384,82291,0.05,-1,90,19.15,131.95,0.05704,75000,prioritized,0.6,1.0,0.382486,17.654518,0.928141,-10.536262,11.064496,28.311113
385,82417,0.05,-1,126,27.17,131.77,0.061626,75000,prioritized,0.6,1.0,0.382888,17.654518,0.930245,-10.760839,11.228716,28.581064
386,82523,0.05,-1,106,27.47,131.87,0.068362,75000,prioritized,0.6,1.0,0.381063,17.654518,0.917552,-11.271408,11.710216,29.171534
387,82619,0.05,-1,96,27.52,131.92,0.063146,75000,prioritized,0.6,1.0,0.382015,17.654518,0.920045,-11.451465,11.923678,29.274029
388,82802,0.05,1,183,131.48,26.29,0.058432,75000,prioritized,0.6,1.0,0.383991,17.654518,0.933191,-10.398949,10.894039,28.14608
389,82916,0.05,-1,114,27.23,131.83,0.066942,75000,prioritized,0.6,1.0,0.3832,17.654518,0.91343,-10.553966,11.133961,28.344509
390,83059,0.05,1,143,131.68,27.09,0.072049,75000,prioritized,0.6,1.0,0.386881,17.654518,0.944573,-11.473483,11.962296,29.614304
391,83179,0.05,-1,120,27.0,131.8,0.07723,75000,prioritized,0.6,1.0,0.387907,17.654518,0.94555,-11.835235,12.37007,30.525139
392,83308,0.05,1,129,131.75,24.56,0.072752,75000,prioritized,0.6,1.0,0.38885,17.654518,0.954086,-11.931545,12.443641,30.469378
393,83393,0.05,1,85,131.97,24.78,0.061742,75000,prioritized,0.6,1.0,0.388693,17.654518,0.948182,-10.750792,11.291916,29.125982
394,83517,0.05,-1,124,27.18,131.78,0.067316,75000,prioritized,0.6,1.0,0.389425,17.654518,0.960668,-10.919811,11.424438,29.321796
395,83610,0.05,1,93,131.93,21.74,0.064957,75000,prioritized,0.6,1.0,0.390316,17.654518,0.96767,-11.495584,12.024312,29.980799
396,83805,0.05,1,195,131.42,24.43,0.069886,75000,prioritized,0.6,1.0,0.389416,17.654518,0.95969,-11.622355,12.128701,30.227341
397,83942,0.05,1,137,131.71,26.12,0.069695,75000,prioritized,0.6,1.0,0.389006,17.654518,0.955947,-11.644976,12.104228,30.199728
398,84048,0.05,-1,106,29.47,131.87,0.068429,75000,prioritized,0.6,1.0,0.387688,17.654518,0.942554,-12.104264,12.621119,30.705944
399,84214,0.05,-1,166,24.77,131.57,0.065885,75000,prioritized,0.6,1.0,0.388909,17.654518,0.958808,-11.33008,11.820597,29.76432
400,84336,0.05,-1,122,24.39,131.79,0.069108,75000,prioritized,0.6,1.0,0.389601,17.654518,0.964973,-11.809849,12.312675,30.411201
401,84453,0.05,1,117,131.81,27.02,0.070139,75000,prioritized,0.6,1.0,0.388779,17.654518,0.957099,-11.915284,12.496798,30.483644
402,84568,0.05,1,115,131.82,29.63,0.071541,75000,prioritized,0.6,1.0,0.388319,17.654518,0.952262,-12.010621,12.545175,30.639898
403,84724,0.05,-1,156,25.02,131.62,0.072192,75000,prioritized,0.6,1.0,0.389262,17.654518,0.966826,-12.241013,12.750405,30.850388
404,84883,0.05,1,159,131.6,26.61,0.070261,75000,prioritized,0.6,1.0,0.387663,17.654518,0.963524,-11.969674,12.473077,30.520596
405,85023,0.05,-1,140,26.7,131.7,0.073402,75000,prioritized,0.6,1.0,0.388568,17.654518,0.976797,-12.037366,12.511872,30.581438
406,85118,0.05,1,95,131.92,29.73,0.072515,75000,prioritized,0.6,1.0,0.390242,17.654518,0.989643,-12.748794,13.327007,32.229797
407,85242,0.05,-1,124,22.38,131.78,0.078611,75000,prioritized,0.6,1.0,0.39077,17.654518,0.987515,-12.761688,13.304296,32.072411
408,85340,0.05,-1,98,27.11,131.91,0.08064,75000,prioritized,0.6,1.0,0.392022,17.654518,0.99207,-13.071771,13.576932,32.351936
409,85545,0.05,1,205,131.37,26.78,0.075476,75000,prioritized,0.6,1.0,0.393056,17.654518,0.990237,-12.959223,13.510784,32.253517
410,85644,0.05,1,99,131.9,23.71,0.071693,75000,prioritized,0.6,1.0,0.393358,17.654518,0.997435,-12.562008,13.007467,31.75182
411,85813,0.05,1,169,131.55,24.36,0.072478,75000,prioritized,0.6,1.0,0.394071,17.654518,0.999253,-12.676599,13.153048,31.941532
412,85975,0.05,-1,162,26.59,131.59,0.07058,75000,prioritized,0.6,1.0,0.394221,17.654518,0.99778,-12.281773,12.79393,31.464706
413,86275,0.05,,300,28.7,25.5,0.079684,75000,prioritized,0.6,1.0,0.391906,17.654518,0.961041,-12.010415,12.542727,30.361214
414,86362,0.05,1,87,131.96,24.77,0.076362,75000,prioritized,0.6,1.0,0.392232,17.654518,0.961293,-12.146173,12.665672,30.431313
415,86501,0.05,1,139,131.7,26.71,0.073645,75000,prioritized,0.6,1.0,0.393669,17.654518,0.975087,-11.596077,12.088044,29.764502
416,86731,0.05,-1,230,25.85,131.25,0.067411,75000,prioritized,0.6,1.0,0.394439,17.654518,0.972671,-11.474494,11.960513,29.640287
417,86872,0.05,1,141,131.69,27.1,0.081205,75000,prioritized,0.6,1.0,0.395523,17.654518,0.975825,-11.993462,12.568553,30.264023
418,86999,0.05,1,127,131.76,27.17,0.070882,75000,prioritized,0.6,1.0,0.394281,17.654518,0.962679,-11.985431,12.496962,30.279106
419,87126,0.05,1,127,131.76,23.97,0.068559,75000,prioritized,0.6,1.0,0.393949,17.654518,0.954434,-11.182235,11.711864,29.103281
420,87305,0.05,1,179,131.5,26.31,0.073648,75000,prioritized,0.6,1.0,0.394684,17.654518,0.966023,-11.302752,11.820708,29.263933
421,87424,0.05,1,119,131.8,28.81,0.074469,75000,prioritized,0.6,1.0,0.39529,17.654518,0.972967,-11.773917,12.271648,29.740593
422,87588,0.05,-1,164,26.58,131.58,0.07341,75000,prioritized,0.6,1.0,0.393975,17.654518,0.964984,-11.327319,11.847836,29.13649
423,87693,0.05,1,105,131.87,25.88,0.070307,75000,prioritized,0.6,1.0,0.394941,17.654518,0.971806,-11.77254,12.316256,29.728498
424,87993,0.05,,300,28.7,23.7,0.074433,75000,prioritized,0.6,1.0,0.393632,17.654518,0.964623,-11.650992,12.168864,29.695215
425,88128,0.05,1,135,131.72,26.53,0.07604,75000,prioritized,0.6,1.0,0.3968,17.654518,0.991158,-12.402778,12.964781,30.94293
426,88252,0.05,-1,124,22.18,131.78,0.07923,75000,prioritized,0.6,1.0,0.397718,17.654518,0.993757,-12.306315,12.871417,30.954498
427,88359,0.05,1,107,131.86,26.67,0.077234,75000,prioritized,0.6,1.0,0.396916,17.654518,0.986332,-13.309356,13.888016,31.863842
428,88659,0.05,,300,23.3,26.5,0.073422,75000,prioritized,0.6,1.0,0.395158,17.654518,0.971408,-12.483067,13.024049,30.882786
429,88779,0.05,-1,120,26.4,131.8,0.068654,75000,prioritized,0.6,1.0,0.396041,17.654518,0.979601,-11.747209,12.235738,29.999262
430,88977,0.05,-1,198,26.41,131.41,0.073625,75000,prioritized,0.6,1.0,0.396675,17.654518,0.985334,-12.084758,12.58048,30.489605
431,89150,0.05,1,173,131.53,26.34,0.075829,75000,prioritized,0.6,1.0,0.396138,17.654518,0.97448,-12.457737,12.992587,30.793133
432,89290,0.05,-1,140,24.1,131.7,0.069776,75000,prioritized,0.6,1.0,0.395811,17.654518,0.972386,-11.787349,12.282523,29.923838
433,89393,0.05,1,103,131.88,26.49,0.081959,75000,prioritized,0.6,1.0,0.397204,17.654518,0.986758,-12.075046,12.618183,30.406256
434,89499,0.05,-1,106,24.67,131.87,0.072155,75000,prioritized,0.6,1.0,0.397856,17.654518,0.990408,-11.779673,12.306579,29.915434
435,89585,0.05,-1,86,23.97,131.97,0.07607,75000,prioritized,0.6,1.0,0.398494,17.654518,0.997319,-11.462094,11.987026,29.518425
436,89795,0.05,-1,210,25.75,131.35,0.080849,75000,prioritized,0.6,1.0,0.396433,17.654518,0.967447,-12.453405,12.989079,30.59576
437,90018,0.05,1,223,131.28,22.09,0.075041,75000,prioritized,0.6,1.0,0.397903,17.654518,0.982643,-12.144326,12.66902,30.294775
438,90170,0.05,-1,152,29.44,131.64,0.083412,75000,prioritized,0.6,1.0,0.395978,17.654518,0.968701,-12.144549,12.692857,30.443708
439,90265,0.05,1,95,131.92,24.33,0.081932,75000,prioritized,0.6,1.0,0.399114,17.654518,0.988652,-12.170297,12.715128,30.550188
440,90387,0.05,-1,122,23.19,131.79,0.073278,75000,prioritized,0.6,1.0,0.397683,17.654518,0.986753,-12.482476,12.983132,30.874611
441,90556,0.05,1,169,131.55,26.56,0.076017,75000,prioritized,0.6,1.0,0.40038,17.654518,1.009377,-12.274966,12.809501,30.610287
442,90856,0.05,,300,26.5,23.1,0.074857,75000,prioritized,0.6,1.0,0.396839,17.654518,0.990196,-12.562493,13.06219,30.910341
443,91018,0.05,-1,162,26.99,131.59,0.069559,75000,prioritized,0.6,1.0,0.397282,17.654518,0.990467,-12.312732,12.784032,30.510746
444,91209,0.05,1,191,131.44,19.65,0.071649,75000,prioritized,0.6,1.0,0.395696,17.654518,0.974108,-12.055336,12.602096,30.098455
445,91298,0.05,1,89,131.95,27.16,0.082416,75000,prioritized,0.6,1.0,0.396459,17.654518,0.982199,-11.662451,12.191457,29.505116
446,91396,0.05,-1,98,25.71,131.91,0.075053,75000,prioritized,0.6,1.0,0.396285,17.654518,0.982687,-12.308803,12.80299,30.146275
447,91696,0.05,,300,26.5,23.1,0.075492,75000,prioritized,0.6,1.0,0.396819,17.654518,0.979851,-11.954718,12.505723,29.8538
448,91873,0.05,1,177,131.51,26.52,0.070402,75000,prioritized,0.6,1.0,0.395171,17.654518,0.964257,-12.2304,12.760949,30.061302
449,91985,0.05,-1,112,25.04,131.84,0.072141,75000,prioritized,0.6,1.0,0.397187,17.654518,0.979384,-12.100987,12.682143,30.013401
450,92096,0.05,1,111,131.84,27.05,0.081138,75000,prioritized,0.6,1.0,0.398274,17.654518,0.991379,-12.649419,13.320045,31.410475
451,92192,0.05,-1,96,20.32,131.92,0.07926,75000,prioritized,0.6,1.0,0.39906,17.654518,0.999027,-12.575231,13.148091,31.180227
452,92325,0.05,1,133,131.73,26.54,0.074823,75000,prioritized,0.6,1.0,0.400099,17.654518,1.005219,-12.708965,13.224003,31.359406
453,92437,0.05,-1,112,24.44,131.84,0.077496,75000,prioritized,0.6,1.0,0.39996,17.654518,1.003704,-13.109156,13.652773,31.843796
454,92532,0.05,1,95,131.92,26.73,0.076467,75000,prioritized,0.6,1.0,0.398781,17.654518,0.99274,-12.674223,13.204628,31.336025
455,92637,0.05,1,105,131.87,20.28,0.080066,75000,prioritized,0.6,1.0,0.399949,17.654518,0.999499,-13.00497,13.512617,31.647554
456,92799,0.05,-1,162,26.99,131.59,0.076096,75000,prioritized,0.6,1.0,0.4003,17.654518,1.004517,-12.856128,13.405515,31.519138
457,92896,0.05,1,97,131.91,24.32,0.07609,75000,prioritized,0.6,1.0,0.40125,17.654518,1.00928,-12.579764,13.212611,31.265566
458,92998,0.05,-1,102,27.29,131.89,0.079079,75000,prioritized,0.6,1.0,0.399713,17.654518,0.993097,-12.606268,13.176473,31.107447
459,93099,0.05,1,101,131.89,15.9,0.077196,75000,prioritized,0.6,1.0,0.398533,17.654518,0.972525,-11.75211,12.313783,29.566462
460,93209,0.05,-1,110,24.45,131.85,0.08158,75000,prioritized,0.6,1.0,0.399302,17.654518,0.977934,-11.912762,12.517345,29.780146
461,93354,0.05,1,145,131.67,26.88,0.078754,75000,prioritized,0.6,1.0,0.401164,17.654518,0.980838,-12.022035,12.613033,29.827438
462,93482,0.05,-1,128,25.16,131.76,0.071863,75000,prioritized,0.6,1.0,0.399441,17.654518,0.972244,-12.08182,12.6565,30.004589
463,93631,0.05,1,149,131.65,24.86,0.077002,75000,prioritized,0.6,1.0,0.400892,17.654518,0.984154,-11.794919,12.412107,29.663868
464,93830,0.05,1,199,131.4,27.01,0.07301,75000,prioritized,0.6,1.0,0.401417,17.654518,0.995183,-11.541462,12.125754,29.292955
465,93938,0.05,-1,108,24.46,131.86,0.073342,75000,prioritized,0.6,1.0,0.401278,17.654518,0.992297,-11.990614,12.53578,29.924162
466,94034,0.05,-1,96,22.92,131.92,0.075474,75000,prioritized,0.6,1.0,0.401135,17.654518,0.988476,-12.262834,12.803304,30.319088
467,94171,0.05,1,137,131.71,26.32,0.072191,75000,prioritized,0.6,1.0,0.404907,17.654518,1.014673,-12.070454,12.789634,30.493856
468,94279,0.05,-1,108,27.06,131.86,0.085059,75000,prioritized,0.6,1.0,0.403868,17.654518,1.006707,-12.612142,13.159575,31.019009
469,94560,0.05,1,281,130.99,23.6,0.078652,75000,prioritized,0.6,1.0,0.403434,17.654518,1.00827,-12.764681,13.326838,31.174297
470,94860,0.05,,300,28.7,22.7,0.07815,75000,prioritized,0.6,1.0,0.403134,17.654518,1.007256,-12.499124,13.019608,30.852152
471,95018,0.05,-1,158,24.21,131.61,0.075598,75000,prioritized,0.6,1.0,0.400357,17.654518,0.985125,-12.578794,13.095307,30.753674
472,95135,0.05,1,117,131.81,24.02,0.081779,75000,prioritized,0.6,1.0,0.402748,17.654518,0.989223,-11.840702,12.470429,29.563692
473,95203,0.05,-1,68,23.86,132.06,0.076566,75000,prioritized,0.6,1.0,0.402788,17.654518,0.995115,-12.030496,12.578748,29.589838
474,95408,0.05,1,205,131.37,22.18,0.073782,75000,prioritized,0.6,1.0,0.399605,17.654518,0.977007,-12.096421,12.656025,29.789806
475,95572,0.05,-1,164,24.78,131.58,0.07337,75000,prioritized,0.6,1.0,0.398642,17.654518,0.969903,-11.825099,12.366584,29.361191
476,95770,0.05,-1,198,24.41,131.41,0.076103,75000,prioritized,0.6,1.0,0.40045,17.654518,0.976808,-12.097845,12.618699,29.590708
477,96013,0.05,1,243,131.18,23.79,0.07621,75000,prioritized,0.6,1.0,0.400793,17.654518,0.976239,-11.766603,12.31144,29.286762
478,96279,0.05,-1,266,21.47,131.07,0.069712,75000,prioritized,0.6,1.0,0.400314,17.654518,0.965614,-11.203962,11.776714,28.173943
479,96477,0.05,-1,198,24.01,131.41,0.071854,75000,prioritized,0.6,1.0,0.399776,17.654518,0.964676,-10.880867,11.43063,27.970331
480,96632,0.05,1,155,131.62,24.83,0.075526,75000,prioritized,0.6,1.0,0.40063,17.654518,0.965009,-11.011673,11.539936,27.940418
481,96807,0.05,1,175,131.52,26.53,0.072036,75000,prioritized,0.6,1.0,0.400721,17.654518,0.963635,-11.11358,11.683548,28.213591
482,96920,0.05,1,113,131.83,24.84,0.071993,75000,prioritized,0.6,1.0,0.402004,17.654518,0.975013,-11.242613,11.772673,28.271494
483,97220,0.05,,300,26.5,25.5,0.073371,75000,prioritized,0.6,1.0,0.4003,17.654518,0.972119,-11.140317,11.651443,28.504198
484,97433,0.05,1,213,131.33,25.94,0.070872,75000,prioritized,0.6,1.0,0.401562,17.654518,0.98761,-11.838021,12.359137,29.406279
485,97672,0.05,1,239,131.2,20.01,0.069357,75000,prioritized,0.6,1.0,0.399499,17.654518,0.973976,-11.557163,12.089151,28.999813
486,97972,0.05,-1,300,26.3,130.9,0.071441,75000,prioritized,0.6,1.0,0.4008,17.654518,0.983099,-11.371904,11.99122,28.821089
487,98214,0.05,-1,242,28.79,131.19,0.075499,75000,prioritized,0.6,1.0,0.402563,17.654518,0.979937,-11.358727,11.971127,28.866632
488,98426,0.05,-1,212,21.74,131.34,0.076125,75000,prioritized,0.6,1.0,0.403015,17.654518,0.97996,-11.386563,11.989663,28.834833
489,98542,0.05,-1,116,24.62,131.82,0.074051,75000,prioritized,0.6,1.0,0.403131,17.654518,0.974757,-11.364275,12.000501,28.800367
490,98639,0.05,1,97,131.91,24.72,0.067654,75000,prioritized,0.6,1.0,0.403041,17.654518,0.974826,-11.69616,12.249145,29.214987
491,98749,0.05,-1,110,23.05,131.85,0.073806,75000,prioritized,0.6,1.0,0.403398,17.654518,0.974106,-10.550681,11.181973,28.128325
492,98901,0.05,-1,152,24.64,131.64,0.073458,75000,prioritized,0.6,1.0,0.403892,17.654518,0.974233,-11.780899,12.350255,29.09531
493,99011,0.05,-1,110,23.85,131.85,0.068775,75000,prioritized,0.6,1.0,0.403046,17.654518,0.966967,-11.006679,11.528345,28.23435
494,99121,0.05,-1,110,29.25,131.85,0.071321,75000,prioritized,0.6,1.0,0.403334,17.654518,0.960089,-10.461729,11.019085,27.173252
495,99213,0.05,-1,92,23.34,131.94,0.079692,75000,prioritized,0.6,1.0,0.402648,17.654518,0.946674,-10.697016,11.405083,27.426485
496,99342,0.05,1,129,131.75,22.36,0.068366,75000,prioritized,0.6,1.0,0.403321,17.654518,0.957233,-10.375375,10.978319,27.111252
497,99437,0.05,1,95,131.92,23.93,0.07481,75000,prioritized,0.6,1.0,0.403208,17.654518,0.956921,-10.738438,11.396086,27.593273
498,99698,0.05,1,261,131.09,28.5,0.072213,75000,prioritized,0.6,1.0,0.402184,17.654518,0.956108,-10.332079,10.983545,27.115049
499,99833,0.05,1,135,131.72,21.93,0.068012,75000,prioritized,0.6,1.0,0.401731,17.654518,0.952813,-10.20546,10.793978,26.724962
500,99938,0.05,1,105,131.87,24.28,0.074316,75000,prioritized,0.6,1.0,0.401326,17.654518,0.942267,-10.272602,10.836088,26.795399
501,100030,0.05,-1,92,26.74,131.94,0.074852,75000,prioritized,0.6,1.0,0.404975,17.654518,0.971936,-10.393183,11.035095,27.296774
502,100330,0.05,,300,26.3,25.5,0.072288,75000,prioritized,0.6,1.0,0.404757,17.654518,0.959196,-10.891247,11.483629,27.966431
503,100408,0.05,-1,78,22.21,132.01,0.07423,75000,prioritized,0.6,1.0,0.406762,17.654518,0.973106,-10.855815,11.515134,28.207668
504,100620,0.05,-1,212,26.54,131.34,0.072706,75000,prioritized,0.6,1.0,0.408251,17.654518,0.976138,-10.87777,11.534313,27.986322
505,100871,0.05,1,251,131.14,25.95,0.070356,75000,prioritized,0.6,1.0,0.406951,17.654518,0.969272,-10.735812,11.336858,27.745535
506,100983,0.05,-1,112,26.44,131.84,0.080666,75000,prioritized,0.6,1.0,0.405374,17.654518,0.954343,-11.199376,11.778334,28.321896
507,101283,0.05,,300,25.5,24.3,0.073331,75000,prioritized,0.6,1.0,0.406725,17.654518,0.961289,-9.859694,10.478895,26.391088
508,101385,0.05,-1,102,24.49,131.89,0.068113,75000,prioritized,0.6,1.0,0.404169,17.654518,0.943509,-10.129931,10.759023,26.788534
509,101559,0.05,-1,174,26.53,131.53,0.074897,75000,prioritized,0.6,1.0,0.403362,17.654518,0.942476,-9.859001,10.592149,26.540087
510,101701,0.05,-1,142,26.49,131.69,0.070791,75000,prioritized,0.6,1.0,0.404658,17.654518,0.956909,-10.303967,10.965236,27.069098
511,101831,0.05,-1,130,24.35,131.75,0.063333,75000,prioritized,0.6,1.0,0.403145,17.654518,0.945341,-9.90884,10.605291,26.476294
512,101902,0.05,1,71,132.04,22.65,0.066448,75000,prioritized,0.6,1.0,0.402947,17.654518,0.94348,-9.978336,10.723944,26.491608
513,102038,0.05,-1,136,23.32,131.72,0.072133,75000,prioritized,0.6,1.0,0.40417,17.654518,0.947785,-9.616168,10.271134,26.150492
514,102150,0.05,-1,112,27.04,131.84,0.071025,75000,prioritized,0.6,1.0,0.405421,17.654518,0.952041,-10.127034,10.805425,26.767233
515,102238,0.05,-1,88,22.76,131.96,0.069836,75000,prioritized,0.6,1.0,0.404594,17.654518,0.938426,-10.452526,11.133512,27.029112
516,102350,0.05,-1,112,27.24,131.84,0.07323,75000,prioritized,0.6,1.0,0.406413,17.654518,0.943528,-9.808401,10.48849,26.370417
517,102476,0.05,-1,126,24.77,131.77,0.074553,75000,prioritized,0.6,1.0,0.407118,17.654518,0.944555,-10.183573,10.922212,26.727484
518,102563,0.05,1,87,131.96,27.37,0.065853,75000,prioritized,0.6,1.0,0.406966,17.654518,0.942861,-9.83878,10.539032,26.431044
519,102684,0.05,1,121,131.79,26.8,0.066954,75000,prioritized,0.6,1.0,0.408196,17.654518,0.953819,-9.965325,10.686764,26.455936
520,102767,0.05,1,83,131.98,22.19,0.081845,75000,prioritized,0.6,1.0,0.406824,17.654518,0.939447,-10.203502,10.884831,26.727818
521,102892,0.05,1,125,131.77,24.58,0.072289,75000,prioritized,0.6,1.0,0.407888,17.654518,0.948946,-10.055153,10.78236,26.672726
522,103068,0.05,-1,176,24.12,131.52,0.069423,75000,prioritized,0.6,1.0,0.410085,17.654518,0.959828,-10.044886,10.735795,26.638943
523,103195,0.05,1,127,131.76,24.17,0.082024,75000,prioritized,0.6,1.0,0.411258,17.654518,0.955743,-10.260534,10.979952,27.09425
524,103299,0.05,-1,104,25.08,131.88,0.082117,75000,prioritized,0.6,1.0,0.414466,17.654518,0.969205,-10.323763,11.165524,27.298019
525,103410,0.05,1,111,131.84,26.85,0.079433,75000,prioritized,0.6,1.0,0.412564,17.654518,0.949234,-10.501434,11.297323,27.376259
526,103524,0.05,-1,114,27.03,131.83,0.073864,75000,prioritized,0.6,1.0,0.414358,17.654518,0.965981,-9.734485,10.467672,26.379877
527,103683,0.05,1,159,131.6,27.01,0.07786,75000,prioritized,0.6,1.0,0.41301,17.654518,0.947318,-10.109702,10.848092,26.852278
528,103829,0.05,-1,146,25.07,131.67,0.079505,75000,prioritized,0.6,1.0,0.415732,17.654518,0.964242,-10.1757,10.977574,26.979883
529,104043,0.05,-1,214,24.13,131.33,0.081285,75000,prioritized,0.6,1.0,0.416994,18.076292,0.958121,-10.200145,10.927305,26.763306
530,104152,0.05,1,109,131.85,25.06,0.082051,75000,prioritized,0.6,1.0,0.418007,18.140032,0.963957,-10.518871,11.299212,27.563812
531,104236,0.05,-1,84,20.18,131.98,0.082987,75000,prioritized,0.6,1.0,0.418085,18.145149,0.957916,-9.654397,10.485491,26.480146
532,104341,0.05,1,105,131.87,22.28,0.078696,75000,prioritized,0.6,1.0,0.419388,18.145149,0.963358,-9.893118,10.686865,26.753345
533,104463,0.05,-1,122,21.99,131.79,0.080113,75000,prioritized,0.6,1.0,0.419713,18.145149,0.96078,-9.987173,10.845222,26.960749
534,104667,0.05,-1,204,19.38,131.38,0.079875,75000,prioritized,0.6,1.0,0.422232,18.145149,0.980197,-9.978628,10.665621,26.697964
535,104757,0.05,-1,90,23.95,131.95,0.070217,75000,prioritized,0.6,1.0,0.422938,18.145149,0.981191,-9.580219,10.455849,26.41778
536,104838,0.05,1,81,131.99,24.6,0.075855,75000,prioritized,0.6,1.0,0.421992,18.145149,0.969529,-9.985113,10.697159,26.820688
537,105011,0.05,1,173,131.53,24.14,0.075926,75000,prioritized,0.6,1.0,0.421247,18.145149,0.9543,-10.120932,10.840206,26.783493
538,105111,0.05,-1,100,26.9,131.9,0.07543,75000,prioritized,0.6,1.0,0.421232,18.145149,0.948378,-9.810401,10.618198,26.336834
539,105206,0.05,1,95,131.92,24.13,0.077559,75000,prioritized,0.6,1.0,0.424749,18.145149,0.977035,-10.059359,10.742761,26.815346
540,105506,0.05,,300,26.5,25.5,0.071926,75000,prioritized,0.6,1.0,0.42477,18.145149,0.972036,-9.312634,10.105153,25.802052
541,105664,0.05,-1,158,24.81,131.61,0.071886,75000,prioritized,0.6,1.0,0.423715,18.145149,0.958359,-9.820866,10.602818,26.355284
542,105765,0.05,1,101,131.89,24.9,0.079628,75000,prioritized,0.6,1.0,0.42304,18.145149,0.951314,-9.519236,10.313921,25.988243
543,105926,0.05,1,161,131.59,26.4,0.066797,75000,prioritized,0.6,1.0,0.423889,18.145149,0.958769,-9.597999,10.325974,25.991234
544,106079,0.05,1,153,131.63,26.84,0.076254,75000,prioritized,0.6,1.0,0.423646,18.145149,0.947271,-9.445974,10.241581,25.528988
545,106379,0.05,,300,27.5,26.5,0.075124,75000,prioritized,0.6,1.0,0.42287,18.145149,0.933622,-8.518057,9.370792,24.1127
546,106501,0.05,-1,122,26.79,131.79,0.071329,75000,prioritized,0.6,1.0,0.423977,18.145149,0.950295,-7.907935,8.744036,23.348061
547,106589,0.05,-1,88,18.76,131.96,0.074419,75000,prioritized,0.6,1.0,0.422246,18.145149,0.932704,-8.990688,9.716146,24.406601
548,106889,0.05,,300,27.7,26.5,0.073395,75000,prioritized,0.6,1.0,0.421472,18.145149,0.928652,-8.79685,9.617867,24.398428
549,107004,0.05,1,115,131.82,27.03,0.07141,75000,prioritized,0.6,1.0,0.421221,18.145149,0.928587,-8.057588,8.84646,23.055422
550,107216,0.05,-1,212,23.54,131.34,0.076543,75000,prioritized,0.6,1.0,0.422171,18.145149,0.91667,-8.772743,9.561699,24.280081
551,107307,0.05,1,91,131.94,22.55,0.06333,75000,prioritized,0.6,1.0,0.421591,18.145149,0.910619,-7.984844,8.748585,23.30023
552,107434,0.05,1,127,131.76,23.77,0.067396,75000,prioritized,0.6,1.0,0.423476,18.145149,0.931137,-8.102868,8.82719,23.15823
553,107535,0.05,1,101,131.89,21.7,0.079891,75000,prioritized,0.6,1.0,0.422823,18.145149,0.913584,-8.154623,9.037834,23.460981
554,107627,0.05,-1,92,26.34,131.94,0.070203,75000,prioritized,0.6,1.0,0.424361,18.145149,0.921672,-8.004385,8.868701,23.178995
555,107711,0.05,-1,84,24.98,131.98,0.068898,75000,prioritized,0.6,1.0,0.424162,18.145149,0.922356,-8.76055,9.554412,24.395218
556,107879,0.05,-1,168,20.96,131.56,0.070999,75000,prioritized,0.6,1.0,0.424273,18.145149,0.921184,-8.239354,9.090768,23.456491
557,107981,0.05,-1,102,22.29,131.89,0.071277,75000,prioritized,0.6,1.0,0.421793,18.145149,0.901303,-8.171935,9.036171,23.342314
558,108140,0.05,1,159,131.6,27.01,0.076705,75000,prioritized,0.6,1.0,0.425371,18.145149,0.918913,-8.270361,9.142311,23.566761
559,108230,0.05,-1,90,24.15,131.95,0.078734,75000,prioritized,0.6,1.0,0.427755,18.145149,0.934507,-8.514047,9.40587,24.030762
560,108327,0.05,1,97,131.91,27.52,0.072774,75000,prioritized,0.6,1.0,0.426575,18.145149,0.917324,-7.740588,8.632965,23.019859
561,108627,0.05,,300,27.7,26.5,0.073833,75000,prioritized,0.6,1.0,0.425443,18.145149,0.904977,-7.87468,8.775877,22.980268
562,108927,0.05,,300,26.5,27.7,0.069545,75000,prioritized,0.6,1.0,0.428539,18.145149,0.924055,-8.001335,8.934203,23.18836
563,109047,0.05,-1,120,24.4,131.8,0.069572,75000,prioritized,0.6,1.0,0.426126,18.145149,0.884987,-7.423843,8.380741,21.969904
564,109192,0.05,1,145,131.67,26.48,0.074758,75000,prioritized,0.6,1.0,0.426842,18.145149,0.887653,-6.462635,7.427485,20.369678
565,109293,0.05,1,101,131.89,24.3,0.06632,75000,prioritized,0.6,1.0,0.425497,18.145149,0.86472,-6.51802,7.418189,20.391012
566,109469,0.05,-1,176,23.32,131.52,0.066618,75000,prioritized,0.6,1.0,0.427426,18.145149,0.878874,-6.529872,7.488798,20.564497
567,109563,0.05,-1,94,29.73,131.93,0.076998,75000,prioritized,0.6,1.0,0.427584,18.145149,0.878326,-6.500134,7.476532,20.296442
568,109863,0.05,,300,23.3,26.5,0.069842,75000,prioritized,0.6,1.0,0.424874,18.145149,0.861125,-6.888019,7.841694,20.899853
569,110022,0.05,1,159,131.6,22.41,0.069844,75000,prioritized,0.6,1.0,0.425643,18.145149,0.871253,-6.278124,7.2417,20.035063
570,110205,0.05,1,183,131.48,25.89,0.068578,75000,prioritized,0.6,1.0,0.427478,18.145149,0.886986,-6.931671,7.938117,21.311052
571,110342,0.05,1,137,131.71,24.32,0.064574,75000,prioritized,0.6,1.0,0.427213,18.145149,0.883575,-6.94821,7.918286,21.245506
572,110456,0.05,-1,114,24.23,131.83,0.059353,75000,prioritized,0.6,1.0,0.425934,18.145149,0.876033,-6.561694,7.540668,20.843704
573,110580,0.05,-1,124,26.38,131.78,0.067862,75000,prioritized,0.6,1.0,0.424156,18.145149,0.862088,-6.719188,7.671983,20.939981
574,110678,0.05,-1,98,20.71,131.91,0.06291,75000,prioritized,0.6,1.0,0.423539,18.145149,0.85578,-6.547144,7.575035,20.872364
575,110905,0.05,1,227,131.26,25.87,0.07074,75000,prioritized,0.6,1.0,0.424069,18.145149,0.858156,-6.668961,7.648514,20.877779
576,111013,0.05,-1,108,24.66,131.86,0.074961,75000,prioritized,0.6,1.0,0.424573,18.145149,0.857811,-6.470351,7.465587,20.567507
577,111294,0.05,1,281,130.99,26.0,0.069002,75000,prioritized,0.6,1.0,0.426862,18.145149,0.855872,-6.306508,7.372479,20.375109
578,111418,0.05,-1,124,26.78,131.78,0.060626,75000,prioritized,0.6,1.0,0.426961,18.145149,0.857797,-6.043618,7.062787,19.988398
579,111502,0.05,-1,84,21.18,131.98,0.063017,75000,prioritized,0.6,1.0,0.425627,18.145149,0.845313,-5.836222,6.872985,19.480988
580,111802,0.05,,300,26.5,23.1,0.069592,75000,prioritized,0.6,1.0,0.428387,18.145149,0.866252,-6.248539,7.296122,20.144205
581,112024,0.05,-1,222,23.29,131.29,0.065102,75000,prioritized,0.6,1.0,0.427448,18.145149,0.847402,-5.65039,6.674024,19.044485
582,112127,0.05,1,103,131.88,26.69,0.066406,75000,prioritized,0.6,1.0,0.426827,18.145149,0.829107,-5.512341,6.588444,18.831934
583,112427,0.05,,300,24.3,25.5,0.06657,75000,prioritized,0.6,1.0,0.426991,18.145149,0.833066,-5.686406,6.846,19.31361
584,112727,0.05,,300,26.5,25.3,0.063706,75000,prioritized,0.6,1.0,0.425731,18.145149,0.828086,-5.080834,6.187808,18.062511
585,112855,0.05,-1,128,24.36,131.76,0.063985,75000,prioritized,0.6,1.0,0.426041,18.145149,0.834721,-5.18249,6.22019,18.147915
586,112956,0.05,1,101,131.89,27.1,0.066309,75000,prioritized,0.6,1.0,0.425546,18.145149,0.82755,-5.392941,6.444766,18.422594
587,113194,0.05,-1,238,25.61,131.21,0.066868,75000,prioritized,0.6,1.0,0.425637,18.145149,0.811888,-4.989281,6.172651,17.987286
588,113494,0.05,,300,21.1,28.7,0.063215,75000,prioritized,0.6,1.0,0.425749,18.145149,0.8092,-4.931812,6.173251,18.016678
589,113602,0.05,-1,108,24.26,131.86,0.060426,75000,prioritized,0.6,1.0,0.424708,18.145149,0.798072,-4.690534,5.811876,17.549006
590,113902,0.05,,300,25.3,28.3,0.06233,75000,prioritized,0.6,1.0,0.426739,18.145149,0.819484,-5.086424,6.238058,18.158442
591,114008,0.05,-1,106,22.67,131.87,0.068088,75000,prioritized,0.6,1.0,0.424794,18.145149,0.793786,-4.569282,5.863356,17.182159
592,114199,0.05,1,191,131.44,26.45,0.064992,75000,prioritized,0.6,1.0,0.426548,18.145149,0.807417,-4.311315,5.532316,16.680716
593,114291,0.05,-1,92,22.94,131.94,0.063671,75000,prioritized,0.6,1.0,0.425297,18.145149,0.793292,-4.17474,5.369388,16.157167
594,114521,0.05,-1,230,24.25,131.25,0.058755,75000,prioritized,0.6,1.0,0.423035,18.145149,0.782953,-4.231868,5.471813,16.468729
595,114620,0.05,1,99,131.9,27.11,0.058132,75000,prioritized,0.6,1.0,0.422711,18.145149,0.790993,-3.951868,5.056224,16.029657
596,114724,0.05,-1,104,29.68,131.88,0.053004,75000,prioritized,0.6,1.0,0.421689,18.145149,0.783576,-4.06144,5.309558,16.159203
597,114921,0.05,1,197,131.41,26.22,0.063143,75000,prioritized,0.6,1.0,0.422181,18.145149,0.784557,-4.154946,5.533139,16.408571
598,115221,0.05,,300,26.5,25.3,0.065519,75000,prioritized,0.6,1.0,0.42677,18.145149,0.813937,-4.250729,5.529682,16.805037
599,115299,0.05,-1,78,27.41,132.01,0.062528,75000,prioritized,0.6,1.0,0.426638,18.145149,0.810579,-4.284461,5.581329,17.224047
600,115446,0.05,1,147,131.66,23.87,0.064384,75000,prioritized,0.6,1.0,0.427173,18.145149,0.808172,-4.39007,5.716081,17.20834
601,115559,0.05,1,113,131.83,27.24,0.061105,75000,prioritized,0.6,1.0,0.426702,18.145149,0.803243,-4.214334,5.562688,16.731888
602,115664,0.05,1,105,131.87,26.48,0.057216,75000,prioritized,0.6,1.0,0.42643,18.145149,0.797298,-3.884912,5.351233,16.314932
603,115778,0.05,-1,114,22.43,131.83,0.059913,75000,prioritized,0.6,1.0,0.42805,18.145149,0.819833,-4.469004,5.812881,17.579973
604,116078,0.05,,300,25.1,26.5,0.064849,75000,prioritized,0.6,1.0,0.426092,18.145149,0.788415,-4.218431,5.557098,16.88098
605,116378,0.05,,300,26.3,27.3,0.056728,75000,prioritized,0.6,1.0,0.426724,18.145149,0.790225,-3.689326,5.206639,15.854568
606,116603,0.05,1,225,131.27,23.68,0.061929,75000,prioritized,0.6,1.0,0.426239,18.145149,0.787337,-3.692616,5.228867,15.784371
607,116709,0.05,-1,106,26.67,131.87,0.069508,75000,prioritized,0.6,1.0,0.426313,18.145149,0.777349,-3.56688,5.123312,15.797986
608,116814,0.05,1,105,131.87,24.28,0.05483,75000,prioritized,0.6,1.0,0.425798,18.145149,0.776174,-3.628547,5.073097,15.583695
609,117114,0.05,,300,25.3,28.7,0.059711,75000,prioritized,0.6,1.0,0.428143,18.145149,0.783822,-3.480378,5.011356,15.533937
610,117203,0.05,1,89,131.95,20.36,0.061867,75000,prioritized,0.6,1.0,0.428283,18.145149,0.776514,-3.210574,4.9145,14.926457
611,117390,0.05,1,187,131.46,22.07,0.058371,75000,prioritized,0.6,1.0,0.427439,18.145149,0.754705,-3.162496,4.838758,15.172669
612,117496,0.05,-1,106,22.27,131.87,0.056961,75000,prioritized,0.6,1.0,0.429407,18.145149,0.771985,-2.763617,4.44427,13.994698
613,117579,0.05,1,83,131.98,23.79,0.061399,75000,prioritized,0.6,1.0,0.430475,18.145149,0.784041,-3.072046,4.778835,15.057
614,117745,0.05,-1,166,23.97,131.57,0.059941,75000,prioritized,0.6,1.0,0.429241,18.145149,0.766484,-3.21391,4.892333,15.169019
615,117825,0.05,-1,80,24.8,132.0,0.057269,75000,prioritized,0.6,1.0,0.429424,18.145149,0.765275,-3.456468,4.996274,15.49411
616,118081,0.05,-1,256,19.52,131.12,0.06599,75000,prioritized,0.6,1.0,0.433151,18.145149,0.772428,-2.948097,4.671321,14.654238
617,118162,0.05,1,81,131.99,24.4,0.063299,75000,prioritized,0.6,1.0,0.433967,18.145149,0.77273,-2.531102,4.453012,13.841074
618,118313,0.05,1,151,131.64,24.05,0.062652,75000,prioritized,0.6,1.0,0.434235,18.145149,0.778443,-2.769422,4.708857,14.445235
619,118459,0.05,-1,146,26.67,131.67,0.058677,75000,prioritized,0.6,1.0,0.43294,18.145149,0.765644,-2.832167,4.710022,14.708691
620,118552,0.05,1,93,131.93,23.54,0.064222,75000,prioritized,0.6,1.0,0.432918,18.145149,0.770387,-3.13545,4.932361,15.090207
621,118649,0.05,1,97,131.91,22.52,0.063234,75000,prioritized,0.6,1.0,0.429591,18.145149,0.742591,-2.467438,4.289537,13.722609
622,118769,0.05,-1,120,25.0,131.8,0.064239,75000,prioritized,0.6,1.0,0.430882,18.145149,0.756206,-3.01155,4.818755,14.871403
623,119069,0.05,,300,26.5,25.1,0.058681,75000,prioritized,0.6,1.0,0.430936,18.145149,0.759831,-2.698514,4.51689,14.141481
624,119166,0.05,1,97,131.91,23.12,0.067526,75000,prioritized,0.6,1.0,0.430626,18.145149,0.75581,-2.784339,4.679166,14.907398
625,119269,0.05,1,103,131.88,25.09,0.061005,75000,prioritized,0.6,1.0,0.433084,18.145149,0.780529,-2.434013,4.570671,14.419695
626,119494,0.05,1,225,131.27,26.28,0.059444,75000,prioritized,0.6,1.0,0.432476,18.145149,0.748413,-2.490512,4.473791,14.257546
627,119628,0.05,-1,134,26.73,131.73,0.05654,75000,prioritized,0.6,1.0,0.43191,18.145149,0.749879,-2.457674,4.363211,14.069083
628,119899,0.05,1,271,131.04,23.85,0.058339,75000,prioritized,0.6,1.0,0.433051,18.145149,0.772281,-2.539986,4.549955,14.540815
629,120002,0.05,1,103,131.88,29.49,0.060333,75000,prioritized,0.6,1.0,0.429614,18.145149,0.740061,-2.743373,4.730045,14.727077
630,120302,0.05,,300,26.5,25.3,0.056427,75000,prioritized,0.6,1.0,0.432964,18.145149,0.762408,-2.277891,4.307333,13.932309
631,120462,0.05,-1,160,26.2,131.6,0.054526,75000,prioritized,0.6,1.0,0.432206,18.145149,0.758098,-2.131525,4.166254,13.468295
632,120548,0.05,-1,86,26.37,131.97,0.053215,75000,prioritized,0.6,1.0,0.432859,18.145149,0.766955,-2.294011,4.390792,13.884714
633,120642,0.05,-1,94,27.53,131.93,0.058944,75000,prioritized,0.6,1.0,0.42997,18.145149,0.73328,-2.36008,4.473552,14.08364
634,120855,0.05,1,213,131.33,26.14,0.056673,75000,prioritized,0.6,1.0,0.431945,18.145149,0.745716,-2.217881,4.273944,13.78316
635,120957,0.05,-1,102,23.69,131.89,0.060325,75000,prioritized,0.6,1.0,0.433931,18.145149,0.769792,-2.323105,4.2888,13.884497
636,121257,0.05,,300,28.7,27.5,0.061074,75000,prioritized,0.6,1.0,0.431589,18.145149,0.743344,-1.928979,4.165531,13.391057
637,121557,0.05,,300,27.7,25.9,0.060289,75000,prioritized,0.6,1.0,0.431501,18.145149,0.740418,-1.832544,4.051483,12.944862
638,121857,0.05,,300,28.7,25.3,0.053691,75000,prioritized,0.6,1.0,0.428167,18.145149,0.728215,-1.759455,3.866776,12.658215
639,121952,0.05,1,95,131.92,29.13,0.05228,75000,prioritized,0.6,1.0,0.429391,18.145149,0.737858,-1.636721,3.804366,12.567957
640,122091,0.05,1,139,131.7,19.11,0.05732,75000,prioritized,0.6,1.0,0.429446,18.145149,0.737354,-1.900644,3.953121,12.964966
641,122391,0.05,,300,23.3,28.7,0.055721,75000,prioritized,0.6,1.0,0.429584,18.145149,0.729708,-1.765145,3.900759,12.79149
642,122545,0.05,-1,154,28.43,131.63,0.061706,75000,prioritized,0.6,1.0,0.429046,18.145149,0.735489,-1.675135,3.712044,12.349891
643,122845,0.05,,300,23.3,26.5,0.057664,75000,prioritized,0.6,1.0,0.425651,18.145149,0.706242,-1.638742,3.738663,12.444237
644,122936,0.05,1,91,131.94,21.75,0.051873,75000,prioritized,0.6,1.0,0.427459,18.145149,0.736087,-1.737587,3.567686,12.166978
645,123026,0.05,-1,90,24.15,131.95,0.055279,75000,prioritized,0.6,1.0,0.428904,18.145149,0.735739,-1.597616,3.739414,12.420738
646,123251,0.05,1,225,131.27,21.88,0.065536,75000,prioritized,0.6,1.0,0.435284,18.145149,0.751915,-1.756652,4.184652,13.705656
647,123355,0.05,-1,104,21.68,131.88,0.064208,75000,prioritized,0.6,1.0,0.437734,18.145149,0.769092,-1.724898,4.052608,13.333372
648,123524,0.05,1,169,131.55,24.16,0.060357,75000,prioritized,0.6,1.0,0.436917,18.145149,0.751158,-1.80207,4.168924,13.669705
649,123824,0.05,,300,26.5,25.5,0.059549,75000,prioritized,0.6,1.0,0.436356,18.145149,0.755465,-1.755448,4.249435,13.636136
650,124124,0.05,,300,28.5,24.9,0.062401,75000,prioritized,0.6,1.0,0.437387,18.145149,0.728622,-1.569393,4.040732,13.299393
651,124424,0.05,,300,25.3,26.5,0.061589,75000,prioritized,0.6,1.0,0.440257,18.145149,0.751445,-1.315026,3.91386,12.577843
652,124543,0.05,1,119,131.8,25.81,0.060092,75000,prioritized,0.6,1.0,0.437797,18.145149,0.732664,-1.239954,4.026853,12.868282
653,124651,0.05,-1,108,26.26,131.86,0.059625,75000,prioritized,0.6,1.0,0.438444,18.145149,0.748921,-1.568658,4.037677,13.274273
654,124785,0.05,-1,134,24.73,131.73,0.062877,75000,prioritized,0.6,1.0,0.437939,18.145149,0.744175,-1.27303,3.906412,12.731437
655,125085,0.05,,300,27.7,28.5,0.059621,75000,prioritized,0.6,1.0,0.440293,18.145149,0.743659,-1.205136,3.775551,12.224895
656,125221,0.05,-1,136,22.12,131.72,0.063932,75000,prioritized,0.6,1.0,0.439505,18.145149,0.732294,-1.16043,3.951437,12.420796
657,125466,0.05,1,245,131.17,23.78,0.058894,75000,prioritized,0.6,1.0,0.44023,18.145149,0.72925,-0.951874,3.763324,11.962313
658,125685,0.05,1,219,131.3,26.91,0.057654,75000,prioritized,0.6,1.0,0.440023,18.145149,0.731148,-0.869185,3.646905,11.663045
659,125985,0.05,,300,26.5,27.5,0.059066,75000,prioritized,0.6,1.0,0.439139,18.145149,0.729207,-0.85952,3.708263,11.875126
660,126088,0.05,1,103,131.88,22.09,0.05966,75000,prioritized,0.6,1.0,0.441672,18.145149,0.74275,-1.010852,3.867476,12.403187
661,126331,0.05,1,243,131.18,23.19,0.059602,75000,prioritized,0.6,1.0,0.441335,18.145149,0.723274,-0.826761,3.809433,12.302236
662,126631,0.05,,300,23.1,28.7,0.059403,75000,prioritized,0.6,1.0,0.44375,18.145149,0.738188,-0.923408,3.745517,12.203561
663,126747,0.05,-1,116,21.62,131.82,0.057167,75000,prioritized,0.6,1.0,0.442842,18.145149,0.724927,-0.447484,3.453974,11.211663
664,127047,0.05,,300,25.5,28.5,0.057672,75000,prioritized,0.6,1.0,0.44468,18.145149,0.752242,-1.030668,3.75307,12.067407
665,127146,0.05,1,99,131.9,26.51,0.058421,75000,prioritized,0.6,1.0,0.443631,18.145149,0.743454,-0.654187,3.403169,11.033578
666,127267,0.05,1,121,131.79,26.2,0.056158,75000,prioritized,0.6,1.0,0.442361,18.145149,0.741628,-0.858807,3.480965,11.426939
667,127567,0.05,,300,25.3,26.5,0.058833,75000,prioritized,0.6,1.0,0.43794,18.145149,0.720082,-0.894078,3.654823,11.829285
668,127766,0.05,1,199,131.4,26.81,0.059646,75000,prioritized,0.6,1.0,0.437676,18.145149,0.732713,-1.077442,3.587552,12.001885
669,128034,0.05,-1,268,28.86,131.06,0.055485,75000,prioritized,0.6,1.0,0.435333,18.145149,0.714792,-0.76071,3.588184,11.66196
670,128302,0.05,-1,268,28.06,131.06,0.058511,75000,prioritized,0.6,1.0,0.437837,18.145149,0.739729,-0.971412,3.624264,11.938802
671,128399,0.05,1,97,131.91,26.52,0.066218,75000,prioritized,0.6,1.0,0.436176,18.145149,0.722735,-0.904937,3.686924,11.904941
672,128699,0.05,,300,26.3,24.1,0.053201,75000,prioritized,0.6,1.0,0.433922,18.145149,0.722115,-0.848366,3.561784,11.759783
673,128999,0.05,,300,27.7,26.5,0.056544,75000,prioritized,0.6,1.0,0.43122,18.145149,0.70658,-0.963748,3.596525,11.962388
674,129227,0.05,-1,228,23.86,131.26,0.061898,75000,prioritized,0.6,1.0,0.43284,18.145149,0.712907,-0.482721,3.427488,11.451426
675,129392,0.05,1,165,131.57,26.58,0.05785,75000,prioritized,0.6,1.0,0.433721,18.145149,0.726573,-0.583733,3.707965,12.026559
676,129692,0.05,,300,25.5,28.7,0.056979,75000,prioritized,0.6,1.0,0.434114,18.145149,0.740459,-0.570064,3.54674,11.545806
677,129991,0.05,1,299,130.9,25.71,0.054757,75000,prioritized,0.6,1.0,0.430943,18.145149,0.71227,-0.592473,3.526162,11.600853
678,130136,0.05,1,145,131.67,26.08,0.065343,75000,prioritized,0.6,1.0,0.432688,18.145149,0.715827,-0.461465,3.606046,11.590419
679,130224,0.05,-1,88,22.96,131.96,0.056166,75000,prioritized,0.6,1.0,0.433611,18.145149,0.722388,-0.457576,3.482987,11.154388
680,130318,0.05,-1,94,26.53,131.93,0.063441,75000,prioritized,0.6,1.0,0.432894,18.145149,0.717409,-0.852428,3.653694,11.721628
681,130618,0.05,,300,22.9,28.7,0.056625,75000,prioritized,0.6,1.0,0.432263,18.145149,0.720686,-0.398989,3.319198,10.847985
682,130903,0.05,1,285,130.97,28.78,0.052044,75000,prioritized,0.6,1.0,0.430647,18.145149,0.712111,-0.405179,3.263508,10.735833
683,131015,0.05,-1,112,26.84,131.84,0.056826,75000,prioritized,0.6,1.0,0.430422,18.145149,0.702296,-0.411735,3.280848,10.920346
684,131145,0.05,-1,130,24.95,131.75,0.052274,75000,prioritized,0.6,1.0,0.431316,18.145149,0.714428,-0.380025,3.326101,10.956611
685,131445,0.05,,300,26.1,25.9,0.058548,75000,prioritized,0.6,1.0,0.432777,18.145149,0.708204,-0.490442,3.408031,10.989569
686,131642,0.05,1,197,131.41,26.22,0.057653,75000,prioritized,0.6,1.0,0.432257,18.145149,0.715803,-0.637655,3.5762,11.547427
687,131942,0.05,,300,25.5,28.7,0.054374,75000,prioritized,0.6,1.0,0.428358,18.145149,0.693322,-0.48256,3.384098,11.123054
688,132242,0.05,,300,25.5,26.3,0.062469,75000,prioritized,0.6,1.0,0.434852,18.145149,0.724886,-0.742359,3.675701,11.917874
689,132542,0.05,,300,23.1,26.5,0.057675,75000,prioritized,0.6,1.0,0.436523,18.145149,0.72826,-0.615887,3.484253,11.250744
690,132641,0.05,1,99,131.9,21.91,0.063836,75000,prioritized,0.6,1.0,0.435308,18.145149,0.70656,-0.582683,3.473213,11.293717
691,132941,0.05,,300,26.5,25.5,0.05503,75000,prioritized,0.6,1.0,0.434061,18.145149,0.711107,-0.593645,3.451038,11.368903
692,133241,0.05,,300,26.5,25.3,0.063086,75000,prioritized,0.6,1.0,0.439557,18.145149,0.731325,-0.284758,3.761709,12.094922
693,133441,0.05,-1,200,20.6,131.4,0.058719,75000,prioritized,0.6,1.0,0.439391,18.145149,0.724707,-0.189068,3.618622,11.54173
694,133531,0.05,-1,90,29.55,131.95,0.061873,75000,prioritized,0.6,1.0,0.440278,18.145149,0.737265,-0.061293,3.5181,11.493401
695,133831,0.05,,300,25.3,26.5,0.058759,75000,prioritized,0.6,1.0,0.43924,18.145149,0.720833,-0.25961,3.65135,11.818985
696,133993,0.05,-1,162,25.99,131.59,0.056817,75000,prioritized,0.6,1.0,0.437932,18.145149,0.712716,-0.020434,3.427101,11.06741
697,134077,0.05,-1,84,21.38,131.98,0.062315,75000,prioritized,0.6,1.0,0.438671,18.145149,0.705661,-0.216639,3.401798,10.679774
698,134377,0.05,,300,27.7,24.3,0.062306,75000,prioritized,0.6,1.0,0.437766,18.145149,0.710512,-0.211717,3.246412,10.430285
699,134677,0.05,,300,25.5,26.5,0.056354,75000,prioritized,0.6,1.0,0.434069,18.145149,0.695071,-0.182414,3.186546,10.230644
700,134778,0.05,1,101,131.89,29.5,0.060568,75000,prioritized,0.6,1.0,0.434416,18.145149,0.706052,-0.323131,3.308911,10.724325
701,134992,0.05,-1,214,29.13,131.33,0.0555,75000,prioritized,0.6,1.0,0.432915,18.145149,0.705451,-0.126205,3.108659,10.023371
702,135292,0.05,,300,28.5,25.3,0.058972,75000,prioritized,0.6,1.0,0.436441,18.145149,0.721766,-0.120314,3.414547,10.744227
703,135592,0.05,,300,23.1,26.3,0.057625,75000,prioritized,0.6,1.0,0.434844,18.145149,0.722263,-0.093967,3.326364,10.57738
704,135696,0.05,-1,104,29.08,131.88,0.056928,75000,prioritized,0.6,1.0,0.433689,18.145149,0.704883,-0.178345,3.167466,10.302021
705,135996,0.05,,300,25.5,28.5,0.0532,75000,prioritized,0.6,1.0,0.430533,18.145149,0.712441,-0.121296,3.221006,10.38413
706,136095,0.05,1,99,131.9,23.31,0.064712,75000,prioritized,0.6,1.0,0.433953,18.145149,0.715094,-0.345581,3.559123,11.318323
707,136395,0.05,,300,28.7,23.1,0.065427,75000,prioritized,0.6,1.0,0.438142,18.145149,0.710103,-0.217243,3.511642,10.99145
708,136477,0.05,-1,82,24.79,131.99,0.060176,75000,prioritized,0.6,1.0,0.437752,18.145149,0.701215,-0.420999,3.55119,11.430494
709,136777,0.05,,300,27.7,28.7,0.061324,75000,prioritized,0.6,1.0,0.439131,18.145149,0.717027,-0.291283,3.367549,10.784664
710,136910,0.05,1,133,131.73,24.34,0.053471,75000,prioritized,0.6,1.0,0.44048,18.145149,0.730407,-0.173338,3.215361,10.39609
711,137078,0.05,-1,168,26.76,131.56,0.061214,75000,prioritized,0.6,1.0,0.440921,18.145149,0.728101,-0.116247,3.275234,10.466542
712,137154,0.05,-1,76,22.62,132.02,0.06328,75000,prioritized,0.6,1.0,0.439189,18.145149,0.707351,-0.027486,3.35616,10.507796
713,137454,0.05,,300,26.5,23.3,0.060675,75000,prioritized,0.6,1.0,0.437853,18.145149,0.701154,-0.257715,3.276837,10.44851
714,137754,0.05,,300,23.1,26.5,0.053377,75000,prioritized,0.6,1.0,0.435764,18.145149,0.70269,-0.150624,3.152961,10.018969
715,137989,0.05,1,235,131.22,28.43,0.055955,75000,prioritized,0.6,1.0,0.43349,18.145149,0.700837,-0.206034,3.049389,9.905595
716,138148,0.05,1,159,131.6,24.41,0.056119,75000,prioritized,0.6,1.0,0.43041,18.145149,0.668338,-0.369186,2.854708,9.371636
717,138448,0.05,,300,27.7,28.7,0.054281,75000,prioritized,0.6,1.0,0.426622,18.145149,0.671064,-0.513571,2.664486,8.854452
718,138639,0.05,1,191,131.44,26.25,0.054451,75000,prioritized,0.6,1.0,0.424252,18.145149,0.665214,-0.458279,2.78586,9.263204
719,138939,0.05,,300,25.3,26.5,0.047298,75000,prioritized,0.6,1.0,0.421953,18.145149,0.653285,-0.283355,2.665428,8.888821
720,139239,0.05,,300,23.1,26.5,0.054915,75000,prioritized,0.6,1.0,0.421724,18.145149,0.667956,-0.585748,2.939733,9.868746
721,139369,0.05,-1,130,27.15,131.75,0.056607,75000,prioritized,0.6,1.0,0.419669,18.145149,0.644172,-0.361978,2.904609,9.773014
722,139669,0.05,,300,28.5,22.7,0.047221,75000,prioritized,0.6,1.0,0.41945,18.145149,0.663882,-0.426352,2.783259,9.420886
723,139960,0.05,1,291,130.94,27.75,0.051228,75000,prioritized,0.6,1.0,0.419017,18.145149,0.659654,-0.506132,2.761736,9.494103
724,140260,0.05,,300,27.7,28.7,0.054785,75000,prioritized,0.6,1.0,0.425882,18.145149,0.711195,-0.226129,2.801497,9.37463
725,140560,0.05,,300,27.7,28.7,0.057519,75000,prioritized,0.6,1.0,0.423962,18.145149,0.692875,-0.229355,2.875984,9.350074
726,140860,0.05,,300,25.5,26.3,0.050934,75000,prioritized,0.6,1.0,0.420729,18.145149,0.662059,-0.229309,2.773646,9.22391
727,140947,0.05,1,87,131.96,26.57,0.050561,75000,prioritized,0.6,1.0,0.420076,18.145149,0.663258,-0.121455,2.898156,9.408388
728,141247,0.05,,300,26.1,23.5,0.051914,75000,prioritized,0.6,1.0,0.422755,18.145149,0.669217,0.108959,2.725385,8.849002
729,141547,0.05,,300,25.3,26.5,0.056445,75000,prioritized,0.6,1.0,0.424171,18.145149,0.672329,0.093599,2.869624,9.044731
730,141847,0.05,,300,25.5,26.5,0.049492,75000,prioritized,0.6,1.0,0.422655,18.145149,0.674857,-0.013318,2.777422,9.027832
731,142147,0.05,,300,26.5,25.5,0.052975,75000,prioritized,0.6,1.0,0.423068,18.145149,0.667375,0.09007,2.701893,8.639013
732,142447,0.05,,300,26.3,25.5,0.051368,75000,prioritized,0.6,1.0,0.420825,18.145149,0.657627,0.03927,2.565013,8.394028
733,142747,0.05,,300,27.7,28.7,0.050384,75000,prioritized,0.6,1.0,0.422956,18.145149,0.671065,-0.158392,2.620498,8.606625
734,143047,0.05,,300,18.7,26.5,0.049548,75000,prioritized,0.6,1.0,0.42365,18.145149,0.672218,-0.053213,2.647766,8.649257
735,143347,0.05,,300,26.5,23.1,0.0508,75000,prioritized,0.6,1.0,0.422141,18.145149,0.646371,0.007679,2.540559,8.171136
736,143475,0.05,-1,128,23.96,131.76,0.04368,75000,prioritized,0.6,1.0,0.420503,18.145149,0.642543,0.008936,2.49047,8.048327
737,143775,0.05,,300,25.5,26.5,0.05044,75000,prioritized,0.6,1.0,0.418685,18.145149,0.639635,-0.025108,2.604411,8.52508
738,144075,0.05,,300,26.3,21.1,0.053845,75000,prioritized,0.6,1.0,0.41942,18.145149,0.63354,-0.1262,2.452113,8.032648
739,144375,0.05,,300,26.3,23.1,0.049248,75000,prioritized,0.6,1.0,0.420735,18.145149,0.6569,-0.005221,2.424532,7.755783
740,144629,0.05,-1,254,23.33,131.13,0.048194,75000,prioritized,0.6,1.0,0.417736,18.145149,0.624679,-0.26371,2.427678,8.052779
741,144929,0.05,,300,27.7,26.5,0.048688,75000,prioritized,0.6,1.0,0.420756,18.145149,0.67304,-0.053148,2.392581,7.8641
742,145229,0.05,,300,28.3,27.7,0.048881,75000,prioritized,0.6,1.0,0.417531,18.145149,0.639489,0.002242,2.333065,7.600692
743,145529,0.05,,300,28.5,23.3,0.051441,75000,prioritized,0.6,1.0,0.41323,18.145149,0.624133,-0.073758,2.301757,7.638616
744,145829,0.05,,300,22.9,28.7,0.047571,75000,prioritized,0.6,1.0,0.413712,18.145149,0.634799,-0.060729,2.343145,7.783497
745,145914,0.05,1,85,131.97,19.98,0.045235,75000,prioritized,0.6,1.0,0.413757,18.145149,0.643175,-0.047262,2.236182,7.156044
746,146214,0.05,,300,26.1,25.5,0.047145,75000,prioritized,0.6,1.0,0.411408,18.145149,0.644526,-0.113614,2.346465,7.842577
747,146323,0.05,1,109,131.85,26.86,0.047431,75000,prioritized,0.6,1.0,0.411986,18.145149,0.645483,-0.157827,2.351762,8.120925
748,146528,0.05,1,205,131.37,26.18,0.046945,75000,prioritized,0.6,1.0,0.409788,18.145149,0.630121,-0.155551,2.472842,8.333144
749,146694,0.05,-1,166,23.97,131.57,0.044155,75000,prioritized,0.6,1.0,0.408804,18.145149,0.639913,-0.022324,2.3074,7.577401
750,146994,0.05,,300,26.5,27.7,0.045229,75000,prioritized,0.6,1.0,0.406969,18.145149,0.623379,-0.093154,2.300079,7.724294
751,147294,0.05,,300,27.5,24.3,0.045962,75000,prioritized,0.6,1.0,0.406428,18.145149,0.629953,-0.167703,2.261757,7.60563
752,147594,0.05,,300,23.3,25.5,0.047665,75000,prioritized,0.6,1.0,0.403203,18.145149,0.613539,-0.219184,2.201241,7.492807
753,147871,0.05,1,277,131.01,23.02,0.039983,75000,prioritized,0.6,1.0,0.401263,18.145149,0.604154,-0.108965,2.175632,7.519538
754,148171,0.05,,300,25.5,24.1,0.047785,75000,prioritized,0.6,1.0,0.403089,18.145149,0.624905,-0.068573,2.21598,7.402926
755,148471,0.05,,300,25.3,28.7,0.043515,75000,prioritized,0.6,1.0,0.399076,18.145149,0.596164,-0.051799,2.291481,7.592645
756,148771,0.05,,300,25.5,28.5,0.044016,75000,prioritized,0.6,1.0,0.395683,18.145149,0.587071,0.068363,2.052701,6.788526
757,149011,0.05,-1,240,22.4,131.2,0.040758,75000,prioritized,0.6,1.0,0.396809,18.145149,0.625812,-0.119635,2.037955,7.140637
758,149311,0.05,,300,26.5,25.5,0.045333,75000,prioritized,0.6,1.0,0.399395,18.145149,0.631691,-0.115812,2.151524,7.236005
759,149611,0.05,,300,28.5,27.7,0.044708,75000,prioritized,0.6,1.0,0.394724,18.145149,0.592482,-0.179707,2.101189,7.194108
760,149690,0.05,1,79,132.0,27.01,0.04406,75000,prioritized,0.6,1.0,0.395396,18.145149,0.590105,-0.02783,2.130172,7.319981
761,149990,0.05,,300,26.3,23.3,0.045212,75000,prioritized,0.6,1.0,0.395532,18.145149,0.596721,-0.210155,2.032049,6.880264
762,150128,0.05,-1,138,24.51,131.71,0.042755,75000,prioritized,0.6,1.0,0.396748,18.145149,0.609738,-0.216871,2.07289,6.900067
763,150428,0.05,,300,25.1,28.7,0.044614,75000,prioritized,0.6,1.0,0.395061,18.145149,0.61061,-0.356367,2.056854,7.104617
764,150520,0.05,-1,92,22.94,131.94,0.040427,75000,prioritized,0.6,1.0,0.39411,18.145149,0.604572,-0.109209,1.942574,6.278414
765,150820,0.05,,300,28.5,27.5,0.040014,75000,prioritized,0.6,1.0,0.391453,18.145149,0.573547,-0.261955,2.017644,6.902923
766,151120,0.05,,300,24.1,25.5,0.046222,75000,prioritized,0.6,1.0,0.395364,18.145149,0.609205,-0.218935,2.057231,6.964447
767,151420,0.05,,300,26.3,27.7,0.043231,75000,prioritized,0.6,1.0,0.398255,18.145149,0.6203,-0.013434,2.11063,7.082919
768,151720,0.05,,300,26.3,25.5,0.043417,75000,prioritized,0.6,1.0,0.396388,18.145149,0.615667,-0.15611,2.101851,7.100849
769,152020,0.05,,300,25.3,25.7,0.040498,75000,prioritized,0.6,1.0,0.39307,18.145149,0.57913,-0.166091,1.999136,7.01315
770,152320,0.05,,300,28.7,25.5,0.040526,75000,prioritized,0.6,1.0,0.394143,18.145149,0.588919,-0.060498,1.986518,6.765435
771,152499,0.05,1,179,131.5,24.51,0.040568,75000,prioritized,0.6,1.0,0.391604,18.145149,0.573966,-0.184602,1.957232,6.851566
772,152629,0.05,-1,130,26.35,131.75,0.044068,75000,prioritized,0.6,1.0,0.39311,18.145149,0.58358,-0.113635,2.083795,7.472127
773,152746,0.05,1,117,131.81,22.02,0.041269,75000,prioritized,0.6,1.0,0.393218,18.145149,0.591009,-0.207344,1.99738,6.909633
774,153046,0.05,,300,27.5,24.3,0.044723,75000,prioritized,0.6,1.0,0.393912,18.145149,0.608445,-0.242338,2.102122,7.35762
775,153346,0.05,,300,26.1,27.7,0.043981,75000,prioritized,0.6,1.0,0.392456,18.145149,0.583288,-0.272388,2.047649,7.135411
776,153646,0.05,,300,25.5,28.7,0.04286,75000,prioritized,0.6,1.0,0.391911,18.145149,0.590212,-0.249512,1.977463,6.667082
777,153946,0.05,,300,25.5,25.5,0.041854,75000,prioritized,0.6,1.0,0.388955,18.145149,0.586299,-0.315419,1.990989,6.984271
778,154065,0.05,1,119,131.8,24.61,0.043993,75000,prioritized,0.6,1.0,0.389265,18.145149,0.586179,-0.088055,1.932972,6.426095
779,154365,0.05,,300,24.3,25.3,0.045359,75000,prioritized,0.6,1.0,0.390605,18.145149,0.594945,-0.340432,2.008588,7.109008
780,154665,0.05,,300,26.5,24.9,0.041962,75000,prioritized,0.6,1.0,0.390044,18.145149,0.598579,-0.272242,2.042142,7.141919
781,154754,0.05,1,89,131.95,23.96,0.044731,75000,prioritized,0.6,1.0,0.387584,18.145149,0.577161,-0.195418,2.048368,6.998643
782,155054,0.05,,300,25.5,24.1,0.037286,75000,prioritized,0.6,1.0,0.384308,18.145149,0.554505,-0.151222,1.871418,6.580483
783,155354,0.05,,300,27.7,28.5,0.045714,75000,prioritized,0.6,1.0,0.387101,18.145149,0.597993,-0.123322,1.902243,6.592097
784,155443,0.05,1,89,131.95,22.56,0.040615,75000,prioritized,0.6,1.0,0.384131,18.145149,0.560579,0.039105,1.793182,6.199821
785,155743,0.05,,300,26.3,25.5,0.038998,75000,prioritized,0.6,1.0,0.383806,18.145149,0.570544,-0.141524,1.8465,6.451846
786,156033,0.05,-1,290,25.55,130.95,0.037403,75000,prioritized,0.6,1.0,0.384755,18.145149,0.587159,-0.141754,1.803669,6.152816
787,156333,0.05,,300,27.7,28.7,0.041714,75000,prioritized,0.6,1.0,0.381571,18.145149,0.556361,-0.32805,1.871022,6.791045
788,156633,0.05,,300,26.5,23.3,0.038131,75000,prioritized,0.6,1.0,0.378963,18.145149,0.559648,-0.162986,1.636492,5.783641
789,156808,0.05,1,175,131.52,29.33,0.037893,75000,prioritized,0.6,1.0,0.378909,18.145149,0.566897,-0.313522,1.724449,6.247577
790,157000,0.05,-1,192,26.24,131.44,0.035331,75000,prioritized,0.6,1.0,0.37788,18.145149,0.558912,-0.309938,1.692882,6.18558
791,157300,0.05,,300,26.5,23.3,0.041833,75000,prioritized,0.6,1.0,0.382304,18.145149,0.580227,-0.317142,1.772719,6.382944
792,157533,0.05,1,233,131.23,25.84,0.036415,75000,prioritized,0.6,1.0,0.378328,18.145149,0.553783,-0.216637,1.595298,5.677231
793,157744,0.05,1,211,131.34,21.55,0.041232,75000,prioritized,0.6,1.0,0.377659,18.145149,0.542718,-0.174137,1.739815,6.393332
794,158044,0.05,,300,26.3,24.3,0.03662,75000,prioritized,0.6,1.0,0.378065,18.145149,0.558547,-0.329514,1.693848,6.427373
795,158344,0.05,,300,27.5,28.7,0.037053,75000,prioritized,0.6,1.0,0.374667,18.145149,0.543379,-0.243777,1.656349,5.970217
796,158542,0.05,-1,198,26.61,131.41,0.032825,75000,prioritized,0.6,1.0,0.374092,18.145149,0.558761,-0.121237,1.559001,5.703616
797,158842,0.05,,300,21.9,28.3,0.034597,75000,prioritized,0.6,1.0,0.371951,18.145149,0.53915,-0.351123,1.746384,6.623726
798,159142,0.05,,300,23.1,26.5,0.034846,75000,prioritized,0.6,1.0,0.375622,18.145149,0.566051,-0.246833,1.622711,5.80742
799,159442,0.05,,300,25.5,26.5,0.037108,75000,prioritized,0.6,1.0,0.373308,18.145149,0.550298,-0.144325,1.61127,5.623026
800,159513,0.05,1,71,132.04,22.05,0.036462,75000,prioritized,0.6,1.0,0.374374,18.145149,0.569216,-0.277427,1.697452,6.043853
801,159813,0.05,,300,27.7,28.5,0.038092,75000,prioritized,0.6,1.0,0.369377,18.145149,0.535945,-0.155549,1.694555,6.39727
802,160113,0.05,,300,25.5,26.5,0.034333,75000,prioritized,0.6,1.0,0.366379,18.145149,0.52796,-0.241828,1.549351,5.765073
803,160413,0.05,,300,28.7,25.5,0.035715,75000,prioritized,0.6,1.0,0.366766,18.145149,0.531302,-0.289511,1.571906,5.882431
804,160713,0.05,,300,26.5,25.5,0.03414,75000,prioritized,0.6,1.0,0.365596,18.145149,0.529034,-0.322219,1.54611,5.709275
805,160840,0.05,1,127,131.76,24.17,0.030808,75000,prioritized,0.6,1.0,0.364218,18.145149,0.526266,-0.132077,1.428094,5.367939
806,161032,0.05,-1,192,25.84,131.44,0.035482,75000,prioritized,0.6,1.0,0.365553,18.145149,0.536655,-0.273093,1.625692,6.011438
807,161332,0.05,,300,23.1,26.5,0.038836,75000,prioritized,0.6,1.0,0.36857,18.145149,0.537881,-0.179363,1.735979,6.165025
808,161632,0.05,,300,23.3,26.5,0.036368,75000,prioritized,0.6,1.0,0.369707,18.145149,0.572437,-0.253183,1.78615,6.515427
809,161932,0.05,,300,23.1,26.5,0.032463,75000,prioritized,0.6,1.0,0.368046,18.145149,0.57022,-0.34361,1.689003,6.273417
810,162232,0.05,,300,26.3,27.7,0.038041,75000,prioritized,0.6,1.0,0.372288,18.145149,0.560082,-0.33851,1.683837,6.067272
811,162327,0.05,1,95,131.92,19.33,0.037147,75000,prioritized,0.6,1.0,0.371811,18.145149,0.552065,-0.430522,1.861212,6.340062
812,162462,0.05,1,135,131.72,19.53,0.035318,75000,prioritized,0.6,1.0,0.373086,18.145149,0.566026,-0.50754,1.810147,6.842805
813,162686,0.05,-1,224,23.68,131.28,0.038357,75000,prioritized,0.6,1.0,0.372457,18.145149,0.550873,-0.322547,1.719606,6.36822
814,162986,0.05,,300,25.5,26.5,0.037442,75000,prioritized,0.6,1.0,0.371146,18.145149,0.549724,-0.397794,1.746426,6.386209
815,163097,0.05,1,111,131.84,24.45,0.041327,75000,prioritized,0.6,1.0,0.373287,18.145149,0.563649,-0.284604,1.801466,6.420174
816,163397,0.05,,300,25.5,26.5,0.038496,75000,prioritized,0.6,1.0,0.37269,18.145149,0.546624,-0.279542,1.80965,6.370057
817,163511,0.05,-1,114,29.63,131.83,0.040526,75000,prioritized,0.6,1.0,0.37458,18.145149,0.578345,-0.181474,1.795139,6.335531
818,163811,0.05,,300,25.5,28.5,0.037951,75000,prioritized,0.6,1.0,0.369685,18.145149,0.538755,-0.165903,1.825678,6.946387
819,164111,0.05,,300,28.7,27.7,0.038834,75000,prioritized,0.6,1.0,0.369909,18.145149,0.533761,-0.299525,1.762525,6.424074
820,164239,0.05,-1,128,24.76,131.76,0.040464,75000,prioritized,0.6,1.0,0.372671,18.145149,0.563252,-0.233869,1.773487,6.769098
821,164539,0.05,,300,20.7,28.5,0.037449,75000,prioritized,0.6,1.0,0.372645,18.145149,0.576519,-0.336189,1.674861,6.235864
822,164667,0.05,-1,128,21.16,131.76,0.033467,75000,prioritized,0.6,1.0,0.371088,18.145149,0.559975,-0.438347,1.604059,6.077871
823,164967,0.05,,300,26.5,25.5,0.032685,75000,prioritized,0.6,1.0,0.3674,18.145149,0.536004,-0.35651,1.659708,6.416489
824,165267,0.05,,300,26.3,27.5,0.043492,75000,prioritized,0.6,1.0,0.369144,18.145149,0.551653,-0.223736,1.808631,6.50758
825,165567,0.05,,300,25.5,26.3,0.035029,75000,prioritized,0.6,1.0,0.366143,18.145149,0.538496,-0.089595,1.677125,6.026984
826,165789,0.05,-1,222,23.09,131.29,0.039967,75000,prioritized,0.6,1.0,0.367138,18.145149,0.558946,-0.119364,1.662177,5.874835
827,166024,0.05,1,235,131.22,28.03,0.035503,75000,prioritized,0.6,1.0,0.366935,18.145149,0.548256,-0.209156,1.677112,6.115204
828,166119,0.05,1,95,131.92,21.53,0.036713,75000,prioritized,0.6,1.0,0.368215,18.145149,0.551684,-0.357731,1.546164,5.763067
829,166419,0.05,,300,27.7,26.5,0.038363,75000,prioritized,0.6,1.0,0.367326,18.145149,0.556904,-0.518525,1.542806,5.924668
830,166719,0.05,,300,24.9,28.7,0.035439,75000,prioritized,0.6,1.0,0.365389,18.145149,0.536274,-0.396122,1.53771,5.833135
831,167019,0.05,,300,24.3,25.5,0.033762,75000,prioritized,0.6,1.0,0.364147,18.145149,0.541363,-0.334447,1.476306,5.827981
832,167319,0.05,,300,27.5,26.3,0.035526,75000,prioritized,0.6,1.0,0.364347,18.145149,0.541605,-0.231024,1.665185,6.417057
833,167619,0.05,,300,27.7,28.7,0.034005,75000,prioritized,0.6,1.0,0.360597,18.145149,0.535714,-0.171931,1.584178,6.067577
834,167853,0.05,-1,234,23.43,131.23,0.032908,75000,prioritized,0.6,1.0,0.35947,18.145149,0.53158,-0.137433,1.622933,6.458258
835,168153,0.05,,300,27.7,24.3,0.037136,75000,prioritized,0.6,1.0,0.359353,18.145149,0.522023,-0.243137,1.459006,5.664779
836,168453,0.05,,300,25.5,26.3,0.030711,75000,prioritized,0.6,1.0,0.356668,18.145149,0.521237,-0.22613,1.416323,5.672062
837,168753,0.05,,300,26.5,27.7,0.030791,75000,prioritized,0.6,1.0,0.353941,18.145149,0.495156,-0.250212,1.368566,5.456561
838,169053,0.05,,300,25.3,24.3,0.03133,75000,prioritized,0.6,1.0,0.355085,18.145149,0.515345,-0.227143,1.359244,5.585794
839,169353,0.05,,300,25.1,24.1,0.032928,75000,prioritized,0.6,1.0,0.355043,18.145149,0.543772,-0.254549,1.456565,6.08893
840,169533,0.05,-1,180,24.1,131.5,0.031047,75000,prioritized,0.6,1.0,0.352091,18.145149,0.519582,-0.280038,1.398063,5.764214
841,169681,0.05,-1,148,21.66,131.66,0.030126,75000,prioritized,0.6,1.0,0.351668,18.145149,0.516764,-0.22427,1.48695,6.625502
842,169981,0.05,,300,25.1,24.1,0.027904,75000,prioritized,0.6,1.0,0.34985,18.145149,0.511539,-0.396267,1.453032,6.074894
843,170281,0.05,,300,28.7,27.7,0.034142,75000,prioritized,0.6,1.0,0.350816,18.145149,0.500239,-0.311137,1.435918,5.920937
844,170581,0.05,,300,26.5,27.7,0.030103,75000,prioritized,0.6,1.0,0.350903,18.145149,0.527937,-0.396689,1.419373,5.858451
845,170821,0.05,-1,240,28.6,131.2,0.02623,75000,prioritized,0.6,1.0,0.346566,18.145149,0.508756,-0.316389,1.39385,5.945051
846,171121,0.05,,300,23.3,24.1,0.03218,75000,prioritized,0.6,1.0,0.346779,18.145149,0.485531,-0.258794,1.412674,5.760779
847,171421,0.05,,300,26.3,27.5,0.033604,75000,prioritized,0.6,1.0,0.349354,18.145149,0.519847,-0.22991,1.459588,5.744094
848,171611,0.05,-1,190,24.25,131.45,0.029532,75000,prioritized,0.6,1.0,0.348742,18.145149,0.515672,-0.18717,1.361332,5.352647
849,171911,0.05,,300,24.3,25.3,0.031184,75000,prioritized,0.6,1.0,0.34594,18.145149,0.504634,-0.210041,1.405765,5.71932
850,172166,0.05,1,255,131.12,23.73,0.031715,75000,prioritized,0.6,1.0,0.347079,18.145149,0.494069,-0.323239,1.377992,5.442317
851,172466,0.05,,300,28.7,25.1,0.032295,75000,prioritized,0.6,1.0,0.346952,18.145149,0.508279,-0.314455,1.395398,5.686336
852,172766,0.05,,300,27.7,28.5,0.030593,75000,prioritized,0.6,1.0,0.345814,18.145149,0.517992,-0.228043,1.414843,5.968559
853,173066,0.05,,300,28.5,27.7,0.028815,75000,prioritized,0.6,1.0,0.346087,18.145149,0.528978,-0.264512,1.304277,5.300748
854,173366,0.05,,300,27.7,28.5,0.030033,75000,prioritized,0.6,1.0,0.341615,18.145149,0.489872,-0.293664,1.336534,5.414162
855,173666,0.05,,300,24.3,27.5,0.029037,75000,prioritized,0.6,1.0,0.341437,18.145149,0.524552,-0.189781,1.399454,5.805181
856,173752,0.05,-1,86,27.17,131.97,0.026758,75000,prioritized,0.6,1.0,0.339725,18.145149,0.51168,-0.214318,1.336748,5.639327
857,173926,0.05,-1,174,29.13,131.53,0.028123,75000,prioritized,0.6,1.0,0.339075,18.145149,0.506769,-0.379498,1.480224,6.559381
858,174226,0.05,,300,25.1,28.5,0.030766,75000,prioritized,0.6,1.0,0.338834,18.145149,0.489785,-0.419999,1.448315,6.28941
859,174448,0.05,-1,222,26.49,131.29,0.02773,75000,prioritized,0.6,1.0,0.337423,18.145149,0.489541,-0.493076,1.439789,6.323523
860,174748,0.05,,300,26.3,27.5,0.02734,75000,prioritized,0.6,1.0,0.336665,18.145149,0.491282,-0.377755,1.428172,6.238075
861,175048,0.05,-1,300,23.9,130.9,0.029794,75000,prioritized,0.6,1.0,0.336831,18.145149,0.476786,-0.37785,1.40011,5.994101
862,175348,0.05,,300,28.5,27.7,0.026942,75000,prioritized,0.6,1.0,0.33859,18.145149,0.523393,-0.321211,1.390744,5.965313
863,175648,0.05,,300,25.5,26.5,0.027197,75000,prioritized,0.6,1.0,0.335242,18.145149,0.505352,-0.346443,1.349046,5.651955
864,175948,0.05,,300,26.5,25.3,0.025163,75000,prioritized,0.6,1.0,0.332436,18.145149,0.47867,-0.272151,1.37609,5.842278
865,176034,0.05,-1,86,26.17,131.97,0.027506,75000,prioritized,0.6,1.0,0.33312,18.145149,0.479065,-0.39775,1.382442,6.162672
866,176334,0.05,,300,28.7,25.3,0.027846,75000,prioritized,0.6,1.0,0.334663,18.145149,0.49695,-0.319214,1.30548,5.48559
867,176634,0.05,,300,24.9,26.5,0.025098,75000,prioritized,0.6,1.0,0.331792,18.145149,0.472074,-0.222272,1.161003,5.062226
868,176934,0.05,,300,25.5,26.5,0.025555,75000,prioritized,0.6,1.0,0.331648,18.145149,0.480037,-0.232597,1.144204,5.036115
869,177234,0.05,,300,27.5,26.1,0.027696,75000,prioritized,0.6,1.0,0.330396,18.145149,0.47722,-0.162828,1.111078,4.653333
870,177427,0.05,1,193,131.43,26.44,0.025723,75000,prioritized,0.6,1.0,0.32762,18.145149,0.467709,-0.119171,1.168888,5.173912
871,177580,0.05,1,153,131.63,22.24,0.023229,75000,prioritized,0.6,1.0,0.326263,18.145149,0.465276,-0.185695,1.173867,5.026408
872,177880,0.05,,300,24.3,24.3,0.021608,75000,prioritized,0.6,1.0,0.322609,18.145149,0.450937,-0.292064,1.08033,4.748158
873,178180,0.05,,300,27.5,26.3,0.024245,75000,prioritized,0.6,1.0,0.324982,18.145149,0.470783,-0.234187,1.165264,5.099542
874,178480,0.05,,300,25.5,26.3,0.025186,75000,prioritized,0.6,1.0,0.323161,18.145149,0.453587,-0.244356,1.081742,4.668548
875,178780,0.05,,300,26.5,24.3,0.02528,75000,prioritized,0.6,1.0,0.321794,18.145149,0.457199,-0.168148,1.042472,4.492405
876,178943,0.05,1,163,131.58,23.99,0.021644,75000,prioritized,0.6,1.0,0.320301,18.145149,0.449272,-0.187641,1.004824,4.28281
877,179243,0.05,,300,28.3,25.5,0.025026,75000,prioritized,0.6,1.0,0.322082,18.145149,0.478188,-0.181628,1.0661,4.625831
878,179332,0.05,1,89,131.95,29.56,0.02465,75000,prioritized,0.6,1.0,0.322484,18.145149,0.485873,-0.316851,1.190157,5.216793
879,179613,0.05,1,281,130.99,23.8,0.023369,75000,prioritized,0.6,1.0,0.319014,18.145149,0.463772,-0.215468,1.13271,5.03535
880,179840,0.05,1,227,131.26,26.87,0.022913,75000,prioritized,0.6,1.0,0.316396,18.145149,0.445424,-0.225167,1.198575,5.818871
881,180107,0.05,1,267,131.06,25.47,0.024317,75000,prioritized,0.6,1.0,0.318997,18.145149,0.475627,-0.201925,1.199653,5.330167
882,180407,0.05,,300,23.7,26.5,0.024308,75000,prioritized,0.6,1.0,0.317998,18.145149,0.437879,-0.249456,1.211007,5.212712
883,180707,0.05,,300,23.3,27.7,0.022934,75000,prioritized,0.6,1.0,0.318123,18.145149,0.468315,-0.200004,1.130958,5.061103
884,181007,0.05,,300,27.7,26.1,0.023618,75000,prioritized,0.6,1.0,0.319213,18.145149,0.473771,-0.24444,1.153456,5.278095
885,181307,0.05,,300,27.7,28.3,0.030656,75000,prioritized,0.6,1.0,0.323774,18.145149,0.488201,-0.116534,1.244644,4.722465
886,181607,0.05,,300,26.1,25.5,0.025164,75000,prioritized,0.6,1.0,0.322074,18.145149,0.47822,-0.128329,1.164402,4.541729
887,181907,0.05,,300,28.5,27.7,0.025493,75000,prioritized,0.6,1.0,0.320909,18.145149,0.475092,-0.152016,1.122773,4.635131
888,182005,0.05,-1,98,24.31,131.91,0.026521,75000,prioritized,0.6,1.0,0.321965,18.145149,0.492866,-0.078309,1.091888,4.404447
889,182305,0.05,,300,26.1,27.7,0.02765,75000,prioritized,0.6,1.0,0.321827,18.145149,0.478679,-0.258287,1.218299,5.371145
890,182605,0.05,,300,25.5,27.7,0.024348,75000,prioritized,0.6,1.0,0.318618,18.145149,0.492381,-0.209217,1.131302,4.719784
891,182905,0.05,,300,28.3,27.7,0.023428,75000,prioritized,0.6,1.0,0.315398,18.145149,0.462548,-0.14938,1.066576,4.361059
892,183205,0.05,,300,26.5,27.5,0.022958,75000,prioritized,0.6,1.0,0.31404,18.145149,0.444925,-0.160996,1.027889,4.412163
893,183505,0.05,,300,25.9,27.5,0.023531,75000,prioritized,0.6,1.0,0.313859,18.145149,0.48317,-0.080978,1.027565,4.456241
894,183805,0.05,,300,27.3,25.9,0.022564,75000,prioritized,0.6,1.0,0.309574,18.145149,0.458235,-0.129629,0.972871,4.203458
895,184105,0.05,,300,27.7,28.3,0.022394,75000,prioritized,0.6,1.0,0.307318,18.145149,0.417301,-0.052251,0.96709,4.018613
896,184405,0.05,,300,27.7,28.5,0.022514,75000,prioritized,0.6,1.0,0.309244,18.145149,0.444962,-0.132361,1.02933,4.159787
897,184705,0.05,,300,26.5,27.7,0.019082,75000,prioritized,0.6,1.0,0.305574,18.145149,0.423183,-0.192285,0.958401,4.065166
898,185005,0.05,,300,27.5,26.3,0.020267,75000,prioritized,0.6,1.0,0.305479,18.145149,0.437071,-0.129176,0.969496,4.238583
899,185305,0.05,,300,28.5,27.7,0.02089,75000,prioritized,0.6,1.0,0.305315,18.145149,0.442652,-0.164947,0.921331,3.853296
900,185605,0.05,,300,22.9,27.5,0.020848,75000,prioritized,0.6,1.0,0.303737,18.145149,0.422409,-0.092469,0.910857,3.895043
901,185729,0.05,-1,124,23.78,131.78,0.018337,75000,prioritized,0.6,1.0,0.302748,18.145149,0.417032,-0.174432,0.964634,4.374546
902,185835,0.05,-1,106,19.27,131.87,0.019598,75000,prioritized,0.6,1.0,0.306227,18.145149,0.476147,-0.128699,0.933467,4.319893
903,186070,0.05,1,235,131.22,28.03,0.018904,75000,prioritized,0.6,1.0,0.304996,18.145149,0.444929,-0.111561,0.944205,4.125024
904,186370,0.05,,300,25.5,25.3,0.019153,75000,prioritized,0.6,1.0,0.301798,18.145149,0.433251,-0.07597,0.956169,4.631568
905,186670,0.05,,300,27.7,24.3,0.019305,75000,prioritized,0.6,1.0,0.300172,18.145149,0.4325,-0.180703,0.970332,4.609002
906,186970,0.05,,300,25.5,23.3,0.020912,75000,prioritized,0.6,1.0,0.299483,18.145149,0.447685,-0.123558,0.981845,4.654149
907,187270,0.05,,300,25.5,25.5,0.020166,75000,prioritized,0.6,1.0,0.297924,18.145149,0.428315,-0.151558,0.992273,4.915906
908,187420,0.05,-1,150,24.65,131.65,0.018677,75000,prioritized,0.6,1.0,0.297233,18.145149,0.424954,-0.058429,0.875913,4.207831
909,187720,0.05,,300,26.3,24.9,0.020255,75000,prioritized,0.6,1.0,0.298215,18.145149,0.45664,-0.25887,1.031755,5.113957
910,188020,0.05,,300,25.5,25.5,0.018719,75000,prioritized,0.6,1.0,0.294374,18.145149,0.409212,-0.236636,0.961079,4.989284
911,188320,0.05,,300,23.9,26.3,0.019554,75000,prioritized,0.6,1.0,0.296727,18.145149,0.435386,-0.173745,1.011825,4.972806
912,188620,0.05,,300,25.3,25.5,0.019425,75000,prioritized,0.6,1.0,0.294904,18.145149,0.429648,-0.29132,1.054773,5.382928
913,188920,0.05,,300,25.3,22.9,0.0169,75000,prioritized,0.6,1.0,0.291787,18.145149,0.40779,-0.110051,0.891898,4.432051
914,189220,0.05,,300,25.3,26.5,0.021116,75000,prioritized,0.6,1.0,0.294526,18.145149,0.437871,-0.154518,0.956297,4.468742
915,189520,0.05,,300,25.5,27.5,0.018146,75000,prioritized,0.6,1.0,0.292882,18.145149,0.434853,-0.071837,0.921711,4.258527
916,189820,0.05,,300,28.7,27.5,0.018913,75000,prioritized,0.6,1.0,0.290883,18.145149,0.427728,-0.185368,0.935276,4.438762
917,189998,0.05,-1,178,28.31,131.51,0.016731,75000,prioritized,0.6,1.0,0.290474,18.145149,0.4533,-0.145644,0.942425,4.61285
918,190298,0.05,,300,25.3,27.7,0.019215,75000,prioritized,0.6,1.0,0.289352,18.145149,0.433668,-0.183697,0.938143,4.465308
919,190598,0.05,,300,27.7,25.5,0.01625,75000,prioritized,0.6,1.0,0.287529,18.145149,0.452124,-0.150381,0.874605,3.989942
920,190833,0.05,1,235,131.22,29.03,0.017577,75000,prioritized,0.6,1.0,0.286764,18.145149,0.4361,-0.143901,0.881319,4.101467
921,191133,0.05,,300,28.7,23.1,0.019126,75000,prioritized,0.6,1.0,0.28752,18.145149,0.426704,-0.184301,0.955916,4.654079
922,191433,0.05,,300,26.5,27.5,0.017023,75000,prioritized,0.6,1.0,0.285798,18.145149,0.405196,-0.264606,0.911054,4.59716
923,191733,0.05,,300,26.3,27.7,0.016673,75000,prioritized,0.6,1.0,0.283786,18.145149,0.393055,-0.250309,0.873712,4.39757
924,191938,0.05,1,205,131.37,26.78,0.016159,75000,prioritized,0.6,1.0,0.283928,18.145149,0.418823,-0.187217,0.857372,4.156314
925,192163,0.05,1,225,131.27,28.68,0.01711,75000,prioritized,0.6,1.0,0.285501,18.145149,0.421321,-0.137334,0.868546,4.119967
926,192459,0.05,-1,296,25.92,130.92,0.01709,75000,prioritized,0.6,1.0,0.286371,18.145149,0.44969,-0.136294,0.87699,4.161738
927,192759,0.05,,300,25.5,25.3,0.017991,75000,prioritized,0.6,1.0,0.2838,18.145149,0.423949,-0.238293,0.892893,4.300849
928,193059,0.05,,300,23.1,21.9,0.015033,75000,prioritized,0.6,1.0,0.28246,18.145149,0.404907,-0.191163,0.839717,3.883793
929,193359,0.05,,300,25.3,25.5,0.01763,75000,prioritized,0.6,1.0,0.280679,18.145149,0.42354,-0.14072,0.870554,3.932225
930,193659,0.05,,300,25.5,28.3,0.016821,75000,prioritized,0.6,1.0,0.277339,18.145149,0.410304,-0.165105,0.894969,4.274189
931,193870,0.05,1,211,131.34,26.95,0.014957,75000,prioritized,0.6,1.0,0.276094,18.145149,0.406866,-0.119738,0.853506,4.030686
932,194170,0.05,,300,25.5,27.5,0.016949,75000,prioritized,0.6,1.0,0.278831,18.145149,0.414766,-0.112383,0.817719,3.583814
933,194470,0.05,,300,27.7,28.5,0.016043,75000,prioritized,0.6,1.0,0.278372,18.145149,0.441611,-0.151141,0.839799,3.71785
934,194580,0.05,-1,110,21.85,131.85,0.01741,75000,prioritized,0.6,1.0,0.276026,18.145149,0.399857,-0.054523,0.712587,2.827229
935,194880,0.05,,300,27.5,26.1,0.015871,75000,prioritized,0.6,1.0,0.274919,18.145149,0.383566,-0.207936,0.871357,3.902069
936,195180,0.05,,300,27.7,26.5,0.016215,75000,prioritized,0.6,1.0,0.276611,18.145149,0.413081,-0.195272,0.856766,3.862102
937,195480,0.05,,300,25.5,25.5,0.015416,75000,prioritized,0.6,1.0,0.274733,18.145149,0.427923,-0.194158,0.780144,3.416008
938,195780,0.05,,300,27.3,26.3,0.014261,75000,prioritized,0.6,1.0,0.269813,18.145149,0.375846,-0.185133,0.729652,3.29512
939,195998,0.05,-1,218,24.11,131.31,0.013188,75000,prioritized,0.6,1.0,0.270714,18.145149,0.41566,-0.15807,0.714969,3.202512
940,196298,0.05,,300,27.7,26.5,0.014813,75000,prioritized,0.6,1.0,0.270408,18.145149,0.410075,-0.250503,0.838342,4.035108
941,196598,0.05,,300,27.7,26.5,0.016322,75000,prioritized,0.6,1.0,0.269204,18.145149,0.395636,-0.227931,0.870942,4.136755
942,196898,0.05,,300,27.5,28.7,0.013713,75000,prioritized,0.6,1.0,0.26783,18.145149,0.400376,-0.172078,0.74684,3.495662
943,197010,0.05,-1,112,23.84,131.84,0.013428,75000,prioritized,0.6,1.0,0.267759,18.145149,0.400313,-0.201153,0.769959,3.466172
944,197310,0.05,,300,27.5,26.5,0.015309,75000,prioritized,0.6,1.0,0.270602,18.145149,0.438288,-0.205656,0.839111,3.811496
945,197610,0.05,,300,27.5,28.3,0.015178,75000,prioritized,0.6,1.0,0.265871,18.145149,0.372854,-0.243467,0.832977,4.046826
946,197910,0.05,,300,23.1,28.5,0.015563,75000,prioritized,0.6,1.0,0.267178,18.145149,0.415346,-0.223754,0.777878,3.671425
947,198210,0.05,,300,28.5,27.7,0.014807,75000,prioritized,0.6,1.0,0.265797,18.145149,0.352243,-0.157046,0.738687,3.211773
948,198510,0.05,,300,28.5,27.5,0.015522,75000,prioritized,0.6,1.0,0.267208,18.145149,0.398268,-0.173216,0.748781,3.146694
949,198810,0.05,,300,27.7,25.5,0.014368,75000,prioritized,0.6,1.0,0.265405,18.145149,0.380916,-0.183946,0.723106,3.242761
950,199110,0.05,,300,28.3,25.3,0.014312,75000,prioritized,0.6,1.0,0.266993,18.145149,0.393628,-0.134661,0.709159,3.221212
951,199403,0.05,1,293,130.93,25.74,0.01319,75000,prioritized,0.6,1.0,0.266701,18.145149,0.411414,-0.139428,0.702417,3.262017
952,199703,0.05,,300,27.5,24.3,0.013387,75000,prioritized,0.6,1.0,0.265248,18.145149,0.382881,-0.128964,0.724955,3.254377
953,200003,0.05,,300,22.9,28.7,0.01367,75000,prioritized,0.6,1.0,0.263845,18.145149,0.373641,-0.095385,0.716139,2.922121
954,200303,0.05,,300,22.9,28.5,0.014188,75000,prioritized,0.6,1.0,0.264996,18.145149,0.385944,-0.13645,0.688867,2.897856
955,200603,0.05,,300,28.5,25.5,0.015907,75000,prioritized,0.6,1.0,0.264603,18.145149,0.389565,-0.177831,0.732996,3.206204
956,200903,0.05,,300,25.3,25.5,0.013703,75000,prioritized,0.6,1.0,0.263593,18.145149,0.396632,-0.152508,0.654191,2.895077
957,201203,0.05,,300,28.5,27.7,0.01768,75000,prioritized,0.6,1.0,0.265551,18.145149,0.3965,-0.002188,0.78402,3.070922
958,201503,0.05,,300,28.5,25.5,0.015642,75000,prioritized,0.6,1.0,0.266329,18.145149,0.410823,-0.014401,0.742575,2.796488
959,201803,0.05,,300,26.5,27.1,0.014843,75000,prioritized,0.6,1.0,0.265199,18.145149,0.388378,-0.053635,0.680801,2.50508
960,201933,0.05,-1,130,28.55,131.75,0.014368,75000,prioritized,0.6,1.0,0.264829,18.145149,0.39151,-0.116204,0.688356,2.764029
961,202233,0.05,,300,26.3,27.5,0.019449,75000,prioritized,0.6,1.0,0.269243,18.145149,0.412541,-0.218246,0.843953,3.526033
962,202533,0.05,,300,25.3,25.5,0.014123,75000,prioritized,0.6,1.0,0.266376,18.145149,0.392266,-0.2322,0.754793,3.178326
963,202833,0.05,,300,25.3,27.7,0.016352,75000,prioritized,0.6,1.0,0.265549,18.145149,0.385388,-0.253978,0.761016,3.208891
964,203107,0.05,-1,274,23.43,131.03,0.016871,75000,prioritized,0.6,1.0,0.265216,18.145149,0.375481,-0.17785,0.773704,3.15614
965,203407,0.05,,300,27.5,28.3,0.015418,75000,prioritized,0.6,1.0,0.264386,18.145149,0.392626,-0.090849,0.731107,2.771667
966,203577,0.05,-1,170,26.15,131.55,0.014711,75000,prioritized,0.6,1.0,0.263836,18.145149,0.391981,-0.039388,0.672558,2.501837
967,203842,0.05,1,265,131.07,21.68,0.014058,75000,prioritized,0.6,1.0,0.263112,18.145149,0.376893,-0.141932,0.720354,3.052517
968,204117,0.05,1,275,131.02,26.03,0.016532,75000,prioritized,0.6,1.0,0.265441,18.145149,0.401824,-0.038169,0.794803,3.405455
969,204417,0.05,,300,25.1,28.3,0.015438,75000,prioritized,0.6,1.0,0.264325,18.145149,0.403277,-0.096653,0.751153,2.954048
970,204717,0.05,,300,25.5,25.3,0.014079,75000,prioritized,0.6,1.0,0.264106,18.145149,0.438574,-0.039923,0.68523,2.560267
971,205017,0.05,,300,27.7,25.3,0.012814,75000,prioritized,0.6,1.0,0.260049,18.145149,0.380391,-0.104513,0.649548,2.416422
972,205317,0.05,,300,23.7,27.5,0.014099,75000,prioritized,0.6,1.0,0.259022,18.145149,0.379558,-0.094065,0.655898,2.486585
973,205590,0.05,1,273,131.03,23.84,0.013276,75000,prioritized,0.6,1.0,0.258644,18.145149,0.384328,-0.124743,0.638561,2.38208
974,205890,0.05,,300,27.5,26.3,0.012549,75000,prioritized,0.6,1.0,0.254958,18.145149,0.349587,-0.062225,0.582126,2.138221
975,206190,0.05,,300,27.5,25.3,0.013502,75000,prioritized,0.6,1.0,0.256894,18.145149,0.381983,-0.060324,0.617618,2.252074
976,206490,0.05,,300,25.9,27.5,0.012723,75000,prioritized,0.6,1.0,0.255718,18.145149,0.379282,-0.034388,0.587276,2.122985
977,206671,0.05,1,181,131.49,26.1,0.011172,75000,prioritized,0.6,1.0,0.253567,18.145149,0.357332,-0.049538,0.527042,1.810759
978,206971,0.05,,300,23.1,27.7,0.0133,75000,prioritized,0.6,1.0,0.253057,18.145149,0.35484,0.009997,0.573457,1.952102
979,207271,0.05,,300,22.7,28.3,0.013029,75000,prioritized,0.6,1.0,0.255251,18.145149,0.384293,-0.064246,0.622094,2.299727
980,207571,0.05,,300,27.5,26.5,0.011877,75000,prioritized,0.6,1.0,0.253042,18.145149,0.348465,-0.035348,0.61779,2.250132
981,207871,0.05,,300,25.3,25.1,0.012149,75000,prioritized,0.6,1.0,0.252947,18.145149,0.370849,-0.126292,0.584164,2.241303
982,208171,0.05,,300,27.5,25.3,0.011971,75000,prioritized,0.6,1.0,0.252602,18.145149,0.376895,-0.054118,0.568838,2.030513
983,208332,0.05,1,161,131.59,26.0,0.012037,75000,prioritized,0.6,1.0,0.252633,18.145149,0.38464,-0.069943,0.584288,1.933408
984,208632,0.05,,300,28.3,27.7,0.011416,75000,prioritized,0.6,1.0,0.250903,18.145149,0.376049,-0.023297,0.580249,2.17811
985,208922,0.05,-1,290,25.75,130.95,0.012838,75000,prioritized,0.6,1.0,0.249404,18.145149,0.35843,0.027223,0.582398,2.09753
986,209222,0.05,,300,25.5,27.5,0.011934,75000,prioritized,0.6,1.0,0.249763,18.145149,0.366443,-0.109317,0.657471,2.963847
987,209522,0.05,,300,27.5,28.7,0.010686,75000,prioritized,0.6,1.0,0.248487,18.145149,0.34878,-0.088733,0.548829,2.24585
988,209822,0.05,,300,26.5,24.3,0.01049,75000,prioritized,0.6,1.0,0.248931,18.145149,0.376919,-0.076178,0.560051,2.353116
989,210122,0.05,,300,27.9,25.5,0.012357,75000,prioritized,0.6,1.0,0.248429,18.145149,0.367079,0.028535,0.571296,2.02196
990,210422,0.05,,300,26.3,24.3,0.011701,75000,prioritized,0.6,1.0,0.248497,18.145149,0.379334,0.026955,0.536732,1.763648
991,210722,0.05,,300,25.5,25.3,0.011147,75000,prioritized,0.6,1.0,0.245544,18.145149,0.334102,0.021584,0.519381,1.689808
992,211022,0.05,,300,23.3,24.3,0.009854,75000,prioritized,0.6,1.0,0.246538,18.145149,0.334738,-0.015087,0.51225,1.655503
993,211322,0.05,,300,19.9,21.3,0.011989,75000,prioritized,0.6,1.0,0.248841,18.145149,0.36066,-0.066441,0.522048,1.641018
994,211622,0.05,,300,25.3,28.3,0.010175,75000,prioritized,0.6,1.0,0.247257,18.145149,0.372043,-0.051479,0.487003,1.525089
995,211922,0.05,,300,27.7,27.5,0.010037,75000,prioritized,0.6,1.0,0.245159,18.145149,0.351178,-0.032603,0.459442,1.444667
996,212222,0.05,,300,27.7,26.3,0.012695,75000,prioritized,0.6,1.0,0.246692,18.145149,0.368435,-0.011522,0.492058,1.483145
997,212522,0.05,,300,27.7,28.3,0.010436,75000,prioritized,0.6,1.0,0.244471,18.145149,0.365181,-0.059327,0.478447,1.394529
998,212822,0.05,,300,27.5,28.3,0.010788,75000,prioritized,0.6,1.0,0.241925,18.145149,0.320745,-0.021045,0.448427,1.313186
999,213049,0.05,1,227,131.26,23.67,0.009727,75000,prioritized,0.6,1.0,0.244034,18.145149,0.360782,-0.0337,0.448869,1.319861
1000,213349,0.05,,300,28.7,27.5,0.011556,75000,prioritized,0.6,1.0,0.241531,18.145149,0.351455,-0.17058,0.604053,2.949094
1001,213480,0.05,1,131,131.74,24.35,0.008215,75000,prioritized,0.6,1.0,0.240668,18.145149,0.370158,-0.237633,0.588577,3.032779
1002,213780,0.05,,300,28.3,27.5,0.010391,75000,prioritized,0.6,1.0,0.239449,18.145149,0.36989,-0.178917,0.628698,3.333104
1003,213897,0.05,1,117,131.81,22.42,0.008936,75000,prioritized,0.6,1.0,0.240021,18.145149,0.402175,-0.107528,0.549779,2.845435
1004,213998,0.05,1,101,131.89,22.5,0.011476,75000,prioritized,0.6,1.0,0.238342,18.145149,0.350893,-0.243048,0.659914,3.56627
1005,214276,0.05,-1,278,25.61,131.01,0.013077,75000,prioritized,0.6,1.0,0.242125,18.145149,0.400516,-0.367133,0.806575,4.645205
1006,214543,0.05,1,267,131.06,25.67,0.010297,75000,prioritized,0.6,1.0,0.24033,18.145149,0.377221,-0.3622,0.762672,4.313407
1007,214843,0.05,,300,28.3,27.7,0.011287,75000,prioritized,0.6,1.0,0.239681,18.145149,0.380103,-0.323009,0.800752,4.513595
1008,215143,0.05,,300,28.1,25.5,0.011379,75000,prioritized,0.6,1.0,0.238835,18.145149,0.3368,-0.198862,0.708323,3.768252
1009,215443,0.05,,300,25.3,25.3,0.012327,75000,prioritized,0.6,1.0,0.240289,18.145149,0.386102,-0.236696,0.724949,3.935033
1010,215743,0.05,,300,25.3,27.5,0.009003,75000,prioritized,0.6,1.0,0.238919,18.145149,0.390017,-0.206249,0.612441,3.064339
1011,216043,0.05,,300,22.9,27.7,0.01172,75000,prioritized,0.6,1.0,0.2382,18.145149,0.354126,-0.239859,0.677054,3.460085
1012,216343,0.05,,300,27.7,27.7,0.010552,75000,prioritized,0.6,1.0,0.237076,18.145149,0.36238,-0.18403,0.66845,3.46973
1013,216643,0.05,,300,27.5,28.3,0.010216,75000,prioritized,0.6,1.0,0.235055,18.145149,0.381663,-0.141283,0.598473,2.969896
1014,216943,0.05,,300,25.5,27.7,0.009612,75000,prioritized,0.6,1.0,0.232601,18.145149,0.342001,-0.141547,0.561859,2.892587
1015,217243,0.05,,300,25.3,25.3,0.010143,75000,prioritized,0.6,1.0,0.232874,18.145149,0.316135,-0.158452,0.591602,2.861495
1016,217543,0.05,,300,28.3,27.5,0.010184,75000,prioritized,0.6,1.0,0.232236,18.145149,0.321241,-0.141175,0.57565,2.671965
1017,217843,0.05,,300,25.3,25.5,0.008673,75000,prioritized,0.6,1.0,0.232299,18.145149,0.351194,-0.166572,0.528866,2.785917
1018,218143,0.05,,300,25.3,23.9,0.011012,75000,prioritized,0.6,1.0,0.234141,18.145149,0.345739,-0.166861,0.595073,3.082256
1019,218443,0.05,,300,27.7,28.3,0.009584,75000,prioritized,0.6,1.0,0.233984,18.145149,0.367109,-0.137365,0.574558,3.321361
1020,218743,0.05,,300,27.5,28.3,0.009978,75000,prioritized,0.6,1.0,0.234314,18.145149,0.376943,-0.1209,0.536518,2.894841
1021,219043,0.05,,300,28.3,27.7,0.009223,75000,prioritized,0.6,1.0,0.233291,18.145149,0.347501,-0.125648,0.522995,2.76755
1022,219343,0.05,,300,25.5,27.7,0.010821,75000,prioritized,0.6,1.0,0.232997,18.145149,0.349037,-0.087328,0.592531,2.910003
1023,219643,0.05,,300,25.3,25.3,0.008766,75000,prioritized,0.6,1.0,0.231938,18.145149,0.378838,-0.135749,0.520434,2.773039
1024,219943,0.05,,300,27.5,25.9,0.008638,75000,prioritized,0.6,1.0,0.229415,18.145149,0.335252,-0.087291,0.503162,2.473307
1025,220243,0.05,,300,25.3,26.3,0.010286,75000,prioritized,0.6,1.0,0.23089,18.145149,0.344763,-0.082653,0.524308,2.299822
1026,220543,0.05,,300,28.3,27.7,0.009873,75000,prioritized,0.6,1.0,0.231244,18.145149,0.326438,-0.095595,0.576775,2.713011
1027,220753,0.05,-1,210,21.55,131.35,0.010128,75000,prioritized,0.6,1.0,0.231598,18.145149,0.351085,-0.058061,0.522778,2.348981
1028,220900,0.05,1,147,131.66,21.87,0.009199,75000,prioritized,0.6,1.0,0.231157,18.145149,0.358218,0.001135,0.587783,3.491143
1029,221200,0.05,,300,27.7,22.9,0.01154,75000,prioritized,0.6,1.0,0.232017,18.145149,0.357468,-0.057754,0.694603,3.864192
1030,221500,0.05,,300,27.5,25.3,0.008515,75000,prioritized,0.6,1.0,0.229664,18.145149,0.375017,-0.020216,0.57254,3.348078
1031,221723,0.05,1,223,131.28,29.09,0.009531,75000,prioritized,0.6,1.0,0.225872,18.145149,0.327528,-0.0105,0.606554,3.824198
1032,222014,0.05,1,291,130.94,23.75,0.010428,75000,prioritized,0.6,1.0,0.228074,18.145149,0.355542,-0.057815,0.74504,4.928833
1033,222314,0.05,,300,25.3,25.5,0.010589,75000,prioritized,0.6,1.0,0.22824,18.145149,0.336049,0.007033,0.692207,4.242887
1034,222614,0.05,,300,24.1,23.1,0.009556,75000,prioritized,0.6,1.0,0.228116,18.145149,0.353694,-0.038861,0.632987,3.827374
1035,222914,0.05,,300,27.7,28.3,0.010347,75000,prioritized,0.6,1.0,0.228218,18.145149,0.364398,-0.114284,0.716987,4.796674
1036,223091,0.05,1,177,131.51,21.72,0.010093,75000,prioritized,0.6,1.0,0.230978,18.145149,0.377899,-0.151206,0.759421,4.913764
1037,223391,0.05,,300,25.5,25.3,0.011575,75000,prioritized,0.6,1.0,0.228816,18.145149,0.35927,-0.186042,0.800735,4.93414
1038,223691,0.05,,300,26.5,24.3,0.009067,75000,prioritized,0.6,1.0,0.22671,18.145149,0.350952,-0.0922,0.666217,4.09791
1039,223991,0.05,,300,27.7,28.3,0.010193,75000,prioritized,0.6,1.0,0.228456,18.145149,0.390928,-0.15935,0.696082,4.400714
1040,224273,0.05,-1,282,25.99,130.99,0.009999,75000,prioritized,0.6,1.0,0.230742,18.145149,0.386558,-0.085881,0.701716,3.762966
1041,224573,0.05,,300,25.3,24.1,0.01092,75000,prioritized,0.6,1.0,0.230066,18.145149,0.364543,-0.106443,0.727633,3.654397
1042,224873,0.05,,300,25.5,25.5,0.009082,75000,prioritized,0.6,1.0,0.226866,18.145149,0.33947,-0.032273,0.594806,3.227846
1043,225107,0.05,-1,234,29.03,131.23,0.010542,75000,prioritized,0.6,1.0,0.229977,18.145149,0.36945,-0.028708,0.638497,3.093505
1044,225407,0.05,,300,25.3,25.5,0.010596,75000,prioritized,0.6,1.0,0.226582,18.145149,0.337781,-0.080086,0.649664,3.267188
1045,225707,0.05,,300,25.3,25.3,0.008719,75000,prioritized,0.6,1.0,0.223627,18.145149,0.340927,-0.064864,0.583083,3.060086
1046,225793,0.05,-1,86,27.57,131.97,0.009216,75000,prioritized,0.6,1.0,0.223785,18.145149,0.338563,-0.070278,0.653182,3.576744
1047,226068,0.05,1,275,131.02,21.83,0.009891,75000,prioritized,0.6,1.0,0.224561,18.145149,0.342677,-0.109509,0.675912,3.504652
1048,226368,0.05,,300,25.3,25.3,0.010326,75000,prioritized,0.6,1.0,0.225053,18.145149,0.352295,-0.30883,0.808596,4.469966
1049,226552,0.05,-1,184,24.68,131.48,0.010449,75000,prioritized,0.6,1.0,0.225193,18.145149,0.353835,-0.307744,0.760678,4.013755
1050,226828,0.05,-1,276,28.82,131.02,0.009712,75000,prioritized,0.6,1.0,0.225843,18.145149,0.363227,-0.456426,0.937268,5.33464
1051,227128,0.05,,300,25.3,25.3,0.010688,75000,prioritized,0.6,1.0,0.22707,18.145149,0.362473,-0.321543,0.847808,4.507889
1052,227248,0.05,-1,120,21.4,131.8,0.011293,75000,prioritized,0.6,1.0,0.227833,18.145149,0.378855,-0.316796,0.793542,4.149324
1053,227548,0.05,,300,25.3,25.1,0.011621,75000,prioritized,0.6,1.0,0.227745,18.145149,0.363921,-0.270499,0.796141,4.001684
1054,227848,0.05,,300,24.3,25.3,0.01066,75000,prioritized,0.6,1.0,0.226575,18.145149,0.379862,-0.178758,0.72989,3.549923
1055,228148,0.05,,300,25.3,27.5,0.008843,75000,prioritized,0.6,1.0,0.224368,18.145149,0.331522,-0.148128,0.636974,3.13767
1056,228448,0.05,,300,28.3,27.5,0.010003,75000,prioritized,0.6,1.0,0.225146,18.145149,0.349793,-0.209159,0.678738,3.253512
1057,228748,0.05,,300,23.1,27.7,0.009458,75000,prioritized,0.6,1.0,0.224246,18.145149,0.341374,-0.095354,0.632838,2.888419
1058,229048,0.05,,300,23.1,23.1,0.010441,75000,prioritized,0.6,1.0,0.22527,18.145149,0.357048,-0.082015,0.634034,2.957493
1059,229348,0.05,,300,25.3,26.3,0.011208,75000,prioritized,0.6,1.0,0.225227,18.145149,0.361431,-0.01753,0.695467,3.210857
1060,229648,0.05,,300,23.1,23.1,0.010094,75000,prioritized,0.6,1.0,0.223363,18.145149,0.344878,-0.065158,0.65409,2.996555
1061,229948,0.05,,300,21.9,23.3,0.009953,75000,prioritized,0.6,1.0,0.222496,18.145149,0.348499,-0.105182,0.615065,2.928449
1062,230088,0.05,-1,140,26.3,131.7,0.011783,75000,prioritized,0.6,1.0,0.224515,18.145149,0.366212,-0.149156,0.704666,3.519125
1063,230388,0.05,,300,27.9,27.7,0.010342,75000,prioritized,0.6,1.0,0.224719,18.145149,0.361299,-0.093114,0.719755,3.611233
1064,230688,0.05,,300,25.3,25.5,0.008884,75000,prioritized,0.6,1.0,0.222766,18.145149,0.353285,-0.167775,0.678135,3.401301
1065,230988,0.05,,300,26.1,27.7,0.008987,75000,prioritized,0.6,1.0,0.22365,18.145149,0.380063,-0.152413,0.630449,3.295292
1066,231288,0.05,,300,25.5,27.7,0.010452,75000,prioritized,0.6,1.0,0.221366,18.145149,0.343469,-0.185621,0.618197,3.128247
1067,231588,0.05,,300,25.3,25.5,0.010337,75000,prioritized,0.6,1.0,0.220265,18.145149,0.34054,-0.164702,0.554106,2.585645
1068,231888,0.05,,300,25.1,24.3,0.008151,75000,prioritized,0.6,1.0,0.222075,18.145149,0.396379,-0.133117,0.584257,3.159451
1069,232188,0.05,,300,24.1,23.1,0.009476,75000,prioritized,0.6,1.0,0.220698,18.145149,0.34787,-0.125588,0.59954,2.783319
1070,232488,0.05,,300,25.3,25.3,0.00855,75000,prioritized,0.6,1.0,0.218286,18.145149,0.322039,-0.186604,0.583518,3.393925
1071,232788,0.05,,300,28.3,27.5,0.008517,75000,prioritized,0.6,1.0,0.219599,18.145149,0.350058,-0.170815,0.548928,2.885548
1072,233088,0.05,,300,23.3,23.1,0.008159,75000,prioritized,0.6,1.0,0.219438,18.145149,0.354963,-0.161689,0.528775,2.768318
1073,233270,0.05,-1,182,29.29,131.49,0.011331,75000,prioritized,0.6,1.0,0.219978,18.145149,0.3519,-0.194723,0.582378,2.963607
1074,233570,0.05,,300,25.9,23.1,0.009341,75000,prioritized,0.6,1.0,0.218619,18.145149,0.336129,-0.177894,0.575094,2.827883
1075,233870,0.05,,300,24.3,24.1,0.00908,75000,prioritized,0.6,1.0,0.217908,18.145149,0.334212,-0.136438,0.585443,2.903596
1076,234058,0.05,-1,188,29.26,131.46,0.009097,75000,prioritized,0.6,1.0,0.218144,18.145149,0.354256,-0.153412,0.572342,2.839572
1077,234358,0.05,,300,27.5,26.1,0.009547,75000,prioritized,0.6,1.0,0.217631,18.145149,0.342167,-0.149461,0.638737,3.189243
1078,234658,0.05,,300,26.3,27.5,0.008378,75000,prioritized,0.6,1.0,0.21626,18.145149,0.325556,-0.11451,0.587094,2.836336
1079,234958,0.05,,300,27.5,26.5,0.007446,75000,prioritized,0.6,1.0,0.214762,18.145149,0.321697,-0.138577,0.535024,2.685085
1080,235258,0.05,,300,25.7,27.7,0.0097,75000,prioritized,0.6,1.0,0.215232,18.145149,0.331384,-0.095808,0.56239,2.692477
1081,235558,0.05,,300,27.7,27.5,0.008682,75000,prioritized,0.6,1.0,0.215058,18.145149,0.322245,-0.024542,0.559444,2.58043
1082,235858,0.05,,300,25.5,25.5,0.007791,75000,prioritized,0.6,1.0,0.212813,18.145149,0.307755,-0.085535,0.476943,2.302983
1083,236158,0.05,,300,22.9,24.3,0.007102,75000,prioritized,0.6,1.0,0.214292,18.145149,0.34967,-0.113411,0.493969,2.572837
1084,236458,0.05,,300,25.5,26.5,0.008074,75000,prioritized,0.6,1.0,0.21158,18.145149,0.31488,-0.075065,0.500289,2.464922
1085,236758,0.05,,300,25.3,27.7,0.006706,75000,prioritized,0.6,1.0,0.210609,18.145149,0.312526,-0.08408,0.480084,2.331353
1086,237058,0.05,,300,27.7,28.5,0.008303,75000,prioritized,0.6,1.0,0.211964,18.145149,0.324661,-0.077395,0.499304,2.411603
1087,237358,0.05,,300,27.5,27.5,0.009691,75000,prioritized,0.6,1.0,0.212683,18.145149,0.338472,-0.106766,0.546985,2.346723
1088,237658,0.05,,300,25.3,24.1,0.007636,75000,prioritized,0.6,1.0,0.21246,18.145149,0.336398,-0.089546,0.478779,2.097356
1089,237958,0.05,,300,27.7,28.5,0.006522,75000,prioritized,0.6,1.0,0.211298,18.145149,0.33888,-0.109209,0.467315,2.283591
1090,238065,0.05,1,107,131.86,20.87,0.008025,75000,prioritized,0.6,1.0,0.210927,18.145149,0.315617,-0.077335,0.461674,2.23585
1091,238365,0.05,,300,25.3,25.5,0.008643,75000,prioritized,0.6,1.0,0.212259,18.145149,0.331416,-0.262967,0.692926,4.146841
1092,238462,0.05,1,97,131.91,27.12,0.007452,75000,prioritized,0.6,1.0,0.212931,18.145149,0.36408,-0.283912,0.624499,3.580369
1093,238762,0.05,,300,25.3,26.1,0.007107,75000,prioritized,0.6,1.0,0.212453,18.145149,0.365039,-0.235438,0.641334,3.804824
1094,239062,0.05,,300,25.3,25.1,0.007917,75000,prioritized,0.6,1.0,0.212211,18.145149,0.345278,-0.198879,0.5924,3.286931
1095,239362,0.05,,300,25.3,27.7,0.009001,75000,prioritized,0.6,1.0,0.210613,18.145149,0.316334,-0.184602,0.610892,3.120034
1096,239662,0.05,,300,25.7,27.7,0.009453,75000,prioritized,0.6,1.0,0.21133,18.145149,0.334634,-0.134254,0.559249,2.8089
1097,239962,0.05,,300,27.7,25.3,0.008161,75000,prioritized,0.6,1.0,0.210622,18.145149,0.33673,-0.128524,0.519991,2.540983
1098,240262,0.05,,300,25.7,27.5,0.008467,75000,prioritized,0.6,1.0,0.212163,18.145149,0.347598,0.03179,0.571411,2.586327
1099,240562,0.05,,300,27.9,25.5,0.009021,75000,prioritized,0.6,1.0,0.20983,18.145149,0.330319,-0.028705,0.505081,2.159202
1100,240862,0.05,,300,23.3,25.3,0.009719,75000,prioritized,0.6,1.0,0.208616,18.145149,0.299703,0.027222,0.544718,2.384286
1101,241162,0.05,,300,23.1,24.1,0.009219,75000,prioritized,0.6,1.0,0.211029,18.145149,0.343065,-0.025674,0.555312,2.239007
1102,241462,0.05,,300,28.5,27.5,0.010138,75000,prioritized,0.6,1.0,0.211436,18.145149,0.339071,-0.123016,0.561468,2.188394
1103,241662,0.05,-1,200,19.2,131.4,0.008402,75000,prioritized,0.6,1.0,0.211757,18.145149,0.332918,-0.168076,0.569188,2.473199
1104,241962,0.05,,300,25.5,25.3,0.007106,75000,prioritized,0.6,1.0,0.211476,18.145149,0.336928,-0.169455,0.581555,2.758763
1105,242262,0.05,,300,25.5,25.1,0.008076,75000,prioritized,0.6,1.0,0.211014,18.145149,0.346246,0.002713,0.561701,2.445838
1106,242562,0.05,,300,28.5,21.5,0.008145,75000,prioritized,0.6,1.0,0.208078,18.145149,0.32064,-0.056785,0.497987,2.149913
1107,242862,0.05,,300,27.5,26.5,0.006958,75000,prioritized,0.6,1.0,0.206407,18.145149,0.303988,-0.016532,0.435437,1.680256
1108,243162,0.05,,300,23.1,27.5,0.009117,75000,prioritized,0.6,1.0,0.208631,18.145149,0.333875,-0.049609,0.503697,2.034431
1109,243370,0.05,-1,208,26.36,131.36,0.00825,75000,prioritized,0.6,1.0,0.208693,18.145149,0.339427,-0.065396,0.542423,2.211897
1110,243670,0.05,,300,27.5,25.3,0.008875,75000,prioritized,0.6,1.0,0.20812,18.145149,0.320192,-0.015269,0.579802,2.365126
1111,243970,0.05,,300,25.3,27.5,0.007133,75000,prioritized,0.6,1.0,0.206758,18.145149,0.315165,-0.024402,0.498466,1.967618
1112,244087,0.05,1,117,131.81,24.42,0.007346,75000,prioritized,0.6,1.0,0.208234,18.145149,0.337619,0.050215,0.517468,2.058221
1113,244387,0.05,,300,25.9,28.7,0.008759,75000,prioritized,0.6,1.0,0.209981,18.145149,0.343814,0.022507,0.589981,2.515378
1114,244687,0.05,,300,27.7,27.7,0.006983,75000,prioritized,0.6,1.0,0.207019,18.145149,0.311202,-0.04746,0.525384,2.261302
1115,244987,0.05,,300,25.5,25.5,0.007129,75000,prioritized,0.6,1.0,0.20682,18.145149,0.333932,-0.034891,0.512575,2.205802
1116,245246,0.05,1,259,131.1,21.51,0.008811,75000,prioritized,0.6,1.0,0.208888,18.145149,0.33969,-0.049198,0.545398,2.114301
1117,245546,0.05,,300,27.5,25.5,0.00851,75000,prioritized,0.6,1.0,0.207407,18.145149,0.324185,-0.050071,0.564889,2.138828
1118,245846,0.05,,300,25.3,25.1,0.008229,75000,prioritized,0.6,1.0,0.208905,18.145149,0.373924,-0.005012,0.507152,1.95193
1119,246146,0.05,,300,27.5,27.5,0.007055,75000,prioritized,0.6,1.0,0.206854,18.145149,0.33458,0.016665,0.444923,1.568365
1120,246446,0.05,,300,27.5,28.1,0.007926,75000,prioritized,0.6,1.0,0.205035,18.145149,0.327797,0.027665,0.472643,1.73671
1121,246746,0.05,,300,25.5,25.1,0.007492,75000,prioritized,0.6,1.0,0.203255,18.145149,0.323239,0.006155,0.442424,1.567138
1122,247046,0.05,,300,25.3,25.1,0.007024,75000,prioritized,0.6,1.0,0.203913,18.145149,0.326243,-0.026192,0.419991,1.449654
1123,247346,0.05,,300,25.3,27.7,0.007647,75000,prioritized,0.6,1.0,0.204238,18.145149,0.325448,-0.016602,0.455947,1.544935
1124,247646,0.05,,300,25.3,25.3,0.007266,75000,prioritized,0.6,1.0,0.203045,18.145149,0.314981,-0.038688,0.422978,1.386477
1125,247946,0.05,,300,24.3,26.3,0.006673,75000,prioritized,0.6,1.0,0.201663,18.145149,0.31136,-0.013106,0.392107,1.283779
1126,248246,0.05,,300,28.5,27.5,0.00705,75000,prioritized,0.6,1.0,0.202062,18.145149,0.304893,0.008694,0.412944,1.312034
1127,248546,0.05,,300,27.7,25.7,0.006816,75000,prioritized,0.6,1.0,0.202464,18.145149,0.332431,-0.019493,0.387574,1.236919
1128,248835,0.05,1,289,130.95,26.56,0.007748,75000,prioritized,0.6,1.0,0.201178,18.145149,0.314285,0.015789,0.442428,1.608098
1129,249135,0.05,,300,25.3,25.3,0.00856,75000,prioritized,0.6,1.0,0.203298,18.145149,0.332938,-0.067574,0.583674,3.26871
1130,249309,0.05,-1,174,26.33,131.53,0.013925,75000,prioritized,0.6,1.0,0.205117,18.145149,0.337967,-0.035822,0.63429,2.96764
1131,249609,0.05,,300,25.1,25.5,0.008167,75000,prioritized,0.6,1.0,0.202529,18.145149,0.29411,-0.138792,0.57259,2.780691
1132,249754,0.05,1,145,131.67,28.48,0.006731,75000,prioritized,0.6,1.0,0.204156,18.145149,0.351964,-0.167204,0.560583,2.912527
1133,250054,0.05,,300,28.1,25.3,0.007919,75000,prioritized,0.6,1.0,0.204469,18.145149,0.343205,-0.214029,0.619495,3.478128
1134,250354,0.05,,300,27.5,28.7,0.007862,75000,prioritized,0.6,1.0,0.202845,18.145149,0.305131,-0.199695,0.584458,3.259104
1135,250654,0.05,,300,28.5,25.1,0.00868,75000,prioritized,0.6,1.0,0.203741,18.145149,0.328245,-0.123188,0.54926,2.974563
1136,250954,0.05,,300,28.3,27.5,0.007598,75000,prioritized,0.6,1.0,0.202755,18.145149,0.32302,-0.152661,0.527111,2.831614
1137,251254,0.05,,300,25.3,25.3,0.007806,75000,prioritized,0.6,1.0,0.203008,18.145149,0.323295,-0.131309,0.559266,3.14121
1138,251554,0.05,,300,25.3,25.3,0.007879,75000,prioritized,0.6,1.0,0.202755,18.145149,0.314499,-0.098097,0.524601,2.856662
1139,251712,0.05,-1,158,18.61,131.61,0.007081,75000,prioritized,0.6,1.0,0.205018,18.145149,0.335555,-0.157459,0.557443,3.101212
1140,252012,0.05,,300,28.5,22.9,0.008915,75000,prioritized,0.6,1.0,0.206155,18.145149,0.338919,-0.357415,0.799125,4.743617
1141,252312,0.05,,300,28.3,25.3,0.009821,75000,prioritized,0.6,1.0,0.206213,18.145149,0.328871,-0.244736,0.721287,3.853575
1142,252612,0.05,,300,25.3,27.5,0.008982,75000,prioritized,0.6,1.0,0.205449,18.145149,0.347859,-0.298102,0.669731,3.561034
1143,252858,0.05,-1,246,28.97,131.17,0.008738,75000,prioritized,0.6,1.0,0.206005,18.145149,0.35486,-0.243501,0.665229,3.494788
1144,253158,0.05,,300,23.1,25.3,0.008892,75000,prioritized,0.6,1.0,0.205834,18.145149,0.338056,-0.105473,0.657749,3.548202
1145,253458,0.05,,300,27.7,28.3,0.008663,75000,prioritized,0.6,1.0,0.205148,18.145149,0.326439,-0.116358,0.650446,3.345516
1146,253758,0.05,,300,28.5,25.5,0.007714,75000,prioritized,0.6,1.0,0.202539,18.145149,0.312436,-0.122178,0.568889,2.991209
1147,254058,0.05,,300,27.7,25.5,0.009347,75000,prioritized,0.6,1.0,0.203321,18.145149,0.291445,-0.090408,0.577703,2.91967
1148,254195,0.05,1,137,131.71,24.12,0.0108,75000,prioritized,0.6,1.0,0.207094,18.145149,0.376957,-0.056834,0.604463,2.833196
1149,254495,0.05,,300,25.3,25.1,0.007519,75000,prioritized,0.6,1.0,0.203775,18.145149,0.320569,-0.17212,0.625845,3.204386
1150,254795,0.05,,300,25.3,25.3,0.006564,75000,prioritized,0.6,1.0,0.202545,18.145149,0.320674,-0.153645,0.548328,2.758193
1151,255005,0.05,-1,210,20.75,131.35,0.006147,75000,prioritized,0.6,1.0,0.202333,18.145149,0.330024,-0.127789,0.489427,2.359309
1152,255146,0.05,1,141,131.69,24.1,0.008131,75000,prioritized,0.6,1.0,0.203401,18.145149,0.326205,-0.203048,0.654005,3.754881
1153,255440,0.05,-1,294,20.73,130.93,0.007855,75000,prioritized,0.6,1.0,0.203469,18.145149,0.326541,-0.125725,0.601578,3.213283
1154,255587,0.05,1,147,131.66,22.07,0.005774,75000,prioritized,0.6,1.0,0.203391,18.145149,0.341303,-0.126654,0.565406,3.076671
1155,255714,0.05,1,127,131.76,26.97,0.006766,75000,prioritized,0.6,1.0,0.20439,18.145149,0.36726,-0.2423,0.727678,4.146301
1156,255809,0.05,1,95,131.92,19.73,0.007715,75000,prioritized,0.6,1.0,0.203058,18.145149,0.330949,-0.274034,0.770405,3.963192
1157,256109,0.05,,300,24.1,25.3,0.0085,75000,prioritized,0.6,1.0,0.204966,18.145149,0.325864,-0.212095,0.727878,3.764837
1158,256409,0.05,,300,28.7,25.3,0.00836,75000,prioritized,0.6,1.0,0.205212,18.145149,0.340218,-0.079853,0.646469,2.979708
1159,256709,0.05,,300,25.5,27.7,0.007572,75000,prioritized,0.6,1.0,0.203492,18.145149,0.317633,-0.065923,0.595993,2.80604
1160,257009,0.05,,300,27.5,25.5,0.009337,75000,prioritized,0.6,1.0,0.206261,18.145149,0.361836,-0.03773,0.604736,2.731554
1161,257309,0.05,,300,28.5,27.7,0.010667,75000,prioritized,0.6,1.0,0.205885,18.145149,0.344124,-0.083618,0.656366,2.975413
1162,257609,0.05,,300,27.3,28.7,0.007299,75000,prioritized,0.6,1.0,0.205,18.145149,0.349762,-0.096408,0.570085,2.406277
1163,257909,0.05,,300,28.3,27.7,0.00726,75000,prioritized,0.6,1.0,0.202628,18.145149,0.3344,-0.124653,0.540375,2.392145
1164,258209,0.05,,300,25.5,27.5,0.008293,75000,prioritized,0.6,1.0,0.204951,18.145149,0.330289,-0.088769,0.584517,2.520795
1165,258509,0.05,,300,23.3,25.3,0.007996,75000,prioritized,0.6,1.0,0.205621,18.145149,0.34004,-0.079251,0.550031,2.335527
1166,258809,0.05,,300,25.1,28.7,0.009194,75000,prioritized,0.6,1.0,0.205718,18.145149,0.327871,-0.086634,0.541208,2.167242
1167,259011,0.05,-1,202,24.19,131.39,0.006998,75000,prioritized,0.6,1.0,0.205279,18.145149,0.320337,-0.117067,0.502458,2.016089
1168,259311,0.05,,300,25.5,27.7,0.008705,75000,prioritized,0.6,1.0,0.206556,18.145149,0.334457,-0.149257,0.558299,2.27697
1169,259484,0.05,1,173,131.53,23.94,0.007667,75000,prioritized,0.6,1.0,0.205865,18.145149,0.3421,-0.183513,0.557479,2.640327
1170,259784,0.05,,300,24.9,27.5,0.008388,75000,prioritized,0.6,1.0,0.204658,18.145149,0.343247,-0.300577,0.693853,4.303118
1171,260084,0.05,,300,28.1,27.5,0.007971,75000,prioritized,0.6,1.0,0.204725,18.145149,0.344042,-0.181236,0.620419,3.458534
1172,260384,0.05,,300,28.1,25.7,0.009001,75000,prioritized,0.6,1.0,0.205254,18.145149,0.345833,-0.164275,0.636455,3.273792
1173,260492,0.05,-1,108,26.66,131.86,0.010702,75000,prioritized,0.6,1.0,0.205439,18.145149,0.340224,-0.064713,0.605692,2.838228
1174,260754,0.05,-1,262,25.89,131.09,0.008077,75000,prioritized,0.6,1.0,0.205647,18.145149,0.333986,-0.158176,0.671491,3.576317
1175,261054,0.05,,300,25.1,25.3,0.010399,75000,prioritized,0.6,1.0,0.206753,18.145149,0.326476,-0.120581,0.64209,3.001232
1176,261247,0.05,1,193,131.43,23.64,0.008634,75000,prioritized,0.6,1.0,0.209606,18.145149,0.373636,-0.097615,0.686873,3.121369
1177,261415,0.05,-1,168,24.36,131.56,0.009136,75000,prioritized,0.6,1.0,0.208889,18.145149,0.347288,-0.175027,0.698523,3.064757
1178,261715,0.05,,300,25.3,25.3,0.008138,75000,prioritized,0.6,1.0,0.207069,18.145149,0.338693,-0.22743,0.730302,3.849968
1179,261920,0.05,1,205,131.37,24.58,0.008072,75000,prioritized,0.6,1.0,0.207707,18.145149,0.372105,-0.170251,0.620214,2.824996
1180,262069,0.05,1,149,131.65,26.46,0.008752,75000,prioritized,0.6,1.0,0.211008,18.145149,0.356423,-0.085662,0.696622,3.117218
1181,262369,0.05,,300,25.1,28.1,0.009607,75000,prioritized,0.6,1.0,0.210943,18.145149,0.364077,-0.155659,0.751456,3.721844
1182,262501,0.05,-1,132,26.94,131.74,0.00876,75000,prioritized,0.6,1.0,0.20959,18.145149,0.354626,-0.127353,0.675723,3.135506
1183,262801,0.05,,300,26.5,27.5,0.008017,75000,prioritized,0.6,1.0,0.207623,18.145149,0.339239,-0.10323,0.676147,3.10473
1184,263101,0.05,,300,25.3,27.5,0.008878,75000,prioritized,0.6,1.0,0.208238,18.145149,0.314523,-0.050119,0.649178,2.783524
1185,263297,0.05,-1,196,23.42,131.42,0.010327,75000,prioritized,0.6,1.0,0.209218,18.145149,0.329161,-0.07172,0.682889,2.80836
1186,263578,0.05,1,281,130.99,22.8,0.010002,75000,prioritized,0.6,1.0,0.20896,18.145149,0.343896,-0.058928,0.640439,2.497105
1187,263796,0.05,-1,218,21.51,131.31,0.009339,75000,prioritized,0.6,1.0,0.207236,18.145149,0.299273,-0.093496,0.67509,3.348786
1188,264096,0.05,,300,28.3,23.7,0.009239,75000,prioritized,0.6,1.0,0.211684,18.145149,0.373201,-0.076781,0.73192,3.815998
1189,264396,0.05,,300,28.7,27.5,0.011148,75000,prioritized,0.6,1.0,0.210697,18.145149,0.340182,-0.1184,0.789219,3.837086
1190,264696,0.05,,300,23.3,22.3,0.009256,75000,prioritized,0.6,1.0,0.209438,18.145149,0.34426,-0.098831,0.676601,3.137068
1191,264996,0.05,,300,28.5,25.3,0.008042,75000,prioritized,0.6,1.0,0.208564,18.145149,0.341038,-0.065544,0.627897,2.867795
1192,265112,0.05,-1,116,29.22,131.82,0.012558,75000,prioritized,0.6,1.0,0.210595,18.145149,0.334737,-0.081965,0.698734,3.125492
1193,265412,0.05,,300,24.7,27.5,0.010688,75000,prioritized,0.6,1.0,0.21132,18.145149,0.355603,-0.169603,0.727236,3.759887
1194,265712,0.05,,300,27.5,25.3,0.009342,75000,prioritized,0.6,1.0,0.209144,18.145149,0.320446,-0.075599,0.638553,3.156917
1195,266012,0.05,,300,25.3,25.3,0.008775,75000,prioritized,0.6,1.0,0.209319,18.145149,0.36482,-0.065813,0.608843,3.099554
1196,266312,0.05,,300,25.3,27.1,0.010058,75000,prioritized,0.6,1.0,0.208355,18.145149,0.327022,-0.096943,0.66923,3.619057
1197,266612,0.05,,300,27.5,26.5,0.008377,75000,prioritized,0.6,1.0,0.208619,18.145149,0.350813,-0.151859,0.624427,3.345519
1198,266739,0.05,1,127,131.76,25.77,0.007221,75000,prioritized,0.6,1.0,0.208136,18.145149,0.342292,-0.210404,0.640768,3.77442
1199,267039,0.05,,300,28.7,27.5,0.00885,75000,prioritized,0.6,1.0,0.209696,18.145149,0.341336,-0.127629,0.669682,3.417336
1200,267339,0.05,,300,26.1,27.5,0.009683,75000,prioritized,0.6,1.0,0.213704,18.145149,0.404358,-0.105839,0.691317,3.354099
1201,267639,0.05,,300,28.1,24.7,0.008762,75000,prioritized,0.6,1.0,0.210404,18.145149,0.368513,-0.136823,0.668056,3.415952
1202,267939,0.05,,300,26.3,27.7,0.008312,75000,prioritized,0.6,1.0,0.208589,18.145149,0.333522,-0.10924,0.615841,3.238374
1203,268103,0.05,-1,164,21.18,131.58,0.011361,75000,prioritized,0.6,1.0,0.211231,18.145149,0.348293,-0.084222,0.617178,2.863535
1204,268251,0.05,-1,148,24.46,131.66,0.010809,75000,prioritized,0.6,1.0,0.212718,18.145149,0.361964,-0.166914,0.693905,3.289747
1205,268427,0.05,-1,176,24.32,131.52,0.008898,75000,prioritized,0.6,1.0,0.213306,18.145149,0.379198,-0.169644,0.736105,3.349617
1206,268632,0.05,1,205,131.37,21.38,0.01079,75000,prioritized,0.6,1.0,0.213402,18.145149,0.351198,-0.041349,0.742661,3.133812
1207,268854,0.05,-1,222,28.89,131.29,0.010372,75000,prioritized,0.6,1.0,0.212525,18.145149,0.343607,-0.215176,0.816015,4.29272
1208,269042,0.05,-1,188,22.86,131.46,0.008766,75000,prioritized,0.6,1.0,0.213007,18.145149,0.367068,-0.0377,0.731198,3.698647
1209,269213,0.05,1,171,131.54,24.55,0.009454,75000,prioritized,0.6,1.0,0.214146,18.145149,0.383361,-0.02935,0.806934,3.682345
1210,269513,0.05,,300,21.1,25.3,0.010126,75000,prioritized,0.6,1.0,0.214849,18.145149,0.375884,-0.307843,1.015167,5.672461
1211,269749,0.05,-1,236,26.02,131.22,0.009473,75000,prioritized,0.6,1.0,0.213353,18.145149,0.359066,-0.262215,0.904496,4.995084
1212,270049,0.05,,300,25.5,25.3,0.010641,75000,prioritized,0.6,1.0,0.213549,18.145149,0.377614,-0.225322,0.833798,4.477603
1213,270337,0.05,-1,288,28.16,130.96,0.010599,75000,prioritized,0.6,1.0,0.213619,18.145149,0.373856,-0.200246,0.836601,4.038361
1214,270453,0.05,-1,116,23.62,131.82,0.010481,75000,prioritized,0.6,1.0,0.214151,18.145149,0.366921,-0.322704,0.902738,4.342892
1215,270571,0.05,-1,118,24.41,131.81,0.011145,75000,prioritized,0.6,1.0,0.21503,18.145149,0.37856,-0.351446,0.932355,4.353364
1216,270871,0.05,,300,27.5,24.9,0.009511,75000,prioritized,0.6,1.0,0.214099,18.145149,0.385948,-0.264074,0.921219,4.189594
1217,271171,0.05,,300,27.7,27.7,0.012198,75000,prioritized,0.6,1.0,0.21754,18.145149,0.399459,-0.054209,0.891174,3.820246
1218,271302,0.05,1,131,131.74,28.55,0.01059,75000,prioritized,0.6,1.0,0.217271,18.145149,0.382416,-0.003533,0.858009,3.568082
1219,271596,0.05,-1,294,28.73,130.93,0.011321,75000,prioritized,0.6,1.0,0.216533,18.145149,0.358255,-0.054368,0.897936,4.026227
1220,271816,0.05,-1,220,26.9,131.3,0.01059,75000,prioritized,0.6,1.0,0.216728,18.145149,0.371827,-0.098585,0.906152,4.232026
1221,272018,0.05,-1,202,25.79,131.39,0.012246,75000,prioritized,0.6,1.0,0.21837,18.145149,0.379529,-0.129046,0.883545,3.988238
1222,272318,0.05,,300,27.5,27.7,0.013106,75000,prioritized,0.6,1.0,0.218659,18.145149,0.353952,-0.279349,0.953954,4.222495
1223,272618,0.05,,300,25.5,26.5,0.012827,75000,prioritized,0.6,1.0,0.22015,18.145149,0.388471,-0.274999,0.922473,4.026469
1224,272759,0.05,1,141,131.69,21.7,0.010558,75000,prioritized,0.6,1.0,0.21937,18.145149,0.370391,-0.29532,0.871874,3.99449
1225,273059,0.05,,300,28.5,27.5,0.012101,75000,prioritized,0.6,1.0,0.220608,18.145149,0.359921,-0.258155,0.918328,4.140986
1226,273156,0.05,1,97,131.91,21.72,0.013646,75000,prioritized,0.6,1.0,0.221962,18.145149,0.389427,-0.274654,1.052547,4.769327
1227,273346,0.05,-1,190,26.65,131.45,0.012242,75000,prioritized,0.6,1.0,0.221955,18.145149,0.375447,-0.177422,1.037357,4.472381
1228,273646,0.05,,300,26.5,27.7,0.012262,75000,prioritized,0.6,1.0,0.219252,18.145149,0.368268,-0.162873,0.970244,4.314952
1229,273946,0.05,,300,25.5,26.5,0.011648,75000,prioritized,0.6,1.0,0.21865,18.145149,0.369649,-0.132506,0.887969,3.800888
1230,274044,0.05,-1,98,28.91,131.91,0.01224,75000,prioritized,0.6,1.0,0.221314,18.145149,0.403349,-0.239172,0.946487,4.117604
1231,274344,0.05,,300,27.7,27.7,0.012833,75000,prioritized,0.6,1.0,0.219468,18.145149,0.35392,-0.153445,0.947991,4.06891
1232,274644,0.05,,300,25.5,27.7,0.012031,75000,prioritized,0.6,1.0,0.220898,18.145149,0.400772,-0.105934,0.934733,3.917717
1233,274944,0.05,,300,25.5,27.5,0.011039,75000,prioritized,0.6,1.0,0.217376,18.145149,0.361696,-0.131334,0.80123,3.485164
1234,275053,0.05,1,109,131.85,29.06,0.013412,75000,prioritized,0.6,1.0,0.220285,18.145149,0.371989,-0.182772,0.802002,3.224617
1235,275353,0.05,,300,25.3,27.7,0.012414,75000,prioritized,0.6,1.0,0.221264,18.145149,0.378062,-0.28804,0.941794,4.122086
1236,275653,0.05,,300,25.5,25.5,0.010672,75000,prioritized,0.6,1.0,0.218329,18.145149,0.355216,-0.161374,0.785461,3.360371
1237,275856,0.05,1,203,131.38,23.99,0.009932,75000,prioritized,0.6,1.0,0.217614,18.145149,0.34094,-0.222308,0.758735,3.512292
1238,276156,0.05,,300,25.5,25.5,0.011915,75000,prioritized,0.6,1.0,0.220588,18.145149,0.376908,-0.165122,0.80399,3.844599
1239,276456,0.05,,300,25.5,25.5,0.013523,75000,prioritized,0.6,1.0,0.218282,18.145149,0.351183,-0.191177,0.824892,4.165942
1240,276756,0.05,,300,25.1,26.3,0.010139,75000,prioritized,0.6,1.0,0.21817,18.145149,0.380192,-0.179505,0.808115,3.986476
1241,276886,0.05,-1,130,22.15,131.75,0.012493,75000,prioritized,0.6,1.0,0.216719,18.145149,0.340238,-0.150646,0.696352,3.284238
1242,277008,0.05,-1,122,19.79,131.79,0.014009,75000,prioritized,0.6,1.0,0.217755,18.145149,0.346312,-0.204379,0.774053,3.659171
1243,277116,0.05,-1,108,25.86,131.86,0.013673,75000,prioritized,0.6,1.0,0.223136,18.145149,0.421799,-0.381486,1.002665,4.682525
1244,277416,0.05,,300,25.5,25.3,0.010553,75000,prioritized,0.6,1.0,0.21926,18.145149,0.37679,-0.206158,0.894309,4.216123
1245,277716,0.05,,300,25.5,28.1,0.009807,75000,prioritized,0.6,1.0,0.216154,18.145149,0.360161,-0.10024,0.829792,4.041081
1246,277895,0.05,1,179,131.5,26.11,0.011198,75000,prioritized,0.6,1.0,0.215761,18.145149,0.352875,-0.140057,0.808243,3.832101
1247,278092,0.05,1,197,131.41,23.62,0.011315,75000,prioritized,0.6,1.0,0.217744,18.145149,0.360872,-0.212402,0.887642,4.593508
1248,278392,0.05,,300,25.3,27.5,0.011116,75000,prioritized,0.6,1.0,0.216377,18.145149,0.34896,-0.187459,0.914546,4.699984
1249,278692,0.05,,300,25.5,25.5,0.010199,75000,prioritized,0.6,1.0,0.215451,18.145149,0.357506,-0.235276,0.885171,4.391614
1250,278992,0.05,,300,27.7,25.3,0.009943,75000,prioritized,0.6,1.0,0.213938,18.145149,0.349655,-0.12329,0.799621,4.066657
1251,279292,0.05,,300,28.3,25.5,0.012086,75000,prioritized,0.6,1.0,0.217682,18.145149,0.373722,-0.116537,0.80555,3.87837
1252,279467,0.05,1,175,131.52,26.73,0.010216,75000,prioritized,0.6,1.0,0.216057,18.145149,0.363464,-0.172916,0.769471,3.848156
1253,279627,0.05,-1,160,29.4,131.6,0.012218,75000,prioritized,0.6,1.0,0.215391,18.145149,0.353088,-0.132344,0.846489,4.174361
1254,279927,0.05,,300,25.5,25.5,0.009984,75000,prioritized,0.6,1.0,0.214568,18.145149,0.366568,-0.198702,0.864479,4.861784
1255,280129,0.05,-1,202,26.19,131.39,0.011596,75000,prioritized,0.6,1.0,0.217121,18.145149,0.379923,-0.195313,0.897684,4.833412
1256,280337,0.05,-1,208,29.16,131.36,0.011859,75000,prioritized,0.6,1.0,0.217661,18.145149,0.382731,-0.125686,0.93881,4.744866
1257,280637,0.05,,300,27.5,25.3,0.01331,75000,prioritized,0.6,1.0,0.217747,18.145149,0.368593,-0.217587,1.03613,5.177989
1258,280797,0.05,-1,160,24.6,131.6,0.010963,75000,prioritized,0.6,1.0,0.217275,18.145149,0.375081,-0.176516,0.938499,4.716477
1259,280976,0.05,1,179,131.5,26.71,0.010124,75000,prioritized,0.6,1.0,0.216002,18.145149,0.355047,-0.15954,0.892964,4.382746
1260,281276,0.05,,300,25.5,25.5,0.013594,75000,prioritized,0.6,1.0,0.217881,18.145149,0.367576,-0.215532,1.005508,4.60966
1261,281576,0.05,,300,25.3,25.3,0.010347,75000,prioritized,0.6,1.0,0.216112,18.145149,0.359276,-0.171095,0.857151,3.826588
1262,281876,0.05,,300,27.5,25.5,0.010567,75000,prioritized,0.6,1.0,0.214624,18.145149,0.347207,-0.122094,0.818462,3.736165
1263,282071,0.05,1,195,131.42,23.63,0.01272,75000,prioritized,0.6,1.0,0.21901,18.145149,0.397382,-0.084338,0.83086,3.529263
1264,282371,0.05,,300,27.5,28.5,0.011964,75000,prioritized,0.6,1.0,0.219037,18.145149,0.384988,-0.069477,0.947002,4.185978
1265,282671,0.05,,300,27.7,25.3,0.011187,75000,prioritized,0.6,1.0,0.215381,18.145149,0.371999,-0.056233,0.839886,3.639819
1266,282844,0.05,1,173,131.53,22.14,0.011128,75000,prioritized,0.6,1.0,0.216012,18.145149,0.373873,0.016391,0.862458,3.602641
1267,283144,0.05,,300,27.7,23.5,0.011347,75000,prioritized,0.6,1.0,0.218749,18.145149,0.370261,-0.082078,0.876696,4.294539
1268,283444,0.05,,300,27.5,28.1,0.013786,75000,prioritized,0.6,1.0,0.219754,18.145149,0.397054,-0.05894,0.937457,4.364202
1269,283717,0.05,1,273,131.03,28.84,0.011706,75000,prioritized,0.6,1.0,0.219036,18.145149,0.390687,-0.012981,0.836438,3.895098
1270,283958,0.05,1,241,131.19,29.0,0.010097,75000,prioritized,0.6,1.0,0.216473,18.145149,0.367378,-0.051938,0.825701,3.810859
1271,284068,0.05,-1,110,26.85,131.85,0.015057,75000,prioritized,0.6,1.0,0.219069,18.145149,0.369739,-0.0233,0.936731,3.86467
1272,284368,0.05,,300,27.7,27.5,0.011634,75000,prioritized,0.6,1.0,0.219188,18.145149,0.365774,-0.003855,0.815007,3.293403
1273,284481,0.05,1,113,131.83,24.84,0.011813,75000,prioritized,0.6,1.0,0.219051,18.145149,0.366586,-0.006314,0.772629,3.198218
1274,284781,0.05,,300,25.3,24.1,0.011391,75000,prioritized,0.6,1.0,0.218695,18.145149,0.389216,-0.051618,0.816152,3.529275
1275,285081,0.05,,300,25.3,27.7,0.010249,75000,prioritized,0.6,1.0,0.218364,18.145149,0.363304,0.036931,0.770814,3.256023
1276,285215,0.05,-1,134,26.93,131.73,0.013401,75000,prioritized,0.6,1.0,0.221914,18.145149,0.418166,-0.025324,0.840888,3.403471
1277,285515,0.05,,300,25.3,27.5,0.013144,75000,prioritized,0.6,1.0,0.220505,18.145149,0.364432,0.075385,0.902632,3.745896
1278,285815,0.05,,300,25.3,27.7,0.010868,75000,prioritized,0.6,1.0,0.218765,18.145149,0.361732,0.056794,0.784234,3.240384
1279,286115,0.05,,300,27.7,28.5,0.012967,75000,prioritized,0.6,1.0,0.220399,18.145149,0.351835,-0.000333,0.798653,3.163906
1280,286415,0.05,,300,25.5,25.5,0.010931,75000,prioritized,0.6,1.0,0.220839,18.145149,0.378273,0.034596,0.77613,3.027218
1281,286511,0.05,-1,96,20.72,131.92,0.019359,75000,prioritized,0.6,1.0,0.220488,18.145149,0.362979,-0.019038,0.755573,2.774465
1282,286811,0.05,,300,26.3,24.3,0.01142,75000,prioritized,0.6,1.0,0.220341,18.145149,0.351656,-0.005477,0.779775,2.949229
1283,287111,0.05,,300,25.3,25.5,0.013211,75000,prioritized,0.6,1.0,0.22515,18.145149,0.396361,0.03621,0.855526,3.29733
1284,287411,0.05,,300,25.5,27.3,0.013227,75000,prioritized,0.6,1.0,0.225403,18.145149,0.376969,-0.014409,0.801792,2.953132
1285,287711,0.05,,300,25.5,25.5,0.012952,75000,prioritized,0.6,1.0,0.225624,18.145149,0.364665,-0.053789,0.758915,2.802275
1286,288011,0.05,,300,25.3,27.7,0.011768,75000,prioritized,0.6,1.0,0.223635,18.145149,0.349898,-0.032967,0.718492,2.76467
1287,288311,0.05,,300,27.5,25.3,0.015064,75000,prioritized,0.6,1.0,0.226997,18.145149,0.395169,-0.22126,0.823239,3.038246
1288,288611,0.05,,300,25.3,26.1,0.012685,75000,prioritized,0.6,1.0,0.226159,18.145149,0.387929,-0.101788,0.733177,2.735737
1289,288911,0.05,,300,25.5,25.5,0.010722,75000,prioritized,0.6,1.0,0.223464,18.145149,0.35767,-0.140561,0.697382,2.735722
1290,289077,0.05,-1,166,29.37,131.57,0.013716,75000,prioritized,0.6,1.0,0.226226,18.145149,0.38031,-0.058723,0.727058,2.755471
1291,289278,0.05,1,201,131.39,28.4,0.015729,75000,prioritized,0.6,1.0,0.227259,18.145149,0.391103,0.189046,0.980184,4.604916
1292,289578,0.05,,300,27.7,25.3,0.013197,75000,prioritized,0.6,1.0,0.224399,18.145149,0.380741,0.058444,0.939472,4.324433
1293,289878,0.05,,300,27.5,26.5,0.011198,75000,prioritized,0.6,1.0,0.222963,18.145149,0.392976,0.120858,0.839343,3.894129
1294,290178,0.05,,300,27.5,27.5,0.010982,75000,prioritized,0.6,1.0,0.222511,18.145149,0.362891,0.041573,0.766917,3.510696
1295,290281,0.05,1,103,131.88,29.29,0.014517,75000,prioritized,0.6,1.0,0.222646,18.145149,0.354583,-0.112867,0.764408,3.223239
1296,290581,0.05,,300,25.3,25.3,0.011926,75000,prioritized,0.6,1.0,0.222316,18.145149,0.36309,-0.044983,0.777231,3.286783
1297,290700,0.05,1,119,131.8,24.81,0.011818,75000,prioritized,0.6,1.0,0.222306,18.145149,0.36253,-0.017817,0.74223,3.228313
1298,291000,0.05,,300,27.5,27.5,0.010985,75000,prioritized,0.6,1.0,0.222217,18.145149,0.373292,-0.084265,0.763633,3.439124
1299,291300,0.05,,300,23.3,25.5,0.014009,75000,prioritized,0.6,1.0,0.225079,18.145149,0.38562,-0.020234,0.799961,3.353098
1300,291508,0.05,-1,208,29.16,131.36,0.015223,75000,prioritized,0.6,1.0,0.225891,18.145149,0.390569,-0.056356,0.742794,2.807312
1301,291808,0.05,,300,27.7,25.5,0.01189,75000,prioritized,0.6,1.0,0.22315,18.145149,0.37288,0.024189,0.859788,3.792409
1302,291943,0.05,1,135,131.72,23.93,0.015424,75000,prioritized,0.6,1.0,0.223785,18.145149,0.384185,-0.052434,0.792828,3.528153
1303,292243,0.05,,300,25.5,25.5,0.012358,75000,prioritized,0.6,1.0,0.226091,18.145149,0.376916,0.009188,0.87018,3.658132
1304,292543,0.05,,300,28.3,27.5,0.012173,75000,prioritized,0.6,1.0,0.227098,18.145149,0.382052,-0.007707,0.863922,3.749259
1305,292789,0.05,-1,246,28.17,131.17,0.013683,75000,prioritized,0.6,1.0,0.22784,18.145149,0.377306,-0.069401,0.842902,3.37904
1306,293089,0.05,,300,27.9,27.5,0.014064,75000,prioritized,0.6,1.0,0.230639,18.145149,0.392878,-0.080135,0.896718,3.822603
1307,293332,0.05,1,243,131.18,26.39,0.013386,75000,prioritized,0.6,1.0,0.231455,18.145149,0.367959,-0.060678,0.875089,3.577927
1308,293545,0.05,1,213,131.33,26.34,0.013036,75000,prioritized,0.6,1.0,0.233328,18.145149,0.422128,-0.108428,0.999377,4.39401
1309,293845,0.05,,300,25.3,27.7,0.011356,75000,prioritized,0.6,1.0,0.229298,18.145149,0.386779,-0.214667,0.923238,4.234759
1310,294145,0.05,,300,25.7,28.3,0.013909,75000,prioritized,0.6,1.0,0.230999,18.145149,0.3719,-0.217088,0.909253,4.260102
1311,294445,0.05,,300,25.1,28.7,0.013506,75000,prioritized,0.6,1.0,0.23236,18.145149,0.391956,-0.225652,0.882965,3.965848
1312,294659,0.05,-1,214,26.73,131.33,0.011556,75000,prioritized,0.6,1.0,0.23201,18.145149,0.383529,-0.163938,0.887624,4.06438
1313,294959,0.05,,300,23.3,25.3,0.012141,75000,prioritized,0.6,1.0,0.232212,18.145149,0.415961,-0.292124,0.953694,4.626603
1314,295059,0.05,-1,100,27.3,131.9,0.019564,75000,prioritized,0.6,1.0,0.232263,18.145149,0.373706,-0.139133,0.993031,4.186079
1315,295228,0.05,1,169,131.55,29.36,0.014249,75000,prioritized,0.6,1.0,0.232847,18.145149,0.392784,-0.202993,1.082254,4.769302
1316,295528,0.05,,300,23.3,27.7,0.01475,75000,prioritized,0.6,1.0,0.232029,18.145149,0.396795,-0.21727,1.09781,4.830343
1317,295828,0.05,,300,25.5,25.3,0.012729,75000,prioritized,0.6,1.0,0.230688,18.145149,0.423407,-0.164329,0.977128,4.297287
1318,296128,0.05,,300,28.1,27.7,0.013994,75000,prioritized,0.6,1.0,0.232041,18.145149,0.400245,-0.172738,0.958743,4.042964
1319,296428,0.05,,300,23.1,28.1,0.014889,75000,prioritized,0.6,1.0,0.233788,18.145149,0.423315,-0.239946,1.002731,4.189588
1320,296728,0.05,,300,25.3,27.7,0.012083,75000,prioritized,0.6,1.0,0.232591,18.145149,0.409612,-0.270759,0.943037,3.988314
1321,297028,0.05,,300,27.5,27.9,0.013127,75000,prioritized,0.6,1.0,0.232125,18.145149,0.389985,-0.236298,0.89651,3.719489
1322,297328,0.05,,300,25.3,25.5,0.01285,75000,prioritized,0.6,1.0,0.23155,18.145149,0.368726,-0.170962,0.873417,3.784523
1323,297628,0.05,,300,25.3,25.5,0.012323,75000,prioritized,0.6,1.0,0.231377,18.145149,0.385494,-0.122292,0.818203,3.415301
1324,297928,0.05,,300,25.3,25.3,0.01398,75000,prioritized,0.6,1.0,0.229658,18.145149,0.359261,-0.128485,0.819166,3.544305
1325,298228,0.05,,300,25.3,25.5,0.014673,75000,prioritized,0.6,1.0,0.232022,18.145149,0.381358,-0.22597,0.835847,3.815802
1326,298528,0.05,,300,25.3,27.5,0.013706,75000,prioritized,0.6,1.0,0.231211,18.145149,0.376219,-0.161885,0.764075,3.394953
1327,298828,0.05,,300,23.1,24.3,0.012718,75000,prioritized,0.6,1.0,0.230339,18.145149,0.381404,-0.201134,0.774102,3.433875
1328,299128,0.05,,300,25.3,27.5,0.013163,75000,prioritized,0.6,1.0,0.232957,18.145149,0.385487,-0.107404,0.744485,3.042919
1329,299253,0.05,1,125,131.77,29.58,0.013635,75000,prioritized,0.6,1.0,0.234319,18.145149,0.399832,-0.119976,0.827562,3.488636
1330,299513,0.05,-1,260,20.7,131.1,0.012911,75000,prioritized,0.6,1.0,0.231854,18.145149,0.369159,-0.108648,0.814845,3.265689
1331,299813,0.05,,300,27.3,25.5,0.011196,75000,prioritized,0.6,1.0,0.228438,18.145149,0.349828,-0.161585,0.778343,3.296592
1332,300113,0.05,,300,21.1,28.1,0.012369,75000,prioritized,0.6,1.0,0.231248,18.145149,0.3748,-0.089874,0.745889,3.013288
1333,300413,0.05,,300,25.3,22.9,0.013286,75000,prioritized,0.6,1.0,0.231578,18.145149,0.372681,-0.115627,0.771823,2.924475
1334,300699,0.05,-1,286,28.77,130.97,0.012712,75000,prioritized,0.6,1.0,0.230573,18.145149,0.375864,-0.188866,0.800403,3.232389
1335,300981,0.05,-1,282,25.79,130.99,0.011981,75000,prioritized,0.6,1.0,0.229728,18.145149,0.396625,-0.137699,0.790299,3.302941
1336,301281,0.05,,300,28.7,25.3,0.014381,75000,prioritized,0.6,1.0,0.23125,18.145149,0.372797,-0.245754,0.876124,3.8423
1337,301543,0.05,-1,262,26.09,131.09,0.012553,75000,prioritized,0.6,1.0,0.231154,18.145149,0.400938,-0.258054,0.854718,3.781039
1338,301843,0.05,,300,27.7,27.7,0.012249,75000,prioritized,0.6,1.0,0.230753,18.145149,0.410142,-0.255501,0.900157,3.934258
1339,301978,0.05,1,135,131.72,22.13,0.011982,75000,prioritized,0.6,1.0,0.229298,18.145149,0.378091,-0.241376,0.80433,3.39288
1340,302278,0.05,,300,27.5,25.3,0.014644,75000,prioritized,0.6,1.0,0.230308,18.145149,0.372615,-0.33988,0.914596,4.516344
1341,302532,0.05,-1,254,28.73,131.13,0.014796,75000,prioritized,0.6,1.0,0.230732,18.145149,0.396,-0.260975,0.892648,4.178532
1342,302832,0.05,,300,25.1,28.3,0.0121,75000,prioritized,0.6,1.0,0.230002,18.145149,0.398743,-0.307041,0.974233,4.733724
1343,303108,0.05,-1,276,28.42,131.02,0.014757,75000,prioritized,0.6,1.0,0.232616,18.145149,0.390903,-0.215693,0.996655,4.710098
1344,303408,0.05,,300,27.7,25.5,0.014495,75000,prioritized,0.6,1.0,0.230796,18.145149,0.376282,-0.279903,0.94368,4.372486
1345,303708,0.05,,300,26.3,24.3,0.013678,75000,prioritized,0.6,1.0,0.230725,18.145149,0.38098,-0.312638,0.938112,3.831077
1346,303997,0.05,1,289,130.95,27.76,0.013357,75000,prioritized,0.6,1.0,0.230171,18.145149,0.385393,-0.245832,0.844997,3.635335
1347,304297,0.05,,300,25.3,27.7,0.013974,75000,prioritized,0.6,1.0,0.233008,18.145149,0.392879,-0.383007,1.003406,4.350674
1348,304597,0.05,,300,27.7,27.5,0.013099,75000,prioritized,0.6,1.0,0.231504,18.145149,0.397931,-0.253666,0.887615,3.898036
1349,304897,0.05,,300,27.5,28.1,0.012681,75000,prioritized,0.6,1.0,0.22975,18.145149,0.391575,-0.234692,0.82651,3.604514
1350,305197,0.05,,300,27.9,27.3,0.015229,75000,prioritized,0.6,1.0,0.231852,18.145149,0.372725,-0.230098,0.917641,3.954109
1351,305316,0.05,1,119,131.8,25.01,0.012499,75000,prioritized,0.6,1.0,0.234158,18.145149,0.411721,-0.171186,0.919113,4.059202
1352,305616,0.05,,300,27.7,27.9,0.014,75000,prioritized,0.6,1.0,0.23437,18.145149,0.406967,-0.296252,1.001268,4.349899
1353,305916,0.05,,300,28.7,25.5,0.013713,75000,prioritized,0.6,1.0,0.233209,18.145149,0.399632,-0.231546,0.888127,3.603561
1354,306127,0.05,1,211,131.34,28.95,0.013272,75000,prioritized,0.6,1.0,0.236097,18.145149,0.404396,-0.268902,0.948778,3.779263
1355,306427,0.05,,300,24.3,27.5,0.014129,75000,prioritized,0.6,1.0,0.23638,18.145149,0.39263,-0.139146,0.977963,3.804261
1356,306539,0.05,-1,112,23.24,131.84,0.011845,75000,prioritized,0.6,1.0,0.236876,18.145149,0.411457,-0.115893,0.838042,3.191178
1357,306839,0.05,,300,27.7,28.1,0.015726,75000,prioritized,0.6,1.0,0.237505,18.145149,0.42796,-0.21645,0.963962,3.843675
1358,307139,0.05,,300,25.3,22.9,0.013188,75000,prioritized,0.6,1.0,0.23705,18.145149,0.408905,-0.138404,0.836432,3.332286
1359,307439,0.05,,300,25.3,25.5,0.014903,75000,prioritized,0.6,1.0,0.235171,18.145149,0.382834,-0.196867,0.862419,3.436068
1360,307739,0.05,,300,25.5,26.1,0.014095,75000,prioritized,0.6,1.0,0.235039,18.145149,0.405482,-0.13922,0.818717,3.131834
1361,308039,0.05,,300,28.5,27.5,0.013418,75000,prioritized,0.6,1.0,0.234106,18.145149,0.370287,-0.121888,0.810203,3.162327
1362,308339,0.05,,300,25.1,25.1,0.01221,75000,prioritized,0.6,1.0,0.232626,18.145149,0.388262,-0.169401,0.753164,2.957469
1363,308536,0.05,1,197,131.41,21.22,0.012392,75000,prioritized,0.6,1.0,0.231235,18.145149,0.360514,-0.157455,0.800617,3.37233
1364,308663,0.05,1,127,131.76,23.57,0.013693,75000,prioritized,0.6,1.0,0.233585,18.145149,0.402616,-0.110489,0.79107,3.084349
1365,308963,0.05,,300,27.5,28.3,0.01485,75000,prioritized,0.6,1.0,0.233604,18.145149,0.383815,-0.261031,0.864346,3.378852
1366,309225,0.05,-1,262,28.49,131.09,0.01777,75000,prioritized,0.6,1.0,0.236811,18.145149,0.396653,-0.099641,0.935384,3.565924
1367,309398,0.05,1,173,131.53,23.54,0.013018,75000,prioritized,0.6,1.0,0.235473,18.145149,0.388421,-0.161752,0.929325,3.696682
1368,309698,0.05,,300,23.1,23.1,0.013523,75000,prioritized,0.6,1.0,0.234346,18.145149,0.386102,-0.188517,0.911069,3.608183
1369,309998,0.05,,300,27.7,25.3,0.011785,75000,prioritized,0.6,1.0,0.231731,18.145149,0.387628,-0.173613,0.829752,3.42892
1370,310154,0.05,-1,156,24.22,131.62,0.014875,75000,prioritized,0.6,1.0,0.234095,18.145149,0.395515,-0.225447,0.843537,3.346376
1371,310454,0.05,,300,28.1,27.7,0.014279,75000,prioritized,0.6,1.0,0.233527,18.145149,0.397524,-0.229086,0.886193,3.792832
1372,310754,0.05,,300,25.3,27.5,0.01324,75000,prioritized,0.6,1.0,0.231993,18.145149,0.377151,-0.243678,0.839378,3.497169
1373,311054,0.05,,300,27.5,25.5,0.013228,75000,prioritized,0.6,1.0,0.233062,18.145149,0.384978,-0.203952,0.853054,3.669555
1374,311354,0.05,,300,25.5,27.5,0.015287,75000,prioritized,0.6,1.0,0.232373,18.145149,0.3763,-0.234104,0.921502,3.846292
1375,311654,0.05,,300,25.5,25.5,0.013667,75000,prioritized,0.6,1.0,0.231821,18.145149,0.393043,-0.147274,0.864505,3.474425
1376,311952,0.05,-1,298,27.71,130.91,0.011385,75000,prioritized,0.6,1.0,0.229681,18.145149,0.384355,-0.125683,0.763375,3.247619
1377,312058,0.05,-1,106,26.87,131.87,0.015497,75000,prioritized,0.6,1.0,0.233598,18.145149,0.396611,-0.164595,0.880411,3.6465
1378,312358,0.05,,300,25.3,27.5,0.014018,75000,prioritized,0.6,1.0,0.232115,18.145149,0.37408,-0.184921,0.90761,3.67242
1379,312658,0.05,,300,21.1,28.3,0.012098,75000,prioritized,0.6,1.0,0.22993,18.145149,0.371074,-0.239765,0.871409,3.672561
1380,312871,0.05,1,213,131.33,29.14,0.012702,75000,prioritized,0.6,1.0,0.22905,18.145149,0.38017,-0.121651,0.738849,2.931155
1381,313171,0.05,,300,27.7,27.7,0.014877,75000,prioritized,0.6,1.0,0.232264,18.145149,0.392233,-0.105677,0.948184,3.905219
1382,313422,0.05,1,251,131.14,21.55,0.015504,75000,prioritized,0.6,1.0,0.233418,18.145149,0.374975,-0.123948,0.917514,3.770579
1383,313541,0.05,1,119,131.8,24.81,0.015192,75000,prioritized,0.6,1.0,0.234689,18.145149,0.392653,-0.291601,1.042505,4.390379
1384,313841,0.05,,300,28.5,27.5,0.014614,75000,prioritized,0.6,1.0,0.231876,18.145149,0.370768,-0.36415,1.142091,5.727262
1385,314141,0.05,,300,25.5,25.3,0.014958,75000,prioritized,0.6,1.0,0.235021,18.145149,0.396066,-0.352521,1.074608,4.911416
1386,314441,0.05,,300,27.7,28.5,0.01434,75000,prioritized,0.6,1.0,0.234846,18.145149,0.410812,-0.195349,1.086689,4.721128
1387,314592,0.05,1,151,131.64,26.65,0.01593,75000,prioritized,0.6,1.0,0.234135,18.145149,0.38837,-0.143942,1.026969,4.404707
1388,314766,0.05,-1,174,28.73,131.53,0.014443,75000,prioritized,0.6,1.0,0.235152,18.145149,0.401368,-0.186697,1.001605,4.207923
1389,315066,0.05,,300,25.3,25.3,0.014957,75000,prioritized,0.6,1.0,0.234785,18.145149,0.398486,-0.264062,1.052024,4.894051
1390,315366,0.05,,300,25.7,25.1,0.01596,75000,prioritized,0.6,1.0,0.236279,18.145149,0.404644,-0.083932,1.045122,4.503621
1391,315541,0.05,1,175,131.52,29.13,0.015792,75000,prioritized,0.6,1.0,0.234762,18.145149,0.380163,-0.181184,1.140625,4.942225
1392,315841,0.05,,300,25.5,27.5,0.013455,75000,prioritized,0.6,1.0,0.233881,18.145149,0.382714,-0.160404,1.007178,4.422588
1393,316141,0.05,,300,25.5,27.9,0.014025,75000,prioritized,0.6,1.0,0.236234,18.145149,0.407688,-0.198785,1.009902,4.519097
1394,316437,0.05,-1,296,28.72,130.92,0.016152,75000,prioritized,0.6,1.0,0.235255,18.145149,0.399968,-0.198319,1.065747,4.557235
1395,316737,0.05,,300,25.3,25.3,0.015837,75000,prioritized,0.6,1.0,0.232589,18.145149,0.391518,-0.323441,1.177881,5.655751
1396,316874,0.05,1,137,131.71,28.72,0.010703,75000,prioritized,0.6,1.0,0.230479,18.145149,0.370143,-0.178435,0.970467,4.863661
1397,317135,0.05,1,261,131.09,26.5,0.014314,75000,prioritized,0.6,1.0,0.234745,18.145149,0.392684,-0.129978,1.086846,5.009608
1398,317435,0.05,,300,25.5,25.5,0.014727,75000,prioritized,0.6,1.0,0.236098,18.145149,0.411443,-0.173794,1.163408,5.313437
1399,317735,0.05,,300,25.5,25.5,0.013787,75000,prioritized,0.6,1.0,0.233839,18.145149,0.417376,-0.183806,1.066087,4.970607
1400,318035,0.05,,300,25.5,25.5,0.013697,75000,prioritized,0.6,1.0,0.234594,18.145149,0.396972,-0.201074,1.098883,4.956577
1401,318335,0.05,,300,25.3,23.1,0.015922,75000,prioritized,0.6,1.0,0.235062,18.145149,0.400253,-0.181478,1.060862,4.308501
1402,318635,0.05,,300,25.3,25.3,0.014324,75000,prioritized,0.6,1.0,0.232204,18.145149,0.379615,-0.19919,0.972885,4.251146
1403,318935,0.05,,300,25.3,25.3,0.011975,75000,prioritized,0.6,1.0,0.23069,18.145149,0.386881,-0.157722,0.889344,3.971545
1404,319235,0.05,,300,27.7,25.5,0.015139,75000,prioritized,0.6,1.0,0.233538,18.145149,0.391725,-0.161405,0.918007,4.076377
1405,319535,0.05,,300,27.5,27.7,0.012479,75000,prioritized,0.6,1.0,0.232664,18.145149,0.424176,-0.216435,0.983707,4.495604
1406,319835,0.05,,300,27.5,23.3,0.012931,75000,prioritized,0.6,1.0,0.228598,18.145149,0.369961,-0.186395,0.889421,3.988277
1407,320044,0.05,1,209,131.35,25.36,0.015439,75000,prioritized,0.6,1.0,0.233124,18.145149,0.396901,-0.168767,0.905805,3.776765
1408,320344,0.05,,300,25.3,25.3,0.013868,75000,prioritized,0.6,1.0,0.232292,18.145149,0.388183,-0.152454,1.024621,4.236388
1409,320644,0.05,,300,25.3,27.7,0.011726,75000,prioritized,0.6,1.0,0.228605,18.145149,0.367011,-0.1311,0.918848,3.848515
1410,320944,0.05,,300,27.7,25.3,0.01327,75000,prioritized,0.6,1.0,0.228279,18.145149,0.374133,-0.168812,0.867733,3.664315
1411,321244,0.05,,300,25.3,25.5,0.016426,75000,prioritized,0.6,1.0,0.233044,18.145149,0.391872,-0.123256,1.022609,4.302805
1412,321544,0.05,,300,23.1,25.1,0.01417,75000,prioritized,0.6,1.0,0.231766,18.145149,0.386609,-0.119006,1.028458,4.100088
1413,321844,0.05,,300,25.5,25.5,0.012555,75000,prioritized,0.6,1.0,0.230966,18.145149,0.395333,-0.087917,0.863893,3.487002
1414,322144,0.05,,300,27.7,25.5,0.0144,75000,prioritized,0.6,1.0,0.233267,18.145149,0.403434,-0.120236,0.853692,3.243787
1415,322444,0.05,,300,25.5,24.3,0.013941,75000,prioritized,0.6,1.0,0.232124,18.145149,0.409329,-0.166946,0.852866,3.464916
1416,322564,0.05,-1,120,24.0,131.8,0.012058,75000,prioritized,0.6,1.0,0.230842,18.145149,0.383672,-0.165553,0.88956,3.450623
1417,322864,0.05,,300,24.1,27.3,0.012564,75000,prioritized,0.6,1.0,0.231815,18.145149,0.400575,-0.135578,0.841451,3.319112
1418,323164,0.05,,300,25.3,27.5,0.014364,75000,prioritized,0.6,1.0,0.234384,18.145149,0.410836,-0.192351,0.907391,3.570981
1419,323464,0.05,,300,25.5,27.7,0.012089,75000,prioritized,0.6,1.0,0.231221,18.145149,0.378105,-0.118921,0.836757,3.467147
1420,323572,0.05,-1,108,25.06,131.86,0.013571,75000,prioritized,0.6,1.0,0.231826,18.145149,0.377981,-0.22399,0.895709,3.622189
1421,323872,0.05,,300,27.5,25.5,0.013325,75000,prioritized,0.6,1.0,0.229932,18.145149,0.376829,-0.187428,0.876293,3.592006
1422,324055,0.05,1,183,131.48,25.89,0.013093,75000,prioritized,0.6,1.0,0.231799,18.145149,0.387869,-0.136067,0.807802,3.298582
1423,324355,0.05,,300,26.3,27.7,0.015163,75000,prioritized,0.6,1.0,0.231166,18.145149,0.394037,-0.128141,0.956452,3.858034
1424,324655,0.05,,300,25.3,27.7,0.013865,75000,prioritized,0.6,1.0,0.228443,18.145149,0.364107,-0.033352,0.904112,3.573291
1425,324955,0.05,,300,25.3,25.3,0.011959,75000,prioritized,0.6,1.0,0.227162,18.145149,0.376317,-0.081578,0.841045,3.408147
1426,325255,0.05,,300,25.7,26.3,0.014151,75000,prioritized,0.6,1.0,0.228435,18.145149,0.362094,-0.08219,0.844753,3.279381
1427,325555,0.05,,300,25.1,27.5,0.011801,75000,prioritized,0.6,1.0,0.22946,18.145149,0.393042,-0.081661,0.782495,3.090026
1428,325855,0.05,,300,25.3,25.3,0.011971,75000,prioritized,0.6,1.0,0.227496,18.145149,0.356128,-0.07341,0.761343,2.909111
1429,326155,0.05,,300,25.1,24.9,0.013092,75000,prioritized,0.6,1.0,0.231939,18.145149,0.395655,-0.125824,0.8348,3.160261
1430,326455,0.05,,300,25.5,25.5,0.01289,75000,prioritized,0.6,1.0,0.231887,18.145149,0.410545,-0.183845,0.829285,3.104631
1431,326755,0.05,,300,25.3,25.3,0.012903,75000,prioritized,0.6,1.0,0.226327,18.145149,0.350687,-0.12911,0.764742,2.951084
1432,327012,0.05,1,257,131.11,25.72,0.012331,75000,prioritized,0.6,1.0,0.22865,18.145149,0.381192,-0.062806,0.794814,2.983538
1433,327281,0.05,1,269,131.05,28.06,0.014388,75000,prioritized,0.6,1.0,0.231225,18.145149,0.393882,-0.085611,0.849429,3.045357
1434,327581,0.05,,300,27.5,27.5,0.014282,75000,prioritized,0.6,1.0,0.230678,18.145149,0.399917,-0.067191,0.825589,3.12941
1435,327685,0.05,-1,104,26.08,131.88,0.014465,75000,prioritized,0.6,1.0,0.229268,18.145149,0.371035,-0.22649,0.910269,3.64549
1436,327985,0.05,,300,25.3,25.5,0.012286,75000,prioritized,0.6,1.0,0.227198,18.145149,0.371365,-0.155941,0.86835,3.57636
1437,328149,0.05,-1,164,28.98,131.58,0.016058,75000,prioritized,0.6,1.0,0.231451,18.145149,0.388078,-0.09454,0.935103,3.570035
1438,328449,0.05,,300,27.7,25.3,0.014862,75000,prioritized,0.6,1.0,0.231613,18.145149,0.39688,-0.099472,0.966376,4.024084
1439,328749,0.05,,300,27.5,27.5,0.014839,75000,prioritized,0.6,1.0,0.230436,18.145149,0.37784,-0.073652,0.936748,3.615176
1440,329049,0.05,,300,27.5,27.5,0.013828,75000,prioritized,0.6,1.0,0.232462,18.145149,0.388614,0.006032,0.941725,3.55666
1441,329349,0.05,,300,26.3,27.5,0.016433,75000,prioritized,0.6,1.0,0.234108,18.145149,0.400928,-0.097574,0.901303,3.148872
1442,329538,0.05,1,189,131.45,26.06,0.01326,75000,prioritized,0.6,1.0,0.230851,18.145149,0.362589,-0.194788,0.861474,3.278468
1443,329675,0.05,1,137,131.71,26.72,0.015881,75000,prioritized,0.6,1.0,0.232176,18.145149,0.384497,-0.173939,0.96975,3.563453
1444,329975,0.05,,300,25.5,27.7,0.012886,75000,prioritized,0.6,1.0,0.230082,18.145149,0.388057,-0.128161,0.964723,3.648759
1445,330275,0.05,,300,25.1,28.3,0.016547,75000,prioritized,0.6,1.0,0.232617,18.145149,0.376301,0.068433,0.977997,3.495104
1446,330430,0.05,1,155,131.62,28.43,0.015252,75000,prioritized,0.6,1.0,0.233748,18.145149,0.39179,-0.018715,1.003535,3.585175
1447,330730,0.05,,300,27.5,25.5,0.013693,75000,prioritized,0.6,1.0,0.232261,18.145149,0.401422,-0.033382,0.939529,3.434335
1448,331030,0.05,,300,28.5,27.7,0.013933,75000,prioritized,0.6,1.0,0.233815,18.145149,0.41423,-0.049776,0.831752,2.970193
1449,331330,0.05,,300,25.3,25.3,0.016149,75000,prioritized,0.6,1.0,0.234518,18.145149,0.400273,-0.124215,0.854797,3.068579
1450,331624,0.05,-1,294,22.73,130.93,0.013999,75000,prioritized,0.6,1.0,0.229829,18.145149,0.356562,-0.129533,0.809667,2.891642
1451,331924,0.05,,300,25.5,25.3,0.015468,75000,prioritized,0.6,1.0,0.231758,18.145149,0.388028,-0.138781,0.797641,2.851983
1452,332224,0.05,,300,27.3,21.5,0.014941,75000,prioritized,0.6,1.0,0.233366,18.145149,0.388017,-0.076962,0.777677,2.582833
1453,332524,0.05,,300,27.7,27.7,0.012353,75000,prioritized,0.6,1.0,0.230101,18.145149,0.385265,-0.044899,0.744148,2.609083
1454,332824,0.05,,300,27.5,23.1,0.012824,75000,prioritized,0.6,1.0,0.227897,18.145149,0.357905,-0.011891,0.675383,2.224423
1455,333087,0.05,1,263,131.08,20.89,0.012626,75000,prioritized,0.6,1.0,0.230778,18.145149,0.382766,-0.132497,0.71908,2.637201
1456,333387,0.05,,300,27.9,27.7,0.014026,75000,prioritized,0.6,1.0,0.232823,18.145149,0.386169,-0.306321,0.944278,4.902771
1457,333687,0.05,,300,23.3,20.5,0.015113,75000,prioritized,0.6,1.0,0.231368,18.145149,0.369995,-0.22679,0.824808,4.110373
1458,333987,0.05,,300,25.3,22.9,0.012155,75000,prioritized,0.6,1.0,0.230518,18.145149,0.377403,-0.14655,0.734642,3.558018
1459,334287,0.05,,300,25.7,25.1,0.015415,75000,prioritized,0.6,1.0,0.233561,18.145149,0.390849,-0.144553,0.883635,4.073812
1460,334587,0.05,,300,23.3,24.9,0.012479,75000,prioritized,0.6,1.0,0.229739,18.145149,0.366947,-0.138339,0.759638,3.712887
1461,334707,0.05,-1,120,22.0,131.8,0.011511,75000,prioritized,0.6,1.0,0.229884,18.145149,0.390933,-0.131922,0.732817,3.419669
1462,335007,0.05,,300,23.3,25.3,0.012423,75000,prioritized,0.6,1.0,0.228823,18.145149,0.365963,-0.096282,0.801001,4.106142
1463,335307,0.05,,300,25.3,24.9,0.016104,75000,prioritized,0.6,1.0,0.229796,18.145149,0.366563,-0.26163,0.885989,4.420877
1464,335607,0.05,,300,25.5,25.5,0.012673,75000,prioritized,0.6,1.0,0.227665,18.145149,0.382607,-0.072395,0.734756,3.433136
1465,335719,0.05,-1,112,28.64,131.84,0.011895,75000,prioritized,0.6,1.0,0.226484,18.145149,0.349302,-0.129397,0.730324,3.638669
1466,336019,0.05,,300,25.3,25.3,0.012683,75000,prioritized,0.6,1.0,0.228715,18.145149,0.369762,-0.065899,0.898539,4.7063
1467,336319,0.05,,300,25.3,25.3,0.01388,75000,prioritized,0.6,1.0,0.229046,18.145149,0.384636,-0.040741,0.954384,4.362285
1468,336619,0.05,,300,24.9,25.5,0.011555,75000,prioritized,0.6,1.0,0.226493,18.145149,0.375645,0.009208,0.803366,3.915002
1469,336785,0.05,-1,166,27.17,131.57,0.013064,75000,prioritized,0.6,1.0,0.227835,18.145149,0.387757,0.05025,0.792993,3.724275
1470,337085,0.05,,300,25.5,25.5,0.012426,75000,prioritized,0.6,1.0,0.226907,18.145149,0.348346,0.038861,0.867818,4.15108
1471,337334,0.05,1,249,131.15,24.16,0.014669,75000,prioritized,0.6,1.0,0.22989,18.145149,0.399572,-0.034809,0.924769,4.363818
1472,337495,0.05,1,161,131.59,28.2,0.013236,75000,prioritized,0.6,1.0,0.228303,18.145149,0.365138,-0.134972,0.947799,4.458914
1473,337661,0.05,-1,166,28.97,131.57,0.011025,75000,prioritized,0.6,1.0,0.228708,18.145149,0.383897,-0.158442,0.896056,4.127069
1474,337961,0.05,,300,23.1,27.5,0.012843,75000,prioritized,0.6,1.0,0.2271,18.145149,0.36467,-0.178022,0.930362,4.289633
1475,338207,0.05,-1,246,28.77,131.17,0.016333,75000,prioritized,0.6,1.0,0.234387,18.145149,0.400001,-0.0382,1.042456,4.583519
1476,338507,0.05,,300,27.5,27.7,0.01436,75000,prioritized,0.6,1.0,0.231804,18.145149,0.390896,0.055835,1.057289,4.380098
1477,338651,0.05,-1,144,28.88,131.68,0.013072,75000,prioritized,0.6,1.0,0.231598,18.145149,0.395662,0.000788,0.925504,3.995499
1478,338951,0.05,,300,27.9,26.1,0.014199,75000,prioritized,0.6,1.0,0.230645,18.145149,0.393496,0.022556,1.039367,4.470997
1479,339251,0.05,,300,27.7,27.7,0.015652,75000,prioritized,0.6,1.0,0.2313,18.145149,0.385597,-0.099407,1.005595,4.057861
1480,339551,0.05,,300,25.5,25.3,0.014928,75000,prioritized,0.6,1.0,0.230668,18.145149,0.383655,-0.146912,0.949544,3.683046
1481,339851,0.05,,300,25.5,25.5,0.013432,75000,prioritized,0.6,1.0,0.229624,18.145149,0.395227,-0.121142,0.829004,3.315612
1482,340151,0.05,,300,27.7,25.3,0.014098,75000,prioritized,0.6,1.0,0.23053,18.145149,0.388886,-0.1,0.831938,3.379239
1483,340451,0.05,,300,25.3,25.3,0.013244,75000,prioritized,0.6,1.0,0.22933,18.145149,0.395321,-0.061135,0.778225,3.20646
1484,340751,0.05,,300,26.5,17.3,0.013413,75000,prioritized,0.6,1.0,0.229185,18.145149,0.378376,-0.075585,0.782905,3.291275
1485,341051,0.05,,300,25.3,25.5,0.012585,75000,prioritized,0.6,1.0,0.230466,18.145149,0.374345,-0.084779,0.86691,3.866162
1486,341207,0.05,-1,156,28.42,131.62,0.01593,75000,prioritized,0.6,1.0,0.23191,18.145149,0.383622,-0.253357,0.958181,3.992368
1487,341507,0.05,,300,25.3,25.3,0.015395,75000,prioritized,0.6,1.0,0.230944,18.145149,0.350996,-0.187388,0.949574,3.930902
1488,341633,0.05,-1,126,27.17,131.77,0.013914,75000,prioritized,0.6,1.0,0.232751,18.145149,0.396069,-0.157962,0.857478,3.37102
1489,341904,0.05,1,271,131.04,25.45,0.014577,75000,prioritized,0.6,1.0,0.231556,18.145149,0.385659,-0.226835,0.908198,3.667583
1490,342204,0.05,,300,25.3,24.1,0.016389,75000,prioritized,0.6,1.0,0.235027,18.145149,0.391099,-0.122267,0.982929,3.760687
1491,342504,0.05,,300,23.5,24.1,0.01262,75000,prioritized,0.6,1.0,0.231944,18.145149,0.395054,-0.084669,0.8655,3.408427
1492,342804,0.05,,300,26.5,25.3,0.01234,75000,prioritized,0.6,1.0,0.229497,18.145149,0.369115,-0.085281,0.78699,3.031178
1493,343104,0.05,,300,27.5,25.1,0.014593,75000,prioritized,0.6,1.0,0.230845,18.145149,0.375593,-0.055233,0.817295,3.158713
1494,343404,0.05,,300,25.3,25.3,0.01266,75000,prioritized,0.6,1.0,0.2292,18.145149,0.388232,-0.050849,0.824171,3.211533
1495,343704,0.05,-1,300,28.5,130.9,0.013317,75000,prioritized,0.6,1.0,0.230198,18.145149,0.395262,-0.075169,0.736678,2.762819
1496,344004,0.05,,300,25.5,25.5,0.012143,75000,prioritized,0.6,1.0,0.226042,18.145149,0.34696,-0.078109,0.775963,3.041521
1497,344304,0.05,,300,25.3,25.3,0.013407,75000,prioritized,0.6,1.0,0.229197,18.145149,0.393949,-0.031073,0.784261,3.051976
1498,344491,0.05,1,187,131.46,26.47,0.017554,75000,prioritized,0.6,1.0,0.229613,18.145149,0.381435,-0.040822,0.878458,3.248381
1499,344791,0.05,,300,27.5,25.5,0.013728,75000,prioritized,0.6,1.0,0.22842,18.145149,0.397869,-0.095406,0.840223,3.214296
1500,345091,0.05,,300,27.7,27.9,0.012033,75000,prioritized,0.6,1.0,0.227453,18.145149,0.359517,-0.050485,0.755917,2.879119
